  0
SECTION
  2
HEADER
  9
$ACADVER
  1
AC1027
  9
$ACADMAINTVER
 70
    55
  9
$DWGCODEPAGE
  3
ANSI_932
  9
$LASTSAVEDBY
  1
遠藤　健一
  9
$REQUIREDVERSIONS
160
                 0
  9
$INSBASE
 10
0.0
 20
0.0
 30
0.0
  9
$EXTMIN
 10
-810.0
 20
-190.0
 30
0.0
  9
$EXTMAX
 10
-44.93781388507765
 20
318.5677967638708
 30
0.0
  9
$LIMMIN
 10
-913.1637512543571
 20
-453.9344347686383
  9
$LIMMAX
 10
61.41246434707773
 20
245.0
  9
$ORTHOMODE
 70
     1
  9
$REGENMODE
 70
     1
  9
$FILLMODE
 70
     1
  9
$QTEXTMODE
 70
     0
  9
$MIRRTEXT
 70
     1
  9
$LTSCALE
 40
0.45
  9
$ATTMODE
 70
     1
  9
$TEXTSIZE
 40
6.0
  9
$TRACEWID
 40
0.05
  9
$TEXTSTYLE
  7
ROMAND
  9
$CLAYER
  8
LINE
  9
$CELTYPE
  6
BYLAYER
  9
$CECOLOR
 62
   256
  9
$CELTSCALE
 40
1.0
  9
$DISPSILH
 70
     0
  9
$DIMSCALE
 40
1.0
  9
$DIMASZ
 40
6.0
  9
$DIMEXO
 40
2.0
  9
$DIMDLI
 40
5.0
  9
$DIMRND
 40
0.0
  9
$DIMDLE
 40
0.0
  9
$DIMEXE
 40
2.0
  9
$DIMTP
 40
0.0
  9
$DIMTM
 40
0.0
  9
$DIMTXT
 40
6.0
  9
$DIMCEN
 40
0.0
  9
$DIMTSZ
 40
0.0
  9
$DIMTOL
 70
     0
  9
$DIMLIM
 70
     0
  9
$DIMTIH
 70
     0
  9
$DIMTOH
 70
     0
  9
$DIMSE1
 70
     0
  9
$DIMSE2
 70
     0
  9
$DIMTAD
 70
     1
  9
$DIMZIN
 70
     8
  9
$DIMBLK
  1

  9
$DIMASO
 70
     1
  9
$DIMSHO
 70
     1
  9
$DIMPOST
  1

  9
$DIMAPOST
  1

  9
$DIMALT
 70
     0
  9
$DIMALTD
 70
     2
  9
$DIMALTF
 40
25.4
  9
$DIMLFAC
 40
1.0
  9
$DIMTOFL
 70
     0
  9
$DIMTVP
 40
0.0
  9
$DIMTIX
 70
     0
  9
$DIMSOXD
 70
     0
  9
$DIMSAH
 70
     1
  9
$DIMBLK1
  1
ARROWHEAD
  9
$DIMBLK2
  1
ARROWHEAD
  9
$DIMSTYLE
  2
STANDARD
  9
$DIMCLRD
 70
     0
  9
$DIMCLRE
 70
     0
  9
$DIMCLRT
 70
     0
  9
$DIMTFAC
 40
1.0
  9
$DIMGAP
 40
1.0
  9
$DIMJUST
 70
     0
  9
$DIMSD1
 70
     0
  9
$DIMSD2
 70
     0
  9
$DIMTOLJ
 70
     1
  9
$DIMTZIN
 70
     0
  9
$DIMALTZ
 70
     0
  9
$DIMALTTZ
 70
     0
  9
$DIMUPT
 70
     0
  9
$DIMDEC
 70
     4
  9
$DIMTDEC
 70
     4
  9
$DIMALTU
 70
     2
  9
$DIMALTTD
 70
     2
  9
$DIMTXSTY
  7
ROMAND
  9
$DIMAUNIT
 70
     0
  9
$DIMADEC
 70
     4
  9
$DIMALTRND
 40
0.0
  9
$DIMAZIN
 70
     0
  9
$DIMDSEP
 70
    46
  9
$DIMATFIT
 70
     3
  9
$DIMFRAC
 70
     0
  9
$DIMLDRBLK
  1

  9
$DIMLUNIT
 70
     2
  9
$DIMLWD
 70
    -2
  9
$DIMLWE
 70
    -2
  9
$DIMTMOVE
 70
     0
  9
$DIMFXL
 40
1.0
  9
$DIMFXLON
 70
     0
  9
$DIMJOGANG
 40
0.7853981633974483
  9
$DIMTFILL
 70
     0
  9
$DIMTFILLCLR
 70
     0
  9
$DIMARCSYM
 70
     0
  9
$DIMLTYPE
  6

  9
$DIMLTEX1
  6

  9
$DIMLTEX2
  6

  9
$DIMTXTDIRECTION
 70
     0
  9
$LUNITS
 70
     2
  9
$LUPREC
 70
     4
  9
$SKETCHINC
 40
0.1
  9
$FILLETRAD
 40
4.9
  9
$AUNITS
 70
     0
  9
$AUPREC
 70
     0
  9
$MENU
  1
acad
  9
$ELEVATION
 40
0.0
  9
$PELEVATION
 40
0.0
  9
$THICKNESS
 40
0.0
  9
$LIMCHECK
 70
     0
  9
$CHAMFERA
 40
10.0
  9
$CHAMFERB
 40
10.0
  9
$CHAMFERC
 40
16.0
  9
$CHAMFERD
 40
0.7853981633974483
  9
$SKPOLY
 70
     0
  9
$TDCREATE
 40
2450344.708499422
  9
$TDUCREATE
 40
2450344.333499422
  9
$TDUPDATE
 40
2461184.567372223
  9
$TDUUPDATE
 40
2461184.192372222
  9
$TDINDWG
 40
17.6950593519
  9
$TDUSRTIMER
 40
17.6950592361
  9
$USRTIMER
 70
     1
  9
$ANGBASE
 50
0.0
  9
$ANGDIR
 70
     0
  9
$PDMODE
 70
     0
  9
$PDSIZE
 40
0.0
  9
$PLINEWID
 40
0.0
  9
$SPLFRAME
 70
     0
  9
$SPLINETYPE
 70
     6
  9
$SPLINESEGS
 70
     8
  9
$HANDSEED
  5
2E2CE2
  9
$SURFTAB1
 70
     6
  9
$SURFTAB2
 70
     6
  9
$SURFTYPE
 70
     6
  9
$SURFU
 70
     6
  9
$SURFV
 70
     6
  9
$UCSBASE
  2

  9
$UCSNAME
  2

  9
$UCSORG
 10
0.0
 20
0.0
 30
0.0
  9
$UCSXDIR
 10
1.0
 20
0.0
 30
0.0
  9
$UCSYDIR
 10
0.0
 20
1.0
 30
0.0
  9
$UCSORTHOREF
  2

  9
$UCSORTHOVIEW
 70
     0
  9
$UCSORGTOP
 10
0.0
 20
0.0
 30
0.0
  9
$UCSORGBOTTOM
 10
0.0
 20
0.0
 30
0.0
  9
$UCSORGLEFT
 10
0.0
 20
0.0
 30
0.0
  9
$UCSORGRIGHT
 10
0.0
 20
0.0
 30
0.0
  9
$UCSORGFRONT
 10
0.0
 20
0.0
 30
0.0
  9
$UCSORGBACK
 10
0.0
 20
0.0
 30
0.0
  9
$PUCSBASE
  2

  9
$PUCSNAME
  2

  9
$PUCSORG
 10
0.0
 20
0.0
 30
0.0
  9
$PUCSXDIR
 10
1.0
 20
0.0
 30
0.0
  9
$PUCSYDIR
 10
0.0
 20
1.0
 30
0.0
  9
$PUCSORTHOREF
  2

  9
$PUCSORTHOVIEW
 70
     0
  9
$PUCSORGTOP
 10
0.0
 20
0.0
 30
0.0
  9
$PUCSORGBOTTOM
 10
0.0
 20
0.0
 30
0.0
  9
$PUCSORGLEFT
 10
0.0
 20
0.0
 30
0.0
  9
$PUCSORGRIGHT
 10
0.0
 20
0.0
 30
0.0
  9
$PUCSORGFRONT
 10
0.0
 20
0.0
 30
0.0
  9
$PUCSORGBACK
 10
0.0
 20
0.0
 30
0.0
  9
$USERI1
 70
     0
  9
$USERI2
 70
     0
  9
$USERI3
 70
     0
  9
$USERI4
 70
     0
  9
$USERI5
 70
     0
  9
$USERR1
 40
0.0
  9
$USERR2
 40
0.0
  9
$USERR3
 40
0.0
  9
$USERR4
 40
0.0
  9
$USERR5
 40
0.0
  9
$WORLDVIEW
 70
     1
  9
$SHADEDGE
 70
     3
  9
$SHADEDIF
 70
    70
  9
$TILEMODE
 70
     1
  9
$MAXACTVP
 70
    16
  9
$PINSBASE
 10
0.0
 20
0.0
 30
0.0
  9
$PLIMCHECK
 70
     0
  9
$PEXTMIN
 10
-37.92772424064665
 20
-20.77458979744775
 30
0.0
  9
$PEXTMAX
 10
445.7302333348934
 20
317.1590769778974
 30
0.0
  9
$PLIMMIN
 10
-47.94511021322644
 20
-29.87630432801068
  9
$PLIMMAX
 10
456.9551693147737
 20
327.1675168521842
  9
$UNITMODE
 70
     0
  9
$VISRETAIN
 70
     0
  9
$PLINEGEN
 70
     0
  9
$PSLTSCALE
 70
     0
  9
$TREEDEPTH
 70
  3020
  9
$CMLSTYLE
  2
STANDARD
  9
$CMLJUST
 70
     0
  9
$CMLSCALE
 40
1.0
  9
$PROXYGRAPHICS
 70
     1
  9
$MEASUREMENT
 70
     0
  9
$CELWEIGHT
370
    -1
  9
$ENDCAPS
280
     0
  9
$JOINSTYLE
280
     0
  9
$LWDISPLAY
290
     0
  9
$INSUNITS
 70
     0
  9
$HYPERLINKBASE
  1

  9
$STYLESHEET
  1
monochrome.ctb
  9
$XEDIT
290
     1
  9
$CEPSNTYPE
380
     0
  9
$PSTYLEMODE
290
     1
  9
$FINGERPRINTGUID
  2
{7BF6A820-D835-44A2-8555-ECE8B0D02EBB}
  9
$VERSIONGUID
  2
{DBB697F2-792C-42C0-A9AC-6B0196E1BF36}
  9
$EXTNAMES
290
     1
  9
$PSVPSCALE
 40
0.0
  9
$OLESTARTUP
290
     0
  9
$SORTENTS
280
    96
  9
$INDEXCTL
280
     0
  9
$HIDETEXT
280
     0
  9
$XCLIPFRAME
280
     2
  9
$HALOGAP
280
     0
  9
$OBSCOLOR
 70
   257
  9
$OBSLTYPE
280
     0
  9
$INTERSECTIONDISPLAY
280
     0
  9
$INTERSECTIONCOLOR
 70
   257
  9
$DIMASSOC
280
     1
  9
$PROJECTNAME
  1

  9
$CAMERADISPLAY
290
     0
  9
$LENSLENGTH
 40
50.0
  9
$CAMERAHEIGHT
 40
0.0
  9
$STEPSPERSEC
 40
2.0
  9
$STEPSIZE
 40
6.0
  9
$3DDWFPREC
 40
2.0
  9
$PSOLWIDTH
 40
0.25
  9
$PSOLHEIGHT
 40
4.0
  9
$LOFTANG1
 40
1.570796326794896
  9
$LOFTANG2
 40
1.570796326794896
  9
$LOFTMAG1
 40
0.0
  9
$LOFTMAG2
 40
0.0
  9
$LOFTPARAM
 70
     7
  9
$LOFTNORMALS
280
     1
  9
$LATITUDE
 40
37.795
  9
$LONGITUDE
 40
-122.394
  9
$NORTHDIRECTION
 40
0.0
  9
$TIMEZONE
 70
 -8000
  9
$LIGHTGLYPHDISPLAY
280
     1
  9
$TILEMODELIGHTSYNCH
280
     1
  9
$CMATERIAL
347
171308
  9
$SOLIDHIST
280
     1
  9
$SHOWHIST
280
     1
  9
$DWFFRAME
280
     2
  9
$DGNFRAME
280
     0
  9
$REALWORLDSCALE
290
     1
  9
$INTERFERECOLOR
 62
     1
  9
$INTERFEREOBJVS
345
17132A
  9
$INTERFEREVPVS
346
171526
  9
$CSHADOW
280
     0
  9
$SHADOWPLANELOCATION
 40
0.0
  0
ENDSEC
  0
SECTION
  2
CLASSES
  0
CLASS
  1
DICTIONARYVAR
  2
AcDbDictionaryVar
  3
ObjectDBX Classes
 90
        0
 91
       14
280
     0
281
     0
  0
CLASS
  1
ACDBDICTIONARYWDFLT
  2
AcDbDictionaryWithDefault
  3
ObjectDBX Classes
 90
        0
 91
        1
280
     0
281
     0
  0
CLASS
  1
MATERIAL
  2
AcDbMaterial
  3
ObjectDBX Classes
 90
     1153
 91
        3
280
     0
281
     0
  0
CLASS
  1
VISUALSTYLE
  2
AcDbVisualStyle
  3
ObjectDBX Classes
 90
     4095
 91
       26
280
     0
281
     0
  0
CLASS
  1
TABLESTYLE
  2
AcDbTableStyle
  3
ObjectDBX Classes
 90
     4095
 91
        1
280
     0
281
     0
  0
CLASS
  1
SCALE
  2
AcDbScale
  3
ObjectDBX Classes
 90
     1153
 91
       17
280
     0
281
     0
  0
CLASS
  1
MLEADERSTYLE
  2
AcDbMLeaderStyle
  3
ACDB_MLEADERSTYLE_CLASS
 90
     4095
 91
        1
280
     0
281
     0
  0
CLASS
  1
ACDBSECTIONVIEWSTYLE
  2
AcDbSectionViewStyle
  3
ObjectDBX Classes
 90
     1025
 91
        2
280
     0
281
     0
  0
CLASS
  1
ACDBDETAILVIEWSTYLE
  2
AcDbDetailViewStyle
  3
ObjectDBX Classes
 90
     1025
 91
        2
280
     0
281
     0
  0
CLASS
  1
DIMASSOC
  2
AcDbDimAssoc
  3
"AcDbDimAssoc|Product Desc:     AcDim ARX App For Dimension|Company:          Autodesk, Inc.|WEB Address:      www.autodesk.com"
 90
        0
 91
        0
280
     0
281
     0
  0
CLASS
  1
SORTENTSTABLE
  2
AcDbSortentsTable
  3
ObjectDBX Classes
 90
        0
 91
        1
280
     0
281
     0
  0
CLASS
  1
NPOCOLLECTION
  2
AcDbImpNonPersistentObjectsCollection
  3
ObjectDBX Classes
 90
     1153
 91
        0
280
     0
281
     0
  0
CLASS
  1
CELLSTYLEMAP
  2
AcDbCellStyleMap
  3
ObjectDBX Classes
 90
     1152
 91
        2
280
     0
281
     0
  0
CLASS
  1
EXACXREFPANELOBJECT
  2
ExAcXREFPanelObject
  3
EXAC_ESW
 90
     1025
 91
        0
280
     0
281
     0
  0
CLASS
  1
SOLID_BACKGROUND
  2
AcDbSolidBackground
  3
SCENEOE
 90
     4095
 91
        0
280
     0
281
     0
  0
CLASS
  1
MULTILEADER
  2
AcDbMLeader
  3
ACDB_MLEADER_CLASS
 90
     1025
 91
        0
280
     0
281
     1
  0
CLASS
  1
ACAD_EVALUATION_GRAPH
  2
AcDbEvalGraph
  3
ObjectDBX Classes
 90
     1153
 91
        0
280
     0
281
     0
  0
CLASS
  1
ACAECUSTOBJ
  2
AcAeEditorObj
  3
AcAeEditorObj
 90
     1024
 91
        0
280
     0
281
     0
  0
CLASS
  1
ACDB_DYNAMICBLOCKPURGEPREVENTER_VERSION
  2
AcDbDynamicBlockPurgePreventer
  3
ObjectDBX Classes
 90
     1153
 91
        0
280
     0
281
     0
  0
CLASS
  1
RAPIDRTRENDERSETTINGS
  2
AcDbRapidRTRenderSettings
  3
ObjectDBX Classes
 90
     1024
 91
        0
280
     0
281
     0
  0
CLASS
  1
LIGHT
  2
AcDbLight
  3
SCENEOE
 90
     1025
 91
        0
280
     0
281
     1
  0
CLASS
  1
ACARRAYJIGENTITY
  2
AcArrayJigEntity
  3
ACAD_ARRAY
 90
      129
 91
        0
280
     0
281
     1
  0
CLASS
  1
ACDBASSOCNETWORK
  2
AcDbAssocNetwork
  3
ObjectDBX Classes
 90
     1025
 91
        0
280
     0
281
     0
  0
CLASS
  1
ACDBASSOCACTION
  2
AcDbAssocAction
  3
ObjectDBX Classes
 90
     1025
 91
        0
280
     0
281
     0
  0
CLASS
  1
ACDBASSOCARRAYACTIONBODY
  2
AcDbAssocArrayActionBody
  3
ObjectDBX Classes
 90
     1025
 91
        0
280
     0
281
     0
  0
CLASS
  1
ACDBASSOCVERTEXACTIONPARAM
  2
AcDbAssocVertexActionParam
  3
ObjectDBX Classes
 90
     1025
 91
        0
280
     0
281
     0
  0
CLASS
  1
ACDBASSOCDEPENDENCY
  2
AcDbAssocDependency
  3
ObjectDBX Classes
 90
     1025
 91
        0
280
     0
281
     0
  0
CLASS
  1
ACDBASSOCARRAYRECTANGULARPARAMETERS
  2
AcDbAssocArrayRectangularParameters
  3
ObjectDBX Classes
 90
     1025
 91
        0
280
     0
281
     0
  0
ENDSEC
  0
SECTION
  2
TABLES
  0
TABLE
  2
VPORT
  5
11F682
102
{ACAD_XDICTIONARY
360
1ABE7F
102
}
330
0
100
AcDbSymbolTable
 70
     1
  0
VPORT
  5
11F70E
330
11F682
100
AcDbSymbolTableRecord
100
AcDbViewportTableRecord
  2
*ACTIVE
 70
     0
 10
0.0
 20
0.0
 11
1.0
 21
1.0
 12
-1831.346749243887
 22
-614.9671137429598
 13
0.0
 23
0.0
 14
0.5
 24
0.5
 15
0.0
 25
0.0
 16
0.0
 26
0.0
 36
1446.201050328711
 17
1309.059462927271
 27
616.26951099347
 37
0.0
 40
659.3604364304196
 41
1.620029455081001
 42
50.0
 43
0.0
 44
0.0
 50
0.0
 51
0.0
 71
     0
 72
   100
 73
     1
 74
     0
 75
     0
 76
     0
 77
     0
 78
     0
281
     0
 65
     1
110
0.0
120
0.0
130
0.0
111
1.0
121
0.0
131
0.0
112
0.0
122
1.0
132
0.0
 79
     0
146
0.0
348
171326
 60
     3
 61
     5
292
     0
282
     1
141
0.0
142
0.0
 63
   250
421
  3355443
1001
ACAD_NAV_VCDISPLAY
1070
     3
  0
ENDTAB
  0
TABLE
  2
LTYPE
  5
11F67F
330
0
100
AcDbSymbolTable
 70
     2
  0
LTYPE
  5
11F68C
330
11F67F
100
AcDbSymbolTableRecord
100
AcDbLinetypeTableRecord
  2
BYBLOCK
 70
     0
  3

 72
    65
 73
     0
 40
0.0
  0
LTYPE
  5
11F68D
330
11F67F
100
AcDbSymbolTableRecord
100
AcDbLinetypeTableRecord
  2
BYLAYER
 70
     0
  3

 72
    65
 73
     0
 40
0.0
  0
LTYPE
  5
11F68E
330
11F67F
100
AcDbSymbolTableRecord
100
AcDbLinetypeTableRecord
  2
CONTINUOUS
 70
     0
  3
Solid line
 72
    65
 73
     0
 40
0.0
  0
LTYPE
  5
11F6F7
330
11F67F
100
AcDbSymbolTableRecord
100
AcDbLinetypeTableRecord
  2
CENTER2
 70
     0
  3
___ _ ___ _ ___ _ ___ _ ___ _ ___ _ ___ _ ___ _
 72
    65
 73
     4
 40
28.575
 49
19.05
 74
     0
 49
-3.174999999999998
 74
     0
 49
3.174999999999998
 74
     0
 49
-3.174999999999998
 74
     0
  0
ENDTAB
  0
TABLE
  2
LAYER
  5
11F67C
102
{ACAD_XDICTIONARY
360
1713B1
102
}
330
0
100
AcDbSymbolTable
 70
    16
  0
LAYER
  5
11F689
102
{ACAD_XDICTIONARY
360
17136F
102
}
330
11F67C
100
AcDbSymbolTableRecord
100
AcDbLayerTableRecord
  2
0
 70
     0
 62
     7
  6
CONTINUOUS
370
    -3
390
171306
347
171318
348
0
  0
LAYER
  5
11F713
102
{ACAD_XDICTIONARY
360
171371
102
}
330
11F67C
100
AcDbSymbolTableRecord
100
AcDbLayerTableRecord
  2
Z-LS1
 70
     0
 62
    82
  6
CONTINUOUS
370
    -3
390
171306
347
171318
348
0
  0
LAYER
  5
11F714
102
{ACAD_XDICTIONARY
360
171373
102
}
330
11F67C
100
AcDbSymbolTableRecord
100
AcDbLayerTableRecord
  2
Z-LL1
 70
     0
 62
    72
  6
CONTINUOUS
370
    -3
390
171306
347
171318
348
0
  0
LAYER
  5
11F715
102
{ACAD_XDICTIONARY
360
171375
102
}
330
11F67C
100
AcDbSymbolTableRecord
100
AcDbLayerTableRecord
  2
Z-TS1
 70
     0
 62
    82
  6
CONTINUOUS
370
    -3
390
171306
347
171318
348
0
  0
LAYER
  5
11F717
102
{ACAD_XDICTIONARY
360
171377
102
}
330
11F67C
100
AcDbSymbolTableRecord
100
AcDbLayerTableRecord
  2
Z-TL1
 70
     0
 62
    60
  6
CONTINUOUS
370
    -3
390
171306
347
171318
348
0
  0
LAYER
  5
11F71A
102
{ACAD_XDICTIONARY
360
171379
102
}
330
11F67C
100
AcDbSymbolTableRecord
100
AcDbLayerTableRecord
  2
CENTER
 70
     0
 62
   243
  6
CENTER2
370
    -3
390
171306
347
171318
348
0
  0
LAYER
  5
11F720
102
{ACAD_XDICTIONARY
360
171381
102
}
330
11F67C
100
AcDbSymbolTableRecord
100
AcDbLayerTableRecord
  2
VIEWPORT
 70
     1
 62
     7
  6
CONTINUOUS
370
    -3
390
171306
347
171318
348
0
  0
LAYER
  5
1685A9
102
{ACAD_XDICTIONARY
360
1713A5
102
}
330
11F67C
100
AcDbSymbolTableRecord
100
AcDbLayerTableRecord
  2
LINE
 70
     0
 62
     7
  6
CONTINUOUS
370
    -3
390
171306
347
171318
348
0
  0
LAYER
  5
1685AC
330
11F67C
100
AcDbSymbolTableRecord
100
AcDbLayerTableRecord
  2
DEFPOINTS
 70
     0
 62
     7
  6
CONTINUOUS
290
     0
370
    -3
390
171306
347
171318
348
0
  0
LAYER
  5
2E1877
330
11F67C
100
AcDbSymbolTableRecord
100
AcDbLayerTableRecord
  2
ANA NEJI
 70
     0
 62
     1
  6
CONTINUOUS
370
    -3
390
171306
347
171318
348
0
1001
AcAecLayerStandard
1000

1000

1001
AcCmTransparency
1071
        0
  0
LAYER
  5
2E1878
330
11F67C
100
AcDbSymbolTableRecord
100
AcDbLayerTableRecord
  2
ANA 10
 70
     0
 62
     7
  6
CONTINUOUS
370
    -3
390
171306
347
171318
348
0
1001
AcAecLayerStandard
1000

1000

1001
AcCmTransparency
1071
        0
  0
LAYER
  5
2E1879
330
11F67C
100
AcDbSymbolTableRecord
100
AcDbLayerTableRecord
  2
ANA 12
 70
     0
 62
     6
  6
CONTINUOUS
370
    -3
390
171306
347
171318
348
0
1001
AcAecLayerStandard
1000

1000

1001
AcCmTransparency
1071
        0
  0
LAYER
  5
2E187A
330
11F67C
100
AcDbSymbolTableRecord
100
AcDbLayerTableRecord
  2
ANA 21
 70
     0
 62
    30
  6
CONTINUOUS
370
    -3
390
171306
347
171318
348
0
1001
AcAecLayerStandard
1000

1000

1001
AcCmTransparency
1071
        0
  0
LAYER
  5
2E187B
330
11F67C
100
AcDbSymbolTableRecord
100
AcDbLayerTableRecord
  2
ANA 28.3
 70
     0
 62
     4
  6
CONTINUOUS
370
    -3
390
171306
347
171318
348
0
1001
AcAecLayerStandard
1000

1000

1001
AcCmTransparency
1071
        0
  0
LAYER
  5
2E187C
330
11F67C
100
AcDbSymbolTableRecord
100
AcDbLayerTableRecord
  2
ANA 45.6
 70
     0
 62
    31
  6
CONTINUOUS
370
    -3
390
171306
347
171318
348
0
1001
AcAecLayerStandard
1000

1000

1001
AcCmTransparency
1071
        0
  0
LAYER
  5
2E187D
330
11F67C
100
AcDbSymbolTableRecord
100
AcDbLayerTableRecord
  2
ANA 30.5 Φ9.5x7° U15.1
 70
     0
 62
     5
  6
CONTINUOUS
370
    -3
390
171306
347
171318
348
0
1001
AcAecLayerStandard
1000

1000

1001
AcCmTransparency
1071
        0
  0
ENDTAB
  0
TABLE
  2
STYLE
  5
11F67D
330
0
100
AcDbSymbolTable
 70
     2
  0
STYLE
  5
11F68A
330
11F67D
100
AcDbSymbolTableRecord
100
AcDbTextStyleTableRecord
  2
STANDARD
 70
     0
 40
0.0
 41
1.0
 50
0.0
 71
     0
 42
6.599999999999999
  3
txt
  4

  0
STYLE
  5
11F6F2
330
11F67D
100
AcDbSymbolTableRecord
100
AcDbTextStyleTableRecord
  2
ROMAND
 70
     0
 40
6.0
 41
1.0
 50
0.0
 71
     0
 42
6.0
  3
romand.shx
  4

  0
ENDTAB
  0
TABLE
  2
VIEW
  5
11F680
330
0
100
AcDbSymbolTable
 70
     4
  0
VIEW
  5
134A50
330
11F680
100
AcDbSymbolTableRecord
100
AcDbViewTableRecord
  2
OLE1
 70
     0
 40
35.85446284363201
 10
327.1372489898108
 20
351.7279520606295
 41
51.94046332746935
 11
0.0
 21
0.0
 31
1.0
 12
0.0
 22
0.0
 32
0.0
 42
50.0
 43
0.0
 44
0.0
 50
0.0
 71
     0
281
     0
 72
     0
 73
     0
348
171326
  0
VIEW
  5
134C12
330
11F680
100
AcDbSymbolTableRecord
100
AcDbViewTableRecord
  2
OLE2
 70
     0
 40
44.40982457712922
 10
328.3638021163767
 20
337.4415240688995
 41
64.3341632222335
 11
0.0
 21
0.0
 31
1.0
 12
0.0
 22
0.0
 32
0.0
 42
50.0
 43
0.0
 44
0.0
 50
0.0
 71
     0
281
     0
 72
     0
 73
     0
348
171326
  0
VIEW
  5
1CC7D9
102
{ACAD_XDICTIONARY
360
1CC7DA
102
}
330
11F680
100
AcDbSymbolTableRecord
100
AcDbViewTableRecord
  2
OLE3
 70
     0
 40
144.0876742434197
 10
2855.635903666467
 20
561.9303055457163
 41
316.6137052454092
 11
0.0
 21
0.0
 31
1.0
 12
0.0
 22
0.0
 32
0.0
 42
50.0
 43
0.0
 44
0.0
 50
0.0
 71
     0
281
     0
 72
     0
 73
     0
348
171326
  0
VIEW
  5
1EDB3F
102
{ACAD_XDICTIONARY
360
1EDB40
102
}
330
11F680
100
AcDbSymbolTableRecord
100
AcDbViewTableRecord
  2
OLE4
 70
     0
 40
181.4561246268264
 10
19464.61864151297
 20
-151.7093029303184
 41
398.7259580615792
 11
0.0
 21
0.0
 31
1446.201050328711
 12
1309.059462927271
 22
616.26951099347
 32
0.0
 42
50.0
 43
0.0
 44
0.0
 50
0.0
 71
     0
281
     0
 72
     0
 73
     0
348
171326
  0
ENDTAB
  0
TABLE
  2
UCS
  5
11F681
330
0
100
AcDbSymbolTable
 70
     0
  0
ENDTAB
  0
TABLE
  2
APPID
  5
11F683
330
0
100
AcDbSymbolTable
 70
    18
  0
APPID
  5
11F68B
330
11F683
100
AcDbSymbolTableRecord
100
AcDbRegAppTableRecord
  2
ACAD
 70
     0
  0
APPID
  5
13D619
330
11F683
100
AcDbSymbolTableRecord
100
AcDbRegAppTableRecord
  2
AcDbBlockRepETag
 70
     0
  0
APPID
  5
17135D
330
11F683
100
AcDbSymbolTableRecord
100
AcDbRegAppTableRecord
  2
ACAD_PSEXT
 70
     0
  0
APPID
  5
171524
330
11F683
100
AcDbSymbolTableRecord
100
AcDbRegAppTableRecord
  2
AcAecLayerStandard
 70
     0
  0
APPID
  5
171525
330
11F683
100
AcDbSymbolTableRecord
100
AcDbRegAppTableRecord
  2
ACAD_NAV_VCDISPLAY
 70
     0
  0
APPID
  5
1A19A3
330
11F683
100
AcDbSymbolTableRecord
100
AcDbRegAppTableRecord
  2
ACAD_EXEMPT_FROM_CAD_STANDARDS
 70
     0
  0
APPID
  5
1ABECA
330
11F683
100
AcDbSymbolTableRecord
100
AcDbRegAppTableRecord
  2
ACAD_MLEADERVER
 70
     0
  0
APPID
  5
1ABEFA
330
11F683
100
AcDbSymbolTableRecord
100
AcDbRegAppTableRecord
  2
AcadAnnoMonitorAlertIconDisabled
 70
     0
  0
APPID
  5
1AC1AE
330
11F683
100
AcDbSymbolTableRecord
100
AcDbRegAppTableRecord
  2
ACAD_DSTYLE_DIMRADIAL_EXTENSION
 70
     0
  0
APPID
  5
1B3827
330
11F683
100
AcDbSymbolTableRecord
100
AcDbRegAppTableRecord
  2
GradientColor1ACI
 70
     0
  0
APPID
  5
1B3828
330
11F683
100
AcDbSymbolTableRecord
100
AcDbRegAppTableRecord
  2
GradientColor2ACI
 70
     0
  0
APPID
  5
1BDC12
330
11F683
100
AcDbSymbolTableRecord
100
AcDbRegAppTableRecord
  2
AcadStringInfo
 70
     0
  0
APPID
  5
1C6A3D
330
11F683
100
AcDbSymbolTableRecord
100
AcDbRegAppTableRecord
  2
AcCmTransparency
 70
     0
  0
APPID
  5
1CFB93
330
11F683
100
AcDbSymbolTableRecord
100
AcDbRegAppTableRecord
  2
ACAD_DSTYLE_DIMJAG
 70
     0
  0
APPID
  5
1CFB94
330
11F683
100
AcDbSymbolTableRecord
100
AcDbRegAppTableRecord
  2
ACAD_DSTYLE_DIMTALN
 70
     0
  0
APPID
  5
219082
330
11F683
100
AcDbSymbolTableRecord
100
AcDbRegAppTableRecord
  2
ACAUTHENVIRON
 70
     0
  0
APPID
  5
219085
330
11F683
100
AcDbSymbolTableRecord
100
AcDbRegAppTableRecord
  2
AcDbDynamicBlockTrueName
 70
     0
  0
APPID
  5
219086
330
11F683
100
AcDbSymbolTableRecord
100
AcDbRegAppTableRecord
  2
AcDbDynamicBlockGUID
 70
     0
  0
ENDTAB
  0
TABLE
  2
DIMSTYLE
  5
11F684
330
0
100
AcDbSymbolTable
 70
     1
100
AcDbDimStyleTable
 71
     1
340
11F726
  0
DIMSTYLE
105
11F726
330
11F684
100
AcDbSymbolTableRecord
100
AcDbDimStyleTableRecord
  2
STANDARD
 70
     0
340
11F68A
  0
ENDTAB
  0
TABLE
  2
BLOCK_RECORD
  5
11F67B
330
0
100
AcDbSymbolTable
 70
     7
  0
BLOCK_RECORD
  5
11F692
102
{ACAD_XDICTIONARY
360
1A18AA
102
}
330
11F67B
100
AcDbSymbolTableRecord
100
AcDbBlockTableRecord
  2
*MODEL_SPACE
340
171356
 70
     0
280
     1
281
     0
  0
BLOCK_RECORD
  5
11F68F
102
{ACAD_XDICTIONARY
360
1ABE83
102
}
330
11F67B
100
AcDbSymbolTableRecord
100
AcDbBlockTableRecord
  2
*PAPER_SPACE
340
171357
 70
     0
280
     1
281
     0
  0
BLOCK_RECORD
  5
11F699
330
11F67B
100
AcDbSymbolTableRecord
100
AcDbBlockTableRecord
  2
ARROWHEAD
340
0
 70
     0
280
     1
281
     0
  0
BLOCK_RECORD
  5
11F69A
330
11F67B
100
AcDbSymbolTableRecord
100
AcDbBlockTableRecord
  2
*X1
340
0
102
{BLKREFS
331
AE94
102
}
 70
     0
280
     1
281
     0
  0
BLOCK_RECORD
  5
11F69B
330
11F67B
100
AcDbSymbolTableRecord
100
AcDbBlockTableRecord
  2
*X2
340
0
102
{BLKREFS
331
AF36
102
}
 70
     0
280
     1
281
     0
  0
BLOCK_RECORD
  5
11F69C
330
11F67B
100
AcDbSymbolTableRecord
100
AcDbBlockTableRecord
  2
*X3
340
0
102
{BLKREFS
331
B13A
102
}
 70
     0
280
     1
281
     0
  0
BLOCK_RECORD
  5
11F69D
330
11F67B
100
AcDbSymbolTableRecord
100
AcDbBlockTableRecord
  2
*X4
340
0
102
{BLKREFS
331
B1FF
102
}
 70
     0
280
     1
281
     0
  0
BLOCK_RECORD
  5
11F69E
330
11F67B
100
AcDbSymbolTableRecord
100
AcDbBlockTableRecord
  2
*X5
340
0
102
{BLKREFS
331
B31E
102
}
 70
     0
280
     1
281
     0
  0
BLOCK_RECORD
  5
11F69F
330
11F67B
100
AcDbSymbolTableRecord
100
AcDbBlockTableRecord
  2
*X6
340
0
102
{BLKREFS
331
B37A
102
}
 70
     0
280
     1
281
     0
  0
ENDTAB
  0
ENDSEC
  0
SECTION
  2
BLOCKS
  0
BLOCK
  5
11F724
330
11F692
100
AcDbEntity
  8
0
100
AcDbBlockBegin
  2
*MODEL_SPACE
 70
     0
 10
0.0
 20
0.0
 30
0.0
  3
*MODEL_SPACE
  1

  0
ENDBLK
  5
11F725
330
11F692
100
AcDbEntity
  8
0
100
AcDbBlockEnd
  0
BLOCK
  5
11F722
330
11F68F
100
AcDbEntity
 67
     1
  8
0
100
AcDbBlockBegin
  2
*PAPER_SPACE
 70
     0
 10
0.0
 20
0.0
 30
0.0
  3
*PAPER_SPACE
  1

  0
ENDBLK
  5
11F723
330
11F68F
100
AcDbEntity
 67
     1
  8
0
100
AcDbBlockEnd
  0
BLOCK
  5
493
330
11F699
100
AcDbEntity
  8
0
100
AcDbBlockBegin
  2
ARROWHEAD
 70
     0
 10
0.0
 20
0.0
 30
0.0
  3
ARROWHEAD
  1

  0
LINE
  5
494
330
11F699
100
AcDbEntity
  8
0
100
AcDbLine
 10
-0.5
 20
-0.25
 30
0.0
 11
0.0
 21
0.0
 31
0.0
  0
LINE
  5
495
330
11F699
100
AcDbEntity
  8
0
100
AcDbLine
 10
-0.5
 20
0.25
 30
0.0
 11
0.0
 21
0.0
 31
0.0
  0
LINE
  5
496
330
11F699
100
AcDbEntity
  8
0
100
AcDbLine
 10
-1.0
 20
0.0
 30
0.0
 11
0.0
 21
0.0
 31
0.0
  0
ENDBLK
  5
497
330
11F699
100
AcDbEntity
  8
0
100
AcDbBlockEnd
  0
BLOCK
  5
AE93
330
11F69A
100
AcDbEntity
  8
0
100
AcDbBlockBegin
  2
*X1
 70
     1
 10
0.0
 20
0.0
 30
0.0
  3
*X1
  1

  0
LINE
  5
AE95
330
11F69A
100
AcDbEntity
  8
0
 62
     0
100
AcDbLine
 10
166.9939823863796
 20
104.1321895388956
 30
0.0
 11
168.9939823863797
 21
106.1321895388956
 31
0.0
  0
LINE
  5
AE96
330
11F69A
100
AcDbEntity
  8
0
 62
     0
100
AcDbLine
 10
174.9939823863796
 20
112.1321895388956
 30
0.0
 11
175.4413829949032
 21
112.5795901474192
 31
0.0
  0
LINE
  5
AE97
330
11F69A
100
AcDbEntity
  8
0
 62
     0
100
AcDbLine
 10
170.9939823863797
 20
108.1321895388956
 30
0.0
 11
172.9939823863797
 21
110.1321895388956
 31
0.0
  0
LINE
  5
AE98
330
11F69A
100
AcDbEntity
  8
0
 62
     0
100
AcDbLine
 10
164.9845170427907
 20
104.3677882255739
 30
0.0
 11
166.7489183561124
 21
106.1321895388956
 31
0.0
  0
LINE
  5
AE99
330
11F69A
100
AcDbEntity
  8
0
 62
     0
100
AcDbLine
 10
172.7489183561123
 20
112.1321895388956
 30
0.0
 11
174.6249960748059
 21
114.0082672575893
 31
0.0
  0
LINE
  5
AE9A
330
11F69A
100
AcDbEntity
  8
0
 62
     0
100
AcDbLine
 10
168.7489183561124
 20
108.1321895388956
 30
0.0
 11
170.7489183561124
 21
110.1321895388956
 31
0.0
  0
LINE
  5
AE9B
330
11F69A
100
AcDbEntity
  8
0
 62
     0
100
AcDbLine
 10
164.0555250302664
 20
105.6838602433169
 30
0.0
 11
164.5038543258451
 21
106.1321895388956
 31
0.0
  0
LINE
  5
AE9C
330
11F69A
100
AcDbEntity
  8
0
 62
     0
100
AcDbLine
 10
170.5038543258451
 20
112.1321895388956
 30
0.0
 11
173.0038543258451
 21
114.6321895388956
 31
0.0
  0
LINE
  5
AE9D
330
11F69A
100
AcDbEntity
  8
0
 62
     0
100
AcDbLine
 10
166.5038543258451
 20
108.1321895388956
 30
0.0
 11
168.5038543258451
 21
110.1321895388956
 31
0.0
  0
LINE
  5
AE9E
330
11F69A
100
AcDbEntity
  8
0
 62
     0
100
AcDbLine
 10
164.2587902955778
 20
108.1321895388956
 30
0.0
 11
166.2587902955778
 21
110.1321895388956
 31
0.0
  0
LINE
  5
AE9F
330
11F69A
100
AcDbEntity
  8
0
 62
     0
100
AcDbLine
 10
174.2587902955778
 20
118.1321895388955
 30
0.0
 11
174.2684690569167
 21
118.1418683002345
 31
0.0
  0
LINE
  5
AEA0
330
11F69A
100
AcDbEntity
  8
0
 62
     0
100
AcDbLine
 10
168.2587902955777
 20
112.1321895388956
 30
0.0
 11
170.7587902955778
 21
114.6321895388956
 31
0.0
  0
LINE
  5
AEA1
330
11F69A
100
AcDbEntity
  8
0
 62
     0
100
AcDbLine
 10
162.1975410052175
 20
108.3160042788027
 30
0.0
 11
164.0137262653105
 21
110.1321895388956
 31
0.0
  0
LINE
  5
AEA2
330
11F69A
100
AcDbEntity
  8
0
 62
     0
100
AcDbLine
 10
171.0137262653105
 20
117.1321895388956
 30
0.0
 11
173.0137262653105
 21
119.1321895388956
 31
0.0
  0
LINE
  5
AEA3
330
11F69A
100
AcDbEntity
  8
0
 62
     0
100
AcDbLine
 10
166.0137262653105
 20
112.1321895388955
 30
0.0
 11
168.5137262653105
 21
114.6321895388956
 31
0.0
  0
LINE
  5
AEA4
330
11F69A
100
AcDbEntity
  8
0
 62
     0
100
AcDbLine
 10
161.2685489926932
 20
109.6320762965455
 30
0.0
 11
161.7686622350432
 21
110.1321895388956
 31
0.0
  0
LINE
  5
AEA5
330
11F69A
100
AcDbEntity
  8
0
 62
     0
100
AcDbLine
 10
173.2686622350432
 20
121.6321895388956
 30
0.0
 11
174.2684690569167
 21
122.6319963607691
 31
0.0
  0
LINE
  5
AEA6
330
11F69A
100
AcDbEntity
  8
0
 62
     0
100
AcDbLine
 10
163.7686622350432
 20
112.1321895388955
 30
0.0
 11
166.2686622350432
 21
114.6321895388956
 31
0.0
  0
LINE
  5
AEA7
330
11F69A
100
AcDbEntity
  8
0
 62
     0
100
AcDbLine
 10
168.7686622350432
 20
117.1321895388956
 30
0.0
 11
170.7686622350432
 21
119.1321895388956
 31
0.0
  0
LINE
  5
AEA8
330
11F69A
100
AcDbEntity
  8
0
 62
     0
100
AcDbLine
 10
161.5235982047759
 20
112.1321895388955
 30
0.0
 11
164.0235982047759
 21
114.6321895388956
 31
0.0
  0
LINE
  5
AEA9
330
11F69A
100
AcDbEntity
  8
0
 62
     0
100
AcDbLine
 10
171.0235982047759
 20
121.6321895388956
 30
0.0
 11
173.0235982047759
 21
123.6321895388956
 31
0.0
  0
LINE
  5
AEAA
330
11F69A
100
AcDbEntity
  8
0
 62
     0
100
AcDbLine
 10
166.5235982047759
 20
117.1321895388956
 30
0.0
 11
168.5235982047759
 21
119.1321895388956
 31
0.0
  0
LINE
  5
AEAB
330
11F69A
100
AcDbEntity
  8
0
 62
     0
100
AcDbLine
 10
159.4105649676444
 20
112.2642203320313
 30
0.0
 11
161.7785341745086
 21
114.6321895388956
 31
0.0
  0
LINE
  5
AEAC
330
11F69A
100
AcDbEntity
  8
0
 62
     0
100
AcDbLine
 10
173.2785341745086
 20
126.1321895388956
 30
0.0
 11
174.2684690569167
 21
127.1221244213036
 31
0.0
  0
LINE
  5
AEAD
330
11F69A
100
AcDbEntity
  8
0
 62
     0
100
AcDbLine
 10
164.2785341745087
 20
117.1321895388956
 30
0.0
 11
166.2785341745087
 21
119.1321895388956
 31
0.0
  0
LINE
  5
AEAE
330
11F69A
100
AcDbEntity
  8
0
 62
     0
100
AcDbLine
 10
168.7785341745086
 20
121.6321895388956
 30
0.0
 11
170.7785341745086
 21
123.6321895388956
 31
0.0
  0
LINE
  5
AEAF
330
11F69A
100
AcDbEntity
  8
0
 62
     0
100
AcDbLine
 10
158.48157295512
 20
113.5802923497742
 30
0.0
 11
159.5334701442413
 21
114.6321895388956
 31
0.0
  0
LINE
  5
AEB0
330
11F69A
100
AcDbEntity
  8
0
 62
     0
100
AcDbLine
 10
171.0334701442413
 20
126.1321895388956
 30
0.0
 11
173.0334701442413
 21
128.1321895388956
 31
0.0
  0
LINE
  5
AEB1
330
11F69A
100
AcDbEntity
  8
0
 62
     0
100
AcDbLine
 10
162.0334701442414
 20
117.1321895388956
 30
0.0
 11
164.0334701442414
 21
119.1321895388956
 31
0.0
  0
LINE
  5
AEB2
330
11F69A
100
AcDbEntity
  8
0
 62
     0
100
AcDbLine
 10
166.5334701442413
 20
121.6321895388956
 30
0.0
 11
168.5334701442413
 21
123.6321895388956
 31
0.0
  0
LINE
  5
AEB3
330
11F69A
100
AcDbEntity
  8
0
 62
     0
100
AcDbLine
 10
159.7884061139741
 20
117.1321895388956
 30
0.0
 11
161.7884061139741
 21
119.1321895388956
 31
0.0
  0
LINE
  5
AEB4
330
11F69A
100
AcDbEntity
  8
0
 62
     0
100
AcDbLine
 10
168.788406113974
 20
126.1321895388956
 30
0.0
 11
170.788406113974
 21
128.1321895388956
 31
0.0
  0
LINE
  5
AEB5
330
11F69A
100
AcDbEntity
  8
0
 62
     0
100
AcDbLine
 10
164.2884061139741
 20
121.6321895388956
 30
0.0
 11
166.2884061139741
 21
123.6321895388956
 31
0.0
  0
LINE
  5
AEB6
330
11F69A
100
AcDbEntity
  8
0
 62
     0
100
AcDbLine
 10
157.5433420837068
 20
117.1321895388956
 30
0.0
 11
159.5433420837068
 21
119.1321895388956
 31
0.0
  0
LINE
  5
AEB7
330
11F69A
100
AcDbEntity
  8
0
 62
     0
100
AcDbLine
 10
166.5433420837066
 20
126.1321895388956
 30
0.0
 11
168.5433420837066
 21
128.1321895388956
 31
0.0
  0
LINE
  5
AEB8
330
11F69A
100
AcDbEntity
  8
0
 62
     0
100
AcDbLine
 10
162.0433420837068
 20
121.6321895388956
 30
0.0
 11
164.0433420837068
 21
123.6321895388956
 31
0.0
  0
LINE
  5
AEB9
330
11F69A
100
AcDbEntity
  8
0
 62
     0
100
AcDbLine
 10
155.6945969175468
 20
117.5285084030029
 30
0.0
 11
157.2982780534395
 21
119.1321895388956
 31
0.0
  0
LINE
  5
AEBA
330
11F69A
100
AcDbEntity
  8
0
 62
     0
100
AcDbLine
 10
164.2982780534395
 20
126.1321895388956
 30
0.0
 11
166.2982780534395
 21
128.1321895388956
 31
0.0
  0
LINE
  5
AEBB
330
11F69A
100
AcDbEntity
  8
0
 62
     0
100
AcDbLine
 10
159.7982780534395
 20
121.6321895388956
 30
0.0
 11
161.7982780534395
 21
123.6321895388956
 31
0.0
  0
LINE
  5
AEBC
330
11F69A
100
AcDbEntity
  8
0
 62
     0
100
AcDbLine
 10
154.0532140231722
 20
118.1321895388956
 30
0.0
 11
155.0532140231721
 21
119.1321895388956
 31
0.0
  0
LINE
  5
AEBD
330
11F69A
100
AcDbEntity
  8
0
 62
     0
100
AcDbLine
 10
162.0532140231722
 20
126.1321895388956
 30
0.0
 11
164.0532140231722
 21
128.1321895388956
 31
0.0
  0
LINE
  5
AEBE
330
11F69A
100
AcDbEntity
  8
0
 62
     0
100
AcDbLine
 10
157.5532140231722
 20
121.6321895388956
 30
0.0
 11
159.5532140231722
 21
123.6321895388956
 31
0.0
  0
LINE
  5
AEBF
330
11F69A
100
AcDbEntity
  8
0
 62
     0
100
AcDbLine
 10
151.8081499929049
 20
118.1321895388956
 30
0.0
 11
152.8081499929049
 21
119.1321895388956
 31
0.0
  0
LINE
  5
AEC0
330
11F69A
100
AcDbEntity
  8
0
 62
     0
100
AcDbLine
 10
159.8081499929049
 20
126.1321895388956
 30
0.0
 11
161.8081499929049
 21
128.1321895388956
 31
0.0
  0
LINE
  5
AEC1
330
11F69A
100
AcDbEntity
  8
0
 62
     0
100
AcDbLine
 10
155.3081499929049
 20
121.6321895388956
 30
0.0
 11
157.3081499929049
 21
123.6321895388956
 31
0.0
  0
LINE
  5
AEC2
330
11F69A
100
AcDbEntity
  8
0
 62
     0
100
AcDbLine
 10
153.0630859626375
 20
121.6321895388956
 30
0.0
 11
155.0630859626376
 21
123.6321895388956
 31
0.0
  0
LINE
  5
AEC3
330
11F69A
100
AcDbEntity
  8
0
 62
     0
100
AcDbLine
 10
157.5630859626376
 20
126.1321895388956
 30
0.0
 11
159.5630859626376
 21
128.1321895388956
 31
0.0
  0
LINE
  5
AEC4
330
11F69A
100
AcDbEntity
  8
0
 62
     0
100
AcDbLine
 10
151.2684690569167
 20
122.082636663442
 30
0.0
 11
152.8180219323703
 21
123.6321895388956
 31
0.0
  0
LINE
  5
AEC5
330
11F69A
100
AcDbEntity
  8
0
 62
     0
100
AcDbLine
 10
155.3180219323703
 20
126.1321895388956
 30
0.0
 11
157.3180219323703
 21
128.1321895388956
 31
0.0
  0
LINE
  5
AEC6
330
11F69A
100
AcDbEntity
  8
0
 62
     0
100
AcDbLine
 10
153.072957902103
 20
126.1321895388956
 30
0.0
 11
155.072957902103
 21
128.1321895388956
 31
0.0
  0
LINE
  5
AEC7
330
11F69A
100
AcDbEntity
  8
0
 62
     0
100
AcDbLine
 10
151.2684690569167
 20
126.5727647239765
 30
0.0
 11
152.8278938718357
 21
128.1321895388956
 31
0.0
  0
LINE
  5
AEC8
330
11F69A
100
AcDbEntity
  8
0
 62
     0
100
AcDbLine
 10
166.8425010678395
 20
101.7356441900882
 30
0.0
 11
167.2390464166469
 21
102.1321895388956
 31
0.0
  0
LINE
  5
AEC9
330
11F69A
100
AcDbEntity
  8
0
 62
     0
100
AcDbLine
 10
173.239046416647
 20
108.1321895388956
 30
0.0
 11
175.2390464166469
 21
110.1321895388956
 31
0.0
  0
LINE
  5
AECA
330
11F69A
100
AcDbEntity
  8
0
 62
     0
100
AcDbLine
 10
169.2390464166469
 20
104.1321895388956
 30
0.0
 11
171.2390464166469
 21
106.1321895388956
 31
0.0
  0
LINE
  5
AECB
330
11F69A
100
AcDbEntity
  8
0
 62
     0
100
AcDbLine
 10
167.4841104469142
 20
100.1321895388956
 30
0.0
 11
169.4841104469142
 21
102.1321895388956
 31
0.0
  0
LINE
  5
AECC
330
11F69A
100
AcDbEntity
  8
0
 62
     0
100
AcDbLine
 10
175.4841104469141
 20
108.1321895388956
 30
0.0
 11
177.4841104469141
 21
110.1321895388956
 31
0.0
  0
LINE
  5
AECD
330
11F69A
100
AcDbEntity
  8
0
 62
     0
100
AcDbLine
 10
171.4841104469142
 20
104.1321895388956
 30
0.0
 11
173.4841104469142
 21
106.1321895388956
 31
0.0
  0
LINE
  5
AECE
330
11F69A
100
AcDbEntity
  8
0
 62
     0
100
AcDbLine
 10
162.2684690569167
 20
92.67148411863077
 30
0.0
 11
162.7291744771815
 21
93.13218953889558
 31
0.0
  0
LINE
  5
AECF
330
11F69A
100
AcDbEntity
  8
0
 62
     0
100
AcDbLine
 10
177.7291744771815
 20
108.1321895388956
 30
0.0
 11
179.7291744771815
 21
110.1321895388956
 31
0.0
  0
LINE
  5
AED0
330
11F69A
100
AcDbEntity
  8
0
 62
     0
100
AcDbLine
 10
167.2684690569167
 20
97.67148411863077
 30
0.0
 11
167.7291744771815
 21
98.13218953889563
 31
0.0
  0
LINE
  5
AED1
330
11F69A
100
AcDbEntity
  8
0
 62
     0
100
AcDbLine
 10
173.7291744771815
 20
104.1321895388956
 30
0.0
 11
175.7291744771815
 21
106.1321895388956
 31
0.0
  0
LINE
  5
AED2
330
11F69A
100
AcDbEntity
  8
0
 62
     0
100
AcDbLine
 10
169.7291744771815
 20
100.1321895388956
 30
0.0
 11
171.7291744771815
 21
102.1321895388956
 31
0.0
  0
LINE
  5
AED3
330
11F69A
100
AcDbEntity
  8
0
 62
     0
100
AcDbLine
 10
163.4742385074488
 20
91.63218953889559
 30
0.0
 11
164.9742385074487
 21
93.13218953889558
 31
0.0
  0
LINE
  5
AED4
330
11F69A
100
AcDbEntity
  8
0
 62
     0
100
AcDbLine
 10
179.9742385074488
 20
108.1321895388956
 30
0.0
 11
181.9742385074488
 21
110.1321895388956
 31
0.0
  0
LINE
  5
AED5
330
11F69A
100
AcDbEntity
  8
0
 62
     0
100
AcDbLine
 10
167.9742385074488
 20
96.13218953889559
 30
0.0
 11
169.9742385074488
 21
98.13218953889563
 31
0.0
  0
LINE
  5
AED6
330
11F69A
100
AcDbEntity
  8
0
 62
     0
100
AcDbLine
 10
175.9742385074488
 20
104.1321895388956
 30
0.0
 11
177.9742385074488
 21
106.1321895388956
 31
0.0
  0
LINE
  5
AED7
330
11F69A
100
AcDbEntity
  8
0
 62
     0
100
AcDbLine
 10
171.9742385074488
 20
100.1321895388956
 30
0.0
 11
173.9742385074488
 21
102.1321895388956
 31
0.0
  0
LINE
  5
AED8
330
11F69A
100
AcDbEntity
  8
0
 62
     0
100
AcDbLine
 10
162.2684690569167
 20
88.1813560580962
 30
0.0
 11
163.7193025377161
 21
89.63218953889564
 31
0.0
  0
LINE
  5
AED9
330
11F69A
100
AcDbEntity
  8
0
 62
     0
100
AcDbLine
 10
182.2193025377161
 20
108.1321895388956
 30
0.0
 11
184.2193025377161
 21
110.1321895388956
 31
0.0
  0
LINE
  5
AEDA
330
11F69A
100
AcDbEntity
  8
0
 62
     0
100
AcDbLine
 10
165.7193025377161
 20
91.63218953889559
 30
0.0
 11
167.219302537716
 21
93.13218953889558
 31
0.0
  0
LINE
  5
AEDB
330
11F69A
100
AcDbEntity
  8
0
 62
     0
100
AcDbLine
 10
178.2193025377161
 20
104.1321895388956
 30
0.0
 11
180.2193025377161
 21
106.1321895388956
 31
0.0
  0
LINE
  5
AEDC
330
11F69A
100
AcDbEntity
  8
0
 62
     0
100
AcDbLine
 10
167.2684690569167
 20
93.1813560580962
 30
0.0
 11
168.2193025377161
 21
94.13218953889559
 31
0.0
  0
LINE
  5
AEDD
330
11F69A
100
AcDbEntity
  8
0
 62
     0
100
AcDbLine
 10
174.2193025377161
 20
100.1321895388956
 30
0.0
 11
176.2193025377161
 21
102.1321895388956
 31
0.0
  0
LINE
  5
AEDE
330
11F69A
100
AcDbEntity
  8
0
 62
     0
100
AcDbLine
 10
170.2193025377161
 20
96.13218953889559
 30
0.0
 11
172.2193025377161
 21
98.13218953889563
 31
0.0
  0
LINE
  5
AEDF
330
11F69A
100
AcDbEntity
  8
0
 62
     0
100
AcDbLine
 10
163.4643665679834
 20
87.13218953889564
 30
0.0
 11
165.9643665679834
 21
89.63218953889564
 31
0.0
  0
LINE
  5
AEE0
330
11F69A
100
AcDbEntity
  8
0
 62
     0
100
AcDbLine
 10
184.4643665679834
 20
108.1321895388956
 30
0.0
 11
186.4643665679834
 21
110.1321895388956
 31
0.0
  0
LINE
  5
AEE1
330
11F69A
100
AcDbEntity
  8
0
 62
     0
100
AcDbLine
 10
167.9643665679834
 20
91.63218953889559
 30
0.0
 11
170.4643665679834
 21
94.13218953889559
 31
0.0
  0
LINE
  5
AEE2
330
11F69A
100
AcDbEntity
  8
0
 62
     0
100
AcDbLine
 10
180.4643665679833
 20
104.1321895388956
 30
0.0
 11
182.4643665679833
 21
106.1321895388956
 31
0.0
  0
LINE
  5
AEE3
330
11F69A
100
AcDbEntity
  8
0
 62
     0
100
AcDbLine
 10
172.4643665679834
 20
96.13218953889559
 30
0.0
 11
174.4643665679834
 21
98.13218953889563
 31
0.0
  0
LINE
  5
AEE4
330
11F69A
100
AcDbEntity
  8
0
 62
     0
100
AcDbLine
 10
176.4643665679834
 20
100.1321895388956
 30
0.0
 11
178.4643665679834
 21
102.1321895388956
 31
0.0
  0
LINE
  5
AEE5
330
11F69A
100
AcDbEntity
  8
0
 62
     0
100
AcDbLine
 10
162.2684690569167
 20
83.69122799756162
 30
0.0
 11
163.7094305982506
 21
85.13218953889561
 31
0.0
  0
LINE
  5
AEE6
330
11F69A
100
AcDbEntity
  8
0
 62
     0
100
AcDbLine
 10
178.7094305982507
 20
100.1321895388956
 30
0.0
 11
179.2684690569165
 21
100.6912279975616
 31
0.0
  0
LINE
  5
AEE7
330
11F69A
100
AcDbEntity
  8
0
 62
     0
100
AcDbLine
 10
165.7094305982507
 20
87.13218953889564
 30
0.0
 11
168.2094305982507
 21
89.63218953889564
 31
0.0
  0
LINE
  5
AEE8
330
11F69A
100
AcDbEntity
  8
0
 62
     0
100
AcDbLine
 10
174.7094305982507
 20
96.13218953889559
 30
0.0
 11
176.7094305982507
 21
98.13218953889563
 31
0.0
  0
LINE
  5
AEE9
330
11F69A
100
AcDbEntity
  8
0
 62
     0
100
AcDbLine
 10
170.2094305982507
 20
91.63218953889559
 30
0.0
 11
172.7094305982507
 21
94.13218953889559
 31
0.0
  0
LINE
  5
AEEA
330
11F69A
100
AcDbEntity
  8
0
 62
     0
100
AcDbLine
 10
163.9544946285179
 20
83.13218953889558
 30
0.0
 11
165.9544946285179
 21
85.13218953889561
 31
0.0
  0
LINE
  5
AEEB
330
11F69A
100
AcDbEntity
  8
0
 62
     0
100
AcDbLine
 10
176.9544946285179
 20
96.13218953889564
 30
0.0
 11
178.954494628518
 21
98.13218953889563
 31
0.0
  0
LINE
  5
AEEC
330
11F69A
100
AcDbEntity
  8
0
 62
     0
100
AcDbLine
 10
167.954494628518
 20
87.13218953889564
 30
0.0
 11
170.454494628518
 21
89.63218953889564
 31
0.0
  0
LINE
  5
AEED
330
11F69A
100
AcDbEntity
  8
0
 62
     0
100
AcDbLine
 10
172.454494628518
 20
91.63218953889559
 30
0.0
 11
174.954494628518
 21
94.13218953889559
 31
0.0
  0
LINE
  5
AEEE
330
11F69A
100
AcDbEntity
  8
0
 62
     0
100
AcDbLine
 10
166.1995586587852
 20
83.13218953889558
 30
0.0
 11
168.1995586587851
 21
85.13218953889561
 31
0.0
  0
LINE
  5
AEEF
330
11F69A
100
AcDbEntity
  8
0
 62
     0
100
AcDbLine
 10
179.1995586587852
 20
96.13218953889564
 30
0.0
 11
179.2684690569167
 21
96.20109993702705
 31
0.0
  0
LINE
  5
AEF0
330
11F69A
100
AcDbEntity
  8
0
 62
     0
100
AcDbLine
 10
170.1995586587852
 20
87.13218953889564
 30
0.0
 11
172.6995586587852
 21
89.63218953889564
 31
0.0
  0
LINE
  5
AEF1
330
11F69A
100
AcDbEntity
  8
0
 62
     0
100
AcDbLine
 10
174.6995586587852
 20
91.63218953889559
 30
0.0
 11
177.1995586587852
 21
94.13218953889559
 31
0.0
  0
LINE
  5
AEF2
330
11F69A
100
AcDbEntity
  8
0
 62
     0
100
AcDbLine
 10
168.4446226890525
 20
83.13218953889558
 30
0.0
 11
170.4446226890525
 21
85.13218953889561
 31
0.0
  0
LINE
  5
AEF3
330
11F69A
100
AcDbEntity
  8
0
 62
     0
100
AcDbLine
 10
176.9446226890525
 20
91.63218953889559
 30
0.0
 11
179.2684690569167
 21
93.95603590675975
 31
0.0
  0
LINE
  5
AEF4
330
11F69A
100
AcDbEntity
  8
0
 62
     0
100
AcDbLine
 10
172.4446226890525
 20
87.13218953889564
 30
0.0
 11
174.9446226890525
 21
89.63218953889564
 31
0.0
  0
LINE
  5
AEF5
330
11F69A
100
AcDbEntity
  8
0
 62
     0
100
AcDbLine
 10
170.6896867193198
 20
83.13218953889558
 30
0.0
 11
172.6896867193198
 21
85.13218953889561
 31
0.0
  0
LINE
  5
AEF6
330
11F69A
100
AcDbEntity
  8
0
 62
     0
100
AcDbLine
 10
179.1896867193198
 20
91.63218953889559
 30
0.0
 11
180.6896867193198
 21
93.13218953889558
 31
0.0
  0
LINE
  5
AEF7
330
11F69A
100
AcDbEntity
  8
0
 62
     0
100
AcDbLine
 10
174.6896867193198
 20
87.13218953889564
 30
0.0
 11
177.1896867193198
 21
89.63218953889564
 31
0.0
  0
LINE
  5
AEF8
330
11F69A
100
AcDbEntity
  8
0
 62
     0
100
AcDbLine
 10
172.9347507495871
 20
83.13218953889558
 30
0.0
 11
174.9347507495871
 21
85.13218953889561
 31
0.0
  0
LINE
  5
AEF9
330
11F69A
100
AcDbEntity
  8
0
 62
     0
100
AcDbLine
 10
181.4347507495871
 20
91.63218953889559
 30
0.0
 11
182.9347507495871
 21
93.13218953889558
 31
0.0
  0
LINE
  5
AEFA
330
11F69A
100
AcDbEntity
  8
0
 62
     0
100
AcDbLine
 10
176.9347507495871
 20
87.13218953889564
 30
0.0
 11
179.4347507495871
 21
89.63218953889564
 31
0.0
  0
LINE
  5
AEFB
330
11F69A
100
AcDbEntity
  8
0
 62
     0
100
AcDbLine
 10
175.1798147798544
 20
83.13218953889558
 30
0.0
 11
177.1798147798544
 21
85.13218953889561
 31
0.0
  0
LINE
  5
AEFC
330
11F69A
100
AcDbEntity
  8
0
 62
     0
100
AcDbLine
 10
183.6798147798544
 20
91.63218953889559
 30
0.0
 11
184.2684690569167
 21
92.2208438159579
 31
0.0
  0
LINE
  5
AEFD
330
11F69A
100
AcDbEntity
  8
0
 62
     0
100
AcDbLine
 10
179.1798147798544
 20
87.13218953889564
 30
0.0
 11
181.6798147798543
 21
89.63218953889564
 31
0.0
  0
LINE
  5
AEFE
330
11F69A
100
AcDbEntity
  8
0
 62
     0
100
AcDbLine
 10
177.4248788101217
 20
83.13218953889558
 30
0.0
 11
179.4248788101217
 21
85.13218953889561
 31
0.0
  0
LINE
  5
AEFF
330
11F69A
100
AcDbEntity
  8
0
 62
     0
100
AcDbLine
 10
181.4248788101217
 20
87.13218953889564
 30
0.0
 11
183.9248788101217
 21
89.63218953889564
 31
0.0
  0
LINE
  5
AF00
330
11F69A
100
AcDbEntity
  8
0
 62
     0
100
AcDbLine
 10
179.669942840389
 20
83.13218953889558
 30
0.0
 11
181.669942840389
 21
85.13218953889561
 31
0.0
  0
LINE
  5
AF01
330
11F69A
100
AcDbEntity
  8
0
 62
     0
100
AcDbLine
 10
183.6699428403889
 20
87.13218953889564
 30
0.0
 11
184.2684690569167
 21
87.73071575542333
 31
0.0
  0
LINE
  5
AF02
330
11F69A
100
AcDbEntity
  8
0
 62
     0
100
AcDbLine
 10
181.9150068706562
 20
83.13218953889558
 30
0.0
 11
183.9150068706562
 21
85.13218953889561
 31
0.0
  0
LINE
  5
AF03
330
11F69A
100
AcDbEntity
  8
0
 62
     0
100
AcDbLine
 10
184.1600709009235
 20
83.13218953889558
 30
0.0
 11
184.2684690569167
 21
83.24058769488873
 31
0.0
  0
ENDBLK
  5
AF04
330
11F69A
100
AcDbEntity
  8
0
100
AcDbBlockEnd
  0
BLOCK
  5
AF35
330
11F69B
100
AcDbEntity
  8
0
100
AcDbBlockBegin
  2
*X2
 70
     1
 10
0.0
 20
0.0
 30
0.0
  3
*X2
  1

  0
LINE
  5
AF37
330
11F69B
100
AcDbEntity
  8
0
 62
     0
100
AcDbLine
 10
177.2390464166469
 20
112.1321895388956
 30
0.0
 11
179.7390464166469
 21
114.6321895388956
 31
0.0
  0
LINE
  5
AF38
330
11F69B
100
AcDbEntity
  8
0
 62
     0
100
AcDbLine
 10
191.2390464166469
 20
126.1321895388956
 30
0.0
 11
193.239046416647
 21
128.1321895388956
 31
0.0
  0
LINE
  5
AF39
330
11F69B
100
AcDbEntity
  8
0
 62
     0
100
AcDbLine
 10
182.2390464166469
 20
117.1321895388956
 30
0.0
 11
184.2390464166469
 21
119.1321895388956
 31
0.0
  0
LINE
  5
AF3A
330
11F69B
100
AcDbEntity
  8
0
 62
     0
100
AcDbLine
 10
186.739046416647
 20
121.6321895388956
 30
0.0
 11
188.7390464166469
 21
123.6321895388956
 31
0.0
  0
LINE
  5
AF3B
330
11F69B
100
AcDbEntity
  8
0
 62
     0
100
AcDbLine
 10
180.9939823863796
 20
118.1321895388956
 30
0.0
 11
181.9939823863797
 21
119.1321895388956
 31
0.0
  0
LINE
  5
AF3C
330
11F69B
100
AcDbEntity
  8
0
 62
     0
100
AcDbLine
 10
188.9939823863796
 20
126.1321895388956
 30
0.0
 11
190.9939823863797
 21
128.1321895388956
 31
0.0
  0
LINE
  5
AF3D
330
11F69B
100
AcDbEntity
  8
0
 62
     0
100
AcDbLine
 10
184.4939823863797
 20
121.6321895388956
 30
0.0
 11
186.4939823863796
 21
123.6321895388956
 31
0.0
  0
LINE
  5
AF3E
330
11F69B
100
AcDbEntity
  8
0
 62
     0
100
AcDbLine
 10
179.2684690569167
 20
118.6517402396999
 30
0.0
 11
179.7489183561124
 21
119.1321895388956
 31
0.0
  0
LINE
  5
AF3F
330
11F69B
100
AcDbEntity
  8
0
 62
     0
100
AcDbLine
 10
186.7489183561124
 20
126.1321895388956
 30
0.0
 11
188.7489183561124
 21
128.1321895388956
 31
0.0
  0
LINE
  5
AF40
330
11F69B
100
AcDbEntity
  8
0
 62
     0
100
AcDbLine
 10
182.2489183561124
 20
121.6321895388956
 30
0.0
 11
184.2489183561124
 21
123.6321895388956
 31
0.0
  0
LINE
  5
AF41
330
11F69B
100
AcDbEntity
  8
0
 62
     0
100
AcDbLine
 10
180.0038543258451
 20
121.6321895388956
 30
0.0
 11
182.0038543258451
 21
123.6321895388956
 31
0.0
  0
LINE
  5
AF42
330
11F69B
100
AcDbEntity
  8
0
 62
     0
100
AcDbLine
 10
184.5038543258451
 20
126.1321895388956
 30
0.0
 11
186.5038543258451
 21
128.1321895388956
 31
0.0
  0
LINE
  5
AF43
330
11F69B
100
AcDbEntity
  8
0
 62
     0
100
AcDbLine
 10
179.2684690569167
 20
123.1418683002345
 30
0.0
 11
179.7587902955778
 21
123.6321895388956
 31
0.0
  0
LINE
  5
AF44
330
11F69B
100
AcDbEntity
  8
0
 62
     0
100
AcDbLine
 10
182.2587902955778
 20
126.1321895388956
 30
0.0
 11
184.2587902955778
 21
128.1321895388956
 31
0.0
  0
LINE
  5
AF45
330
11F69B
100
AcDbEntity
  8
0
 62
     0
100
AcDbLine
 10
180.0137262653105
 20
126.1321895388956
 30
0.0
 11
182.0137262653105
 21
128.1321895388956
 31
0.0
  0
LINE
  5
AF46
330
11F69B
100
AcDbEntity
  8
0
 62
     0
100
AcDbLine
 10
179.2684690569167
 20
127.631996360769
 30
0.0
 11
179.7686622350432
 21
128.1321895388956
 31
0.0
  0
LINE
  5
AF47
330
11F69B
100
AcDbEntity
  8
0
 62
     0
100
AcDbLine
 10
179.4841104469141
 20
112.1321895388956
 30
0.0
 11
181.9841104469142
 21
114.6321895388956
 31
0.0
  0
LINE
  5
AF48
330
11F69B
100
AcDbEntity
  8
0
 62
     0
100
AcDbLine
 10
193.4841104469142
 20
126.1321895388956
 30
0.0
 11
195.4841104469142
 21
128.1321895388956
 31
0.0
  0
LINE
  5
AF49
330
11F69B
100
AcDbEntity
  8
0
 62
     0
100
AcDbLine
 10
184.4841104469141
 20
117.1321895388956
 30
0.0
 11
186.4841104469141
 21
119.1321895388956
 31
0.0
  0
LINE
  5
AF4A
330
11F69B
100
AcDbEntity
  8
0
 62
     0
100
AcDbLine
 10
188.9841104469141
 20
121.6321895388956
 30
0.0
 11
190.9841104469141
 21
123.6321895388956
 31
0.0
  0
LINE
  5
AF4B
330
11F69B
100
AcDbEntity
  8
0
 62
     0
100
AcDbLine
 10
181.7291744771815
 20
112.1321895388956
 30
0.0
 11
184.2291744771815
 21
114.6321895388956
 31
0.0
  0
LINE
  5
AF4C
330
11F69B
100
AcDbEntity
  8
0
 62
     0
100
AcDbLine
 10
195.7291744771815
 20
126.1321895388956
 30
0.0
 11
196.2684690569167
 21
126.6714841186307
 31
0.0
  0
LINE
  5
AF4D
330
11F69B
100
AcDbEntity
  8
0
 62
     0
100
AcDbLine
 10
186.7291744771815
 20
117.1321895388956
 30
0.0
 11
188.7291744771815
 21
119.1321895388956
 31
0.0
  0
LINE
  5
AF4E
330
11F69B
100
AcDbEntity
  8
0
 62
     0
100
AcDbLine
 10
191.2291744771815
 20
121.6321895388956
 30
0.0
 11
193.2291744771815
 21
123.6321895388956
 31
0.0
  0
LINE
  5
AF4F
330
11F69B
100
AcDbEntity
  8
0
 62
     0
100
AcDbLine
 10
183.9742385074488
 20
112.1321895388956
 30
0.0
 11
186.4742385074488
 21
114.6321895388956
 31
0.0
  0
LINE
  5
AF50
330
11F69B
100
AcDbEntity
  8
0
 62
     0
100
AcDbLine
 10
193.4742385074488
 20
121.6321895388956
 30
0.0
 11
195.4742385074488
 21
123.6321895388956
 31
0.0
  0
LINE
  5
AF51
330
11F69B
100
AcDbEntity
  8
0
 62
     0
100
AcDbLine
 10
188.9742385074488
 20
117.1321895388956
 30
0.0
 11
190.9742385074488
 21
119.1321895388956
 31
0.0
  0
LINE
  5
AF52
330
11F69B
100
AcDbEntity
  8
0
 62
     0
100
AcDbLine
 10
186.2193025377161
 20
112.1321895388956
 30
0.0
 11
188.7193025377161
 21
114.6321895388956
 31
0.0
  0
LINE
  5
AF53
330
11F69B
100
AcDbEntity
  8
0
 62
     0
100
AcDbLine
 10
195.7193025377161
 20
121.6321895388956
 30
0.0
 11
196.2684690569167
 21
122.1813560580961
 31
0.0
  0
LINE
  5
AF54
330
11F69B
100
AcDbEntity
  8
0
 62
     0
100
AcDbLine
 10
191.2193025377161
 20
117.1321895388956
 30
0.0
 11
193.2193025377161
 21
119.1321895388956
 31
0.0
  0
LINE
  5
AF55
330
11F69B
100
AcDbEntity
  8
0
 62
     0
100
AcDbLine
 10
194.4643665679834
 20
118.1321895388956
 30
0.0
 11
195.4643665679834
 21
119.1321895388956
 31
0.0
  0
ENDBLK
  5
AF56
330
11F69B
100
AcDbEntity
  8
0
100
AcDbBlockEnd
  0
BLOCK
  5
B139
330
11F69C
100
AcDbEntity
  8
0
100
AcDbBlockBegin
  2
*X3
 70
     1
 10
0.0
 20
0.0
 30
0.0
  3
*X3
  1

  0
LINE
  5
B13B
330
11F69C
100
AcDbEntity
  8
0
 62
     0
100
AcDbLine
 10
241.7684690569167
 20
84.61398693820653
 30
0.0
 11
242.2866716576058
 21
85.13218953889561
 31
0.0
  0
LINE
  5
B13C
330
11F69C
100
AcDbEntity
  8
0
 62
     0
100
AcDbLine
 10
278.7866716576058
 20
121.6321895388956
 30
0.0
 11
280.1502850083775
 21
122.9958028896673
 31
0.0
  0
LINE
  5
B13D
330
11F69C
100
AcDbEntity
  8
0
 62
     0
100
AcDbLine
 10
244.2866716576058
 20
87.13218953889558
 30
0.0
 11
246.7866716576057
 21
89.63218953889558
 31
0.0
  0
LINE
  5
B13E
330
11F69C
100
AcDbEntity
  8
0
 62
     0
100
AcDbLine
 10
274.2866716576058
 20
117.1321895388956
 30
0.0
 11
276.2866716576058
 21
119.1321895388956
 31
0.0
  0
LINE
  5
B13F
330
11F69C
100
AcDbEntity
  8
0
 62
     0
100
AcDbLine
 10
248.7866716576057
 20
91.63218953889559
 30
0.0
 11
251.2866716576057
 21
94.13218953889559
 31
0.0
  0
LINE
  5
B140
330
11F69C
100
AcDbEntity
  8
0
 62
     0
100
AcDbLine
 10
257.2866716576058
 20
100.1321895388956
 30
0.0
 11
259.2866716576057
 21
102.1321895388956
 31
0.0
  0
LINE
  5
B141
330
11F69C
100
AcDbEntity
  8
0
 62
     0
100
AcDbLine
 10
253.2866716576057
 20
96.13218953889559
 30
0.0
 11
255.2866716576057
 21
98.1321895388956
 31
0.0
  0
LINE
  5
B142
330
11F69C
100
AcDbEntity
  8
0
 62
     0
100
AcDbLine
 10
242.0416076273385
 20
87.13218953889558
 30
0.0
 11
244.5416076273385
 21
89.63218953889558
 31
0.0
  0
LINE
  5
B143
330
11F69C
100
AcDbEntity
  8
0
 62
     0
100
AcDbLine
 10
276.5416076273385
 20
121.6321895388956
 30
0.0
 11
278.5416076273385
 21
123.6321895388956
 31
0.0
  0
LINE
  5
B144
330
11F69C
100
AcDbEntity
  8
0
 62
     0
100
AcDbLine
 10
246.5416076273385
 20
91.63218953889559
 30
0.0
 11
249.0416076273385
 21
94.13218953889559
 31
0.0
  0
LINE
  5
B145
330
11F69C
100
AcDbEntity
  8
0
 62
     0
100
AcDbLine
 10
272.0416076273385
 20
117.1321895388956
 30
0.0
 11
274.0416076273385
 21
119.1321895388956
 31
0.0
  0
LINE
  5
B146
330
11F69C
100
AcDbEntity
  8
0
 62
     0
100
AcDbLine
 10
251.0416076273384
 20
96.13218953889559
 30
0.0
 11
253.0416076273384
 21
98.1321895388956
 31
0.0
  0
LINE
  5
B147
330
11F69C
100
AcDbEntity
  8
0
 62
     0
100
AcDbLine
 10
259.0416076273385
 20
104.1321895388956
 30
0.0
 11
260.7684690569168
 21
105.8590509684739
 31
0.0
  0
LINE
  5
B148
330
11F69C
100
AcDbEntity
  8
0
 62
     0
100
AcDbLine
 10
255.0416076273385
 20
100.1321895388956
 30
0.0
 11
257.0416076273385
 21
102.1321895388956
 31
0.0
  0
LINE
  5
B149
330
11F69C
100
AcDbEntity
  8
0
 62
     0
100
AcDbLine
 10
241.7684690569167
 20
89.10411499874106
 30
0.0
 11
242.2965435970712
 21
89.63218953889558
 31
0.0
  0
LINE
  5
B14A
330
11F69C
100
AcDbEntity
  8
0
 62
     0
100
AcDbLine
 10
274.2965435970712
 20
121.6321895388956
 30
0.0
 11
276.2965435970712
 21
123.6321895388956
 31
0.0
  0
LINE
  5
B14B
330
11F69C
100
AcDbEntity
  8
0
 62
     0
100
AcDbLine
 10
244.2965435970712
 20
91.63218953889559
 30
0.0
 11
245.7965435970712
 21
93.13218953889558
 31
0.0
  0
LINE
  5
B14C
330
11F69C
100
AcDbEntity
  8
0
 62
     0
100
AcDbLine
 10
269.7965435970712
 20
117.1321895388956
 30
0.0
 11
271.7965435970712
 21
119.1321895388956
 31
0.0
  0
LINE
  5
B14D
330
11F69C
100
AcDbEntity
  8
0
 62
     0
100
AcDbLine
 10
246.7684690569167
 20
94.10411499874113
 30
0.0
 11
246.7965435970712
 21
94.13218953889559
 31
0.0
  0
LINE
  5
B14E
330
11F69C
100
AcDbEntity
  8
0
 62
     0
100
AcDbLine
 10
256.7965435970712
 20
104.1321895388956
 30
0.0
 11
258.7965435970712
 21
106.1321895388956
 31
0.0
  0
LINE
  5
B14F
330
11F69C
100
AcDbEntity
  8
0
 62
     0
100
AcDbLine
 10
248.7965435970712
 20
96.13218953889559
 30
0.0
 11
250.7965435970712
 21
98.1321895388956
 31
0.0
  0
LINE
  5
B150
330
11F69C
100
AcDbEntity
  8
0
 62
     0
100
AcDbLine
 10
252.7965435970712
 20
100.1321895388956
 30
0.0
 11
254.7965435970712
 21
102.1321895388956
 31
0.0
  0
LINE
  5
B151
330
11F69C
100
AcDbEntity
  8
0
 62
     0
100
AcDbLine
 10
242.0514795668039
 20
91.63218953889559
 30
0.0
 11
243.5514795668038
 21
93.13218953889558
 31
0.0
  0
LINE
  5
B152
330
11F69C
100
AcDbEntity
  8
0
 62
     0
100
AcDbLine
 10
272.0514795668039
 20
121.6321895388956
 30
0.0
 11
274.0514795668039
 21
123.6321895388956
 31
0.0
  0
LINE
  5
B153
330
11F69C
100
AcDbEntity
  8
0
 62
     0
100
AcDbLine
 10
246.7684690569167
 20
96.34917902900841
 30
0.0
 11
248.5514795668039
 21
98.1321895388956
 31
0.0
  0
LINE
  5
B154
330
11F69C
100
AcDbEntity
  8
0
 62
     0
100
AcDbLine
 10
267.551479566804
 20
117.1321895388956
 30
0.0
 11
269.5514795668039
 21
119.1321895388956
 31
0.0
  0
LINE
  5
B155
330
11F69C
100
AcDbEntity
  8
0
 62
     0
100
AcDbLine
 10
250.5514795668039
 20
100.1321895388956
 30
0.0
 11
252.5514795668039
 21
102.1321895388956
 31
0.0
  0
LINE
  5
B156
330
11F69C
100
AcDbEntity
  8
0
 62
     0
100
AcDbLine
 10
258.5514795668039
 20
108.1321895388956
 30
0.0
 11
260.5514795668039
 21
110.1321895388956
 31
0.0
  0
LINE
  5
B157
330
11F69C
100
AcDbEntity
  8
0
 62
     0
100
AcDbLine
 10
254.5514795668039
 20
104.1321895388956
 30
0.0
 11
256.551479566804
 21
106.1321895388956
 31
0.0
  0
LINE
  5
B158
330
11F69C
100
AcDbEntity
  8
0
 62
     0
100
AcDbLine
 10
248.3064155365366
 20
100.1321895388956
 30
0.0
 11
250.3064155365366
 21
102.1321895388956
 31
0.0
  0
LINE
  5
B159
330
11F69C
100
AcDbEntity
  8
0
 62
     0
100
AcDbLine
 10
274.3064155365366
 20
126.1321895388956
 30
0.0
 11
274.6765579075346
 21
126.5023319098936
 31
0.0
  0
LINE
  5
B15A
330
11F69C
100
AcDbEntity
  8
0
 62
     0
100
AcDbLine
 10
252.3064155365366
 20
104.1321895388956
 30
0.0
 11
254.3064155365367
 21
106.1321895388956
 31
0.0
  0
LINE
  5
B15B
330
11F69C
100
AcDbEntity
  8
0
 62
     0
100
AcDbLine
 10
269.8064155365366
 20
121.6321895388956
 30
0.0
 11
271.8064155365366
 21
123.6321895388956
 31
0.0
  0
LINE
  5
B15C
330
11F69C
100
AcDbEntity
  8
0
 62
     0
100
AcDbLine
 10
256.3064155365367
 20
108.1321895388956
 30
0.0
 11
258.3064155365367
 21
110.1321895388956
 31
0.0
  0
LINE
  5
B15D
330
11F69C
100
AcDbEntity
  8
0
 62
     0
100
AcDbLine
 10
265.823489287882
 20
117.649263290241
 30
0.0
 11
267.3064155365366
 21
119.1321895388956
 31
0.0
  0
LINE
  5
B15E
330
11F69C
100
AcDbEntity
  8
0
 62
     0
100
AcDbLine
 10
260.3064155365366
 20
112.1321895388956
 30
0.0
 11
260.7684690569167
 21
112.5942430592757
 31
0.0
  0
LINE
  5
B15F
330
11F69C
100
AcDbEntity
  8
0
 62
     0
100
AcDbLine
 10
246.7684690569167
 20
100.8393070895429
 30
0.0
 11
248.0613515062693
 21
102.1321895388956
 31
0.0
  0
LINE
  5
B160
330
11F69C
100
AcDbEntity
  8
0
 62
     0
100
AcDbLine
 10
272.0613515062693
 20
126.1321895388956
 30
0.0
 11
273.0494775827913
 21
127.1203156154176
 31
0.0
  0
LINE
  5
B161
330
11F69C
100
AcDbEntity
  8
0
 62
     0
100
AcDbLine
 10
250.0613515062693
 20
104.1321895388956
 30
0.0
 11
252.0613515062693
 21
106.1321895388956
 31
0.0
  0
LINE
  5
B162
330
11F69C
100
AcDbEntity
  8
0
 62
     0
100
AcDbLine
 10
267.5613515062694
 20
121.6321895388956
 30
0.0
 11
269.5613515062693
 21
123.6321895388956
 31
0.0
  0
LINE
  5
B163
330
11F69C
100
AcDbEntity
  8
0
 62
     0
100
AcDbLine
 10
254.0613515062693
 20
108.1321895388956
 30
0.0
 11
256.0613515062693
 21
110.1321895388956
 31
0.0
  0
LINE
  5
B164
330
11F69C
100
AcDbEntity
  8
0
 62
     0
100
AcDbLine
 10
264.0251861887201
 20
118.0960242213464
 30
0.0
 11
265.0613515062693
 21
119.1321895388956
 31
0.0
  0
LINE
  5
B165
330
11F69C
100
AcDbEntity
  8
0
 62
     0
100
AcDbLine
 10
258.0613515062693
 20
112.1321895388956
 30
0.0
 11
260.5613515062693
 21
114.6321895388956
 31
0.0
  0
LINE
  5
B166
330
11F69C
100
AcDbEntity
  8
0
 62
     0
100
AcDbLine
 10
247.8162874760021
 20
104.1321895388956
 30
0.0
 11
249.816287476002
 21
106.1321895388956
 31
0.0
  0
LINE
  5
B167
330
11F69C
100
AcDbEntity
  8
0
 62
     0
100
AcDbLine
 10
269.8162874760021
 20
126.1321895388956
 30
0.0
 11
271.296880192522
 21
127.6127822554155
 31
0.0
  0
LINE
  5
B168
330
11F69C
100
AcDbEntity
  8
0
 62
     0
100
AcDbLine
 10
251.816287476002
 20
108.1321895388956
 30
0.0
 11
253.816287476002
 21
110.1321895388956
 31
0.0
  0
LINE
  5
B169
330
11F69C
100
AcDbEntity
  8
0
 62
     0
100
AcDbLine
 10
265.316287476002
 20
121.6321895388956
 30
0.0
 11
267.316287476002
 21
123.6321895388956
 31
0.0
  0
LINE
  5
B16A
330
11F69C
100
AcDbEntity
  8
0
 62
     0
100
AcDbLine
 10
255.816287476002
 20
112.1321895388956
 30
0.0
 11
258.3162874760021
 21
114.6321895388956
 31
0.0
  0
LINE
  5
B16B
330
11F69C
100
AcDbEntity
  8
0
 62
     0
100
AcDbLine
 10
261.816287476002
 20
118.1321895388956
 30
0.0
 11
262.816287476002
 21
119.1321895388956
 31
0.0
  0
LINE
  5
B16C
330
11F69C
100
AcDbEntity
  8
0
 62
     0
100
AcDbLine
 10
246.7684690569167
 20
105.3294351500775
 30
0.0
 11
247.5712234457347
 21
106.1321895388956
 31
0.0
  0
LINE
  5
B16D
330
11F69C
100
AcDbEntity
  8
0
 62
     0
100
AcDbLine
 10
267.5712234457348
 20
126.1321895388956
 30
0.0
 11
269.3976548463799
 21
127.9586209395407
 31
0.0
  0
LINE
  5
B16E
330
11F69C
100
AcDbEntity
  8
0
 62
     0
100
AcDbLine
 10
249.5712234457347
 20
108.1321895388956
 30
0.0
 11
251.5712234457347
 21
110.1321895388956
 31
0.0
  0
LINE
  5
B16F
330
11F69C
100
AcDbEntity
  8
0
 62
     0
100
AcDbLine
 10
263.0712234457348
 20
121.6321895388956
 30
0.0
 11
265.0712234457348
 21
123.6321895388956
 31
0.0
  0
LINE
  5
B170
330
11F69C
100
AcDbEntity
  8
0
 62
     0
100
AcDbLine
 10
253.5712234457347
 20
112.1321895388956
 30
0.0
 11
256.0712234457347
 21
114.6321895388956
 31
0.0
  0
LINE
  5
B171
330
11F69C
100
AcDbEntity
  8
0
 62
     0
100
AcDbLine
 10
258.5712234457347
 20
117.1321895388956
 30
0.0
 11
260.5712234457347
 21
119.1321895388956
 31
0.0
  0
LINE
  5
B172
330
11F69C
100
AcDbEntity
  8
0
 62
     0
100
AcDbLine
 10
247.3261594154675
 20
108.1321895388956
 30
0.0
 11
249.3261594154675
 21
110.1321895388956
 31
0.0
  0
LINE
  5
B173
330
11F69C
100
AcDbEntity
  8
0
 62
     0
100
AcDbLine
 10
265.3261594154675
 20
126.1321895388956
 30
0.0
 11
267.318592099803
 21
128.1246222232311
 31
0.0
  0
LINE
  5
B174
330
11F69C
100
AcDbEntity
  8
0
 62
     0
100
AcDbLine
 10
251.3261594154675
 20
112.1321895388956
 30
0.0
 11
253.8261594154675
 21
114.6321895388956
 31
0.0
  0
LINE
  5
B175
330
11F69C
100
AcDbEntity
  8
0
 62
     0
100
AcDbLine
 10
260.8261594154675
 20
121.6321895388956
 30
0.0
 11
262.8261594154675
 21
123.6321895388956
 31
0.0
  0
LINE
  5
B176
330
11F69C
100
AcDbEntity
  8
0
 62
     0
100
AcDbLine
 10
256.3261594154675
 20
117.1321895388956
 30
0.0
 11
258.3261594154674
 21
119.1321895388956
 31
0.0
  0
LINE
  5
B177
330
11F69C
100
AcDbEntity
  8
0
 62
     0
100
AcDbLine
 10
246.7684690569167
 20
109.8195632106121
 30
0.0
 11
247.0810953852002
 21
110.1321895388956
 31
0.0
  0
LINE
  5
B178
330
11F69C
100
AcDbEntity
  8
0
 62
     0
100
AcDbLine
 10
263.0810953852002
 20
126.1321895388956
 30
0.0
 11
265.0810953852002
 21
128.1321895388956
 31
0.0
  0
LINE
  5
B179
330
11F69C
100
AcDbEntity
  8
0
 62
     0
100
AcDbLine
 10
249.0810953852002
 20
112.1321895388956
 30
0.0
 11
251.5810953852002
 21
114.6321895388956
 31
0.0
  0
LINE
  5
B17A
330
11F69C
100
AcDbEntity
  8
0
 62
     0
100
AcDbLine
 10
258.5810953852002
 20
121.6321895388956
 30
0.0
 11
260.5810953852002
 21
123.6321895388956
 31
0.0
  0
LINE
  5
B17B
330
11F69C
100
AcDbEntity
  8
0
 62
     0
100
AcDbLine
 10
254.0810953852002
 20
117.1321895388956
 30
0.0
 11
256.0810953852002
 21
119.1321895388956
 31
0.0
  0
LINE
  5
B17C
330
11F69C
100
AcDbEntity
  8
0
 62
     0
100
AcDbLine
 10
246.8360313549329
 20
112.1321895388956
 30
0.0
 11
249.3360313549329
 21
114.6321895388956
 31
0.0
  0
LINE
  5
B17D
330
11F69C
100
AcDbEntity
  8
0
 62
     0
100
AcDbLine
 10
260.8360313549329
 20
126.1321895388956
 30
0.0
 11
262.8360313549328
 21
128.1321895388956
 31
0.0
  0
LINE
  5
B17E
330
11F69C
100
AcDbEntity
  8
0
 62
     0
100
AcDbLine
 10
251.8360313549329
 20
117.1321895388956
 30
0.0
 11
253.8360313549329
 21
119.1321895388956
 31
0.0
  0
LINE
  5
B17F
330
11F69C
100
AcDbEntity
  8
0
 62
     0
100
AcDbLine
 10
256.3360313549329
 20
121.6321895388956
 30
0.0
 11
258.3360313549329
 21
123.6321895388956
 31
0.0
  0
LINE
  5
B180
330
11F69C
100
AcDbEntity
  8
0
 62
     0
100
AcDbLine
 10
246.7684690569167
 20
114.3096912711467
 30
0.0
 11
247.0909673246656
 21
114.6321895388956
 31
0.0
  0
LINE
  5
B181
330
11F69C
100
AcDbEntity
  8
0
 62
     0
100
AcDbLine
 10
258.5909673246656
 20
126.1321895388956
 30
0.0
 11
260.5909673246656
 21
128.1321895388956
 31
0.0
  0
LINE
  5
B182
330
11F69C
100
AcDbEntity
  8
0
 62
     0
100
AcDbLine
 10
249.5909673246656
 20
117.1321895388956
 30
0.0
 11
251.5909673246656
 21
119.1321895388956
 31
0.0
  0
LINE
  5
B183
330
11F69C
100
AcDbEntity
  8
0
 62
     0
100
AcDbLine
 10
254.0909673246656
 20
121.6321895388956
 30
0.0
 11
256.0909673246656
 21
123.6321895388956
 31
0.0
  0
LINE
  5
B184
330
11F69C
100
AcDbEntity
  8
0
 62
     0
100
AcDbLine
 10
247.3459032943984
 20
117.1321895388956
 30
0.0
 11
249.3459032943983
 21
119.1321895388956
 31
0.0
  0
LINE
  5
B185
330
11F69C
100
AcDbEntity
  8
0
 62
     0
100
AcDbLine
 10
256.3459032943983
 20
126.1321895388956
 30
0.0
 11
258.3459032943983
 21
128.1321895388956
 31
0.0
  0
LINE
  5
B186
330
11F69C
100
AcDbEntity
  8
0
 62
     0
100
AcDbLine
 10
251.8459032943983
 20
121.6321895388956
 30
0.0
 11
253.8459032943983
 21
123.6321895388956
 31
0.0
  0
LINE
  5
B187
330
11F69C
100
AcDbEntity
  8
0
 62
     0
100
AcDbLine
 10
246.100839264131
 20
118.1321895388956
 30
0.0
 11
247.100839264131
 21
119.1321895388956
 31
0.0
  0
LINE
  5
B188
330
11F69C
100
AcDbEntity
  8
0
 62
     0
100
AcDbLine
 10
254.100839264131
 20
126.1321895388956
 30
0.0
 11
256.100839264131
 21
128.1321895388956
 31
0.0
  0
LINE
  5
B189
330
11F69C
100
AcDbEntity
  8
0
 62
     0
100
AcDbLine
 10
249.6008392641311
 20
121.6321895388956
 30
0.0
 11
251.600839264131
 21
123.6321895388956
 31
0.0
  0
LINE
  5
B18A
330
11F69C
100
AcDbEntity
  8
0
 62
     0
100
AcDbLine
 10
243.8557752338637
 20
118.1321895388956
 30
0.0
 11
244.8557752338637
 21
119.1321895388956
 31
0.0
  0
LINE
  5
B18B
330
11F69C
100
AcDbEntity
  8
0
 62
     0
100
AcDbLine
 10
251.8557752338637
 20
126.1321895388956
 30
0.0
 11
253.8557752338638
 21
128.1321895388956
 31
0.0
  0
LINE
  5
B18C
330
11F69C
100
AcDbEntity
  8
0
 62
     0
100
AcDbLine
 10
247.3557752338638
 20
121.6321895388956
 30
0.0
 11
249.3557752338638
 21
123.6321895388956
 31
0.0
  0
LINE
  5
B18D
330
11F69C
100
AcDbEntity
  8
0
 62
     0
100
AcDbLine
 10
241.7684690569167
 20
118.2899473922159
 30
0.0
 11
242.6107112035964
 21
119.1321895388956
 31
0.0
  0
LINE
  5
B18E
330
11F69C
100
AcDbEntity
  8
0
 62
     0
100
AcDbLine
 10
249.6107112035964
 20
126.1321895388956
 30
0.0
 11
251.6107112035964
 21
128.1321895388956
 31
0.0
  0
LINE
  5
B18F
330
11F69C
100
AcDbEntity
  8
0
 62
     0
100
AcDbLine
 10
245.1107112035965
 20
121.6321895388956
 30
0.0
 11
247.1107112035964
 21
123.6321895388956
 31
0.0
  0
LINE
  5
B190
330
11F69C
100
AcDbEntity
  8
0
 62
     0
100
AcDbLine
 10
242.8656471733292
 20
121.6321895388956
 30
0.0
 11
244.8656471733292
 21
123.6321895388956
 31
0.0
  0
LINE
  5
B191
330
11F69C
100
AcDbEntity
  8
0
 62
     0
100
AcDbLine
 10
247.3656471733292
 20
126.1321895388956
 30
0.0
 11
249.3656471733292
 21
128.1321895388956
 31
0.0
  0
LINE
  5
B192
330
11F69C
100
AcDbEntity
  8
0
 62
     0
100
AcDbLine
 10
241.7684690569167
 20
122.7800754527504
 30
0.0
 11
242.6205831430619
 21
123.6321895388956
 31
0.0
  0
LINE
  5
B193
330
11F69C
100
AcDbEntity
  8
0
 62
     0
100
AcDbLine
 10
245.1205831430618
 20
126.1321895388956
 30
0.0
 11
247.1205831430618
 21
128.1321895388956
 31
0.0
  0
LINE
  5
B194
330
11F69C
100
AcDbEntity
  8
0
 62
     0
100
AcDbLine
 10
242.8755191127946
 20
126.1321895388956
 30
0.0
 11
244.8755191127946
 21
128.1321895388956
 31
0.0
  0
LINE
  5
B195
330
11F69C
100
AcDbEntity
  8
0
 62
     0
100
AcDbLine
 10
241.7684690569167
 20
127.270203513285
 30
0.0
 11
242.6304550825273
 21
128.1321895388956
 31
0.0
  0
LINE
  5
B196
330
11F69C
100
AcDbEntity
  8
0
 62
     0
100
AcDbLine
 10
242.531735687873
 20
83.13218953889558
 30
0.0
 11
244.531735687873
 21
85.13218953889561
 31
0.0
  0
LINE
  5
B197
330
11F69C
100
AcDbEntity
  8
0
 62
     0
100
AcDbLine
 10
281.0317356878731
 20
121.6321895388956
 30
0.0
 11
281.2870877657707
 21
121.8875416167932
 31
0.0
  0
LINE
  5
B198
330
11F69C
100
AcDbEntity
  8
0
 62
     0
100
AcDbLine
 10
246.531735687873
 20
87.13218953889558
 30
0.0
 11
249.031735687873
 21
89.63218953889558
 31
0.0
  0
LINE
  5
B199
330
11F69C
100
AcDbEntity
  8
0
 62
     0
100
AcDbLine
 10
276.5317356878731
 20
117.1321895388956
 30
0.0
 11
278.5317356878731
 21
119.1321895388956
 31
0.0
  0
LINE
  5
B19A
330
11F69C
100
AcDbEntity
  8
0
 62
     0
100
AcDbLine
 10
251.031735687873
 20
91.63218953889559
 30
0.0
 11
253.5317356878731
 21
94.13218953889559
 31
0.0
  0
LINE
  5
B19B
330
11F69C
100
AcDbEntity
  8
0
 62
     0
100
AcDbLine
 10
259.531735687873
 20
100.1321895388956
 30
0.0
 11
260.7684690569167
 21
101.3689229079392
 31
0.0
  0
LINE
  5
B19C
330
11F69C
100
AcDbEntity
  8
0
 62
     0
100
AcDbLine
 10
255.531735687873
 20
96.13218953889559
 30
0.0
 11
257.5317356878731
 21
98.1321895388956
 31
0.0
  0
LINE
  5
B19D
330
11F69C
100
AcDbEntity
  8
0
 62
     0
100
AcDbLine
 10
244.7767997181403
 20
83.13218953889558
 30
0.0
 11
246.7767997181403
 21
85.13218953889561
 31
0.0
  0
LINE
  5
B19E
330
11F69C
100
AcDbEntity
  8
0
 62
     0
100
AcDbLine
 10
278.7767997181404
 20
117.1321895388956
 30
0.0
 11
280.7767997181404
 21
119.1321895388956
 31
0.0
  0
LINE
  5
B19F
330
11F69C
100
AcDbEntity
  8
0
 62
     0
100
AcDbLine
 10
248.7767997181403
 20
87.13218953889558
 30
0.0
 11
251.2767997181403
 21
89.63218953889558
 31
0.0
  0
LINE
  5
B1A0
330
11F69C
100
AcDbEntity
  8
0
 62
     0
100
AcDbLine
 10
257.7767997181403
 20
96.13218953889559
 30
0.0
 11
259.7767997181403
 21
98.1321895388956
 31
0.0
  0
LINE
  5
B1A1
330
11F69C
100
AcDbEntity
  8
0
 62
     0
100
AcDbLine
 10
253.2767997181403
 20
91.63218953889559
 30
0.0
 11
255.7767997181404
 21
94.13218953889559
 31
0.0
  0
LINE
  5
B1A2
330
11F69C
100
AcDbEntity
  8
0
 62
     0
100
AcDbLine
 10
247.0218637484076
 20
83.13218953889558
 30
0.0
 11
249.0218637484076
 21
85.13218953889561
 31
0.0
  0
LINE
  5
B1A3
330
11F69C
100
AcDbEntity
  8
0
 62
     0
100
AcDbLine
 10
281.0218637484076
 20
117.1321895388956
 30
0.0
 11
283.0218637484076
 21
119.1321895388956
 31
0.0
  0
LINE
  5
B1A4
330
11F69C
100
AcDbEntity
  8
0
 62
     0
100
AcDbLine
 10
251.0218637484076
 20
87.13218953889558
 30
0.0
 11
253.5218637484076
 21
89.63218953889558
 31
0.0
  0
LINE
  5
B1A5
330
11F69C
100
AcDbEntity
  8
0
 62
     0
100
AcDbLine
 10
260.0218637484076
 20
96.13218953889559
 30
0.0
 11
260.7684690569167
 21
96.8787948474047
 31
0.0
  0
LINE
  5
B1A6
330
11F69C
100
AcDbEntity
  8
0
 62
     0
100
AcDbLine
 10
255.5218637484077
 20
91.63218953889559
 30
0.0
 11
258.0218637484076
 21
94.13218953889559
 31
0.0
  0
LINE
  5
B1A7
330
11F69C
100
AcDbEntity
  8
0
 62
     0
100
AcDbLine
 10
249.2669277786749
 20
83.13218953889558
 30
0.0
 11
251.2669277786749
 21
85.13218953889561
 31
0.0
  0
LINE
  5
B1A8
330
11F69C
100
AcDbEntity
  8
0
 62
     0
100
AcDbLine
 10
283.2669277786749
 20
117.1321895388956
 30
0.0
 11
284.1538004707846
 21
118.0190622310053
 31
0.0
  0
LINE
  5
B1A9
330
11F69C
100
AcDbEntity
  8
0
 62
     0
100
AcDbLine
 10
253.2669277786749
 20
87.13218953889558
 30
0.0
 11
255.7669277786749
 21
89.63218953889558
 31
0.0
  0
LINE
  5
B1AA
330
11F69C
100
AcDbEntity
  8
0
 62
     0
100
AcDbLine
 10
257.7669277786749
 20
91.63218953889559
 30
0.0
 11
260.2669277786749
 21
94.13218953889559
 31
0.0
  0
LINE
  5
B1AB
330
11F69C
100
AcDbEntity
  8
0
 62
     0
100
AcDbLine
 10
251.5119918089422
 20
83.13218953889558
 30
0.0
 11
253.5119918089422
 21
85.13218953889561
 31
0.0
  0
LINE
  5
B1AC
330
11F69C
100
AcDbEntity
  8
0
 62
     0
100
AcDbLine
 10
260.0119918089422
 20
91.63218953889559
 30
0.0
 11
261.5119918089423
 21
93.13218953889558
 31
0.0
  0
LINE
  5
B1AD
330
11F69C
100
AcDbEntity
  8
0
 62
     0
100
AcDbLine
 10
255.5119918089422
 20
87.13218953889558
 30
0.0
 11
258.0119918089422
 21
89.63218953889558
 31
0.0
  0
LINE
  5
B1AE
330
11F69C
100
AcDbEntity
  8
0
 62
     0
100
AcDbLine
 10
253.7570558392094
 20
83.13218953889558
 30
0.0
 11
255.7570558392095
 21
85.13218953889561
 31
0.0
  0
LINE
  5
B1AF
330
11F69C
100
AcDbEntity
  8
0
 62
     0
100
AcDbLine
 10
262.2570558392095
 20
91.63218953889559
 30
0.0
 11
263.7570558392095
 21
93.13218953889558
 31
0.0
  0
LINE
  5
B1B0
330
11F69C
100
AcDbEntity
  8
0
 62
     0
100
AcDbLine
 10
257.7570558392095
 20
87.13218953889558
 30
0.0
 11
260.2570558392094
 21
89.63218953889558
 31
0.0
  0
LINE
  5
B1B1
330
11F69C
100
AcDbEntity
  8
0
 62
     0
100
AcDbLine
 10
256.0021198694768
 20
83.13218953889558
 30
0.0
 11
258.0021198694768
 21
85.13218953889561
 31
0.0
  0
LINE
  5
B1B2
330
11F69C
100
AcDbEntity
  8
0
 62
     0
100
AcDbLine
 10
264.5021198694768
 20
91.63218953889559
 30
0.0
 11
266.9569559510296
 21
94.08702562044842
 31
0.0
  0
LINE
  5
B1B3
330
11F69C
100
AcDbEntity
  8
0
 62
     0
100
AcDbLine
 10
260.0021198694768
 20
87.13218953889558
 30
0.0
 11
262.5021198694768
 21
89.63218953889558
 31
0.0
  0
LINE
  5
B1B4
330
11F69C
100
AcDbEntity
  8
0
 62
     0
100
AcDbLine
 10
258.247183899744
 20
83.13218953889558
 30
0.0
 11
260.247183899744
 21
85.13218953889561
 31
0.0
  0
LINE
  5
B1B5
330
11F69C
100
AcDbEntity
  8
0
 62
     0
100
AcDbLine
 10
266.7471838997441
 20
91.63218953889559
 30
0.0
 11
269.2471838997441
 21
94.13218953889559
 31
0.0
  0
LINE
  5
B1B6
330
11F69C
100
AcDbEntity
  8
0
 62
     0
100
AcDbLine
 10
262.2471838997441
 20
87.13218953889558
 30
0.0
 11
264.747183899744
 21
89.63218953889558
 31
0.0
  0
LINE
  5
B1B7
330
11F69C
100
AcDbEntity
  8
0
 62
     0
100
AcDbLine
 10
260.4922479300114
 20
83.13218953889558
 30
0.0
 11
262.4922479300114
 21
85.13218953889561
 31
0.0
  0
LINE
  5
B1B8
330
11F69C
100
AcDbEntity
  8
0
 62
     0
100
AcDbLine
 10
268.9922479300113
 20
91.63218953889559
 30
0.0
 11
271.4922479300113
 21
94.13218953889559
 31
0.0
  0
LINE
  5
B1B9
330
11F69C
100
AcDbEntity
  8
0
 62
     0
100
AcDbLine
 10
264.4922479300113
 20
87.13218953889558
 30
0.0
 11
266.9922479300113
 21
89.63218953889558
 31
0.0
  0
LINE
  5
B1BA
330
11F69C
100
AcDbEntity
  8
0
 62
     0
100
AcDbLine
 10
262.7373119602786
 20
83.13218953889558
 30
0.0
 11
264.7373119602786
 21
85.13218953889561
 31
0.0
  0
LINE
  5
B1BB
330
11F69C
100
AcDbEntity
  8
0
 62
     0
100
AcDbLine
 10
271.2373119602787
 20
91.63218953889559
 30
0.0
 11
273.7373119602787
 21
94.13218953889559
 31
0.0
  0
LINE
  5
B1BC
330
11F69C
100
AcDbEntity
  8
0
 62
     0
100
AcDbLine
 10
266.7373119602786
 20
87.13218953889558
 30
0.0
 11
269.2373119602786
 21
89.63218953889558
 31
0.0
  0
LINE
  5
B1BD
330
11F69C
100
AcDbEntity
  8
0
 62
     0
100
AcDbLine
 10
264.9823759905459
 20
83.13218953889558
 30
0.0
 11
266.9823759905459
 21
85.13218953889561
 31
0.0
  0
LINE
  5
B1BE
330
11F69C
100
AcDbEntity
  8
0
 62
     0
100
AcDbLine
 10
273.4823759905459
 20
91.63218953889559
 30
0.0
 11
275.982375990546
 21
94.13218953889559
 31
0.0
  0
LINE
  5
B1BF
330
11F69C
100
AcDbEntity
  8
0
 62
     0
100
AcDbLine
 10
268.9823759905459
 20
87.13218953889558
 30
0.0
 11
271.4823759905459
 21
89.63218953889558
 31
0.0
  0
LINE
  5
B1C0
330
11F69C
100
AcDbEntity
  8
0
 62
     0
100
AcDbLine
 10
267.2328315609087
 20
83.13758107899104
 30
0.0
 11
269.2274400208132
 21
85.13218953889561
 31
0.0
  0
LINE
  5
B1C1
330
11F69C
100
AcDbEntity
  8
0
 62
     0
100
AcDbLine
 10
275.7274400208132
 20
91.63218953889559
 30
0.0
 11
278.2274400208132
 21
94.13218953889559
 31
0.0
  0
LINE
  5
B1C2
330
11F69C
100
AcDbEntity
  8
0
 62
     0
100
AcDbLine
 10
271.2274400208132
 20
87.13218953889558
 30
0.0
 11
273.7274400208132
 21
89.63218953889558
 31
0.0
  0
LINE
  5
B1C3
330
11F69C
100
AcDbEntity
  8
0
 62
     0
100
AcDbLine
 10
269.6865255186401
 20
83.34621100645511
 30
0.0
 11
271.4725040510805
 21
85.13218953889561
 31
0.0
  0
LINE
  5
B1C4
330
11F69C
100
AcDbEntity
  8
0
 62
     0
100
AcDbLine
 10
277.9725040510805
 20
91.63218953889559
 30
0.0
 11
280.4725040510805
 21
94.13218953889559
 31
0.0
  0
LINE
  5
B1C5
330
11F69C
100
AcDbEntity
  8
0
 62
     0
100
AcDbLine
 10
273.4725040510805
 20
87.13218953889558
 30
0.0
 11
275.9725040510805
 21
89.63218953889558
 31
0.0
  0
LINE
  5
B1C6
330
11F69C
100
AcDbEntity
  8
0
 62
     0
100
AcDbLine
 10
272.580765611815
 20
83.99538706936276
 30
0.0
 11
273.7175680813478
 21
85.13218953889561
 31
0.0
  0
LINE
  5
B1C7
330
11F69C
100
AcDbEntity
  8
0
 62
     0
100
AcDbLine
 10
280.2175680813478
 20
91.63218953889559
 30
0.0
 11
282.7175680813478
 21
94.13218953889559
 31
0.0
  0
LINE
  5
B1C8
330
11F69C
100
AcDbEntity
  8
0
 62
     0
100
AcDbLine
 10
275.7175680813478
 20
87.13218953889558
 30
0.0
 11
278.2175680813478
 21
89.63218953889558
 31
0.0
  0
LINE
  5
B1C9
330
11F69C
100
AcDbEntity
  8
0
 62
     0
100
AcDbLine
 10
277.9626321116151
 20
87.13218953889558
 30
0.0
 11
280.462632111615
 21
89.63218953889558
 31
0.0
  0
LINE
  5
B1CA
330
11F69C
100
AcDbEntity
  8
0
 62
     0
100
AcDbLine
 10
282.4626321116152
 20
91.63218953889559
 30
0.0
 11
284.2539144996709
 21
93.42347192695141
 31
0.0
  0
ENDBLK
  5
B1CB
330
11F69C
100
AcDbEntity
  8
0
100
AcDbBlockEnd
  0
BLOCK
  5
B1FE
330
11F69D
100
AcDbEntity
  8
0
100
AcDbBlockBegin
  2
*X4
 70
     1
 10
0.0
 20
0.0
 30
0.0
  3
*X4
  1

  0
LINE
  5
B200
330
11F69D
100
AcDbEntity
  8
0
 62
     0
100
AcDbLine
 10
273.0021198694768
 20
100.1321895388956
 30
0.0
 11
275.0021198694768
 21
102.1321895388956
 31
0.0
  0
LINE
  5
B201
330
11F69D
100
AcDbEntity
  8
0
 62
     0
100
AcDbLine
 10
285.0021198694768
 20
112.1321895388956
 30
0.0
 11
286.1062108010386
 21
113.2362804704574
 31
0.0
  0
LINE
  5
B202
330
11F69D
100
AcDbEntity
  8
0
 62
     0
100
AcDbLine
 10
277.0021198694768
 20
104.1321895388956
 30
0.0
 11
279.0021198694768
 21
106.1321895388956
 31
0.0
  0
LINE
  5
B203
330
11F69D
100
AcDbEntity
  8
0
 62
     0
100
AcDbLine
 10
281.0021198694768
 20
108.1321895388956
 30
0.0
 11
283.0021198694768
 21
110.1321895388956
 31
0.0
  0
LINE
  5
B204
330
11F69D
100
AcDbEntity
  8
0
 62
     0
100
AcDbLine
 10
272.1927153409879
 20
101.567849040674
 30
0.0
 11
272.7570558392095
 21
102.1321895388956
 31
0.0
  0
LINE
  5
B205
330
11F69D
100
AcDbEntity
  8
0
 62
     0
100
AcDbLine
 10
282.7570558392095
 20
112.1321895388956
 30
0.0
 11
285.2570558392094
 21
114.6321895388956
 31
0.0
  0
LINE
  5
B206
330
11F69D
100
AcDbEntity
  8
0
 62
     0
100
AcDbLine
 10
274.7570558392095
 20
104.1321895388956
 30
0.0
 11
276.7570558392095
 21
106.1321895388956
 31
0.0
  0
LINE
  5
B207
330
11F69D
100
AcDbEntity
  8
0
 62
     0
100
AcDbLine
 10
278.7570558392095
 20
108.1321895388956
 30
0.0
 11
280.7570558392095
 21
110.1321895388956
 31
0.0
  0
LINE
  5
B208
330
11F69D
100
AcDbEntity
  8
0
 62
     0
100
AcDbLine
 10
272.5119918089422
 20
104.1321895388956
 30
0.0
 11
274.5119918089422
 21
106.1321895388956
 31
0.0
  0
LINE
  5
B209
330
11F69D
100
AcDbEntity
  8
0
 62
     0
100
AcDbLine
 10
280.5119918089422
 20
112.1321895388956
 30
0.0
 11
283.0119918089422
 21
114.6321895388956
 31
0.0
  0
LINE
  5
B20A
330
11F69D
100
AcDbEntity
  8
0
 62
     0
100
AcDbLine
 10
276.5119918089423
 20
108.1321895388956
 30
0.0
 11
278.5119918089423
 21
110.1321895388956
 31
0.0
  0
LINE
  5
B20B
330
11F69D
100
AcDbEntity
  8
0
 62
     0
100
AcDbLine
 10
272.1927153409879
 20
106.0579771012086
 30
0.0
 11
272.2669277786749
 21
106.1321895388956
 31
0.0
  0
LINE
  5
B20C
330
11F69D
100
AcDbEntity
  8
0
 62
     0
100
AcDbLine
 10
278.2669277786748
 20
112.1321895388956
 30
0.0
 11
280.7669277786749
 21
114.6321895388956
 31
0.0
  0
LINE
  5
B20D
330
11F69D
100
AcDbEntity
  8
0
 62
     0
100
AcDbLine
 10
274.2669277786749
 20
108.1321895388956
 30
0.0
 11
276.2669277786748
 21
110.1321895388956
 31
0.0
  0
LINE
  5
B20E
330
11F69D
100
AcDbEntity
  8
0
 62
     0
100
AcDbLine
 10
272.1927153409879
 20
108.3030411314759
 30
0.0
 11
274.0218637484077
 21
110.1321895388956
 31
0.0
  0
LINE
  5
B20F
330
11F69D
100
AcDbEntity
  8
0
 62
     0
100
AcDbLine
 10
276.0218637484076
 20
112.1321895388956
 30
0.0
 11
278.5218637484076
 21
114.6321895388956
 31
0.0
  0
LINE
  5
B210
330
11F69D
100
AcDbEntity
  8
0
 62
     0
100
AcDbLine
 10
273.7767997181403
 20
112.1321895388956
 30
0.0
 11
276.2767997181403
 21
114.6321895388956
 31
0.0
  0
LINE
  5
B211
330
11F69D
100
AcDbEntity
  8
0
 62
     0
100
AcDbLine
 10
271.7243714404366
 20
112.3248252914591
 30
0.0
 11
274.031735687873
 21
114.6321895388956
 31
0.0
  0
LINE
  5
B212
330
11F69D
100
AcDbEntity
  8
0
 62
     0
100
AcDbLine
 10
270.9097713491817
 20
113.7552892304716
 30
0.0
 11
271.7866716576057
 21
114.6321895388956
 31
0.0
  0
LINE
  5
B213
330
11F69D
100
AcDbEntity
  8
0
 62
     0
100
AcDbLine
 10
271.2471838997441
 20
96.13218953889559
 30
0.0
 11
273.2471838997441
 21
98.1321895388956
 31
0.0
  0
LINE
  5
B214
330
11F69D
100
AcDbEntity
  8
0
 62
     0
100
AcDbLine
 10
283.2471838997441
 20
108.1321895388956
 30
0.0
 11
285.2471838997441
 21
110.1321895388956
 31
0.0
  0
LINE
  5
B215
330
11F69D
100
AcDbEntity
  8
0
 62
     0
100
AcDbLine
 10
275.2471838997441
 20
100.1321895388956
 30
0.0
 11
277.2471838997441
 21
102.1321895388956
 31
0.0
  0
LINE
  5
B216
330
11F69D
100
AcDbEntity
  8
0
 62
     0
100
AcDbLine
 10
279.2471838997441
 20
104.1321895388956
 30
0.0
 11
281.2471838997441
 21
106.1321895388956
 31
0.0
  0
LINE
  5
B217
330
11F69D
100
AcDbEntity
  8
0
 62
     0
100
AcDbLine
 10
273.4922479300114
 20
96.13218953889559
 30
0.0
 11
275.4922479300114
 21
98.1321895388956
 31
0.0
  0
LINE
  5
B218
330
11F69D
100
AcDbEntity
  8
0
 62
     0
100
AcDbLine
 10
285.4922479300114
 20
108.1321895388956
 30
0.0
 11
286.730123876616
 21
109.3700654855002
 31
0.0
  0
LINE
  5
B219
330
11F69D
100
AcDbEntity
  8
0
 62
     0
100
AcDbLine
 10
277.4922479300113
 20
100.1321895388956
 30
0.0
 11
279.4922479300114
 21
102.1321895388956
 31
0.0
  0
LINE
  5
B21A
330
11F69D
100
AcDbEntity
  8
0
 62
     0
100
AcDbLine
 10
281.4922479300114
 20
104.1321895388956
 30
0.0
 11
283.4922479300113
 21
106.1321895388956
 31
0.0
  0
LINE
  5
B21B
330
11F69D
100
AcDbEntity
  8
0
 62
     0
100
AcDbLine
 10
275.7373119602787
 20
96.13218953889559
 30
0.0
 11
277.7373119602787
 21
98.1321895388956
 31
0.0
  0
LINE
  5
B21C
330
11F69D
100
AcDbEntity
  8
0
 62
     0
100
AcDbLine
 10
283.7373119602787
 20
104.1321895388956
 30
0.0
 11
285.7373119602787
 21
106.1321895388956
 31
0.0
  0
LINE
  5
B21D
330
11F69D
100
AcDbEntity
  8
0
 62
     0
100
AcDbLine
 10
279.7373119602787
 20
100.1321895388956
 30
0.0
 11
281.7373119602787
 21
102.1321895388956
 31
0.0
  0
LINE
  5
B21E
330
11F69D
100
AcDbEntity
  8
0
 62
     0
100
AcDbLine
 10
277.982375990546
 20
96.13218953889559
 30
0.0
 11
279.982375990546
 21
98.1321895388956
 31
0.0
  0
LINE
  5
B21F
330
11F69D
100
AcDbEntity
  8
0
 62
     0
100
AcDbLine
 10
285.9823759905459
 20
104.1321895388956
 30
0.0
 11
286.7684690569167
 21
104.9182826052663
 31
0.0
  0
LINE
  5
B220
330
11F69D
100
AcDbEntity
  8
0
 62
     0
100
AcDbLine
 10
281.982375990546
 20
100.1321895388956
 30
0.0
 11
283.982375990546
 21
102.1321895388956
 31
0.0
  0
LINE
  5
B221
330
11F69D
100
AcDbEntity
  8
0
 62
     0
100
AcDbLine
 10
280.2274400208132
 20
96.13218953889559
 30
0.0
 11
282.2274400208132
 21
98.1321895388956
 31
0.0
  0
LINE
  5
B222
330
11F69D
100
AcDbEntity
  8
0
 62
     0
100
AcDbLine
 10
284.2274400208132
 20
100.1321895388956
 30
0.0
 11
286.2274400208132
 21
102.1321895388956
 31
0.0
  0
LINE
  5
B223
330
11F69D
100
AcDbEntity
  8
0
 62
     0
100
AcDbLine
 10
282.4725040510805
 20
96.13218953889559
 30
0.0
 11
284.4725040510805
 21
98.1321895388956
 31
0.0
  0
LINE
  5
B224
330
11F69D
100
AcDbEntity
  8
0
 62
     0
100
AcDbLine
 10
286.4725040510805
 20
100.1321895388956
 30
0.0
 11
286.5544475893572
 21
100.2141330771723
 31
0.0
  0
LINE
  5
B225
330
11F69D
100
AcDbEntity
  8
0
 62
     0
100
AcDbLine
 10
284.7175680813478
 20
96.13218953889559
 30
0.0
 11
285.9052715264495
 21
97.31989298399732
 31
0.0
  0
ENDBLK
  5
B226
330
11F69D
100
AcDbEntity
  8
0
100
AcDbBlockEnd
  0
BLOCK
  5
B31D
330
11F69E
100
AcDbEntity
  8
0
100
AcDbBlockBegin
  2
*X5
 70
     1
 10
0.0
 20
0.0
 30
0.0
  3
*X5
  1

  0
LINE
  5
B31F
330
11F69E
100
AcDbEntity
  8
0
 62
     0
100
AcDbLine
 10
201.6501989614581
 20
96.13218953889559
 30
0.0
 11
203.6501989614582
 21
98.13218953889563
 31
0.0
  0
LINE
  5
B320
330
11F69E
100
AcDbEntity
  8
0
 62
     0
100
AcDbLine
 10
199.4051349311908
 20
96.13218953889557
 30
0.0
 11
201.4051349311908
 21
98.13218953889563
 31
0.0
  0
LINE
  5
B321
330
11F69E
100
AcDbEntity
  8
0
 62
     0
100
AcDbLine
 10
198.7684690569167
 20
97.74058769488876
 30
0.0
 11
199.1600709009236
 21
98.13218953889563
 31
0.0
  0
LINE
  5
B322
330
11F69E
100
AcDbEntity
  8
0
 62
     0
100
AcDbLine
 10
203.8952629917254
 20
96.13218953889559
 30
0.0
 11
205.8952629917254
 21
98.13218953889563
 31
0.0
  0
LINE
  5
B323
330
11F69E
100
AcDbEntity
  8
0
 62
     0
100
AcDbLine
 10
206.1403270219927
 20
96.13218953889559
 30
0.0
 11
208.1403270219927
 21
98.13218953889563
 31
0.0
  0
LINE
  5
B324
330
11F69E
100
AcDbEntity
  8
0
 62
     0
100
AcDbLine
 10
208.38539105226
 20
96.13218953889559
 30
0.0
 11
209.5086301018693
 21
97.25542858850488
 31
0.0
  0
LINE
  5
B325
330
11F69E
100
AcDbEntity
  8
0
 62
     0
100
AcDbLine
 10
210.6304550825273
 20
96.13218953889559
 30
0.0
 11
210.6306076613784
 21
96.13234211774674
 31
0.0
  0
ENDBLK
  5
B326
330
11F69E
100
AcDbEntity
  8
0
100
AcDbBlockEnd
  0
BLOCK
  5
B379
330
11F69F
100
AcDbEntity
  8
0
100
AcDbBlockBegin
  2
*X6
 70
     1
 10
0.0
 20
0.0
 30
0.0
  3
*X6
  1

  0
LINE
  5
B37B
330
11F69F
100
AcDbEntity
  8
0
 62
     0
100
AcDbLine
 10
199.38539105226
 20
87.13218953889564
 30
0.0
 11
201.88539105226
 21
89.63218953889564
 31
0.0
  0
LINE
  5
B37C
330
11F69F
100
AcDbEntity
  8
0
 62
     0
100
AcDbLine
 10
233.88539105226
 20
121.6321895388956
 30
0.0
 11
235.88539105226
 21
123.6321895388956
 31
0.0
  0
LINE
  5
B37D
330
11F69F
100
AcDbEntity
  8
0
 62
     0
100
AcDbLine
 10
203.88539105226
 20
91.63218953889559
 30
0.0
 11
206.38539105226
 21
94.13218953889559
 31
0.0
  0
LINE
  5
B37E
330
11F69F
100
AcDbEntity
  8
0
 62
     0
100
AcDbLine
 10
229.38539105226
 20
117.1321895388956
 30
0.0
 11
231.38539105226
 21
119.1321895388956
 31
0.0
  0
LINE
  5
B37F
330
11F69F
100
AcDbEntity
  8
0
 62
     0
100
AcDbLine
 10
213.0842013413513
 20
100.8309998279869
 30
0.0
 11
214.38539105226
 21
102.1321895388956
 31
0.0
  0
LINE
  5
B380
330
11F69F
100
AcDbEntity
  8
0
 62
     0
100
AcDbLine
 10
220.38539105226
 20
108.1321895388956
 30
0.0
 11
220.8492640317562
 21
108.5960625183918
 31
0.0
  0
LINE
  5
B381
330
11F69F
100
AcDbEntity
  8
0
 62
     0
100
AcDbLine
 10
216.38539105226
 20
104.1321895388956
 30
0.0
 11
218.38539105226
 21
106.1321895388956
 31
0.0
  0
LINE
  5
B382
330
11F69F
100
AcDbEntity
  8
0
 62
     0
100
AcDbLine
 10
198.7684690569167
 20
88.76033157381961
 30
0.0
 11
199.6403270219927
 21
89.63218953889564
 31
0.0
  0
LINE
  5
B383
330
11F69F
100
AcDbEntity
  8
0
 62
     0
100
AcDbLine
 10
231.6403270219927
 20
121.6321895388956
 30
0.0
 11
233.6403270219927
 21
123.6321895388956
 31
0.0
  0
LINE
  5
B384
330
11F69F
100
AcDbEntity
  8
0
 62
     0
100
AcDbLine
 10
201.6403270219927
 20
91.63218953889559
 30
0.0
 11
204.1403270219927
 21
94.13218953889559
 31
0.0
  0
LINE
  5
B385
330
11F69F
100
AcDbEntity
  8
0
 62
     0
100
AcDbLine
 10
227.1403270219927
 20
117.1321895388956
 30
0.0
 11
229.1403270219927
 21
119.1321895388956
 31
0.0
  0
LINE
  5
B386
330
11F69F
100
AcDbEntity
  8
0
 62
     0
100
AcDbLine
 10
211.0865254789898
 20
101.0783879958927
 30
0.0
 11
212.1403270219927
 21
102.1321895388956
 31
0.0
  0
LINE
  5
B387
330
11F69F
100
AcDbEntity
  8
0
 62
     0
100
AcDbLine
 10
218.1403270219927
 20
108.1321895388956
 30
0.0
 11
218.8008091247987
 21
108.7926716417016
 31
0.0
  0
LINE
  5
B388
330
11F69F
100
AcDbEntity
  8
0
 62
     0
100
AcDbLine
 10
214.1403270219927
 20
104.1321895388956
 30
0.0
 11
216.1403270219927
 21
106.1321895388956
 31
0.0
  0
LINE
  5
B389
330
11F69F
100
AcDbEntity
  8
0
 62
     0
100
AcDbLine
 10
199.3952629917254
 20
91.63218953889559
 30
0.0
 11
201.8952629917254
 21
94.13218953889559
 31
0.0
  0
LINE
  5
B38A
330
11F69F
100
AcDbEntity
  8
0
 62
     0
100
AcDbLine
 10
229.3952629917254
 20
121.6321895388956
 30
0.0
 11
231.3952629917254
 21
123.6321895388956
 31
0.0
  0
LINE
  5
B38B
330
11F69F
100
AcDbEntity
  8
0
 62
     0
100
AcDbLine
 10
209.2538047906866
 20
101.4907313378568
 30
0.0
 11
209.8952629917254
 21
102.1321895388956
 31
0.0
  0
LINE
  5
B38C
330
11F69F
100
AcDbEntity
  8
0
 62
     0
100
AcDbLine
 10
224.8952629917254
 20
117.1321895388956
 30
0.0
 11
226.8952629917254
 21
119.1321895388956
 31
0.0
  0
LINE
  5
B38D
330
11F69F
100
AcDbEntity
  8
0
 62
     0
100
AcDbLine
 10
211.8952629917254
 20
104.1321895388956
 30
0.0
 11
213.8952629917254
 21
106.1321895388956
 31
0.0
  0
LINE
  5
B38E
330
11F69F
100
AcDbEntity
  8
0
 62
     0
100
AcDbLine
 10
215.8952629917254
 20
108.1321895388956
 30
0.0
 11
216.8624484465832
 21
109.0993749937533
 31
0.0
  0
LINE
  5
B38F
330
11F69F
100
AcDbEntity
  8
0
 62
     0
100
AcDbLine
 10
198.7684690569167
 20
93.25045963435421
 30
0.0
 11
199.6501989614581
 21
94.13218953889559
 31
0.0
  0
LINE
  5
B390
330
11F69F
100
AcDbEntity
  8
0
 62
     0
100
AcDbLine
 10
227.1501989614581
 20
121.6321895388956
 30
0.0
 11
229.1501989614582
 21
123.6321895388956
 31
0.0
  0
LINE
  5
B391
330
11F69F
100
AcDbEntity
  8
0
 62
     0
100
AcDbLine
 10
207.5584928415855
 20
102.040483419023
 30
0.0
 11
207.6501989614581
 21
102.1321895388956
 31
0.0
  0
LINE
  5
B392
330
11F69F
100
AcDbEntity
  8
0
 62
     0
100
AcDbLine
 10
222.6752624291577
 20
117.1572530065952
 30
0.0
 11
224.6501989614581
 21
119.1321895388956
 31
0.0
  0
LINE
  5
B393
330
11F69F
100
AcDbEntity
  8
0
 62
     0
100
AcDbLine
 10
209.6501989614582
 20
104.1321895388956
 30
0.0
 11
211.6501989614581
 21
106.1321895388956
 31
0.0
  0
LINE
  5
B394
330
11F69F
100
AcDbEntity
  8
0
 62
     0
100
AcDbLine
 10
213.6501989614581
 20
108.1321895388956
 30
0.0
 11
215.0206349055862
 21
109.5026254830237
 31
0.0
  0
LINE
  5
B395
330
11F69F
100
AcDbEntity
  8
0
 62
     0
100
AcDbLine
 10
207.4051349311909
 20
104.1321895388956
 30
0.0
 11
209.4051349311909
 21
106.1321895388956
 31
0.0
  0
LINE
  5
B396
330
11F69F
100
AcDbEntity
  8
0
 62
     0
100
AcDbLine
 10
224.9051349311908
 20
121.6321895388956
 30
0.0
 11
226.9051349311908
 21
123.6321895388956
 31
0.0
  0
LINE
  5
B397
330
11F69F
100
AcDbEntity
  8
0
 62
     0
100
AcDbLine
 10
211.4051349311909
 20
108.1321895388956
 30
0.0
 11
213.2652181424461
 21
109.9922727501508
 31
0.0
  0
LINE
  5
B398
330
11F69F
100
AcDbEntity
  8
0
 62
     0
100
AcDbLine
 10
220.9278059628347
 20
117.6548605705393
 30
0.0
 11
222.4051349311908
 21
119.1321895388956
 31
0.0
  0
LINE
  5
B399
330
11F69F
100
AcDbEntity
  8
0
 62
     0
100
AcDbLine
 10
205.1600709009236
 20
104.1321895388956
 30
0.0
 11
207.1600709009235
 21
106.1321895388956
 31
0.0
  0
LINE
  5
B39A
330
11F69F
100
AcDbEntity
  8
0
 62
     0
100
AcDbLine
 10
222.6600709009236
 20
121.6321895388956
 30
0.0
 11
224.6600709009236
 21
123.6321895388956
 31
0.0
  0
LINE
  5
B39B
330
11F69F
100
AcDbEntity
  8
0
 62
     0
100
AcDbLine
 10
209.1600709009235
 20
108.1321895388956
 30
0.0
 11
211.1600709009235
 21
110.1321895388956
 31
0.0
  0
LINE
  5
B39C
330
11F69F
100
AcDbEntity
  8
0
 62
     0
100
AcDbLine
 10
218.9794572517989
 20
117.9515758897708
 30
0.0
 11
220.1600709009236
 21
119.1321895388956
 31
0.0
  0
LINE
  5
B39D
330
11F69F
100
AcDbEntity
  8
0
 62
     0
100
AcDbLine
 10
203.1457952769785
 20
104.3629779452178
 30
0.0
 11
204.9150068706563
 21
106.1321895388956
 31
0.0
  0
LINE
  5
B39E
330
11F69F
100
AcDbEntity
  8
0
 62
     0
100
AcDbLine
 10
224.9150068706562
 20
126.1321895388956
 30
0.0
 11
225.2071231455151
 21
126.4243058137544
 31
0.0
  0
LINE
  5
B39F
330
11F69F
100
AcDbEntity
  8
0
 62
     0
100
AcDbLine
 10
206.9150068706563
 20
108.1321895388956
 30
0.0
 11
208.9150068706563
 21
110.1321895388956
 31
0.0
  0
LINE
  5
B3A0
330
11F69F
100
AcDbEntity
  8
0
 62
     0
100
AcDbLine
 10
220.4150068706563
 20
121.6321895388956
 30
0.0
 11
222.4150068706563
 21
123.6321895388956
 31
0.0
  0
LINE
  5
B3A1
330
11F69F
100
AcDbEntity
  8
0
 62
     0
100
AcDbLine
 10
210.9150068706563
 20
112.1321895388956
 30
0.0
 11
211.0849586022997
 21
112.302141270539
 31
0.0
  0
LINE
  5
B3A2
330
11F69F
100
AcDbEntity
  8
0
 62
     0
100
AcDbLine
 10
216.759660062162
 20
117.9768427304014
 30
0.0
 11
217.9150068706563
 21
119.1321895388956
 31
0.0
  0
LINE
  5
B3A3
330
11F69F
100
AcDbEntity
  8
0
 62
     0
100
AcDbLine
 10
201.9025070424071
 20
105.3647537409137
 30
0.0
 11
202.669942840389
 21
106.1321895388956
 31
0.0
  0
LINE
  5
B3A4
330
11F69F
100
AcDbEntity
  8
0
 62
     0
100
AcDbLine
 10
222.669942840389
 20
126.1321895388956
 30
0.0
 11
223.5963260974277
 21
127.0585727959343
 31
0.0
  0
LINE
  5
B3A5
330
11F69F
100
AcDbEntity
  8
0
 62
     0
100
AcDbLine
 10
204.669942840389
 20
108.1321895388956
 30
0.0
 11
206.6699428403889
 21
110.1321895388956
 31
0.0
  0
LINE
  5
B3A6
330
11F69F
100
AcDbEntity
  8
0
 62
     0
100
AcDbLine
 10
218.169942840389
 20
121.6321895388956
 30
0.0
 11
220.169942840389
 21
123.6321895388956
 31
0.0
  0
LINE
  5
B3A7
330
11F69F
100
AcDbEntity
  8
0
 62
     0
100
AcDbLine
 10
208.6699428403889
 20
112.1321895388956
 30
0.0
 11
210.9169465921998
 21
114.3791932907064
 31
0.0
  0
LINE
  5
B3A8
330
11F69F
100
AcDbEntity
  8
0
 62
     0
100
AcDbLine
 10
214.1079847301292
 20
117.5702314286358
 30
0.0
 11
215.6699428403889
 21
119.1321895388956
 31
0.0
  0
LINE
  5
B3A9
330
11F69F
100
AcDbEntity
  8
0
 62
     0
100
AcDbLine
 10
202.4248788101217
 20
108.1321895388956
 30
0.0
 11
204.4248788101217
 21
110.1321895388956
 31
0.0
  0
LINE
  5
B3AA
330
11F69F
100
AcDbEntity
  8
0
 62
     0
100
AcDbLine
 10
220.4248788101217
 20
126.1321895388956
 30
0.0
 11
221.8896301587673
 21
127.596940887541
 31
0.0
  0
LINE
  5
B3AB
330
11F69F
100
AcDbEntity
  8
0
 62
     0
100
AcDbLine
 10
206.4248788101217
 20
112.1321895388956
 30
0.0
 11
208.9248788101217
 21
114.6321895388956
 31
0.0
  0
LINE
  5
B3AC
330
11F69F
100
AcDbEntity
  8
0
 62
     0
100
AcDbLine
 10
215.9248788101217
 20
121.6321895388956
 30
0.0
 11
217.9248788101217
 21
123.6321895388956
 31
0.0
  0
LINE
  5
B3AD
330
11F69F
100
AcDbEntity
  8
0
 62
     0
100
AcDbLine
 10
211.4248788101217
 20
117.1321895388956
 30
0.0
 11
213.4248788101217
 21
119.1321895388956
 31
0.0
  0
LINE
  5
B3AE
330
11F69F
100
AcDbEntity
  8
0
 62
     0
100
AcDbLine
 10
200.1798147798544
 20
108.1321895388956
 30
0.0
 11
202.1798147798544
 21
110.1321895388956
 31
0.0
  0
LINE
  5
B3AF
330
11F69F
100
AcDbEntity
  8
0
 62
     0
100
AcDbLine
 10
218.1798147798544
 20
126.1321895388956
 30
0.0
 11
220.0757499236379
 21
128.0281246826791
 31
0.0
  0
LINE
  5
B3B0
330
11F69F
100
AcDbEntity
  8
0
 62
     0
100
AcDbLine
 10
204.1798147798544
 20
112.1321895388956
 30
0.0
 11
206.6798147798544
 21
114.6321895388956
 31
0.0
  0
LINE
  5
B3B1
330
11F69F
100
AcDbEntity
  8
0
 62
     0
100
AcDbLine
 10
213.6798147798544
 20
121.6321895388956
 30
0.0
 11
215.6798147798544
 21
123.6321895388956
 31
0.0
  0
LINE
  5
B3B2
330
11F69F
100
AcDbEntity
  8
0
 62
     0
100
AcDbLine
 10
209.1798147798544
 20
117.1321895388956
 30
0.0
 11
211.1798147798544
 21
119.1321895388956
 31
0.0
  0
LINE
  5
B3B3
330
11F69F
100
AcDbEntity
  8
0
 62
     0
100
AcDbLine
 10
199.5283189382876
 20
109.7257577275961
 30
0.0
 11
199.9347507495871
 21
110.1321895388956
 31
0.0
  0
LINE
  5
B3B4
330
11F69F
100
AcDbEntity
  8
0
 62
     0
100
AcDbLine
 10
215.9347507495871
 20
126.1321895388956
 30
0.0
 11
217.9347507495871
 21
128.1321895388956
 31
0.0
  0
LINE
  5
B3B5
330
11F69F
100
AcDbEntity
  8
0
 62
     0
100
AcDbLine
 10
201.9347507495871
 20
112.1321895388956
 30
0.0
 11
204.4347507495871
 21
114.6321895388956
 31
0.0
  0
LINE
  5
B3B6
330
11F69F
100
AcDbEntity
  8
0
 62
     0
100
AcDbLine
 10
211.4347507495871
 20
121.6321895388956
 30
0.0
 11
213.4347507495871
 21
123.6321895388956
 31
0.0
  0
LINE
  5
B3B7
330
11F69F
100
AcDbEntity
  8
0
 62
     0
100
AcDbLine
 10
206.9347507495871
 20
117.1321895388956
 30
0.0
 11
208.9347507495871
 21
119.1321895388956
 31
0.0
  0
LINE
  5
B3B8
330
11F69F
100
AcDbEntity
  8
0
 62
     0
100
AcDbLine
 10
199.6896867193198
 20
112.1321895388956
 30
0.0
 11
202.1896867193198
 21
114.6321895388956
 31
0.0
  0
LINE
  5
B3B9
330
11F69F
100
AcDbEntity
  8
0
 62
     0
100
AcDbLine
 10
213.6896867193198
 20
126.1321895388956
 30
0.0
 11
215.6896867193198
 21
128.1321895388956
 31
0.0
  0
LINE
  5
B3BA
330
11F69F
100
AcDbEntity
  8
0
 62
     0
100
AcDbLine
 10
204.6896867193198
 20
117.1321895388956
 30
0.0
 11
206.6896867193198
 21
119.1321895388956
 31
0.0
  0
LINE
  5
B3BB
330
11F69F
100
AcDbEntity
  8
0
 62
     0
100
AcDbLine
 10
209.1896867193198
 20
121.6321895388956
 30
0.0
 11
211.1896867193198
 21
123.6321895388956
 31
0.0
  0
LINE
  5
B3BC
330
11F69F
100
AcDbEntity
  8
0
 62
     0
100
AcDbLine
 10
198.8299888791657
 20
113.5175557290088
 30
0.0
 11
199.9446226890525
 21
114.6321895388956
 31
0.0
  0
LINE
  5
B3BD
330
11F69F
100
AcDbEntity
  8
0
 62
     0
100
AcDbLine
 10
211.4446226890525
 20
126.1321895388956
 30
0.0
 11
213.4446226890525
 21
128.1321895388956
 31
0.0
  0
LINE
  5
B3BE
330
11F69F
100
AcDbEntity
  8
0
 62
     0
100
AcDbLine
 10
202.4446226890526
 20
117.1321895388956
 30
0.0
 11
204.4446226890525
 21
119.1321895388956
 31
0.0
  0
LINE
  5
B3BF
330
11F69F
100
AcDbEntity
  8
0
 62
     0
100
AcDbLine
 10
206.9446226890525
 20
121.6321895388956
 30
0.0
 11
208.9446226890526
 21
123.6321895388956
 31
0.0
  0
LINE
  5
B3C0
330
11F69F
100
AcDbEntity
  8
0
 62
     0
100
AcDbLine
 10
200.1995586587852
 20
117.1321895388956
 30
0.0
 11
202.1995586587852
 21
119.1321895388956
 31
0.0
  0
LINE
  5
B3C1
330
11F69F
100
AcDbEntity
  8
0
 62
     0
100
AcDbLine
 10
209.1995586587852
 20
126.1321895388956
 30
0.0
 11
211.0942564333595
 21
128.0268873134698
 31
0.0
  0
LINE
  5
B3C2
330
11F69F
100
AcDbEntity
  8
0
 62
     0
100
AcDbLine
 10
204.6995586587852
 20
121.6321895388956
 30
0.0
 11
206.6995586587852
 21
123.6321895388956
 31
0.0
  0
LINE
  5
B3C3
330
11F69F
100
AcDbEntity
  8
0
 62
     0
100
AcDbLine
 10
199.6143495624781
 20
118.7920444728558
 30
0.0
 11
199.9544946285179
 21
119.1321895388956
 31
0.0
  0
LINE
  5
B3C4
330
11F69F
100
AcDbEntity
  8
0
 62
     0
100
AcDbLine
 10
206.954494628518
 20
126.1321895388956
 30
0.0
 11
208.1576180639713
 21
127.3353129743489
 31
0.0
  0
LINE
  5
B3C5
330
11F69F
100
AcDbEntity
  8
0
 62
     0
100
AcDbLine
 10
202.454494628518
 20
121.6321895388956
 30
0.0
 11
204.454494628518
 21
123.6321895388956
 31
0.0
  0
LINE
  5
B3C6
330
11F69F
100
AcDbEntity
  8
0
 62
     0
100
AcDbLine
 10
201.6304550825273
 20
87.13218953889564
 30
0.0
 11
204.1304550825273
 21
89.63218953889564
 31
0.0
  0
LINE
  5
B3C7
330
11F69F
100
AcDbEntity
  8
0
 62
     0
100
AcDbLine
 10
236.1304550825273
 20
121.6321895388956
 30
0.0
 11
238.1304550825273
 21
123.6321895388956
 31
0.0
  0
LINE
  5
B3C8
330
11F69F
100
AcDbEntity
  8
0
 62
     0
100
AcDbLine
 10
206.1304550825273
 20
91.63218953889559
 30
0.0
 11
208.6304550825273
 21
94.13218953889559
 31
0.0
  0
LINE
  5
B3C9
330
11F69F
100
AcDbEntity
  8
0
 62
     0
100
AcDbLine
 10
231.6304550825273
 20
117.1321895388956
 30
0.0
 11
233.6304550825273
 21
119.1321895388956
 31
0.0
  0
LINE
  5
B3CA
330
11F69F
100
AcDbEntity
  8
0
 62
     0
100
AcDbLine
 10
215.3431798008713
 20
100.8449142572396
 30
0.0
 11
216.6304550825273
 21
102.1321895388956
 31
0.0
  0
LINE
  5
B3CB
330
11F69F
100
AcDbEntity
  8
0
 62
     0
100
AcDbLine
 10
228.2093329594411
 20
113.7110674158094
 30
0.0
 11
229.1304550825273
 21
114.6321895388956
 31
0.0
  0
LINE
  5
B3CC
330
11F69F
100
AcDbEntity
  8
0
 62
     0
100
AcDbLine
 10
218.6304550825273
 20
104.1321895388956
 30
0.0
 11
220.6304550825273
 21
106.1321895388956
 31
0.0
  0
LINE
  5
B3CD
330
11F69F
100
AcDbEntity
  8
0
 62
     0
100
AcDbLine
 10
222.6304550825273
 20
108.1321895388956
 30
0.0
 11
223.0264712268425
 21
108.5282056832107
 31
0.0
  0
LINE
  5
B3CE
330
11F69F
100
AcDbEntity
  8
0
 62
     0
100
AcDbLine
 10
203.8755191127946
 20
87.13218953889564
 30
0.0
 11
206.3755191127946
 21
89.63218953889564
 31
0.0
  0
LINE
  5
B3CF
330
11F69F
100
AcDbEntity
  8
0
 62
     0
100
AcDbLine
 10
238.3755191127946
 20
121.6321895388956
 30
0.0
 11
238.7684690569167
 21
122.0251394830176
 31
0.0
  0
LINE
  5
B3D0
330
11F69F
100
AcDbEntity
  8
0
 62
     0
100
AcDbLine
 10
208.3755191127946
 20
91.63218953889559
 30
0.0
 11
210.8755191127946
 21
94.13218953889559
 31
0.0
  0
LINE
  5
B3D1
330
11F69F
100
AcDbEntity
  8
0
 62
     0
100
AcDbLine
 10
233.8755191127946
 20
117.1321895388956
 30
0.0
 11
235.8755191127946
 21
119.1321895388956
 31
0.0
  0
LINE
  5
B3D2
330
11F69F
100
AcDbEntity
  8
0
 62
     0
100
AcDbLine
 10
217.5803086344741
 20
100.8369790605751
 30
0.0
 11
218.8755191127945
 21
102.1321895388956
 31
0.0
  0
LINE
  5
B3D3
330
11F69F
100
AcDbEntity
  8
0
 62
     0
100
AcDbLine
 10
229.8755191127946
 20
113.1321895388956
 30
0.0
 11
231.3755191127946
 21
114.6321895388956
 31
0.0
  0
LINE
  5
B3D4
330
11F69F
100
AcDbEntity
  8
0
 62
     0
100
AcDbLine
 10
220.8755191127946
 20
104.1321895388956
 30
0.0
 11
222.8755191127946
 21
106.1321895388956
 31
0.0
  0
LINE
  5
B3D5
330
11F69F
100
AcDbEntity
  8
0
 62
     0
100
AcDbLine
 10
224.8755191127946
 20
108.1321895388956
 30
0.0
 11
225.4237833268567
 21
108.6804537529577
 31
0.0
  0
LINE
  5
B3D6
330
11F69F
100
AcDbEntity
  8
0
 62
     0
100
AcDbLine
 10
206.1205831430619
 20
87.13218953889564
 30
0.0
 11
208.6205831430619
 21
89.63218953889564
 31
0.0
  0
LINE
  5
B3D7
330
11F69F
100
AcDbEntity
  8
0
 62
     0
100
AcDbLine
 10
236.1205831430619
 20
117.1321895388956
 30
0.0
 11
238.1205831430619
 21
119.1321895388956
 31
0.0
  0
LINE
  5
B3D8
330
11F69F
100
AcDbEntity
  8
0
 62
     0
100
AcDbLine
 10
210.6205831430619
 20
91.63218953889559
 30
0.0
 11
213.1205831430619
 21
94.13218953889559
 31
0.0
  0
LINE
  5
B3D9
330
11F69F
100
AcDbEntity
  8
0
 62
     0
100
AcDbLine
 10
232.1205831430618
 20
113.1321895388956
 30
0.0
 11
233.6205831430619
 21
114.6321895388956
 31
0.0
  0
LINE
  5
B3DA
330
11F69F
100
AcDbEntity
  8
0
 62
     0
100
AcDbLine
 10
219.6733165088886
 20
100.6849229047223
 30
0.0
 11
221.1205831430619
 21
102.1321895388956
 31
0.0
  0
LINE
  5
B3DB
330
11F69F
100
AcDbEntity
  8
0
 62
     0
100
AcDbLine
 10
227.1205831430619
 20
108.1321895388956
 30
0.0
 11
227.542585199428
 21
108.5541915952617
 31
0.0
  0
LINE
  5
B3DC
330
11F69F
100
AcDbEntity
  8
0
 62
     0
100
AcDbLine
 10
223.1205831430619
 20
104.1321895388956
 30
0.0
 11
225.1205831430619
 21
106.1321895388956
 31
0.0
  0
LINE
  5
B3DD
330
11F69F
100
AcDbEntity
  8
0
 62
     0
100
AcDbLine
 10
208.3656471733292
 20
87.13218953889564
 30
0.0
 11
210.8656471733292
 21
89.63218953889564
 31
0.0
  0
LINE
  5
B3DE
330
11F69F
100
AcDbEntity
  8
0
 62
     0
100
AcDbLine
 10
238.3656471733292
 20
117.1321895388956
 30
0.0
 11
238.7684690569167
 21
117.5350114224831
 31
0.0
  0
LINE
  5
B3DF
330
11F69F
100
AcDbEntity
  8
0
 62
     0
100
AcDbLine
 10
212.8656471733292
 20
91.63218953889559
 30
0.0
 11
214.6719078810428
 21
93.43845024660929
 31
0.0
  0
LINE
  5
B3E0
330
11F69F
100
AcDbEntity
  8
0
 62
     0
100
AcDbLine
 10
234.3656471733291
 20
113.1321895388956
 30
0.0
 11
235.8656471733292
 21
114.6321895388956
 31
0.0
  0
LINE
  5
B3E1
330
11F69F
100
AcDbEntity
  8
0
 62
     0
100
AcDbLine
 10
221.6453484227207
 20
100.411890788287
 30
0.0
 11
223.3656471733291
 21
102.1321895388956
 31
0.0
  0
LINE
  5
B3E2
330
11F69F
100
AcDbEntity
  8
0
 62
     0
100
AcDbLine
 10
229.3656471733292
 20
108.1321895388956
 30
0.0
 11
229.4151676159694
 21
108.1817099815358
 31
0.0
  0
LINE
  5
B3E3
330
11F69F
100
AcDbEntity
  8
0
 62
     0
100
AcDbLine
 10
225.3656471733292
 20
104.1321895388956
 30
0.0
 11
227.3656471733292
 21
106.1321895388956
 31
0.0
  0
LINE
  5
B3E4
330
11F69F
100
AcDbEntity
  8
0
 62
     0
100
AcDbLine
 10
210.6107112035965
 20
87.13218953889564
 30
0.0
 11
213.1107112035965
 21
89.63218953889564
 31
0.0
  0
LINE
  5
B3E5
330
11F69F
100
AcDbEntity
  8
0
 62
     0
100
AcDbLine
 10
236.6107112035964
 20
113.1321895388956
 30
0.0
 11
238.1107112035965
 21
114.6321895388956
 31
0.0
  0
LINE
  5
B3E6
330
11F69F
100
AcDbEntity
  8
0
 62
     0
100
AcDbLine
 10
215.1107112035964
 20
91.63218953889559
 30
0.0
 11
216.2684474429679
 21
92.78992577826706
 31
0.0
  0
LINE
  5
B3E7
330
11F69F
100
AcDbEntity
  8
0
 62
     0
100
AcDbLine
 10
227.6107112035965
 20
104.1321895388956
 30
0.0
 11
229.6107112035964
 21
106.1321895388956
 31
0.0
  0
LINE
  5
B3E8
330
11F69F
100
AcDbEntity
  8
0
 62
     0
100
AcDbLine
 10
223.6107112035964
 20
100.1321895388956
 30
0.0
 11
225.6107112035964
 21
102.1321895388956
 31
0.0
  0
LINE
  5
B3E9
330
11F69F
100
AcDbEntity
  8
0
 62
     0
100
AcDbLine
 10
212.8557752338638
 20
87.13218953889564
 30
0.0
 11
215.3557752338637
 21
89.63218953889564
 31
0.0
  0
LINE
  5
B3EA
330
11F69F
100
AcDbEntity
  8
0
 62
     0
100
AcDbLine
 10
229.8557752338637
 20
104.1321895388956
 30
0.0
 11
231.8557752338637
 21
106.1321895388956
 31
0.0
  0
LINE
  5
B3EB
330
11F69F
100
AcDbEntity
  8
0
 62
     0
100
AcDbLine
 10
217.3557752338637
 20
91.63218953889559
 30
0.0
 11
218.0159785458887
 21
92.29239285092056
 31
0.0
  0
LINE
  5
B3EC
330
11F69F
100
AcDbEntity
  8
0
 62
     0
100
AcDbLine
 10
225.8557752338637
 20
100.1321895388956
 30
0.0
 11
227.8557752338637
 21
102.1321895388956
 31
0.0
  0
LINE
  5
B3ED
330
11F69F
100
AcDbEntity
  8
0
 62
     0
100
AcDbLine
 10
212.4235376203877
 20
84.45488789515225
 30
0.0
 11
213.100839264131
 21
85.13218953889561
 31
0.0
  0
LINE
  5
B3EE
330
11F69F
100
AcDbEntity
  8
0
 62
     0
100
AcDbLine
 10
232.100839264131
 20
104.1321895388956
 30
0.0
 11
234.0173323814449
 21
106.0486826562095
 31
0.0
  0
LINE
  5
B3EF
330
11F69F
100
AcDbEntity
  8
0
 62
     0
100
AcDbLine
 10
215.100839264131
 20
87.13218953889564
 30
0.0
 11
217.600839264131
 21
89.63218953889564
 31
0.0
  0
LINE
  5
B3F0
330
11F69F
100
AcDbEntity
  8
0
 62
     0
100
AcDbLine
 10
228.100839264131
 20
100.1321895388956
 30
0.0
 11
230.100839264131
 21
102.1321895388956
 31
0.0
  0
LINE
  5
B3F1
330
11F69F
100
AcDbEntity
  8
0
 62
     0
100
AcDbLine
 10
219.600839264131
 20
91.63218953889559
 30
0.0
 11
219.9460765331242
 21
91.97742680788874
 31
0.0
  0
LINE
  5
B3F2
330
11F69F
100
AcDbEntity
  8
0
 62
     0
100
AcDbLine
 10
214.0473535718967
 20
83.83363981639403
 30
0.0
 11
215.3459032943983
 21
85.13218953889561
 31
0.0
  0
LINE
  5
B3F3
330
11F69F
100
AcDbEntity
  8
0
 62
     0
100
AcDbLine
 10
234.3459032943983
 20
104.1321895388956
 30
0.0
 11
235.2800503127323
 21
105.0663365572296
 31
0.0
  0
LINE
  5
B3F4
330
11F69F
100
AcDbEntity
  8
0
 62
     0
100
AcDbLine
 10
217.3459032943983
 20
87.13218953889564
 30
0.0
 11
219.8459032943983
 21
89.63218953889564
 31
0.0
  0
LINE
  5
B3F5
330
11F69F
100
AcDbEntity
  8
0
 62
     0
100
AcDbLine
 10
230.3459032943983
 20
100.1321895388956
 30
0.0
 11
232.3459032943983
 21
102.1321895388956
 31
0.0
  0
LINE
  5
B3F6
330
11F69F
100
AcDbEntity
  8
0
 62
     0
100
AcDbLine
 10
221.8459032943983
 20
91.63218953889559
 30
0.0
 11
222.1145010952711
 21
91.90078733976843
 31
0.0
  0
LINE
  5
B3F7
330
11F69F
100
AcDbEntity
  8
0
 62
     0
100
AcDbLine
 10
227.2144537216145
 20
97.0007399661118
 30
0.0
 11
228.3459032943984
 21
98.13218953889563
 31
0.0
  0
LINE
  5
B3F8
330
11F69F
100
AcDbEntity
  8
0
 62
     0
100
AcDbLine
 10
215.805403308653
 20
83.346625522883
 30
0.0
 11
217.5909673246656
 21
85.13218953889561
 31
0.0
  0
LINE
  5
B3F9
330
11F69F
100
AcDbEntity
  8
0
 62
     0
100
AcDbLine
 10
232.5909673246656
 20
100.1321895388956
 30
0.0
 11
234.5909673246656
 21
102.1321895388956
 31
0.0
  0
LINE
  5
B3FA
330
11F69F
100
AcDbEntity
  8
0
 62
     0
100
AcDbLine
 10
219.5909673246656
 20
87.13218953889564
 30
0.0
 11
222.0909673246656
 21
89.63218953889564
 31
0.0
  0
LINE
  5
B3FB
330
11F69F
100
AcDbEntity
  8
0
 62
     0
100
AcDbLine
 10
228.5909673246656
 20
96.13218953889559
 30
0.0
 11
230.5909673246656
 21
98.13218953889563
 31
0.0
  0
LINE
  5
B3FC
330
11F69F
100
AcDbEntity
  8
0
 62
     0
100
AcDbLine
 10
224.0909673246656
 20
91.63218953889559
 30
0.0
 11
224.6643572536838
 21
92.20557946791378
 31
0.0
  0
LINE
  5
B3FD
330
11F69F
100
AcDbEntity
  8
0
 62
     0
100
AcDbLine
 10
217.8360313549329
 20
83.13218953889558
 30
0.0
 11
219.8360313549329
 21
85.13218953889561
 31
0.0
  0
LINE
  5
B3FE
330
11F69F
100
AcDbEntity
  8
0
 62
     0
100
AcDbLine
 10
234.8360313549329
 20
100.1321895388956
 30
0.0
 11
236.8360313549329
 21
102.1321895388956
 31
0.0
  0
LINE
  5
B3FF
330
11F69F
100
AcDbEntity
  8
0
 62
     0
100
AcDbLine
 10
221.8360313549329
 20
87.13218953889564
 30
0.0
 11
224.3360313549329
 21
89.63218953889564
 31
0.0
  0
LINE
  5
B400
330
11F69F
100
AcDbEntity
  8
0
 62
     0
100
AcDbLine
 10
230.8360313549329
 20
96.13218953889559
 30
0.0
 11
232.8360313549329
 21
98.13218953889563
 31
0.0
  0
LINE
  5
B401
330
11F69F
100
AcDbEntity
  8
0
 62
     0
100
AcDbLine
 10
226.3360313549329
 20
91.63218953889559
 30
0.0
 11
228.8360313549329
 21
94.13218953889559
 31
0.0
  0
LINE
  5
B402
330
11F69F
100
AcDbEntity
  8
0
 62
     0
100
AcDbLine
 10
220.0810953852002
 20
83.13218953889558
 30
0.0
 11
222.0810953852002
 21
85.13218953889561
 31
0.0
  0
LINE
  5
B403
330
11F69F
100
AcDbEntity
  8
0
 62
     0
100
AcDbLine
 10
237.0810953852002
 20
100.1321895388956
 30
0.0
 11
238.0356459734753
 21
101.0867401271707
 31
0.0
  0
LINE
  5
B404
330
11F69F
100
AcDbEntity
  8
0
 62
     0
100
AcDbLine
 10
224.0810953852002
 20
87.13218953889564
 30
0.0
 11
226.5810953852002
 21
89.63218953889558
 31
0.0
  0
LINE
  5
B405
330
11F69F
100
AcDbEntity
  8
0
 62
     0
100
AcDbLine
 10
233.0810953852001
 20
96.13218953889559
 30
0.0
 11
235.0810953852002
 21
98.1321895388956
 31
0.0
  0
LINE
  5
B406
330
11F69F
100
AcDbEntity
  8
0
 62
     0
100
AcDbLine
 10
228.5810953852002
 20
91.63218953889559
 30
0.0
 11
231.0810953852002
 21
94.13218953889559
 31
0.0
  0
LINE
  5
B407
330
11F69F
100
AcDbEntity
  8
0
 62
     0
100
AcDbLine
 10
222.3261594154675
 20
83.13218953889558
 30
0.0
 11
224.3261594154674
 21
85.13218953889561
 31
0.0
  0
LINE
  5
B408
330
11F69F
100
AcDbEntity
  8
0
 62
     0
100
AcDbLine
 10
235.3261594154674
 20
96.13218953889559
 30
0.0
 11
237.3261594154675
 21
98.1321895388956
 31
0.0
  0
LINE
  5
B409
330
11F69F
100
AcDbEntity
  8
0
 62
     0
100
AcDbLine
 10
226.3261594154675
 20
87.13218953889564
 30
0.0
 11
228.8261594154675
 21
89.63218953889558
 31
0.0
  0
LINE
  5
B40A
330
11F69F
100
AcDbEntity
  8
0
 62
     0
100
AcDbLine
 10
230.8261594154675
 20
91.63218953889559
 30
0.0
 11
233.3261594154674
 21
94.13218953889559
 31
0.0
  0
LINE
  5
B40B
330
11F69F
100
AcDbEntity
  8
0
 62
     0
100
AcDbLine
 10
224.5712234457347
 20
83.13218953889558
 30
0.0
 11
226.5712234457347
 21
85.13218953889561
 31
0.0
  0
LINE
  5
B40C
330
11F69F
100
AcDbEntity
  8
0
 62
     0
100
AcDbLine
 10
237.5712234457346
 20
96.13218953889559
 30
0.0
 11
238.5822782382603
 21
97.14324433142113
 31
0.0
  0
LINE
  5
B40D
330
11F69F
100
AcDbEntity
  8
0
 62
     0
100
AcDbLine
 10
228.5712234457348
 20
87.13218953889564
 30
0.0
 11
231.0712234457346
 21
89.63218953889558
 31
0.0
  0
LINE
  5
B40E
330
11F69F
100
AcDbEntity
  8
0
 62
     0
100
AcDbLine
 10
233.0712234457346
 20
91.63218953889559
 30
0.0
 11
235.5712234457346
 21
94.13218953889559
 31
0.0
  0
LINE
  5
B40F
330
11F69F
100
AcDbEntity
  8
0
 62
     0
100
AcDbLine
 10
226.8410041073685
 20
83.15690617026204
 30
0.0
 11
228.816287476002
 21
85.13218953889561
 31
0.0
  0
LINE
  5
B410
330
11F69F
100
AcDbEntity
  8
0
 62
     0
100
AcDbLine
 10
235.316287476002
 20
91.63218953889559
 30
0.0
 11
237.816287476002
 21
94.13218953889559
 31
0.0
  0
LINE
  5
B411
330
11F69F
100
AcDbEntity
  8
0
 62
     0
100
AcDbLine
 10
230.816287476002
 20
87.13218953889564
 30
0.0
 11
233.316287476002
 21
89.63218953889558
 31
0.0
  0
LINE
  5
B412
330
11F69F
100
AcDbEntity
  8
0
 62
     0
100
AcDbLine
 10
230.0671457239026
 20
84.13798375652893
 30
0.0
 11
231.0613515062693
 21
85.13218953889561
 31
0.0
  0
LINE
  5
B413
330
11F69F
100
AcDbEntity
  8
0
 62
     0
100
AcDbLine
 10
233.0613515062693
 20
87.13218953889558
 30
0.0
 11
235.5613515062693
 21
89.63218953889558
 31
0.0
  0
ENDBLK
  5
B414
330
11F69F
100
AcDbEntity
  8
0
100
AcDbBlockEnd
  0
ENDSEC
  0
SECTION
  2
ENTITIES
  0
RAY
  5
29BE1B
330
11F692
100
AcDbEntity
  8
LINE
100
AcDbRay
 10
2048.709367905336
 20
-325121.9921320678
 30
0.0
 11
0.0
 21
-1.0
 31
0.0
  0
LINE
  5
2DFF50
330
11F692
100
AcDbEntity
  8
CENTER
100
AcDbLine
 10
-810.0
 20
0.0
 30
0.0
 11
-44.93781388507864
 21
0.0
 31
0.0
  0
LINE
  5
2DFF63
330
11F692
100
AcDbEntity
  8
CENTER
100
AcDbLine
 10
-500.0
 20
318.5677967638708
 30
0.0
 11
-500.0
 21
-190.0
 31
0.0
  0
CIRCLE
  5
2E26BB
330
11F692
100
AcDbEntity
  8
ANA NEJI
100
AcDbCircle
 10
-785.0000000000002
 20
-165.0
 30
0.0
 40
2.1
  0
CIRCLE
  5
2E26BC
330
11F692
100
AcDbEntity
  8
ANA NEJI
100
AcDbCircle
 10
-614.0000000000002
 20
-165.0
 30
0.0
 40
2.1
  0
CIRCLE
  5
2E26BD
330
11F692
100
AcDbEntity
  8
ANA NEJI
100
AcDbCircle
 10
-386.0000000000002
 20
-165.0
 30
0.0
 40
2.1
  0
CIRCLE
  5
2E26BE
330
11F692
100
AcDbEntity
  8
ANA NEJI
100
AcDbCircle
 10
-215.0000000000002
 20
-165.0
 30
0.0
 40
2.1
  0
CIRCLE
  5
2E26BF
330
11F692
100
AcDbEntity
  8
ANA NEJI
100
AcDbCircle
 10
-215.0000000000002
 20
0.0
 30
0.0
 40
2.1
  0
CIRCLE
  5
2E26C0
330
11F692
100
AcDbEntity
  8
ANA NEJI
100
AcDbCircle
 10
-215.0000000000002
 20
165.0000000000001
 30
0.0
 40
2.1
  0
CIRCLE
  5
2E26C1
330
11F692
100
AcDbEntity
  8
ANA NEJI
100
AcDbCircle
 10
-386.0000000000002
 20
165.0000000000001
 30
0.0
 40
2.1
  0
CIRCLE
  5
2E26C2
330
11F692
100
AcDbEntity
  8
ANA NEJI
100
AcDbCircle
 10
-614.0000000000002
 20
165.0000000000001
 30
0.0
 40
2.1
  0
CIRCLE
  5
2E26C3
330
11F692
100
AcDbEntity
  8
ANA NEJI
100
AcDbCircle
 10
-785.0000000000002
 20
165.0000000000001
 30
0.0
 40
2.1
  0
CIRCLE
  5
2E26C4
330
11F692
100
AcDbEntity
  8
ANA NEJI
100
AcDbCircle
 10
-785.0000000000002
 20
0.0000000000002274
 30
0.0
 40
2.1
  0
CIRCLE
  5
2E26C5
330
11F692
100
AcDbEntity
  8
ANA 10
100
AcDbCircle
 10
-774.5874386617645
 20
160.517438661764
 30
0.0
 40
2.1
  0
CIRCLE
  5
2E26C6
330
11F692
100
AcDbEntity
  8
ANA 10
100
AcDbCircle
 10
-766.3850000000004
 20
163.915
 30
0.0
 40
2.1
  0
CIRCLE
  5
2E26C7
330
11F692
100
AcDbEntity
  8
ANA 10
100
AcDbCircle
 10
-777.9850000000008
 20
152.315
 30
0.0
 40
2.1
  0
CIRCLE
  5
2E26C8
330
11F692
100
AcDbEntity
  8
ANA 10
100
AcDbCircle
 10
-776.9850000000007
 20
135.67
 30
0.0
 40
2.1
  0
CIRCLE
  5
2E26C9
330
11F692
100
AcDbEntity
  8
ANA 10
100
AcDbCircle
 10
-777.9850000000008
 20
110.5500000000001
 30
0.0
 40
2.1
  0
CIRCLE
  5
2E26CA
330
11F692
100
AcDbEntity
  8
ANA 10
100
AcDbCircle
 10
-777.4826049145752
 20
73.98255554321782
 30
0.0
 40
2.1
  0
CIRCLE
  5
2E26CB
330
11F692
100
AcDbEntity
  8
ANA 10
100
AcDbCircle
 10
-771.4535882066258
 20
67.2430448917903
 30
0.0
 40
2.1
  0
CIRCLE
  5
2E26CC
330
11F692
100
AcDbEntity
  8
ANA 10
100
AcDbCircle
 10
-763.935342697074
 20
58.2747458339586
 30
0.0
 40
2.1
  0
CIRCLE
  5
2E26CD
330
11F692
100
AcDbEntity
  8
ANA 10
100
AcDbCircle
 10
-762.9100000000009
 20
30.15000000000032
 30
0.0
 40
2.1
  0
CIRCLE
  5
2E26CE
330
11F692
100
AcDbEntity
  8
ANA 10
100
AcDbCircle
 10
-761.910000000001
 20
0.0
 30
0.0
 40
2.1
  0
CIRCLE
  5
2E26CF
330
11F692
100
AcDbEntity
  8
ANA 10
100
AcDbCircle
 10
-762.9100000000009
 20
-30.15000000000009
 30
0.0
 40
2.1
  0
CIRCLE
  5
2E26D0
330
11F692
100
AcDbEntity
  8
ANA 10
100
AcDbCircle
 10
-763.9353426970731
 20
-58.27474583395792
 30
0.0
 40
2.1
  0
CIRCLE
  5
2E26D1
330
11F692
100
AcDbEntity
  8
ANA 10
100
AcDbCircle
 10
-771.4535882066249
 20
-67.24304489178916
 30
0.0
 40
2.1
  0
CIRCLE
  5
2E26D2
330
11F692
100
AcDbEntity
  8
ANA 10
100
AcDbCircle
 10
-777.4826049145752
 20
-73.98255554321735
 30
0.0
 40
2.1
  0
CIRCLE
  5
2E26D3
330
11F692
100
AcDbEntity
  8
ANA 10
100
AcDbCircle
 10
-777.9850000000008
 20
-110.5499999999999
 30
0.0
 40
2.1
  0
CIRCLE
  5
2E26D4
330
11F692
100
AcDbEntity
  8
ANA 10
100
AcDbCircle
 10
-777.9850000000008
 20
-152.315
 30
0.0
 40
2.1
  0
CIRCLE
  5
2E26D5
330
11F692
100
AcDbEntity
  8
ANA 10
100
AcDbCircle
 10
-774.5874386617645
 20
-160.5174386617639
 30
0.0
 40
2.1
  0
CIRCLE
  5
2E26D6
330
11F692
100
AcDbEntity
  8
ANA 10
100
AcDbCircle
 10
-766.3850000000004
 20
-163.9149999999999
 30
0.0
 40
2.1
  0
CIRCLE
  5
2E26D7
330
11F692
100
AcDbEntity
  8
ANA 10
100
AcDbCircle
 10
-741.2
 20
-162.9149999999997
 30
0.0
 40
2.1
  0
CIRCLE
  5
2E26D8
330
11F692
100
AcDbEntity
  8
ANA 10
100
AcDbCircle
 10
-741.1999999999936
 20
163.915
 30
0.0
 40
2.1
  0
CIRCLE
  5
2E26D9
330
11F692
100
AcDbEntity
  8
ANA 10
100
AcDbCircle
 10
-700.9999999999938
 20
-163.9149999999999
 30
0.0
 40
2.1
  0
CIRCLE
  5
2E26DA
330
11F692
100
AcDbEntity
  8
ANA 12
100
AcDbCircle
 10
-700.9999999999938
 20
-154.8749999999966
 30
0.0
 40
2.1
  0
CIRCLE
  5
2E26DB
330
11F692
100
AcDbEntity
  8
ANA 10
100
AcDbCircle
 10
-620.5999999999969
 20
-163.9149999999999
 30
0.0
 40
2.1
  0
CIRCLE
  5
2E26DC
330
11F692
100
AcDbEntity
  8
ANA 12
100
AcDbCircle
 10
-620.5999999999969
 20
-154.8749999999966
 30
0.0
 40
2.1
  0
CIRCLE
  5
2E26DD
330
11F692
100
AcDbEntity
  8
ANA 10
100
AcDbCircle
 10
-540.2
 20
-163.9149999999999
 30
0.0
 40
2.1
  0
CIRCLE
  5
2E26DE
330
11F692
100
AcDbEntity
  8
ANA 12
100
AcDbCircle
 10
-540.2
 20
-154.8749999999966
 30
0.0
 40
2.1
  0
CIRCLE
  5
2E26DF
330
11F692
100
AcDbEntity
  8
ANA 10
100
AcDbCircle
 10
-459.8000000000013
 20
-163.9149999999999
 30
0.0
 40
2.1
  0
CIRCLE
  5
2E26E0
330
11F692
100
AcDbEntity
  8
ANA 12
100
AcDbCircle
 10
-459.8000000000013
 20
-154.8749999999966
 30
0.0
 40
2.1
  0
CIRCLE
  5
2E26E1
330
11F692
100
AcDbEntity
  8
ANA 10
100
AcDbCircle
 10
-379.4000000000035
 20
-163.9149999999999
 30
0.0
 40
2.1
  0
CIRCLE
  5
2E26E2
330
11F692
100
AcDbEntity
  8
ANA 12
100
AcDbCircle
 10
-379.4000000000035
 20
-154.8749999999966
 30
0.0
 40
2.1
  0
CIRCLE
  5
2E26E3
330
11F692
100
AcDbEntity
  8
ANA 10
100
AcDbCircle
 10
-299.0000000000066
 20
-163.9149999999999
 30
0.0
 40
2.1
  0
CIRCLE
  5
2E26E4
330
11F692
100
AcDbEntity
  8
ANA 12
100
AcDbCircle
 10
-299.0000000000066
 20
-154.8749999999966
 30
0.0
 40
2.1
  0
CIRCLE
  5
2E26E5
330
11F692
100
AcDbEntity
  8
ANA 12
100
AcDbCircle
 10
-741.1999999999936
 20
154.8749999999966
 30
0.0
 40
2.1
  0
CIRCLE
  5
2E26E6
330
11F692
100
AcDbEntity
  8
ANA 10
100
AcDbCircle
 10
-660.7999999999949
 20
163.915
 30
0.0
 40
2.1
  0
CIRCLE
  5
2E26E7
330
11F692
100
AcDbEntity
  8
ANA 12
100
AcDbCircle
 10
-660.7999999999949
 20
154.8749999999966
 30
0.0
 40
2.1
  0
CIRCLE
  5
2E26E8
330
11F692
100
AcDbEntity
  8
ANA 10
100
AcDbCircle
 10
-580.3999999999989
 20
163.915
 30
0.0
 40
2.1
  0
CIRCLE
  5
2E26E9
330
11F692
100
AcDbEntity
  8
ANA 12
100
AcDbCircle
 10
-580.3999999999989
 20
154.8749999999966
 30
0.0
 40
2.1
  0
CIRCLE
  5
2E26EA
330
11F692
100
AcDbEntity
  8
ANA 10
100
AcDbCircle
 10
-500.0000000000011
 20
163.915
 30
0.0
 40
2.1
  0
CIRCLE
  5
2E26EB
330
11F692
100
AcDbEntity
  8
ANA 12
100
AcDbCircle
 10
-500.0000000000011
 20
154.8749999999966
 30
0.0
 40
2.1
  0
CIRCLE
  5
2E26EC
330
11F692
100
AcDbEntity
  8
ANA 10
100
AcDbCircle
 10
-419.6000000000033
 20
163.915
 30
0.0
 40
2.1
  0
CIRCLE
  5
2E26ED
330
11F692
100
AcDbEntity
  8
ANA 12
100
AcDbCircle
 10
-419.6000000000033
 20
154.8749999999966
 30
0.0
 40
2.1
  0
CIRCLE
  5
2E26EE
330
11F692
100
AcDbEntity
  8
ANA 10
100
AcDbCircle
 10
-339.2000000000064
 20
163.915
 30
0.0
 40
2.1
  0
CIRCLE
  5
2E26EF
330
11F692
100
AcDbEntity
  8
ANA 12
100
AcDbCircle
 10
-339.2000000000064
 20
154.8749999999966
 30
0.0
 40
2.1
  0
CIRCLE
  5
2E26F0
330
11F692
100
AcDbEntity
  8
ANA 10
100
AcDbCircle
 10
-258.7999999999941
 20
163.915
 30
0.0
 40
2.1
  0
CIRCLE
  5
2E26F1
330
11F692
100
AcDbEntity
  8
ANA 12
100
AcDbCircle
 10
-258.7999999999941
 20
154.8749999999966
 30
0.0
 40
2.1
  0
CIRCLE
  5
2E26F2
330
11F692
100
AcDbEntity
  8
ANA 10
100
AcDbCircle
 10
-700.9999999999938
 20
162.9149999999998
 30
0.0
 40
2.1
  0
CIRCLE
  5
2E26F3
330
11F692
100
AcDbEntity
  8
ANA 10
100
AcDbCircle
 10
-620.6000000000005
 20
162.9149999999998
 30
0.0
 40
2.1
  0
CIRCLE
  5
2E26F4
330
11F692
100
AcDbEntity
  8
ANA 10
100
AcDbCircle
 10
-540.2
 20
162.9149999999998
 30
0.0
 40
2.1
  0
CIRCLE
  5
2E26F5
330
11F692
100
AcDbEntity
  8
ANA 10
100
AcDbCircle
 10
-776.9850000000007
 20
-135.67
 30
0.0
 40
2.1
  0
CIRCLE
  5
2E26F6
330
11F692
100
AcDbEntity
  8
ANA 10
100
AcDbCircle
 10
-660.799999999994
 20
-162.9149999999997
 30
0.0
 40
2.1
  0
CIRCLE
  5
2E26F7
330
11F692
100
AcDbEntity
  8
ANA 10
100
AcDbCircle
 10
-580.3999999999998
 20
-162.9149999999997
 30
0.0
 40
2.1
  0
CIRCLE
  5
2E26F8
330
11F692
100
AcDbEntity
  8
ANA 10
100
AcDbCircle
 10
-500.0000000000002
 20
-162.9149999999997
 30
0.0
 40
2.1
  0
CIRCLE
  5
2E26F9
330
11F692
100
AcDbEntity
  8
ANA 10
100
AcDbCircle
 10
-419.5999999999997
 20
-162.9149999999997
 30
0.0
 40
2.1
  0
CIRCLE
  5
2E26FA
330
11F692
100
AcDbEntity
  8
ANA 10
100
AcDbCircle
 10
-339.2000000000064
 20
-162.9149999999997
 30
0.0
 40
2.1
  0
CIRCLE
  5
2E26FB
330
11F692
100
AcDbEntity
  8
ANA 10
100
AcDbCircle
 10
-258.8000000000004
 20
-162.9149999999997
 30
0.0
 40
2.1
  0
CIRCLE
  5
2E26FC
330
11F692
100
AcDbEntity
  8
ANA 10
100
AcDbCircle
 10
-223.0149999999996
 20
-135.6700000000007
 30
0.0
 40
2.1
  0
CIRCLE
  5
2E26FD
330
11F692
100
AcDbEntity
  8
ANA 10
100
AcDbCircle
 10
-222.0149999999996
 20
-110.5499999999999
 30
0.0
 40
2.1
  0
CIRCLE
  5
2E26FE
330
11F692
100
AcDbEntity
  8
ANA 10
100
AcDbCircle
 10
-222.5173950854253
 20
-73.98255554321782
 30
0.0
 40
2.1
  0
CIRCLE
  5
2E26FF
330
11F692
100
AcDbEntity
  8
ANA 10
100
AcDbCircle
 10
-228.5464117933754
 20
-67.24304489178962
 30
0.0
 40
2.1
  0
CIRCLE
  5
2E2700
330
11F692
100
AcDbEntity
  8
ANA 10
100
AcDbCircle
 10
-236.0646573029273
 20
-58.27474583395792
 30
0.0
 40
2.1
  0
CIRCLE
  5
2E2701
330
11F692
100
AcDbEntity
  8
ANA 10
100
AcDbCircle
 10
-237.0900000000004
 20
-30.15000000000009
 30
0.0
 40
2.1
  0
CIRCLE
  5
2E2702
330
11F692
100
AcDbEntity
  8
ANA 10
100
AcDbCircle
 10
-238.0899999999995
 20
0.0
 30
0.0
 40
2.1
  0
CIRCLE
  5
2E2703
330
11F692
100
AcDbEntity
  8
ANA 10
100
AcDbCircle
 10
-237.0900000000004
 20
30.15000000000032
 30
0.0
 40
2.1
  0
CIRCLE
  5
2E2704
330
11F692
100
AcDbEntity
  8
ANA 10
100
AcDbCircle
 10
-236.0646573029273
 20
58.27474583395792
 30
0.0
 40
2.1
  0
CIRCLE
  5
2E2705
330
11F692
100
AcDbEntity
  8
ANA 10
100
AcDbCircle
 10
-228.5464117933754
 20
67.24304489178962
 30
0.0
 40
2.1
  0
CIRCLE
  5
2E2706
330
11F692
100
AcDbEntity
  8
ANA 10
100
AcDbCircle
 10
-222.5173950854253
 20
73.98255554321782
 30
0.0
 40
2.1
  0
CIRCLE
  5
2E2707
330
11F692
100
AcDbEntity
  8
ANA 10
100
AcDbCircle
 10
-222.0149999999996
 20
110.5500000000001
 30
0.0
 40
2.1
  0
CIRCLE
  5
2E2708
330
11F692
100
AcDbEntity
  8
ANA 10
100
AcDbCircle
 10
-223.0100257454126
 20
135.8538482743545
 30
0.0
 40
2.1
  0
CIRCLE
  5
2E2709
330
11F692
100
AcDbEntity
  8
ANA 10
100
AcDbCircle
 10
-299.0000000000002
 20
162.9149999999998
 30
0.0
 40
2.1
  0
CIRCLE
  5
2E270A
330
11F692
100
AcDbEntity
  8
ANA 10
100
AcDbCircle
 10
-379.4000000000062
 20
162.9149999999998
 30
0.0
 40
2.1
  0
CIRCLE
  5
2E270B
330
11F692
100
AcDbEntity
  8
ANA 10
100
AcDbCircle
 10
-459.8000000000004
 20
162.9149999999998
 30
0.0
 40
2.1
  0
CIRCLE
  5
2E270C
330
11F692
100
AcDbEntity
  8
ANA 12
100
AcDbCircle
 10
-231.0549999999969
 20
110.5500000000001
 30
0.0
 40
2.1
  0
CIRCLE
  5
2E270D
330
11F692
100
AcDbEntity
  8
ANA 12
100
AcDbCircle
 10
-246.1299999999994
 20
30.15000000000032
 30
0.0
 40
2.1
  0
CIRCLE
  5
2E270E
330
11F692
100
AcDbEntity
  8
ANA 12
100
AcDbCircle
 10
-246.1299999999994
 20
-30.15000000000009
 30
0.0
 40
2.1
  0
CIRCLE
  5
2E270F
330
11F692
100
AcDbEntity
  8
ANA 12
100
AcDbCircle
 10
-231.0549999999969
 20
-110.5499999999999
 30
0.0
 40
2.1
  0
CIRCLE
  5
2E2710
330
11F692
100
AcDbEntity
  8
ANA 12
100
AcDbCircle
 10
-753.8699999999947
 20
-30.14999999999884
 30
0.0
 40
2.1
  0
CIRCLE
  5
2E2711
330
11F692
100
AcDbEntity
  8
ANA 12
100
AcDbCircle
 10
-768.9449999999972
 20
-110.5499999999986
 30
0.0
 40
2.1
  0
CIRCLE
  5
2E2712
330
11F692
100
AcDbEntity
  8
ANA 12
100
AcDbCircle
 10
-753.8699999999947
 20
30.14999999999896
 30
0.0
 40
2.1
  0
CIRCLE
  5
2E2713
330
11F692
100
AcDbEntity
  8
ANA 12
100
AcDbCircle
 10
-768.9449999999972
 20
110.5500000000001
 30
0.0
 40
2.1
  0
CIRCLE
  5
2E2714
330
11F692
100
AcDbEntity
  8
ANA 30.5 Φ9.5x7° U15.1
100
AcDbCircle
 10
-700.9999999999966
 20
150.4056830253724
 30
0.0
 40
2.1
  0
CIRCLE
  5
2E2715
330
11F692
100
AcDbEntity
  8
ANA 28.3
100
AcDbCircle
 10
-701.0000000000002
 20
144.8157197633381
 30
0.0
 40
2.1
  0
CIRCLE
  5
2E2716
330
11F692
100
AcDbEntity
  8
ANA 30.5 Φ9.5x7° U15.1
100
AcDbCircle
 10
-660.8000000000031
 20
73.25002502754682
 30
0.0
 40
2.1
  0
CIRCLE
  5
2E2717
330
11F692
100
AcDbEntity
  8
ANA 28.3
100
AcDbCircle
 10
-660.8000000000004
 20
78.34087001538421
 30
0.0
 40
2.1
  0
CIRCLE
  5
2E2718
330
11F692
100
AcDbEntity
  8
ANA 30.5 Φ9.5x7° U15.1
100
AcDbCircle
 10
-580.4000000000034
 20
73.25002502754682
 30
0.0
 40
2.1
  0
CIRCLE
  5
2E2719
330
11F692
100
AcDbEntity
  8
ANA 28.3
100
AcDbCircle
 10
-580.3999999999998
 20
78.34087001538421
 30
0.0
 40
2.1
  0
CIRCLE
  5
2E271A
330
11F692
100
AcDbEntity
  8
ANA 30.5 Φ9.5x7° U15.1
100
AcDbCircle
 10
-500.0000000000002
 20
73.25002502754682
 30
0.0
 40
2.1
  0
CIRCLE
  5
2E271B
330
11F692
100
AcDbEntity
  8
ANA 28.3
100
AcDbCircle
 10
-500.0000000000002
 20
78.34087001538421
 30
0.0
 40
2.1
  0
CIRCLE
  5
2E271C
330
11F692
100
AcDbEntity
  8
ANA 30.5 Φ9.5x7° U15.1
100
AcDbCircle
 10
-419.6000000000033
 20
73.25002502754682
 30
0.0
 40
2.1
  0
CIRCLE
  5
2E271D
330
11F692
100
AcDbEntity
  8
ANA 28.3
100
AcDbCircle
 10
-419.5999999999997
 20
78.3408700153841
 30
0.0
 40
2.1
  0
CIRCLE
  5
2E271E
330
11F692
100
AcDbEntity
  8
ANA 30.5 Φ9.5x7° U15.1
100
AcDbCircle
 10
-339.2000000000037
 20
73.25002502754682
 30
0.0
 40
2.1
  0
CIRCLE
  5
2E271F
330
11F692
100
AcDbEntity
  8
ANA 28.3
100
AcDbCircle
 10
-339.2
 20
78.3408700153841
 30
0.0
 40
2.1
  0
CIRCLE
  5
2E2720
330
11F692
100
AcDbEntity
  8
ANA 30.5 Φ9.5x7° U15.1
100
AcDbCircle
 10
-620.599999999996
 20
150.4056830253724
 30
0.0
 40
2.1
  0
CIRCLE
  5
2E2721
330
11F692
100
AcDbEntity
  8
ANA 28.3
100
AcDbCircle
 10
-620.5999999999996
 20
144.8157197633381
 30
0.0
 40
2.1
  0
CIRCLE
  5
2E2722
330
11F692
100
AcDbEntity
  8
ANA 30.5 Φ9.5x7° U15.1
100
AcDbCircle
 10
-540.1999999999973
 20
150.4056830253722
 30
0.0
 40
2.1
  0
CIRCLE
  5
2E2723
330
11F692
100
AcDbEntity
  8
ANA 28.3
100
AcDbCircle
 10
-540.2
 20
144.8157197633379
 30
0.0
 40
2.1
  0
CIRCLE
  5
2E2724
330
11F692
100
AcDbEntity
  8
ANA 30.5 Φ9.5x7° U15.1
100
AcDbCircle
 10
-459.7999999999967
 20
150.4056830253724
 30
0.0
 40
2.1
  0
CIRCLE
  5
2E2725
330
11F692
100
AcDbEntity
  8
ANA 28.3
100
AcDbCircle
 10
-459.8000000000004
 20
144.8157197633381
 30
0.0
 40
2.1
  0
CIRCLE
  5
2E2726
330
11F692
100
AcDbEntity
  8
ANA 30.5 Φ9.5x7° U15.1
100
AcDbCircle
 10
-379.3999999999962
 20
150.4056830253723
 30
0.0
 40
2.1
  0
CIRCLE
  5
2E2727
330
11F692
100
AcDbEntity
  8
ANA 28.3
100
AcDbCircle
 10
-379.3999999999999
 20
144.815719763338
 30
0.0
 40
2.1
  0
CIRCLE
  5
2E2728
330
11F692
100
AcDbEntity
  8
ANA 30.5 Φ9.5x7° U15.1
100
AcDbCircle
 10
-298.9999999999966
 20
150.4056830253724
 30
0.0
 40
2.1
  0
CIRCLE
  5
2E2729
330
11F692
100
AcDbEntity
  8
ANA 28.3
100
AcDbCircle
 10
-298.9999999999993
 20
144.8157197633381
 30
0.0
 40
2.1
  0
CIRCLE
  5
2E272A
330
11F692
100
AcDbEntity
  8
ANA 28.3
100
AcDbCircle
 10
-265.0016233815934
 20
141.0233766184074
 30
0.0
 40
2.1
  0
CIRCLE
  5
2E272B
330
11F692
100
AcDbEntity
  8
ANA 30.5 Φ9.5x7° U15.1
100
AcDbCircle
 10
-261.3000083201634
 20
144.7249916798369
 30
0.0
 40
2.1
  0
CIRCLE
  5
2E272C
330
11F692
100
AcDbEntity
  8
ANA 28.3
100
AcDbCircle
 10
-734.9983766184079
 20
141.023376618409
 30
0.0
 40
2.1
  0
CIRCLE
  5
2E272D
330
11F692
100
AcDbEntity
  8
ANA 30.5 Φ9.5x7° U15.1
100
AcDbCircle
 10
-738.6999916798369
 20
144.7249916798385
 30
0.0
 40
2.1
  0
CIRCLE
  5
2E272E
330
11F692
100
AcDbEntity
  8
ANA 28.3
100
AcDbCircle
 10
-265.0016233815934
 20
66.65337661840749
 30
0.0
 40
2.1
  0
CIRCLE
  5
2E272F
330
11F692
100
AcDbEntity
  8
ANA 30.5 Φ9.5x7° U15.1
100
AcDbCircle
 10
-261.3000083201634
 20
70.35499167983698
 30
0.0
 40
2.1
  0
CIRCLE
  5
2E2730
330
11F692
100
AcDbEntity
  8
ANA 28.3
100
AcDbCircle
 10
-734.9983766184079
 20
66.65337661840908
 30
0.0
 40
2.1
  0
CIRCLE
  5
2E2731
330
11F692
100
AcDbEntity
  8
ANA 30.5 Φ9.5x7° U15.1
100
AcDbCircle
 10
-738.6999916798369
 20
70.35499167983857
 30
0.0
 40
2.1
  0
CIRCLE
  5
2E2732
330
11F692
100
AcDbEntity
  8
ANA 28.3
100
AcDbCircle
 10
-265.0016233815934
 20
-7.716623381592626
 30
0.0
 40
2.1
  0
CIRCLE
  5
2E2733
330
11F692
100
AcDbEntity
  8
ANA 30.5 Φ9.5x7° U15.1
100
AcDbCircle
 10
-261.3000083201634
 20
-4.015008320163133
 30
0.0
 40
2.1
  0
CIRCLE
  5
2E2734
330
11F692
100
AcDbEntity
  8
ANA 28.3
100
AcDbCircle
 10
-734.9983766184079
 20
-7.716623381591034
 30
0.0
 40
2.1
  0
CIRCLE
  5
2E2735
330
11F692
100
AcDbEntity
  8
ANA 30.5 Φ9.5x7° U15.1
100
AcDbCircle
 10
-738.6999916798369
 20
-4.015008320161541
 30
0.0
 40
2.1
  0
CIRCLE
  5
2E2736
330
11F692
100
AcDbEntity
  8
ANA 28.3
100
AcDbCircle
 10
-265.0016233815934
 20
-66.65337661840727
 30
0.0
 40
2.1
  0
CIRCLE
  5
2E2737
330
11F692
100
AcDbEntity
  8
ANA 30.5 Φ9.5x7° U15.1
100
AcDbCircle
 10
-261.3000083201634
 20
-70.35499167983676
 30
0.0
 40
2.1
  0
CIRCLE
  5
2E2738
330
11F692
100
AcDbEntity
  8
ANA 28.3
100
AcDbCircle
 10
-734.9983766184079
 20
-66.65337661840886
 30
0.0
 40
2.1
  0
CIRCLE
  5
2E2739
330
11F692
100
AcDbEntity
  8
ANA 30.5 Φ9.5x7° U15.1
100
AcDbCircle
 10
-738.6999916798369
 20
-70.35499167983835
 30
0.0
 40
2.1
  0
CIRCLE
  5
2E273A
330
11F692
100
AcDbEntity
  8
ANA 28.3
100
AcDbCircle
 10
-265.0016233815934
 20
-141.0233766184074
 30
0.0
 40
2.1
  0
CIRCLE
  5
2E273B
330
11F692
100
AcDbEntity
  8
ANA 30.5 Φ9.5x7° U15.1
100
AcDbCircle
 10
-261.3000083201634
 20
-144.7249916798369
 30
0.0
 40
2.1
  0
CIRCLE
  5
2E273C
330
11F692
100
AcDbEntity
  8
ANA 28.3
100
AcDbCircle
 10
-734.9983766184079
 20
-141.0233766184087
 30
0.0
 40
2.1
  0
CIRCLE
  5
2E273D
330
11F692
100
AcDbEntity
  8
ANA 30.5 Φ9.5x7° U15.1
100
AcDbCircle
 10
-738.6999916798369
 20
-144.7249916798384
 30
0.0
 40
2.1
  0
CIRCLE
  5
2E273E
330
11F692
100
AcDbEntity
  8
ANA 28.3
100
AcDbCircle
 10
-739.217793476366
 20
111.5550000000016
 30
0.0
 40
2.1
  0
CIRCLE
  5
2E273F
330
11F692
100
AcDbEntity
  8
ANA 28.3
100
AcDbCircle
 10
-734.9983766184079
 20
82.08662338159433
 30
0.0
 40
2.1
  0
CIRCLE
  5
2E2740
330
11F692
100
AcDbEntity
  8
ANA 28.3
100
AcDbCircle
 10
-700.1523243206167
 20
80.5050000000017
 30
0.0
 40
2.1
  0
CIRCLE
  5
2E2741
330
11F692
100
AcDbEntity
  8
ANA 28.3
100
AcDbCircle
 10
-620.5999999999996
 20
80.5050000000017
 30
0.0
 40
2.1
  0
CIRCLE
  5
2E2742
330
11F692
100
AcDbEntity
  8
ANA 28.3
100
AcDbCircle
 10
-540.2
 20
80.5050000000017
 30
0.0
 40
2.1
  0
CIRCLE
  5
2E2743
330
11F692
100
AcDbEntity
  8
ANA 28.3
100
AcDbCircle
 10
-459.8000000000004
 20
80.5050000000017
 30
0.0
 40
2.1
  0
CIRCLE
  5
2E2744
330
11F692
100
AcDbEntity
  8
ANA 28.3
100
AcDbCircle
 10
-379.3999999999999
 20
80.5050000000017
 30
0.0
 40
2.1
  0
CIRCLE
  5
2E2745
330
11F692
100
AcDbEntity
  8
ANA 28.3
100
AcDbCircle
 10
-299.8476756793828
 20
80.5050000000017
 30
0.0
 40
2.1
  0
CIRCLE
  5
2E2746
330
11F692
100
AcDbEntity
  8
ANA 28.3
100
AcDbCircle
 10
-265.0016233815925
 20
82.08662338159445
 30
0.0
 40
2.1
  0
CIRCLE
  5
2E2747
330
11F692
100
AcDbEntity
  8
ANA 28.3
100
AcDbCircle
 10
-263.4200000000003
 20
111.5550000000018
 30
0.0
 40
2.1
  0
CIRCLE
  5
2E2748
330
11F692
100
AcDbEntity
  8
ANA 28.3
100
AcDbCircle
 10
-339.2
 20
142.6050000000017
 30
0.0
 40
2.1
  0
CIRCLE
  5
2E2749
330
11F692
100
AcDbEntity
  8
ANA 28.3
100
AcDbCircle
 10
-419.5999999999997
 20
142.6050000000017
 30
0.0
 40
2.1
  0
CIRCLE
  5
2E274A
330
11F692
100
AcDbEntity
  8
ANA 28.3
100
AcDbCircle
 10
-500.0000000000002
 20
142.6050000000017
 30
0.0
 40
2.1
  0
CIRCLE
  5
2E274B
330
11F692
100
AcDbEntity
  8
ANA 28.3
100
AcDbCircle
 10
-580.3999999999998
 20
142.6050000000017
 30
0.0
 40
2.1
  0
CIRCLE
  5
2E274C
330
11F692
100
AcDbEntity
  8
ANA 28.3
100
AcDbCircle
 10
-660.8000000000004
 20
142.6050000000017
 30
0.0
 40
2.1
  0
CIRCLE
  5
2E274D
330
11F692
100
AcDbEntity
  8
ANA 28.3
100
AcDbCircle
 10
-701.0000000000002
 20
70.44571976333816
 30
0.0
 40
2.1
  0
CIRCLE
  5
2E274E
330
11F692
100
AcDbEntity
  8
ANA 28.3
100
AcDbCircle
 10
-660.8000000000004
 20
3.970870015384207
 30
0.0
 40
2.1
  0
CIRCLE
  5
2E274F
330
11F692
100
AcDbEntity
  8
ANA 28.3
100
AcDbCircle
 10
-580.3999999999998
 20
3.970870015384207
 30
0.0
 40
2.1
  0
CIRCLE
  5
2E2750
330
11F692
100
AcDbEntity
  8
ANA 28.3
100
AcDbCircle
 10
-500.0000000000002
 20
3.970870015384207
 30
0.0
 40
2.1
  0
CIRCLE
  5
2E2751
330
11F692
100
AcDbEntity
  8
ANA 28.3
100
AcDbCircle
 10
-419.5999999999997
 20
3.970870015383979
 30
0.0
 40
2.1
  0
CIRCLE
  5
2E2752
330
11F692
100
AcDbEntity
  8
ANA 28.3
100
AcDbCircle
 10
-339.2
 20
3.970870015383979
 30
0.0
 40
2.1
  0
CIRCLE
  5
2E2753
330
11F692
100
AcDbEntity
  8
ANA 28.3
100
AcDbCircle
 10
-620.5999999999996
 20
70.44571976333816
 30
0.0
 40
2.1
  0
CIRCLE
  5
2E2754
330
11F692
100
AcDbEntity
  8
ANA 28.3
100
AcDbCircle
 10
-540.2
 20
70.44571976333782
 30
0.0
 40
2.1
  0
CIRCLE
  5
2E2755
330
11F692
100
AcDbEntity
  8
ANA 28.3
100
AcDbCircle
 10
-459.8000000000004
 20
70.44571976333805
 30
0.0
 40
2.1
  0
CIRCLE
  5
2E2756
330
11F692
100
AcDbEntity
  8
ANA 28.3
100
AcDbCircle
 10
-379.3999999999999
 20
70.44571976333805
 30
0.0
 40
2.1
  0
CIRCLE
  5
2E2757
330
11F692
100
AcDbEntity
  8
ANA 28.3
100
AcDbCircle
 10
-298.9999999999993
 20
70.44571976333805
 30
0.0
 40
2.1
  0
CIRCLE
  5
2E2758
330
11F692
100
AcDbEntity
  8
ANA 28.3
100
AcDbCircle
 10
-734.9983766184079
 20
7.716623381594445
 30
0.0
 40
2.1
  0
CIRCLE
  5
2E2759
330
11F692
100
AcDbEntity
  8
ANA 28.3
100
AcDbCircle
 10
-700.1523243206167
 20
6.135000000001809
 30
0.0
 40
2.1
  0
CIRCLE
  5
2E275A
330
11F692
100
AcDbEntity
  8
ANA 28.3
100
AcDbCircle
 10
-620.5999999999996
 20
6.135000000001809
 30
0.0
 40
2.1
  0
CIRCLE
  5
2E275B
330
11F692
100
AcDbEntity
  8
ANA 28.3
100
AcDbCircle
 10
-540.2
 20
6.135000000001809
 30
0.0
 40
2.1
  0
CIRCLE
  5
2E275C
330
11F692
100
AcDbEntity
  8
ANA 28.3
100
AcDbCircle
 10
-459.8000000000004
 20
6.135000000001809
 30
0.0
 40
2.1
  0
CIRCLE
  5
2E275D
330
11F692
100
AcDbEntity
  8
ANA 28.3
100
AcDbCircle
 10
-379.3999999999999
 20
6.135000000001809
 30
0.0
 40
2.1
  0
CIRCLE
  5
2E275E
330
11F692
100
AcDbEntity
  8
ANA 28.3
100
AcDbCircle
 10
-299.8476756793828
 20
6.135000000001809
 30
0.0
 40
2.1
  0
CIRCLE
  5
2E275F
330
11F692
100
AcDbEntity
  8
ANA 28.3
100
AcDbCircle
 10
-265.0016233815925
 20
7.716623381594445
 30
0.0
 40
2.1
  0
CIRCLE
  5
2E2760
330
11F692
100
AcDbEntity
  8
ANA 28.3
100
AcDbCircle
 10
-339.2
 20
68.23500000000172
 30
0.0
 40
2.1
  0
CIRCLE
  5
2E2761
330
11F692
100
AcDbEntity
  8
ANA 28.3
100
AcDbCircle
 10
-419.5999999999997
 20
68.23500000000172
 30
0.0
 40
2.1
  0
CIRCLE
  5
2E2762
330
11F692
100
AcDbEntity
  8
ANA 28.3
100
AcDbCircle
 10
-500.0000000000002
 20
68.23500000000172
 30
0.0
 40
2.1
  0
CIRCLE
  5
2E2763
330
11F692
100
AcDbEntity
  8
ANA 28.3
100
AcDbCircle
 10
-580.3999999999998
 20
68.23500000000172
 30
0.0
 40
2.1
  0
CIRCLE
  5
2E2764
330
11F692
100
AcDbEntity
  8
ANA 28.3
100
AcDbCircle
 10
-660.8000000000004
 20
68.23500000000172
 30
0.0
 40
2.1
  0
CIRCLE
  5
2E2765
330
11F692
100
AcDbEntity
  8
ANA 28.3
100
AcDbCircle
 10
-701.0000000000002
 20
-3.924280236661843
 30
0.0
 40
2.1
  0
CIRCLE
  5
2E2766
330
11F692
100
AcDbEntity
  8
ANA 28.3
100
AcDbCircle
 10
-660.8000000000004
 20
-70.3991299846158
 30
0.0
 40
2.1
  0
CIRCLE
  5
2E2767
330
11F692
100
AcDbEntity
  8
ANA 28.3
100
AcDbCircle
 10
-580.3999999999998
 20
-70.3991299846158
 30
0.0
 40
2.1
  0
CIRCLE
  5
2E2768
330
11F692
100
AcDbEntity
  8
ANA 28.3
100
AcDbCircle
 10
-500.0000000000002
 20
-70.3991299846158
 30
0.0
 40
2.1
  0
CIRCLE
  5
2E2769
330
11F692
100
AcDbEntity
  8
ANA 28.3
100
AcDbCircle
 10
-419.5999999999997
 20
-70.39912998461591
 30
0.0
 40
2.1
  0
CIRCLE
  5
2E276A
330
11F692
100
AcDbEntity
  8
ANA 28.3
100
AcDbCircle
 10
-339.2
 20
-70.39912998461591
 30
0.0
 40
2.1
  0
CIRCLE
  5
2E276B
330
11F692
100
AcDbEntity
  8
ANA 28.3
100
AcDbCircle
 10
-620.5999999999996
 20
-3.924280236661843
 30
0.0
 40
2.1
  0
CIRCLE
  5
2E276C
330
11F692
100
AcDbEntity
  8
ANA 28.3
100
AcDbCircle
 10
-540.2
 20
-3.92428023666207
 30
0.0
 40
2.1
  0
CIRCLE
  5
2E276D
330
11F692
100
AcDbEntity
  8
ANA 28.3
100
AcDbCircle
 10
-459.8000000000004
 20
-3.924280236661843
 30
0.0
 40
2.1
  0
CIRCLE
  5
2E276E
330
11F692
100
AcDbEntity
  8
ANA 28.3
100
AcDbCircle
 10
-379.3999999999999
 20
-3.924280236661957
 30
0.0
 40
2.1
  0
CIRCLE
  5
2E276F
330
11F692
100
AcDbEntity
  8
ANA 28.3
100
AcDbCircle
 10
-298.9999999999993
 20
-3.924280236661843
 30
0.0
 40
2.1
  0
CIRCLE
  5
2E2770
330
11F692
100
AcDbEntity
  8
ANA 28.3
100
AcDbCircle
 10
-700.1523243206167
 20
-68.23499999999831
 30
0.0
 40
2.1
  0
CIRCLE
  5
2E2771
330
11F692
100
AcDbEntity
  8
ANA 28.3
100
AcDbCircle
 10
-620.5999999999996
 20
-68.23499999999831
 30
0.0
 40
2.1
  0
CIRCLE
  5
2E2772
330
11F692
100
AcDbEntity
  8
ANA 28.3
100
AcDbCircle
 10
-540.2
 20
-68.23499999999831
 30
0.0
 40
2.1
  0
CIRCLE
  5
2E2773
330
11F692
100
AcDbEntity
  8
ANA 28.3
100
AcDbCircle
 10
-459.8000000000004
 20
-68.23499999999831
 30
0.0
 40
2.1
  0
CIRCLE
  5
2E2774
330
11F692
100
AcDbEntity
  8
ANA 28.3
100
AcDbCircle
 10
-379.3999999999999
 20
-68.23499999999831
 30
0.0
 40
2.1
  0
CIRCLE
  5
2E2775
330
11F692
100
AcDbEntity
  8
ANA 28.3
100
AcDbCircle
 10
-299.8476756793828
 20
-68.23499999999831
 30
0.0
 40
2.1
  0
CIRCLE
  5
2E2776
330
11F692
100
AcDbEntity
  8
ANA 28.3
100
AcDbCircle
 10
-339.2
 20
-6.134999999998171
 30
0.0
 40
2.1
  0
CIRCLE
  5
2E2777
330
11F692
100
AcDbEntity
  8
ANA 28.3
100
AcDbCircle
 10
-419.5999999999997
 20
-6.134999999998171
 30
0.0
 40
2.1
  0
CIRCLE
  5
2E2778
330
11F692
100
AcDbEntity
  8
ANA 28.3
100
AcDbCircle
 10
-500.0000000000002
 20
-6.134999999998285
 30
0.0
 40
2.1
  0
CIRCLE
  5
2E2779
330
11F692
100
AcDbEntity
  8
ANA 28.3
100
AcDbCircle
 10
-580.3999999999998
 20
-6.134999999998285
 30
0.0
 40
2.1
  0
CIRCLE
  5
2E277A
330
11F692
100
AcDbEntity
  8
ANA 28.3
100
AcDbCircle
 10
-660.8000000000004
 20
-6.134999999998171
 30
0.0
 40
2.1
  0
CIRCLE
  5
2E277B
330
11F692
100
AcDbEntity
  8
ANA 28.3
100
AcDbCircle
 10
-701.0000000000002
 20
-78.29428023666185
 30
0.0
 40
2.1
  0
CIRCLE
  5
2E277C
330
11F692
100
AcDbEntity
  8
ANA 28.3
100
AcDbCircle
 10
-660.8000000000004
 20
-144.7691299846158
 30
0.0
 40
2.1
  0
CIRCLE
  5
2E277D
330
11F692
100
AcDbEntity
  8
ANA 28.3
100
AcDbCircle
 10
-580.3999999999998
 20
-144.7691299846158
 30
0.0
 40
2.1
  0
CIRCLE
  5
2E277E
330
11F692
100
AcDbEntity
  8
ANA 28.3
100
AcDbCircle
 10
-500.0000000000002
 20
-144.7691299846158
 30
0.0
 40
2.1
  0
CIRCLE
  5
2E277F
330
11F692
100
AcDbEntity
  8
ANA 28.3
100
AcDbCircle
 10
-419.5999999999997
 20
-144.769129984616
 30
0.0
 40
2.1
  0
CIRCLE
  5
2E2780
330
11F692
100
AcDbEntity
  8
ANA 28.3
100
AcDbCircle
 10
-339.2
 20
-144.769129984616
 30
0.0
 40
2.1
  0
CIRCLE
  5
2E2781
330
11F692
100
AcDbEntity
  8
ANA 28.3
100
AcDbCircle
 10
-620.5999999999996
 20
-78.29428023666185
 30
0.0
 40
2.1
  0
CIRCLE
  5
2E2782
330
11F692
100
AcDbEntity
  8
ANA 28.3
100
AcDbCircle
 10
-540.2
 20
-78.29428023666219
 30
0.0
 40
2.1
  0
CIRCLE
  5
2E2783
330
11F692
100
AcDbEntity
  8
ANA 28.3
100
AcDbCircle
 10
-459.8000000000004
 20
-78.29428023666196
 30
0.0
 40
2.1
  0
CIRCLE
  5
2E2784
330
11F692
100
AcDbEntity
  8
ANA 28.3
100
AcDbCircle
 10
-379.3999999999999
 20
-78.29428023666196
 30
0.0
 40
2.1
  0
CIRCLE
  5
2E2785
330
11F692
100
AcDbEntity
  8
ANA 28.3
100
AcDbCircle
 10
-298.9999999999993
 20
-78.29428023666196
 30
0.0
 40
2.1
  0
CIRCLE
  5
2E2786
330
11F692
100
AcDbEntity
  8
ANA 28.3
100
AcDbCircle
 10
-265.0016233815934
 20
-82.08662338159252
 30
0.0
 40
2.1
  0
CIRCLE
  5
2E2787
330
11F692
100
AcDbEntity
  8
ANA 28.3
100
AcDbCircle
 10
-734.9983766184079
 20
-82.08662338159092
 30
0.0
 40
2.1
  0
CIRCLE
  5
2E2788
330
11F692
100
AcDbEntity
  8
ANA 28.3
100
AcDbCircle
 10
-700.1523243206167
 20
-142.6049999999982
 30
0.0
 40
2.1
  0
CIRCLE
  5
2E2789
330
11F692
100
AcDbEntity
  8
ANA 28.3
100
AcDbCircle
 10
-620.5999999999996
 20
-142.6049999999982
 30
0.0
 40
2.1
  0
CIRCLE
  5
2E278A
330
11F692
100
AcDbEntity
  8
ANA 28.3
100
AcDbCircle
 10
-540.2
 20
-142.6049999999982
 30
0.0
 40
2.1
  0
CIRCLE
  5
2E278B
330
11F692
100
AcDbEntity
  8
ANA 28.3
100
AcDbCircle
 10
-459.8000000000004
 20
-142.6049999999982
 30
0.0
 40
2.1
  0
CIRCLE
  5
2E278C
330
11F692
100
AcDbEntity
  8
ANA 28.3
100
AcDbCircle
 10
-379.3999999999999
 20
-142.6049999999982
 30
0.0
 40
2.1
  0
CIRCLE
  5
2E278D
330
11F692
100
AcDbEntity
  8
ANA 28.3
100
AcDbCircle
 10
-299.8476756793828
 20
-142.6049999999982
 30
0.0
 40
2.1
  0
CIRCLE
  5
2E278E
330
11F692
100
AcDbEntity
  8
ANA 28.3
100
AcDbCircle
 10
-339.2
 20
-80.50499999999829
 30
0.0
 40
2.1
  0
CIRCLE
  5
2E278F
330
11F692
100
AcDbEntity
  8
ANA 28.3
100
AcDbCircle
 10
-419.5999999999997
 20
-80.50499999999829
 30
0.0
 40
2.1
  0
CIRCLE
  5
2E2790
330
11F692
100
AcDbEntity
  8
ANA 28.3
100
AcDbCircle
 10
-500.0000000000002
 20
-80.50499999999829
 30
0.0
 40
2.1
  0
CIRCLE
  5
2E2791
330
11F692
100
AcDbEntity
  8
ANA 28.3
100
AcDbCircle
 10
-580.3999999999998
 20
-80.50499999999829
 30
0.0
 40
2.1
  0
CIRCLE
  5
2E2792
330
11F692
100
AcDbEntity
  8
ANA 28.3
100
AcDbCircle
 10
-660.8000000000004
 20
-80.50499999999829
 30
0.0
 40
2.1
  0
CIRCLE
  5
2E2793
330
11F692
100
AcDbEntity
  8
ANA 30.5 Φ9.5x7° U15.1
100
AcDbCircle
 10
-701.0000000000002
 20
75.52012344431796
 30
0.0
 40
2.1
  0
CIRCLE
  5
2E2794
330
11F692
100
AcDbEntity
  8
ANA 30.5 Φ9.5x7° U15.1
100
AcDbCircle
 10
-620.5999999999996
 20
75.52012344431796
 30
0.0
 40
2.1
  0
CIRCLE
  5
2E2795
330
11F692
100
AcDbEntity
  8
ANA 30.5 Φ9.5x7° U15.1
100
AcDbCircle
 10
-540.2
 20
75.52012344431773
 30
0.0
 40
2.1
  0
CIRCLE
  5
2E2796
330
11F692
100
AcDbEntity
  8
ANA 30.5 Φ9.5x7° U15.1
100
AcDbCircle
 10
-459.7999999999995
 20
75.52012344431796
 30
0.0
 40
2.1
  0
CIRCLE
  5
2E2797
330
11F692
100
AcDbEntity
  8
ANA 30.5 Φ9.5x7° U15.1
100
AcDbCircle
 10
-379.3999999999999
 20
75.52012344431796
 30
0.0
 40
2.1
  0
CIRCLE
  5
2E2798
330
11F692
100
AcDbEntity
  8
ANA 30.5 Φ9.5x7° U15.1
100
AcDbCircle
 10
-298.9999999999993
 20
75.52012344431796
 30
0.0
 40
2.1
  0
CIRCLE
  5
2E2799
330
11F692
100
AcDbEntity
  8
ANA 30.5 Φ9.5x7° U15.1
100
AcDbCircle
 10
-660.8000000000031
 20
-1.119974972453178
 30
0.0
 40
2.1
  0
CIRCLE
  5
2E279A
330
11F692
100
AcDbEntity
  8
ANA 30.5 Φ9.5x7° U15.1
100
AcDbCircle
 10
-580.4000000000034
 20
-1.119974972453178
 30
0.0
 40
2.1
  0
CIRCLE
  5
2E279B
330
11F692
100
AcDbEntity
  8
ANA 30.5 Φ9.5x7° U15.1
100
AcDbCircle
 10
-500.0000000000002
 20
-1.119974972453178
 30
0.0
 40
2.1
  0
CIRCLE
  5
2E279C
330
11F692
100
AcDbEntity
  8
ANA 30.5 Φ9.5x7° U15.1
100
AcDbCircle
 10
-419.6000000000033
 20
-1.119974972453178
 30
0.0
 40
2.1
  0
CIRCLE
  5
2E279D
330
11F692
100
AcDbEntity
  8
ANA 30.5 Φ9.5x7° U15.1
100
AcDbCircle
 10
-339.2000000000037
 20
-1.119974972453178
 30
0.0
 40
2.1
  0
CIRCLE
  5
2E279E
330
11F692
100
AcDbEntity
  8
ANA 30.5 Φ9.5x7° U15.1
100
AcDbCircle
 10
-701.0000000000002
 20
1.150123444317955
 30
0.0
 40
2.1
  0
CIRCLE
  5
2E279F
330
11F692
100
AcDbEntity
  8
ANA 30.5 Φ9.5x7° U15.1
100
AcDbCircle
 10
-620.5999999999996
 20
1.150123444317955
 30
0.0
 40
2.1
  0
CIRCLE
  5
2E27A0
330
11F692
100
AcDbEntity
  8
ANA 30.5 Φ9.5x7° U15.1
100
AcDbCircle
 10
-540.2
 20
1.150123444317614
 30
0.0
 40
2.1
  0
CIRCLE
  5
2E27A1
330
11F692
100
AcDbEntity
  8
ANA 30.5 Φ9.5x7° U15.1
100
AcDbCircle
 10
-459.7999999999995
 20
1.150123444317841
 30
0.0
 40
2.1
  0
CIRCLE
  5
2E27A2
330
11F692
100
AcDbEntity
  8
ANA 30.5 Φ9.5x7° U15.1
100
AcDbCircle
 10
-379.3999999999999
 20
1.150123444317955
 30
0.0
 40
2.1
  0
CIRCLE
  5
2E27A3
330
11F692
100
AcDbEntity
  8
ANA 30.5 Φ9.5x7° U15.1
100
AcDbCircle
 10
-298.9999999999993
 20
1.150123444317841
 30
0.0
 40
2.1
  0
CIRCLE
  5
2E27A4
330
11F692
100
AcDbEntity
  8
ANA 30.5 Φ9.5x7° U15.1
100
AcDbCircle
 10
-660.8000000000031
 20
-75.48997497245318
 30
0.0
 40
2.1
  0
CIRCLE
  5
2E27A5
330
11F692
100
AcDbEntity
  8
ANA 30.5 Φ9.5x7° U15.1
100
AcDbCircle
 10
-580.4000000000034
 20
-75.48997497245318
 30
0.0
 40
2.1
  0
CIRCLE
  5
2E27A6
330
11F692
100
AcDbEntity
  8
ANA 30.5 Φ9.5x7° U15.1
100
AcDbCircle
 10
-500.0000000000002
 20
-75.48997497245318
 30
0.0
 40
2.1
  0
CIRCLE
  5
2E27A7
330
11F692
100
AcDbEntity
  8
ANA 30.5 Φ9.5x7° U15.1
100
AcDbCircle
 10
-419.6000000000033
 20
-75.48997497245318
 30
0.0
 40
2.1
  0
CIRCLE
  5
2E27A8
330
11F692
100
AcDbEntity
  8
ANA 30.5 Φ9.5x7° U15.1
100
AcDbCircle
 10
-339.2000000000037
 20
-75.48997497245318
 30
0.0
 40
2.1
  0
CIRCLE
  5
2E27A9
330
11F692
100
AcDbEntity
  8
ANA 30.5 Φ9.5x7° U15.1
100
AcDbCircle
 10
-701.0000000000002
 20
-73.21987655568205
 30
0.0
 40
2.1
  0
CIRCLE
  5
2E27AA
330
11F692
100
AcDbEntity
  8
ANA 30.5 Φ9.5x7° U15.1
100
AcDbCircle
 10
-620.5999999999996
 20
-73.21987655568205
 30
0.0
 40
2.1
  0
CIRCLE
  5
2E27AB
330
11F692
100
AcDbEntity
  8
ANA 30.5 Φ9.5x7° U15.1
100
AcDbCircle
 10
-540.2
 20
-73.21987655568228
 30
0.0
 40
2.1
  0
CIRCLE
  5
2E27AC
330
11F692
100
AcDbEntity
  8
ANA 30.5 Φ9.5x7° U15.1
100
AcDbCircle
 10
-459.7999999999995
 20
-73.21987655568205
 30
0.0
 40
2.1
  0
CIRCLE
  5
2E27AD
330
11F692
100
AcDbEntity
  8
ANA 30.5 Φ9.5x7° U15.1
100
AcDbCircle
 10
-379.3999999999999
 20
-73.21987655568205
 30
0.0
 40
2.1
  0
CIRCLE
  5
2E27AE
330
11F692
100
AcDbEntity
  8
ANA 30.5 Φ9.5x7° U15.1
100
AcDbCircle
 10
-298.9999999999993
 20
-73.21987655568205
 30
0.0
 40
2.1
  0
CIRCLE
  5
2E27AF
330
11F692
100
AcDbEntity
  8
ANA 30.5 Φ9.5x7° U15.1
100
AcDbCircle
 10
-660.8000000000031
 20
-149.8599749724533
 30
0.0
 40
2.1
  0
CIRCLE
  5
2E27B0
330
11F692
100
AcDbEntity
  8
ANA 30.5 Φ9.5x7° U15.1
100
AcDbCircle
 10
-580.4000000000034
 20
-149.8599749724533
 30
0.0
 40
2.1
  0
CIRCLE
  5
2E27B1
330
11F692
100
AcDbEntity
  8
ANA 30.5 Φ9.5x7° U15.1
100
AcDbCircle
 10
-500.0000000000002
 20
-149.8599749724533
 30
0.0
 40
2.1
  0
CIRCLE
  5
2E27B2
330
11F692
100
AcDbEntity
  8
ANA 30.5 Φ9.5x7° U15.1
100
AcDbCircle
 10
-419.6000000000033
 20
-149.8599749724533
 30
0.0
 40
2.1
  0
CIRCLE
  5
2E27B3
330
11F692
100
AcDbEntity
  8
ANA 30.5 Φ9.5x7° U15.1
100
AcDbCircle
 10
-339.2000000000037
 20
-149.8599749724533
 30
0.0
 40
2.1
  0
CIRCLE
  5
2E27B4
330
11F692
100
AcDbEntity
  8
ANA 28.3
100
AcDbCircle
 10
-739.217793476366
 20
37.18500000000176
 30
0.0
 40
2.1
  0
CIRCLE
  5
2E27B5
330
11F692
100
AcDbEntity
  8
ANA 28.3
100
AcDbCircle
 10
-739.217793476366
 20
-37.18499999999835
 30
0.0
 40
2.1
  0
CIRCLE
  5
2E27B6
330
11F692
100
AcDbEntity
  8
ANA 28.3
100
AcDbCircle
 10
-738.9199429919183
 20
-111.5549999999982
 30
0.0
 40
2.1
  0
CIRCLE
  5
2E27B7
330
11F692
100
AcDbEntity
  8
ANA 28.3
100
AcDbCircle
 10
-263.4200000000003
 20
37.18500000000176
 30
0.0
 40
2.1
  0
CIRCLE
  5
2E27B8
330
11F692
100
AcDbEntity
  8
ANA 28.3
100
AcDbCircle
 10
-263.4200000000003
 20
-37.18499999999824
 30
0.0
 40
2.1
  0
CIRCLE
  5
2E27B9
330
11F692
100
AcDbEntity
  8
ANA 28.3
100
AcDbCircle
 10
-263.4200000000003
 20
-111.5549999999982
 30
0.0
 40
2.1
  0
CIRCLE
  5
2E27BA
330
11F692
100
AcDbEntity
  8
ANA 45.6
100
AcDbCircle
 10
-669.7576233632609
 20
74.37000000000011
 30
0.0
 40
2.1
  0
CIRCLE
  5
2E27BC
330
11F692
100
AcDbEntity
  8
ANA 45.6
100
AcDbCircle
 10
-629.5904754552123
 20
74.37000000000011
 30
0.0
 40
2.1
  0
CIRCLE
  5
2E27BD
330
11F692
100
AcDbEntity
  8
ANA 45.6
100
AcDbCircle
 10
-589.7563250221985
 20
74.37000000000011
 30
0.0
 40
2.1
  0
CIRCLE
  5
2E27BE
330
11F692
100
AcDbEntity
  8
ANA 45.6
100
AcDbCircle
 10
-521.4228367681969
 20
74.37000000000011
 30
0.0
 40
2.1
  0
CIRCLE
  5
2E27BF
330
11F692
100
AcDbEntity
  8
ANA 45.6
100
AcDbCircle
 10
-482.5337436285678
 20
74.37000000000011
 30
0.0
 40
2.1
  0
CIRCLE
  5
2E27C0
330
11F692
100
AcDbEntity
  8
ANA 45.6
100
AcDbCircle
 10
-438.7574961729263
 20
74.37000000000011
 30
0.0
 40
2.1
  0
CIRCLE
  5
2E27C1
330
11F692
100
AcDbEntity
  8
ANA 45.6
100
AcDbCircle
 10
-398.2278979691425
 20
74.37000000000011
 30
0.0
 40
2.1
  0
CIRCLE
  5
2E27C2
330
11F692
100
AcDbEntity
  8
ANA 45.6
100
AcDbCircle
 10
-359.7648705102094
 20
74.37000000000011
 30
0.0
 40
2.1
  0
CIRCLE
  5
2E27C3
330
11F692
100
AcDbEntity
  8
ANA 45.6
100
AcDbCircle
 10
-316.0849697426377
 20
74.37000000000011
 30
0.0
 40
2.1
  0
CIRCLE
  5
2E27E2
330
11F692
100
AcDbEntity
  8
ANA 10
100
AcDbCircle
 10
-222.0149999999996
 20
-152.315
 30
0.0
 40
2.1
  0
CIRCLE
  5
2E27E3
330
11F692
100
AcDbEntity
  8
ANA 10
100
AcDbCircle
 10
-225.412561338235
 20
-160.5174386617639
 30
0.0
 40
2.1
  0
CIRCLE
  5
2E27E4
330
11F692
100
AcDbEntity
  8
ANA 10
100
AcDbCircle
 10
-233.6149999999991
 20
-163.9149999999999
 30
0.0
 40
2.1
  0
CIRCLE
  5
2E27E5
330
11F692
100
AcDbEntity
  8
ANA 10
100
AcDbCircle
 10
-222.0149999999996
 20
152.315
 30
0.0
 40
2.1
  0
CIRCLE
  5
2E27E6
330
11F692
100
AcDbEntity
  8
ANA 10
100
AcDbCircle
 10
-225.412561338235
 20
160.5174386617638
 30
0.0
 40
2.1
  0
CIRCLE
  5
2E27E7
330
11F692
100
AcDbEntity
  8
ANA 10
100
AcDbCircle
 10
-233.6149999999991
 20
163.9149999999999
 30
0.0
 40
2.1
  0
CIRCLE
  5
2E27F1
330
11F692
100
AcDbEntity
  8
ANA 45.6
100
AcDbCircle
 10
-669.7576233632609
 20
0.0000000000001137
 30
0.0
 40
2.1
  0
CIRCLE
  5
2E27F2
330
11F692
100
AcDbEntity
  8
ANA 45.6
100
AcDbCircle
 10
-629.5904754552123
 20
0.0000000000001137
 30
0.0
 40
2.1
  0
CIRCLE
  5
2E27F3
330
11F692
100
AcDbEntity
  8
ANA 45.6
100
AcDbCircle
 10
-589.7563250221985
 20
0.0000000000001137
 30
0.0
 40
2.1
  0
CIRCLE
  5
2E27F4
330
11F692
100
AcDbEntity
  8
ANA 45.6
100
AcDbCircle
 10
-521.4228367681969
 20
0.0000000000001137
 30
0.0
 40
2.1
  0
CIRCLE
  5
2E27F5
330
11F692
100
AcDbEntity
  8
ANA 45.6
100
AcDbCircle
 10
-482.5337436285678
 20
0.0000000000001137
 30
0.0
 40
2.1
  0
CIRCLE
  5
2E27F6
330
11F692
100
AcDbEntity
  8
ANA 45.6
100
AcDbCircle
 10
-438.7574961729262
 20
0.0000000000001137
 30
0.0
 40
2.1
  0
CIRCLE
  5
2E27F7
330
11F692
100
AcDbEntity
  8
ANA 45.6
100
AcDbCircle
 10
-398.2278979691425
 20
0.0000000000001137
 30
0.0
 40
2.1
  0
CIRCLE
  5
2E27F8
330
11F692
100
AcDbEntity
  8
ANA 45.6
100
AcDbCircle
 10
-359.7648705102094
 20
0.0000000000001137
 30
0.0
 40
2.1
  0
CIRCLE
  5
2E27F9
330
11F692
100
AcDbEntity
  8
ANA 45.6
100
AcDbCircle
 10
-316.0849697426376
 20
0.0000000000001137
 30
0.0
 40
2.1
  0
CIRCLE
  5
2E27FA
330
11F692
100
AcDbEntity
  8
ANA 45.6
100
AcDbCircle
 10
-669.7576233632609
 20
-74.36999999999989
 30
0.0
 40
2.1
  0
CIRCLE
  5
2E27FB
330
11F692
100
AcDbEntity
  8
ANA 45.6
100
AcDbCircle
 10
-629.5904754552123
 20
-74.36999999999989
 30
0.0
 40
2.1
  0
CIRCLE
  5
2E27FC
330
11F692
100
AcDbEntity
  8
ANA 45.6
100
AcDbCircle
 10
-589.7563250221985
 20
-74.36999999999989
 30
0.0
 40
2.1
  0
CIRCLE
  5
2E27FD
330
11F692
100
AcDbEntity
  8
ANA 45.6
100
AcDbCircle
 10
-521.4228367681969
 20
-74.36999999999989
 30
0.0
 40
2.1
  0
CIRCLE
  5
2E27FE
330
11F692
100
AcDbEntity
  8
ANA 45.6
100
AcDbCircle
 10
-482.5337436285678
 20
-74.36999999999989
 30
0.0
 40
2.1
  0
CIRCLE
  5
2E27FF
330
11F692
100
AcDbEntity
  8
ANA 45.6
100
AcDbCircle
 10
-438.7574961729262
 20
-74.36999999999989
 30
0.0
 40
2.1
  0
CIRCLE
  5
2E2800
330
11F692
100
AcDbEntity
  8
ANA 45.6
100
AcDbCircle
 10
-398.2278979691425
 20
-74.36999999999989
 30
0.0
 40
2.1
  0
CIRCLE
  5
2E2801
330
11F692
100
AcDbEntity
  8
ANA 45.6
100
AcDbCircle
 10
-359.7648705102094
 20
-74.36999999999989
 30
0.0
 40
2.1
  0
CIRCLE
  5
2E2802
330
11F692
100
AcDbEntity
  8
ANA 45.6
100
AcDbCircle
 10
-316.0849697426376
 20
-74.36999999999989
 30
0.0
 40
2.1
  0
CIRCLE
  5
2E2803
330
11F692
100
AcDbEntity
  8
ANA 45.6
100
AcDbCircle
 10
-669.7576233632609
 20
-148.7399999999999
 30
0.0
 40
2.1
  0
CIRCLE
  5
2E2804
330
11F692
100
AcDbEntity
  8
ANA 45.6
100
AcDbCircle
 10
-629.5904754552123
 20
-148.7399999999999
 30
0.0
 40
2.1
  0
CIRCLE
  5
2E2805
330
11F692
100
AcDbEntity
  8
ANA 45.6
100
AcDbCircle
 10
-589.7563250221985
 20
-148.7399999999999
 30
0.0
 40
2.1
  0
CIRCLE
  5
2E2806
330
11F692
100
AcDbEntity
  8
ANA 45.6
100
AcDbCircle
 10
-521.4228367681969
 20
-148.7399999999999
 30
0.0
 40
2.1
  0
CIRCLE
  5
2E2807
330
11F692
100
AcDbEntity
  8
ANA 45.6
100
AcDbCircle
 10
-482.5337436285678
 20
-148.7399999999999
 30
0.0
 40
2.1
  0
CIRCLE
  5
2E2808
330
11F692
100
AcDbEntity
  8
ANA 45.6
100
AcDbCircle
 10
-438.7574961729262
 20
-148.7399999999999
 30
0.0
 40
2.1
  0
CIRCLE
  5
2E2809
330
11F692
100
AcDbEntity
  8
ANA 45.6
100
AcDbCircle
 10
-398.2278979691425
 20
-148.7399999999999
 30
0.0
 40
2.1
  0
CIRCLE
  5
2E280A
330
11F692
100
AcDbEntity
  8
ANA 45.6
100
AcDbCircle
 10
-359.7648705102094
 20
-148.7399999999999
 30
0.0
 40
2.1
  0
CIRCLE
  5
2E280B
330
11F692
100
AcDbEntity
  8
ANA 45.6
100
AcDbCircle
 10
-316.0849697426376
 20
-148.7399999999999
 30
0.0
 40
2.1
  0
CIRCLE
  5
2E280C
330
11F692
100
AcDbEntity
  8
ANA 10
100
AcDbCircle
 10
-704.3148232278144
 20
106.080176772186
 30
0.0
 40
2.1
  0
CIRCLE
  5
2E280D
330
11F692
100
AcDbEntity
  8
ANA 10
100
AcDbCircle
 10
-676.8850790292568
 20
102.7621222538274
 30
0.0
 40
2.1
  0
CIRCLE
  5
2E280E
330
11F692
100
AcDbEntity
  8
ANA 10
100
AcDbCircle
 10
-689.6639264970708
 20
104.6450000000001
 30
0.0
 40
2.1
  0
CIRCLE
  5
2E280F
330
11F692
100
AcDbEntity
  8
ANA 10
100
AcDbCircle
 10
-667.358458159201
 20
95.24028803451239
 30
0.0
 40
2.1
  0
CIRCLE
  5
2E2810
330
11F692
100
AcDbEntity
  8
ANA 10
100
AcDbCircle
 10
-655.8599509367715
 20
106.5550000000001
 30
0.0
 40
2.1
  0
CIRCLE
  5
2E2811
330
11F692
100
AcDbEntity
  8
ANA 10
100
AcDbCircle
 10
-635.3750000000006
 20
94.62699516500993
 30
0.0
 40
2.1
  0
CIRCLE
  5
2E2812
330
11F692
100
AcDbEntity
  8
ANA 10
100
AcDbCircle
 10
-644.1746818667553
 20
101.4105557833776
 30
0.0
 40
2.1
  0
CIRCLE
  5
2E2813
330
11F692
100
AcDbEntity
  8
ANA 10
100
AcDbCircle
 10
-620.3210005203328
 20
103.640531416212
 30
0.0
 40
2.1
  0
CIRCLE
  5
2E2815
330
11F692
100
AcDbEntity
  8
ANA 10
100
AcDbCircle
 10
-610.2500000000003
 20
108.4571615532176
 30
0.0
 40
2.1
  0
CIRCLE
  5
2E2816
330
11F692
100
AcDbEntity
  8
ANA 10
100
AcDbCircle
 10
-598.7400000000006
 20
95.16292953908402
 30
0.0
 40
2.1
  0
CIRCLE
  5
2E2817
330
11F692
100
AcDbEntity
  8
ANA 10
100
AcDbCircle
 10
-581.9699999999999
 20
103.8649999999999
 30
0.0
 40
2.1
  0
CIRCLE
  5
2E2818
330
11F692
100
AcDbEntity
  8
ANA 10
100
AcDbCircle
 10
-565.078141368378
 20
94.98793651531261
 30
0.0
 40
2.1
  0
CIRCLE
  5
2E2819
330
11F692
100
AcDbEntity
  8
ANA 10
100
AcDbCircle
 10
-550.8900000000003
 20
104.645
 30
0.0
 40
2.1
  0
CIRCLE
  5
2E281A
330
11F692
100
AcDbEntity
  8
ANA 10
100
AcDbCircle
 10
-534.1784581592012
 20
95.2402880345123
 30
0.0
 40
2.1
  0
CIRCLE
  5
2E281B
330
11F692
100
AcDbEntity
  8
ANA 10
100
AcDbCircle
 10
-528.7088421592763
 20
102.8732729507358
 30
0.0
 40
2.1
  0
CIRCLE
  5
2E281C
330
11F692
100
AcDbEntity
  8
ANA 10
100
AcDbCircle
 10
-511.8716066088948
 20
101.9191165992302
 30
0.0
 40
2.1
  0
CIRCLE
  5
2E281D
330
11F692
100
AcDbEntity
  8
ANA 10
100
AcDbCircle
 10
-502.1950000000002
 20
94.62699516500993
 30
0.0
 40
2.1
  0
CIRCLE
  5
2E281E
330
11F692
100
AcDbEntity
  8
ANA 10
100
AcDbCircle
 10
-486.4117464647127
 20
103.8169337055248
 30
0.0
 40
2.1
  0
CIRCLE
  5
2E281F
330
11F692
100
AcDbEntity
  8
ANA 10
100
AcDbCircle
 10
-477.0700000000003
 20
108.4571615532177
 30
0.0
 40
2.1
  0
CIRCLE
  5
2E2820
330
11F692
100
AcDbEntity
  8
ANA 10
100
AcDbCircle
 10
-465.5600000000003
 20
95.16292953908422
 30
0.0
 40
2.1
  0
CIRCLE
  5
2E2821
330
11F692
100
AcDbEntity
  8
ANA 10
100
AcDbCircle
 10
-448.7089906929371
 20
103.8647897965401
 30
0.0
 40
2.1
  0
CIRCLE
  5
2E2822
330
11F692
100
AcDbEntity
  8
ANA 10
100
AcDbCircle
 10
-431.8983486057199
 20
94.98823743306715
 30
0.0
 40
2.1
  0
CIRCLE
  5
2E2823
330
11F692
100
AcDbEntity
  8
ANA 10
100
AcDbCircle
 10
-417.7199999999999
 20
104.6450000000001
 30
0.0
 40
2.1
  0
CIRCLE
  5
2E2824
330
11F692
100
AcDbEntity
  8
ANA 10
100
AcDbCircle
 10
-401.008458159201
 20
95.24028803451281
 30
0.0
 40
2.1
  0
CIRCLE
  5
2E2825
330
11F692
100
AcDbEntity
  8
ANA 10
100
AcDbCircle
 10
-389.5099509367714
 20
106.5550000000001
 30
0.0
 40
2.1
  0
CIRCLE
  5
2E2826
330
11F692
100
AcDbEntity
  8
ANA 10
100
AcDbCircle
 10
-369.0250000000003
 20
94.62699516500999
 30
0.0
 40
2.1
  0
CIRCLE
  5
2E2827
330
11F692
100
AcDbEntity
  8
ANA 10
100
AcDbCircle
 10
-343.2039554588485
 20
108.9042119937867
 30
0.0
 40
2.1
  0
CIRCLE
  5
2E2828
330
11F692
100
AcDbEntity
  8
ANA 10
100
AcDbCircle
 10
-353.2417464647125
 20
103.816933705525
 30
0.0
 40
2.1
  0
CIRCLE
  5
2E2829
330
11F692
100
AcDbEntity
  8
ANA 10
100
AcDbCircle
 10
-331.9998597596802
 20
94.81225528815469
 30
0.0
 40
2.1
  0
CIRCLE
  5
2E282A
330
11F692
100
AcDbEntity
  8
ANA 10
100
AcDbCircle
 10
-293.7492906165235
 20
120.8950000000001
 30
0.0
 40
2.1
  0
CIRCLE
  5
2E282B
330
11F692
100
AcDbEntity
  8
ANA 10
100
AcDbCircle
 10
-311.8351774910408
 20
106.7899288252766
 30
0.0
 40
2.1
  0
CIRCLE
  5
2E282C
330
11F692
100
AcDbEntity
  8
ANA 10
100
AcDbCircle
 10
-318.6014196195643
 20
125.5350000000001
 30
0.0
 40
2.1
  0
CIRCLE
  5
2E282D
330
11F692
100
AcDbEntity
  8
ANA 10
100
AcDbCircle
 10
-372.8315863003568
 20
124.8394015939012
 30
0.0
 40
2.1
  0
CIRCLE
  5
2E282E
330
11F692
100
AcDbEntity
  8
ANA 10
100
AcDbCircle
 10
-387.2678833019069
 20
114.6550000000001
 30
0.0
 40
2.1
  0
CIRCLE
  5
2E282F
330
11F692
100
AcDbEntity
  8
ANA 10
100
AcDbCircle
 10
-397.4919944348215
 20
124.2281036694311
 30
0.0
 40
2.1
  0
CIRCLE
  5
2E2830
330
11F692
100
AcDbEntity
  8
ANA 10
100
AcDbCircle
 10
-410.6223696886281
 20
124.8566729624828
 30
0.0
 40
2.1
  0
CIRCLE
  5
2E2831
330
11F692
100
AcDbEntity
  8
ANA 10
100
AcDbCircle
 10
-421.5000000000001
 20
115.8649999999986
 30
0.0
 40
2.1
  0
CIRCLE
  5
2E2833
330
11F692
100
AcDbEntity
  8
ANA 10
100
AcDbCircle
 10
-435.3711907861457
 20
123.9295753528605
 30
0.0
 40
2.1
  0
CIRCLE
  5
2E2834
330
11F692
100
AcDbEntity
  8
ANA 10
100
AcDbCircle
 10
-449.5900000000004
 20
113.9149999999999
 30
0.0
 40
2.1
  0
CIRCLE
  5
2E2835
330
11F692
100
AcDbEntity
  8
ANA 10
100
AcDbCircle
 10
-462.6143990443099
 20
124.2956324069178
 30
0.0
 40
2.1
  0
CIRCLE
  5
2E2836
330
11F692
100
AcDbEntity
  8
ANA 10
100
AcDbCircle
 10
-484.3700005783051
 20
124.9550000000001
 30
0.0
 40
2.1
  0
CIRCLE
  5
2E2837
330
11F692
100
AcDbEntity
  8
ANA 10
100
AcDbCircle
 10
-506.1183625179477
 20
124.3009330924621
 30
0.0
 40
2.1
  0
CIRCLE
  5
2E2838
330
11F692
100
AcDbEntity
  8
ANA 10
100
AcDbCircle
 10
-520.4378833019069
 20
114.6550000000001
 30
0.0
 40
2.1
  0
CIRCLE
  5
2E2839
330
11F692
100
AcDbEntity
  8
ANA 10
100
AcDbCircle
 10
-530.6619944348214
 20
124.2281036694311
 30
0.0
 40
2.1
  0
CIRCLE
  5
2E283A
330
11F692
100
AcDbEntity
  8
ANA 10
100
AcDbCircle
 10
-543.7923696886279
 20
124.8566729624829
 30
0.0
 40
2.1
  0
CIRCLE
  5
2E283B
330
11F692
100
AcDbEntity
  8
ANA 10
100
AcDbCircle
 10
-554.6700000000002
 20
115.8649999999986
 30
0.0
 40
2.1
  0
CIRCLE
  5
2E283C
330
11F692
100
AcDbEntity
  8
ANA 10
100
AcDbCircle
 10
-567.9647397925783
 20
123.9655908528748
 30
0.0
 40
2.1
  0
CIRCLE
  5
2E283D
330
11F692
100
AcDbEntity
  8
ANA 10
100
AcDbCircle
 10
-582.7700000000004
 20
113.915
 30
0.0
 40
2.1
  0
CIRCLE
  5
2E283E
330
11F692
100
AcDbEntity
  8
ANA 10
100
AcDbCircle
 10
-595.79439904431
 20
124.2956324069178
 30
0.0
 40
2.1
  0
CIRCLE
  5
2E283F
330
11F692
100
AcDbEntity
  8
ANA 10
100
AcDbCircle
 10
-617.5500005783052
 20
124.9550000000001
 30
0.0
 40
2.1
  0
CIRCLE
  5
2E2840
330
11F692
100
AcDbEntity
  8
ANA 10
100
AcDbCircle
 10
-639.2983625179478
 20
124.3009330924621
 30
0.0
 40
2.1
  0
CIRCLE
  5
2E2841
330
11F692
100
AcDbEntity
  8
ANA 10
100
AcDbCircle
 10
-653.6178833019067
 20
114.6550000000001
 30
0.0
 40
2.1
  0
CIRCLE
  5
2E2842
330
11F692
100
AcDbEntity
  8
ANA 10
100
AcDbCircle
 10
-663.8419944348214
 20
124.2281036694312
 30
0.0
 40
2.1
  0
CIRCLE
  5
2E2843
330
11F692
100
AcDbEntity
  8
ANA 10
100
AcDbCircle
 10
-677.0015203998881
 20
124.8346016758298
 30
0.0
 40
2.1
  0
CIRCLE
  5
2E2844
330
11F692
100
AcDbEntity
  8
ANA 10
100
AcDbCircle
 10
-687.8500000000003
 20
115.865
 30
0.0
 40
2.1
  0
CIRCLE
  5
2E2845
330
11F692
100
AcDbEntity
  8
ANA 10
100
AcDbCircle
 10
-700.8500000000004
 20
123.4221897228147
 30
0.0
 40
2.1
  0
CIRCLE
  5
2E2846
330
11F692
100
AcDbEntity
  8
ANA 21
100
AcDbCircle
 10
-680.5841773424334
 20
134.5475522698239
 30
0.0
 40
2.1
  0
CIRCLE
  5
2E2847
330
11F692
100
AcDbEntity
  8
ANA 21
100
AcDbCircle
 10
-687.8500000000001
 20
121.6081969600766
 30
0.0
 40
2.1
  0
CIRCLE
  5
2E2848
330
11F692
100
AcDbEntity
  8
ANA 21
100
AcDbCircle
 10
-694.4601299049765
 20
128.7635609956398
 30
0.0
 40
2.1
  0
CIRCLE
  5
2E2849
330
11F692
100
AcDbEntity
  8
ANA 21
100
AcDbCircle
 10
-707.2194025894511
 20
127.0044025894519
 30
0.0
 40
2.1
  0
CIRCLE
  5
2E284A
330
11F692
100
AcDbEntity
  8
ANA 21
100
AcDbCircle
 10
-708.6199825573766
 20
101.7750174426231
 30
0.0
 40
2.1
  0
CIRCLE
  5
2E284B
330
11F692
100
AcDbEntity
  8
ANA 21
100
AcDbCircle
 10
-711.1044723121251
 20
113.4700000000001
 30
0.0
 40
2.1
  0
CIRCLE
  5
2E284C
330
11F692
100
AcDbEntity
  8
ANA 21
100
AcDbCircle
 10
-679.4404665811452
 20
97.27359511285509
 30
0.0
 40
2.1
  0
CIRCLE
  5
2E284D
330
11F692
100
AcDbEntity
  8
ANA 21
100
AcDbCircle
 10
-694.2099999999996
 20
99.27560701103187
 30
0.0
 40
2.1
  0
CIRCLE
  5
2E2857
330
11F692
100
AcDbEntity
  8
ANA 21
100
AcDbCircle
 10
-668.106882353868
 20
89.18692248579487
 30
0.0
 40
2.1
  0
CIRCLE
  5
2E2858
330
11F692
100
AcDbEntity
  8
ANA 21
100
AcDbCircle
 10
-655.8599509367706
 20
100.7155146782191
 30
0.0
 40
2.1
  0
CIRCLE
  5
2E2859
330
11F692
100
AcDbEntity
  8
ANA 21
100
AcDbCircle
 10
-635.3699999999975
 20
88.90077958854117
 30
0.0
 40
2.1
  0
CIRCLE
  5
2E285A
330
11F692
100
AcDbEntity
  8
ANA 21
100
AcDbCircle
 10
-646.1005851349926
 20
95.94069560371005
 30
0.0
 40
2.1
  0
CIRCLE
  5
2E285B
330
11F692
100
AcDbEntity
  8
ANA 21
100
AcDbCircle
 10
-623.5147139760642
 20
96.64357061536991
 30
0.0
 40
2.1
  0
CIRCLE
  5
2E285C
330
11F692
100
AcDbEntity
  8
ANA 21
100
AcDbCircle
 10
-610.2499999999992
 20
101.8471615532177
 30
0.0
 40
2.1
  0
CIRCLE
  5
2E285D
330
11F692
100
AcDbEntity
  8
ANA 21
100
AcDbCircle
 10
-598.9999999999996
 20
89.4673891395603
 30
0.0
 40
2.1
  0
CIRCLE
  5
2E285E
330
11F692
100
AcDbEntity
  8
ANA 21
100
AcDbCircle
 10
-581.9656797632887
 20
98.26192866291993
 30
0.0
 40
2.1
  0
CIRCLE
  5
2E285F
330
11F692
100
AcDbEntity
  8
ANA 21
100
AcDbCircle
 10
-564.9499999999993
 20
89.09745163881712
 30
0.0
 40
2.1
  0
CIRCLE
  5
2E2860
330
11F692
100
AcDbEntity
  8
ANA 21
100
AcDbCircle
 10
-550.8899999999994
 20
98.95137053263113
 30
0.0
 40
2.1
  0
CIRCLE
  5
2E2861
330
11F692
100
AcDbEntity
  8
ANA 21
100
AcDbCircle
 10
-534.9268823538682
 20
89.04836191926165
 30
0.0
 40
2.1
  0
CIRCLE
  5
2E2862
330
11F692
100
AcDbEntity
  8
ANA 21
100
AcDbCircle
 10
-522.6799509367705
 20
99.9549999999999
 30
0.0
 40
2.1
  0
CIRCLE
  5
2E2863
330
11F692
100
AcDbEntity
  8
ANA 21
100
AcDbCircle
 10
-502.1899999999993
 20
88.96145968538604
 30
0.0
 40
2.1
  0
CIRCLE
  5
2E2864
330
11F692
100
AcDbEntity
  8
ANA 21
100
AcDbCircle
 10
-512.2391056419806
 20
95.19913196147664
 30
0.0
 40
2.1
  0
CIRCLE
  5
2E2865
330
11F692
100
AcDbEntity
  8
ANA 21
100
AcDbCircle
 10
-488.9061244117808
 20
97.32500378010524
 30
0.0
 40
2.1
  0
CIRCLE
  5
2E2866
330
11F692
100
AcDbEntity
  8
ANA 21
100
AcDbCircle
 10
-477.0699999999995
 20
101.8471615532176
 30
0.0
 40
2.1
  0
CIRCLE
  5
2E2867
330
11F692
100
AcDbEntity
  8
ANA 21
100
AcDbCircle
 10
-465.8199999999993
 20
89.06849526884778
 30
0.0
 40
2.1
  0
CIRCLE
  5
2E2868
330
11F692
100
AcDbEntity
  8
ANA 21
100
AcDbCircle
 10
-448.7899999999992
 20
98.0398513335251
 30
0.0
 40
2.1
  0
CIRCLE
  5
2E2869
330
11F692
100
AcDbEntity
  8
ANA 21
100
AcDbCircle
 10
-431.7699999999994
 20
89.34583321333663
 30
0.0
 40
2.1
  0
CIRCLE
  5
2E286A
330
11F692
100
AcDbEntity
  8
ANA 21
100
AcDbCircle
 10
-417.7199999999993
 20
98.92476295307089
 30
0.0
 40
2.1
  0
CIRCLE
  5
2E286B
330
11F692
100
AcDbEntity
  8
ANA 21
100
AcDbCircle
 10
-401.7568823538681
 20
89.07543925690402
 30
0.0
 40
2.1
  0
CIRCLE
  5
2E286C
330
11F692
100
AcDbEntity
  8
ANA 21
100
AcDbCircle
 10
-389.5099509367708
 20
99.95500000000021
 30
0.0
 40
2.1
  0
CIRCLE
  5
2E286D
330
11F692
100
AcDbEntity
  8
ANA 21
100
AcDbCircle
 10
-369.0199999999974
 20
89.08496992568082
 30
0.0
 40
2.1
  0
CIRCLE
  5
2E286E
330
11F692
100
AcDbEntity
  8
ANA 21
100
AcDbCircle
 10
-343.2039554588477
 20
102.3042119937873
 30
0.0
 40
2.1
  0
CIRCLE
  5
2E286F
330
11F692
100
AcDbEntity
  8
ANA 21
100
AcDbCircle
 10
-332.4199999999995
 20
89.20603802620354
 30
0.0
 40
2.1
  0
CIRCLE
  5
2E2870
330
11F692
100
AcDbEntity
  8
ANA 21
100
AcDbCircle
 10
-309.7185565570168
 20
101.0863446019316
 30
0.0
 40
2.1
  0
CIRCLE
  5
2E2871
330
11F692
100
AcDbEntity
  8
ANA 21
100
AcDbCircle
 10
-288.2165331908449
 20
120.8950000000001
 30
0.0
 40
2.1
  0
CIRCLE
  5
2E2872
330
11F692
100
AcDbEntity
  8
ANA 21
100
AcDbCircle
 10
-298.3892906165227
 20
131.3445502891406
 30
0.0
 40
2.1
  0
CIRCLE
  5
2E2873
330
11F692
100
AcDbEntity
  8
ANA 21
100
AcDbCircle
 10
-337.7679437251517
 20
133.1520562748478
 30
0.0
 40
2.1
  0
CIRCLE
  5
2E2874
330
11F692
100
AcDbEntity
  8
ANA 21
100
AcDbCircle
 10
-346.0491773424329
 20
134.547552269824
 30
0.0
 40
2.1
  0
CIRCLE
  5
2E2875
330
11F692
100
AcDbEntity
  8
ANA 21
100
AcDbCircle
 10
-350.7299999999994
 20
130.8348475998434
 30
0.0
 40
2.1
  0
CIRCLE
  5
2E2876
330
11F692
100
AcDbEntity
  8
ANA 21
100
AcDbCircle
 10
-355.4108226575662
 20
134.5475522698244
 30
0.0
 40
2.1
  0
CIRCLE
  5
2E2877
330
11F692
100
AcDbEntity
  8
ANA 21
100
AcDbCircle
 10
-363.6920562748473
 20
133.1520562748478
 30
0.0
 40
2.1
  0
CIRCLE
  5
2E2878
330
11F692
100
AcDbEntity
  8
ANA 21
100
AcDbCircle
 10
-377.2631797845416
 20
128.492278609061
 30
0.0
 40
2.1
  0
CIRCLE
  5
2E2879
330
11F692
100
AcDbEntity
  8
ANA 21
100
AcDbCircle
 10
-387.2678833019061
 20
120.6554146187978
 30
0.0
 40
2.1
  0
CIRCLE
  5
2E287A
330
11F692
100
AcDbEntity
  8
ANA 21
100
AcDbCircle
 10
-393.8237429333633
 20
128.8238754661488
 30
0.0
 40
2.1
  0
CIRCLE
  5
2E287B
330
11F692
100
AcDbEntity
  8
ANA 21
100
AcDbCircle
 10
-405.8479437251518
 20
133.1520562748476
 30
0.0
 40
2.1
  0
CIRCLE
  5
2E287C
330
11F692
100
AcDbEntity
  8
ANA 21
100
AcDbCircle
 10
-414.2341773424328
 20
134.547552269824
 30
0.0
 40
2.1
  0
CIRCLE
  5
2E287D
330
11F692
100
AcDbEntity
  8
ANA 21
100
AcDbCircle
 10
-421.2715939034687
 20
121.6188468437882
 30
0.0
 40
2.1
  0
CIRCLE
  5
2E287E
330
11F692
100
AcDbEntity
  8
ANA 21
100
AcDbCircle
 10
-428.139159822147
 20
128.7944340638897
 30
0.0
 40
2.1
  0
CIRCLE
  5
2E287F
330
11F692
100
AcDbEntity
  8
ANA 21
100
AcDbCircle
 10
-441.0513523254044
 20
127.7150111244528
 30
0.0
 40
2.1
  0
CIRCLE
  5
2E2880
330
11F692
100
AcDbEntity
  8
ANA 21
100
AcDbCircle
 10
-449.5899999999994
 20
119.9191907510716
 30
0.0
 40
2.1
  0
CIRCLE
  5
2E288A
330
11F692
100
AcDbEntity
  8
ANA 21
100
AcDbCircle
 10
-456.8701331188774
 20
126.4144119423585
 30
0.0
 40
2.1
  0
CIRCLE
  5
2E288C
330
11F692
100
AcDbEntity
  8
ANA 21
100
AcDbCircle
 10
-479.2191773424329
 20
134.547552269824
 30
0.0
 40
2.1
  0
CIRCLE
  5
2E288D
330
11F692
100
AcDbEntity
  8
ANA 21
100
AcDbCircle
 10
-471.5803300805803
 20
133.6108458574473
 30
0.0
 40
2.1
  0
CIRCLE
  5
2E288E
330
11F692
100
AcDbEntity
  8
ANA 21
100
AcDbCircle
 10
-483.8999999999994
 20
130.9082382663266
 30
0.0
 40
2.1
  0
CIRCLE
  5
2E288F
330
11F692
100
AcDbEntity
  8
ANA 21
100
AcDbCircle
 10
-488.5808226575661
 20
134.5475522698244
 30
0.0
 40
2.1
  0
CIRCLE
  5
2E2890
330
11F692
100
AcDbEntity
  8
ANA 21
100
AcDbCircle
 10
-496.8620562748473
 20
133.1520562748477
 30
0.0
 40
2.1
  0
CIRCLE
  5
2E2891
330
11F692
100
AcDbEntity
  8
ANA 21
100
AcDbCircle
 10
-510.0815298598581
 20
128.1847858092397
 30
0.0
 40
2.1
  0
CIRCLE
  5
2E2892
330
11F692
100
AcDbEntity
  8
ANA 21
100
AcDbCircle
 10
-520.4378833019061
 20
120.502326668225
 30
0.0
 40
2.1
  0
CIRCLE
  5
2E2893
330
11F692
100
AcDbEntity
  8
ANA 21
100
AcDbCircle
 10
-525.8116487075007
 20
129.4526502592366
 30
0.0
 40
2.1
  0
CIRCLE
  5
2E2894
330
11F692
100
AcDbEntity
  8
ANA 21
100
AcDbCircle
 10
-539.0179437251517
 20
133.1520562748477
 30
0.0
 40
2.1
  0
CIRCLE
  5
2E2895
330
11F692
100
AcDbEntity
  8
ANA 21
100
AcDbCircle
 10
-547.4041773424328
 20
134.5475522698239
 30
0.0
 40
2.1
  0
CIRCLE
  5
2E2896
330
11F692
100
AcDbEntity
  8
ANA 21
100
AcDbCircle
 10
-554.6699999999994
 20
122.2386936102304
 30
0.0
 40
2.1
  0
CIRCLE
  5
2E2897
330
11F692
100
AcDbEntity
  8
ANA 21
100
AcDbCircle
 10
-561.2286586590657
 20
128.7060140376148
 30
0.0
 40
2.1
  0
CIRCLE
  5
2E2898
330
11F692
100
AcDbEntity
  8
ANA 21
100
AcDbCircle
 10
-573.7858418742548
 20
127.2478510090917
 30
0.0
 40
2.1
  0
CIRCLE
  5
2E2899
330
11F692
100
AcDbEntity
  8
ANA 21
100
AcDbCircle
 10
-582.7699999999993
 20
120.2886936102306
 30
0.0
 40
2.1
  0
CIRCLE
  5
2E289A
330
11F692
100
AcDbEntity
  8
ANA 21
100
AcDbCircle
 10
-590.1761614548526
 20
126.5302494673164
 30
0.0
 40
2.1
  0
CIRCLE
  5
2E289B
330
11F692
100
AcDbEntity
  8
ANA 21
100
AcDbCircle
 10
-604.1179437251515
 20
133.1520562748478
 30
0.0
 40
2.1
  0
CIRCLE
  5
2E289C
330
11F692
100
AcDbEntity
  8
ANA 21
100
AcDbCircle
 10
-612.9970284489396
 20
134.1033693285114
 30
0.0
 40
2.1
  0
CIRCLE
  5
2E289D
330
11F692
100
AcDbEntity
  8
ANA 21
100
AcDbCircle
 10
-617.0799999999997
 20
131.0153641878812
 30
0.0
 40
2.1
  0
CIRCLE
  5
2E289E
330
11F692
100
AcDbEntity
  8
ANA 21
100
AcDbCircle
 10
-621.4187463537408
 20
134.3326916755711
 30
0.0
 40
2.1
  0
CIRCLE
  5
2E289F
330
11F692
100
AcDbEntity
  8
ANA 21
100
AcDbCircle
 10
-630.0420562748473
 20
133.1520562748478
 30
0.0
 40
2.1
  0
CIRCLE
  5
2E28A0
330
11F692
100
AcDbEntity
  8
ANA 21
100
AcDbCircle
 10
-643.2615298598582
 20
128.1847858092396
 30
0.0
 40
2.1
  0
CIRCLE
  5
2E28A1
330
11F692
100
AcDbEntity
  8
ANA 21
100
AcDbCircle
 10
-653.6178833019059
 20
120.4963432752205
 30
0.0
 40
2.1
  0
CIRCLE
  5
2E28A2
330
11F692
100
AcDbEntity
  8
ANA 21
100
AcDbCircle
 10
-659.3514639597932
 20
128.0895056550112
 30
0.0
 40
2.1
  0
CIRCLE
  5
2E28A3
330
11F692
100
AcDbEntity
  8
ANA 21
100
AcDbCircle
 10
-672.1979437251518
 20
133.1520562748477
 30
0.0
 40
2.1
  0
CIRCLE
  5
2E28FA
330
11F692
100
AcDbEntity
  8
ANA 21
100
AcDbCircle
 10
-318.2281268803454
 20
131.3445502891406
 30
0.0
 40
2.1
  0
CIRCLE
  5
2E28FB
330
11F692
100
AcDbEntity
  8
ANA 10
100
AcDbCircle
 10
-350.7054233585783
 20
125.5350000000001
 30
0.0
 40
2.1
  0
CIRCLE
  5
2E2952
330
11F692
100
AcDbEntity
  8
ANA 10
100
AcDbCircle
 10
-704.3148232278144
 20
31.710176772186
 30
0.0
 40
2.1
  0
CIRCLE
  5
2E2953
330
11F692
100
AcDbEntity
  8
ANA 10
100
AcDbCircle
 10
-676.8850790292568
 20
28.39212225382738
 30
0.0
 40
2.1
  0
CIRCLE
  5
2E2954
330
11F692
100
AcDbEntity
  8
ANA 10
100
AcDbCircle
 10
-689.6639264970708
 20
30.27500000000009
 30
0.0
 40
2.1
  0
CIRCLE
  5
2E2955
330
11F692
100
AcDbEntity
  8
ANA 10
100
AcDbCircle
 10
-667.358458159201
 20
20.87028803451238
 30
0.0
 40
2.1
  0
CIRCLE
  5
2E2956
330
11F692
100
AcDbEntity
  8
ANA 10
100
AcDbCircle
 10
-655.8599509367715
 20
32.18500000000009
 30
0.0
 40
2.1
  0
CIRCLE
  5
2E2957
330
11F692
100
AcDbEntity
  8
ANA 10
100
AcDbCircle
 10
-635.3750000000006
 20
20.25699516500993
 30
0.0
 40
2.1
  0
CIRCLE
  5
2E2958
330
11F692
100
AcDbEntity
  8
ANA 10
100
AcDbCircle
 10
-644.1746818667553
 20
27.04055578337758
 30
0.0
 40
2.1
  0
CIRCLE
  5
2E2959
330
11F692
100
AcDbEntity
  8
ANA 10
100
AcDbCircle
 10
-620.3210005203328
 20
29.27053141621204
 30
0.0
 40
2.1
  0
CIRCLE
  5
2E295A
330
11F692
100
AcDbEntity
  8
ANA 10
100
AcDbCircle
 10
-610.2500000000003
 20
34.08716155321764
 30
0.0
 40
2.1
  0
CIRCLE
  5
2E295B
330
11F692
100
AcDbEntity
  8
ANA 10
100
AcDbCircle
 10
-598.7400000000006
 20
20.79292953908401
 30
0.0
 40
2.1
  0
CIRCLE
  5
2E295C
330
11F692
100
AcDbEntity
  8
ANA 10
100
AcDbCircle
 10
-581.9699999999999
 20
29.49499999999995
 30
0.0
 40
2.1
  0
CIRCLE
  5
2E295D
330
11F692
100
AcDbEntity
  8
ANA 10
100
AcDbCircle
 10
-565.078141368378
 20
20.61793651531261
 30
0.0
 40
2.1
  0
CIRCLE
  5
2E295E
330
11F692
100
AcDbEntity
  8
ANA 10
100
AcDbCircle
 10
-550.8900000000003
 20
30.27500000000001
 30
0.0
 40
2.1
  0
CIRCLE
  5
2E295F
330
11F692
100
AcDbEntity
  8
ANA 10
100
AcDbCircle
 10
-534.1784581592012
 20
20.8702880345123
 30
0.0
 40
2.1
  0
CIRCLE
  5
2E2960
330
11F692
100
AcDbEntity
  8
ANA 10
100
AcDbCircle
 10
-528.7088421592763
 20
28.50327295073583
 30
0.0
 40
2.1
  0
CIRCLE
  5
2E2961
330
11F692
100
AcDbEntity
  8
ANA 10
100
AcDbCircle
 10
-511.8716066088948
 20
27.54911659923028
 30
0.0
 40
2.1
  0
CIRCLE
  5
2E2962
330
11F692
100
AcDbEntity
  8
ANA 10
100
AcDbCircle
 10
-502.1950000000002
 20
20.25699516500993
 30
0.0
 40
2.1
  0
CIRCLE
  5
2E2963
330
11F692
100
AcDbEntity
  8
ANA 10
100
AcDbCircle
 10
-486.4117464647127
 20
29.44693370552485
 30
0.0
 40
2.1
  0
CIRCLE
  5
2E2964
330
11F692
100
AcDbEntity
  8
ANA 10
100
AcDbCircle
 10
-477.0700000000003
 20
34.0871615532177
 30
0.0
 40
2.1
  0
CIRCLE
  5
2E2965
330
11F692
100
AcDbEntity
  8
ANA 10
100
AcDbCircle
 10
-465.5600000000003
 20
20.79292953908421
 30
0.0
 40
2.1
  0
CIRCLE
  5
2E2966
330
11F692
100
AcDbEntity
  8
ANA 10
100
AcDbCircle
 10
-448.7089906929371
 20
29.49478979654009
 30
0.0
 40
2.1
  0
CIRCLE
  5
2E2967
330
11F692
100
AcDbEntity
  8
ANA 10
100
AcDbCircle
 10
-431.8983486057199
 20
20.61823743306715
 30
0.0
 40
2.1
  0
CIRCLE
  5
2E2968
330
11F692
100
AcDbEntity
  8
ANA 10
100
AcDbCircle
 10
-417.7199999999999
 20
30.27500000000009
 30
0.0
 40
2.1
  0
CIRCLE
  5
2E2969
330
11F692
100
AcDbEntity
  8
ANA 10
100
AcDbCircle
 10
-401.008458159201
 20
20.87028803451281
 30
0.0
 40
2.1
  0
CIRCLE
  5
2E296A
330
11F692
100
AcDbEntity
  8
ANA 10
100
AcDbCircle
 10
-389.5099509367714
 20
32.18500000000015
 30
0.0
 40
2.1
  0
CIRCLE
  5
2E296B
330
11F692
100
AcDbEntity
  8
ANA 10
100
AcDbCircle
 10
-369.0250000000003
 20
20.25699516500998
 30
0.0
 40
2.1
  0
CIRCLE
  5
2E296C
330
11F692
100
AcDbEntity
  8
ANA 10
100
AcDbCircle
 10
-343.2039554588485
 20
34.53421199378673
 30
0.0
 40
2.1
  0
CIRCLE
  5
2E296D
330
11F692
100
AcDbEntity
  8
ANA 10
100
AcDbCircle
 10
-353.2417464647125
 20
29.44693370552503
 30
0.0
 40
2.1
  0
CIRCLE
  5
2E296E
330
11F692
100
AcDbEntity
  8
ANA 10
100
AcDbCircle
 10
-331.9998597596802
 20
20.44225528815468
 30
0.0
 40
2.1
  0
CIRCLE
  5
2E296F
330
11F692
100
AcDbEntity
  8
ANA 10
100
AcDbCircle
 10
-293.7492906165235
 20
46.52500000000009
 30
0.0
 40
2.1
  0
CIRCLE
  5
2E2970
330
11F692
100
AcDbEntity
  8
ANA 10
100
AcDbCircle
 10
-311.8351774910408
 20
32.4199288252766
 30
0.0
 40
2.1
  0
CIRCLE
  5
2E2971
330
11F692
100
AcDbEntity
  8
ANA 10
100
AcDbCircle
 10
-318.6014196195643
 20
51.16500000000008
 30
0.0
 40
2.1
  0
CIRCLE
  5
2E2972
330
11F692
100
AcDbEntity
  8
ANA 10
100
AcDbCircle
 10
-372.8315863003568
 20
50.46940159390121
 30
0.0
 40
2.1
  0
CIRCLE
  5
2E2973
330
11F692
100
AcDbEntity
  8
ANA 10
100
AcDbCircle
 10
-387.2678833019069
 20
40.28500000000008
 30
0.0
 40
2.1
  0
CIRCLE
  5
2E2974
330
11F692
100
AcDbEntity
  8
ANA 10
100
AcDbCircle
 10
-397.4919944348215
 20
49.85810366943116
 30
0.0
 40
2.1
  0
CIRCLE
  5
2E2975
330
11F692
100
AcDbEntity
  8
ANA 10
100
AcDbCircle
 10
-410.6223696886281
 20
50.4866729624828
 30
0.0
 40
2.1
  0
CIRCLE
  5
2E2976
330
11F692
100
AcDbEntity
  8
ANA 10
100
AcDbCircle
 10
-421.5000000000001
 20
41.49499999999858
 30
0.0
 40
2.1
  0
CIRCLE
  5
2E2977
330
11F692
100
AcDbEntity
  8
ANA 10
100
AcDbCircle
 10
-435.3711907861457
 20
49.55957535286052
 30
0.0
 40
2.1
  0
CIRCLE
  5
2E2978
330
11F692
100
AcDbEntity
  8
ANA 10
100
AcDbCircle
 10
-449.5900000000004
 20
39.54499999999996
 30
0.0
 40
2.1
  0
CIRCLE
  5
2E2979
330
11F692
100
AcDbEntity
  8
ANA 10
100
AcDbCircle
 10
-462.6143990443099
 20
49.92563240691779
 30
0.0
 40
2.1
  0
CIRCLE
  5
2E297A
330
11F692
100
AcDbEntity
  8
ANA 10
100
AcDbCircle
 10
-484.3700005783051
 20
50.58500000000006
 30
0.0
 40
2.1
  0
CIRCLE
  5
2E297B
330
11F692
100
AcDbEntity
  8
ANA 10
100
AcDbCircle
 10
-506.1183625179477
 20
49.93093309246209
 30
0.0
 40
2.1
  0
CIRCLE
  5
2E297C
330
11F692
100
AcDbEntity
  8
ANA 10
100
AcDbCircle
 10
-520.4378833019069
 20
40.28500000000008
 30
0.0
 40
2.1
  0
CIRCLE
  5
2E297D
330
11F692
100
AcDbEntity
  8
ANA 10
100
AcDbCircle
 10
-530.6619944348214
 20
49.85810366943113
 30
0.0
 40
2.1
  0
CIRCLE
  5
2E297E
330
11F692
100
AcDbEntity
  8
ANA 10
100
AcDbCircle
 10
-543.7923696886279
 20
50.48667296248289
 30
0.0
 40
2.1
  0
CIRCLE
  5
2E297F
330
11F692
100
AcDbEntity
  8
ANA 10
100
AcDbCircle
 10
-554.6700000000002
 20
41.49499999999861
 30
0.0
 40
2.1
  0
CIRCLE
  5
2E2980
330
11F692
100
AcDbEntity
  8
ANA 10
100
AcDbCircle
 10
-567.9647397925783
 20
49.59559085287486
 30
0.0
 40
2.1
  0
CIRCLE
  5
2E2981
330
11F692
100
AcDbEntity
  8
ANA 10
100
AcDbCircle
 10
-582.7700000000004
 20
39.54500000000007
 30
0.0
 40
2.1
  0
CIRCLE
  5
2E2982
330
11F692
100
AcDbEntity
  8
ANA 10
100
AcDbCircle
 10
-595.79439904431
 20
49.92563240691779
 30
0.0
 40
2.1
  0
CIRCLE
  5
2E2983
330
11F692
100
AcDbEntity
  8
ANA 10
100
AcDbCircle
 10
-617.5500005783052
 20
50.58500000000006
 30
0.0
 40
2.1
  0
CIRCLE
  5
2E2984
330
11F692
100
AcDbEntity
  8
ANA 10
100
AcDbCircle
 10
-639.2983625179478
 20
49.93093309246209
 30
0.0
 40
2.1
  0
CIRCLE
  5
2E2985
330
11F692
100
AcDbEntity
  8
ANA 10
100
AcDbCircle
 10
-653.6178833019067
 20
40.28500000000008
 30
0.0
 40
2.1
  0
CIRCLE
  5
2E2986
330
11F692
100
AcDbEntity
  8
ANA 10
100
AcDbCircle
 10
-663.8419944348214
 20
49.85810366943119
 30
0.0
 40
2.1
  0
CIRCLE
  5
2E2987
330
11F692
100
AcDbEntity
  8
ANA 10
100
AcDbCircle
 10
-677.0015203998881
 20
50.46460167582987
 30
0.0
 40
2.1
  0
CIRCLE
  5
2E2988
330
11F692
100
AcDbEntity
  8
ANA 10
100
AcDbCircle
 10
-687.8500000000003
 20
41.495
 30
0.0
 40
2.1
  0
CIRCLE
  5
2E2989
330
11F692
100
AcDbEntity
  8
ANA 10
100
AcDbCircle
 10
-700.8500000000004
 20
49.05218972281469
 30
0.0
 40
2.1
  0
CIRCLE
  5
2E298A
330
11F692
100
AcDbEntity
  8
ANA 21
100
AcDbCircle
 10
-680.5841773424334
 20
60.17755226982387
 30
0.0
 40
2.1
  0
CIRCLE
  5
2E298B
330
11F692
100
AcDbEntity
  8
ANA 21
100
AcDbCircle
 10
-687.8500000000001
 20
47.23819696007661
 30
0.0
 40
2.1
  0
CIRCLE
  5
2E298C
330
11F692
100
AcDbEntity
  8
ANA 21
100
AcDbCircle
 10
-694.4601299049765
 20
54.39356099563986
 30
0.0
 40
2.1
  0
CIRCLE
  5
2E298D
330
11F692
100
AcDbEntity
  8
ANA 21
100
AcDbCircle
 10
-707.2194025894511
 20
52.63440258945191
 30
0.0
 40
2.1
  0
CIRCLE
  5
2E298E
330
11F692
100
AcDbEntity
  8
ANA 21
100
AcDbCircle
 10
-708.6199825573766
 20
27.40501744262316
 30
0.0
 40
2.1
  0
CIRCLE
  5
2E298F
330
11F692
100
AcDbEntity
  8
ANA 21
100
AcDbCircle
 10
-711.1044723121251
 20
39.10000000000014
 30
0.0
 40
2.1
  0
CIRCLE
  5
2E2990
330
11F692
100
AcDbEntity
  8
ANA 21
100
AcDbCircle
 10
-679.4404665811452
 20
22.90359511285509
 30
0.0
 40
2.1
  0
CIRCLE
  5
2E2991
330
11F692
100
AcDbEntity
  8
ANA 21
100
AcDbCircle
 10
-694.2099999999996
 20
24.90560701103186
 30
0.0
 40
2.1
  0
CIRCLE
  5
2E2992
330
11F692
100
AcDbEntity
  8
ANA 21
100
AcDbCircle
 10
-668.106882353868
 20
14.81692248579486
 30
0.0
 40
2.1
  0
CIRCLE
  5
2E2993
330
11F692
100
AcDbEntity
  8
ANA 21
100
AcDbCircle
 10
-655.8599509367706
 20
26.34551467821907
 30
0.0
 40
2.1
  0
CIRCLE
  5
2E2994
330
11F692
100
AcDbEntity
  8
ANA 21
100
AcDbCircle
 10
-635.3699999999975
 20
14.53077958854116
 30
0.0
 40
2.1
  0
CIRCLE
  5
2E2995
330
11F692
100
AcDbEntity
  8
ANA 21
100
AcDbCircle
 10
-646.1005851349926
 20
21.57069560371005
 30
0.0
 40
2.1
  0
CIRCLE
  5
2E2996
330
11F692
100
AcDbEntity
  8
ANA 21
100
AcDbCircle
 10
-623.5147139760642
 20
22.27357061536991
 30
0.0
 40
2.1
  0
CIRCLE
  5
2E2997
330
11F692
100
AcDbEntity
  8
ANA 21
100
AcDbCircle
 10
-610.2499999999992
 20
27.47716155321773
 30
0.0
 40
2.1
  0
CIRCLE
  5
2E2998
330
11F692
100
AcDbEntity
  8
ANA 21
100
AcDbCircle
 10
-598.9999999999996
 20
15.09738913956029
 30
0.0
 40
2.1
  0
CIRCLE
  5
2E2999
330
11F692
100
AcDbEntity
  8
ANA 21
100
AcDbCircle
 10
-581.9656797632887
 20
23.89192866291992
 30
0.0
 40
2.1
  0
CIRCLE
  5
2E299A
330
11F692
100
AcDbEntity
  8
ANA 21
100
AcDbCircle
 10
-564.9499999999993
 20
14.72745163881711
 30
0.0
 40
2.1
  0
CIRCLE
  5
2E299B
330
11F692
100
AcDbEntity
  8
ANA 21
100
AcDbCircle
 10
-550.8899999999994
 20
24.58137053263111
 30
0.0
 40
2.1
  0
CIRCLE
  5
2E299C
330
11F692
100
AcDbEntity
  8
ANA 21
100
AcDbCircle
 10
-534.9268823538682
 20
14.67836191926165
 30
0.0
 40
2.1
  0
CIRCLE
  5
2E299D
330
11F692
100
AcDbEntity
  8
ANA 21
100
AcDbCircle
 10
-522.6799509367705
 20
25.5849999999999
 30
0.0
 40
2.1
  0
CIRCLE
  5
2E299E
330
11F692
100
AcDbEntity
  8
ANA 21
100
AcDbCircle
 10
-502.1899999999993
 20
14.59145968538604
 30
0.0
 40
2.1
  0
CIRCLE
  5
2E299F
330
11F692
100
AcDbEntity
  8
ANA 21
100
AcDbCircle
 10
-512.2391056419806
 20
20.82913196147663
 30
0.0
 40
2.1
  0
CIRCLE
  5
2E29A0
330
11F692
100
AcDbEntity
  8
ANA 21
100
AcDbCircle
 10
-488.9061244117808
 20
22.95500378010523
 30
0.0
 40
2.1
  0
CIRCLE
  5
2E29A1
330
11F692
100
AcDbEntity
  8
ANA 21
100
AcDbCircle
 10
-477.0699999999995
 20
27.4771615532176
 30
0.0
 40
2.1
  0
CIRCLE
  5
2E29A2
330
11F692
100
AcDbEntity
  8
ANA 21
100
AcDbCircle
 10
-465.8199999999993
 20
14.69849526884778
 30
0.0
 40
2.1
  0
CIRCLE
  5
2E29A3
330
11F692
100
AcDbEntity
  8
ANA 21
100
AcDbCircle
 10
-448.7899999999992
 20
23.66985133352509
 30
0.0
 40
2.1
  0
CIRCLE
  5
2E29A4
330
11F692
100
AcDbEntity
  8
ANA 21
100
AcDbCircle
 10
-431.7699999999994
 20
14.97583321333663
 30
0.0
 40
2.1
  0
CIRCLE
  5
2E29A5
330
11F692
100
AcDbEntity
  8
ANA 21
100
AcDbCircle
 10
-417.7199999999993
 20
24.55476295307088
 30
0.0
 40
2.1
  0
CIRCLE
  5
2E29A6
330
11F692
100
AcDbEntity
  8
ANA 21
100
AcDbCircle
 10
-401.7568823538681
 20
14.70543925690401
 30
0.0
 40
2.1
  0
CIRCLE
  5
2E29A7
330
11F692
100
AcDbEntity
  8
ANA 21
100
AcDbCircle
 10
-389.5099509367708
 20
25.58500000000021
 30
0.0
 40
2.1
  0
CIRCLE
  5
2E29A8
330
11F692
100
AcDbEntity
  8
ANA 21
100
AcDbCircle
 10
-369.0199999999974
 20
14.71496992568082
 30
0.0
 40
2.1
  0
CIRCLE
  5
2E29A9
330
11F692
100
AcDbEntity
  8
ANA 21
100
AcDbCircle
 10
-343.2039554588477
 20
27.93421199378729
 30
0.0
 40
2.1
  0
CIRCLE
  5
2E29AA
330
11F692
100
AcDbEntity
  8
ANA 21
100
AcDbCircle
 10
-332.4199999999995
 20
14.83603802620352
 30
0.0
 40
2.1
  0
CIRCLE
  5
2E29AB
330
11F692
100
AcDbEntity
  8
ANA 21
100
AcDbCircle
 10
-309.7185565570168
 20
26.71634460193164
 30
0.0
 40
2.1
  0
CIRCLE
  5
2E29AC
330
11F692
100
AcDbEntity
  8
ANA 21
100
AcDbCircle
 10
-288.2165331908449
 20
46.52500000000007
 30
0.0
 40
2.1
  0
CIRCLE
  5
2E29AD
330
11F692
100
AcDbEntity
  8
ANA 21
100
AcDbCircle
 10
-298.3892906165227
 20
56.97455028914067
 30
0.0
 40
2.1
  0
CIRCLE
  5
2E29AE
330
11F692
100
AcDbEntity
  8
ANA 21
100
AcDbCircle
 10
-337.7679437251517
 20
58.7820562748478
 30
0.0
 40
2.1
  0
CIRCLE
  5
2E29AF
330
11F692
100
AcDbEntity
  8
ANA 21
100
AcDbCircle
 10
-346.0491773424329
 20
60.17755226982399
 30
0.0
 40
2.1
  0
CIRCLE
  5
2E29B0
330
11F692
100
AcDbEntity
  8
ANA 21
100
AcDbCircle
 10
-350.7299999999994
 20
56.46484759984343
 30
0.0
 40
2.1
  0
CIRCLE
  5
2E29B1
330
11F692
100
AcDbEntity
  8
ANA 21
100
AcDbCircle
 10
-355.4108226575662
 20
60.17755226982439
 30
0.0
 40
2.1
  0
CIRCLE
  5
2E29B2
330
11F692
100
AcDbEntity
  8
ANA 21
100
AcDbCircle
 10
-363.6920562748473
 20
58.7820562748478
 30
0.0
 40
2.1
  0
CIRCLE
  5
2E29B3
330
11F692
100
AcDbEntity
  8
ANA 21
100
AcDbCircle
 10
-377.2631797845416
 20
54.12227860906099
 30
0.0
 40
2.1
  0
CIRCLE
  5
2E29B4
330
11F692
100
AcDbEntity
  8
ANA 21
100
AcDbCircle
 10
-387.2678833019061
 20
46.28541461879786
 30
0.0
 40
2.1
  0
CIRCLE
  5
2E29B5
330
11F692
100
AcDbEntity
  8
ANA 21
100
AcDbCircle
 10
-393.8237429333633
 20
54.45387546614881
 30
0.0
 40
2.1
  0
CIRCLE
  5
2E29B6
330
11F692
100
AcDbEntity
  8
ANA 21
100
AcDbCircle
 10
-405.8479437251518
 20
58.78205627484766
 30
0.0
 40
2.1
  0
CIRCLE
  5
2E29B7
330
11F692
100
AcDbEntity
  8
ANA 21
100
AcDbCircle
 10
-414.2341773424328
 20
60.17755226982396
 30
0.0
 40
2.1
  0
CIRCLE
  5
2E29B8
330
11F692
100
AcDbEntity
  8
ANA 21
100
AcDbCircle
 10
-421.2715939034687
 20
47.24884684378817
 30
0.0
 40
2.1
  0
CIRCLE
  5
2E29B9
330
11F692
100
AcDbEntity
  8
ANA 21
100
AcDbCircle
 10
-428.139159822147
 20
54.42443406388969
 30
0.0
 40
2.1
  0
CIRCLE
  5
2E29BA
330
11F692
100
AcDbEntity
  8
ANA 21
100
AcDbCircle
 10
-441.0513523254044
 20
53.34501112445287
 30
0.0
 40
2.1
  0
CIRCLE
  5
2E29BB
330
11F692
100
AcDbEntity
  8
ANA 21
100
AcDbCircle
 10
-449.5899999999994
 20
45.54919075107163
 30
0.0
 40
2.1
  0
CIRCLE
  5
2E29BC
330
11F692
100
AcDbEntity
  8
ANA 21
100
AcDbCircle
 10
-456.8701331188774
 20
52.04441194235855
 30
0.0
 40
2.1
  0
CIRCLE
  5
2E29BD
330
11F692
100
AcDbEntity
  8
ANA 21
100
AcDbCircle
 10
-479.2191773424329
 20
60.17755226982399
 30
0.0
 40
2.1
  0
CIRCLE
  5
2E29BE
330
11F692
100
AcDbEntity
  8
ANA 21
100
AcDbCircle
 10
-471.5803300805803
 20
59.24084585744731
 30
0.0
 40
2.1
  0
CIRCLE
  5
2E29BF
330
11F692
100
AcDbEntity
  8
ANA 21
100
AcDbCircle
 10
-483.8999999999994
 20
56.53823826632663
 30
0.0
 40
2.1
  0
CIRCLE
  5
2E29C0
330
11F692
100
AcDbEntity
  8
ANA 21
100
AcDbCircle
 10
-488.5808226575661
 20
60.17755226982444
 30
0.0
 40
2.1
  0
CIRCLE
  5
2E29C1
330
11F692
100
AcDbEntity
  8
ANA 21
100
AcDbCircle
 10
-496.8620562748473
 20
58.78205627484774
 30
0.0
 40
2.1
  0
CIRCLE
  5
2E29C2
330
11F692
100
AcDbEntity
  8
ANA 21
100
AcDbCircle
 10
-510.0815298598581
 20
53.81478580923968
 30
0.0
 40
2.1
  0
CIRCLE
  5
2E29C3
330
11F692
100
AcDbEntity
  8
ANA 21
100
AcDbCircle
 10
-520.4378833019061
 20
46.13232666822499
 30
0.0
 40
2.1
  0
CIRCLE
  5
2E29C4
330
11F692
100
AcDbEntity
  8
ANA 21
100
AcDbCircle
 10
-525.8116487075007
 20
55.08265025923662
 30
0.0
 40
2.1
  0
CIRCLE
  5
2E29C5
330
11F692
100
AcDbEntity
  8
ANA 21
100
AcDbCircle
 10
-539.0179437251517
 20
58.78205627484772
 30
0.0
 40
2.1
  0
CIRCLE
  5
2E29C6
330
11F692
100
AcDbEntity
  8
ANA 21
100
AcDbCircle
 10
-547.4041773424328
 20
60.17755226982387
 30
0.0
 40
2.1
  0
CIRCLE
  5
2E29C7
330
11F692
100
AcDbEntity
  8
ANA 21
100
AcDbCircle
 10
-554.6699999999994
 20
47.86869361023038
 30
0.0
 40
2.1
  0
CIRCLE
  5
2E29C8
330
11F692
100
AcDbEntity
  8
ANA 21
100
AcDbCircle
 10
-561.2286586590657
 20
54.3360140376148
 30
0.0
 40
2.1
  0
CIRCLE
  5
2E29C9
330
11F692
100
AcDbEntity
  8
ANA 21
100
AcDbCircle
 10
-573.7858418742548
 20
52.87785100909167
 30
0.0
 40
2.1
  0
CIRCLE
  5
2E29CA
330
11F692
100
AcDbEntity
  8
ANA 21
100
AcDbCircle
 10
-582.7699999999993
 20
45.91869361023059
 30
0.0
 40
2.1
  0
CIRCLE
  5
2E29CB
330
11F692
100
AcDbEntity
  8
ANA 21
100
AcDbCircle
 10
-590.1761614548526
 20
52.16024946731639
 30
0.0
 40
2.1
  0
CIRCLE
  5
2E29CC
330
11F692
100
AcDbEntity
  8
ANA 21
100
AcDbCircle
 10
-604.1179437251515
 20
58.78205627484778
 30
0.0
 40
2.1
  0
CIRCLE
  5
2E29CD
330
11F692
100
AcDbEntity
  8
ANA 21
100
AcDbCircle
 10
-612.9970284489396
 20
59.7333693285114
 30
0.0
 40
2.1
  0
CIRCLE
  5
2E29CE
330
11F692
100
AcDbEntity
  8
ANA 21
100
AcDbCircle
 10
-617.0799999999997
 20
56.64536418788123
 30
0.0
 40
2.1
  0
CIRCLE
  5
2E29CF
330
11F692
100
AcDbEntity
  8
ANA 21
100
AcDbCircle
 10
-621.4187463537408
 20
59.96269167557111
 30
0.0
 40
2.1
  0
CIRCLE
  5
2E29D0
330
11F692
100
AcDbEntity
  8
ANA 21
100
AcDbCircle
 10
-630.0420562748473
 20
58.78205627484786
 30
0.0
 40
2.1
  0
CIRCLE
  5
2E29D1
330
11F692
100
AcDbEntity
  8
ANA 21
100
AcDbCircle
 10
-643.2615298598582
 20
53.8147858092396
 30
0.0
 40
2.1
  0
CIRCLE
  5
2E29D2
330
11F692
100
AcDbEntity
  8
ANA 21
100
AcDbCircle
 10
-653.6178833019059
 20
46.12634327522049
 30
0.0
 40
2.1
  0
CIRCLE
  5
2E29D3
330
11F692
100
AcDbEntity
  8
ANA 21
100
AcDbCircle
 10
-659.3514639597932
 20
53.71950565501117
 30
0.0
 40
2.1
  0
CIRCLE
  5
2E29D4
330
11F692
100
AcDbEntity
  8
ANA 21
100
AcDbCircle
 10
-672.1979437251518
 20
58.78205627484772
 30
0.0
 40
2.1
  0
CIRCLE
  5
2E29D5
330
11F692
100
AcDbEntity
  8
ANA 21
100
AcDbCircle
 10
-318.2281268803454
 20
56.97455028914067
 30
0.0
 40
2.1
  0
CIRCLE
  5
2E29D6
330
11F692
100
AcDbEntity
  8
ANA 10
100
AcDbCircle
 10
-350.7054233585783
 20
51.16500000000008
 30
0.0
 40
2.1
  0
CIRCLE
  5
2E29D7
330
11F692
100
AcDbEntity
  8
ANA 10
100
AcDbCircle
 10
-704.3148232278144
 20
-42.65982322781399
 30
0.0
 40
2.1
  0
CIRCLE
  5
2E29D8
330
11F692
100
AcDbEntity
  8
ANA 10
100
AcDbCircle
 10
-676.8850790292568
 20
-45.97787774617262
 30
0.0
 40
2.1
  0
CIRCLE
  5
2E29D9
330
11F692
100
AcDbEntity
  8
ANA 10
100
AcDbCircle
 10
-689.6639264970708
 20
-44.09499999999991
 30
0.0
 40
2.1
  0
CIRCLE
  5
2E29DA
330
11F692
100
AcDbEntity
  8
ANA 10
100
AcDbCircle
 10
-667.358458159201
 20
-53.49971196548762
 30
0.0
 40
2.1
  0
CIRCLE
  5
2E29DB
330
11F692
100
AcDbEntity
  8
ANA 10
100
AcDbCircle
 10
-655.8599509367715
 20
-42.18499999999991
 30
0.0
 40
2.1
  0
CIRCLE
  5
2E29DC
330
11F692
100
AcDbEntity
  8
ANA 10
100
AcDbCircle
 10
-635.3750000000006
 20
-54.11300483499008
 30
0.0
 40
2.1
  0
CIRCLE
  5
2E29DD
330
11F692
100
AcDbEntity
  8
ANA 10
100
AcDbCircle
 10
-644.1746818667553
 20
-47.32944421662241
 30
0.0
 40
2.1
  0
CIRCLE
  5
2E29DE
330
11F692
100
AcDbEntity
  8
ANA 10
100
AcDbCircle
 10
-620.3210005203328
 20
-45.09946858378796
 30
0.0
 40
2.1
  0
CIRCLE
  5
2E29DF
330
11F692
100
AcDbEntity
  8
ANA 10
100
AcDbCircle
 10
-610.2500000000003
 20
-40.28283844678236
 30
0.0
 40
2.1
  0
CIRCLE
  5
2E29E0
330
11F692
100
AcDbEntity
  8
ANA 10
100
AcDbCircle
 10
-598.7400000000006
 20
-53.57707046091599
 30
0.0
 40
2.1
  0
CIRCLE
  5
2E29E1
330
11F692
100
AcDbEntity
  8
ANA 10
100
AcDbCircle
 10
-581.9699999999999
 20
-44.87500000000006
 30
0.0
 40
2.1
  0
CIRCLE
  5
2E29E2
330
11F692
100
AcDbEntity
  8
ANA 10
100
AcDbCircle
 10
-565.078141368378
 20
-53.7520634846874
 30
0.0
 40
2.1
  0
CIRCLE
  5
2E29E3
330
11F692
100
AcDbEntity
  8
ANA 10
100
AcDbCircle
 10
-550.8900000000003
 20
-44.095
 30
0.0
 40
2.1
  0
CIRCLE
  5
2E29E4
330
11F692
100
AcDbEntity
  8
ANA 10
100
AcDbCircle
 10
-534.1784581592012
 20
-53.49971196548771
 30
0.0
 40
2.1
  0
CIRCLE
  5
2E29E5
330
11F692
100
AcDbEntity
  8
ANA 10
100
AcDbCircle
 10
-528.7088421592763
 20
-45.86672704926416
 30
0.0
 40
2.1
  0
CIRCLE
  5
2E29E6
330
11F692
100
AcDbEntity
  8
ANA 10
100
AcDbCircle
 10
-511.8716066088948
 20
-46.82088340076973
 30
0.0
 40
2.1
  0
CIRCLE
  5
2E29E7
330
11F692
100
AcDbEntity
  8
ANA 10
100
AcDbCircle
 10
-502.1950000000002
 20
-54.11300483499008
 30
0.0
 40
2.1
  0
CIRCLE
  5
2E29E8
330
11F692
100
AcDbEntity
  8
ANA 10
100
AcDbCircle
 10
-486.4117464647127
 20
-44.92306629447514
 30
0.0
 40
2.1
  0
CIRCLE
  5
2E29E9
330
11F692
100
AcDbEntity
  8
ANA 10
100
AcDbCircle
 10
-477.0700000000003
 20
-40.2828384467823
 30
0.0
 40
2.1
  0
CIRCLE
  5
2E29EA
330
11F692
100
AcDbEntity
  8
ANA 10
100
AcDbCircle
 10
-465.5600000000003
 20
-53.57707046091579
 30
0.0
 40
2.1
  0
CIRCLE
  5
2E29EB
330
11F692
100
AcDbEntity
  8
ANA 10
100
AcDbCircle
 10
-448.7089906929371
 20
-44.87521020345991
 30
0.0
 40
2.1
  0
CIRCLE
  5
2E29EC
330
11F692
100
AcDbEntity
  8
ANA 10
100
AcDbCircle
 10
-431.8983486057199
 20
-53.75176256693285
 30
0.0
 40
2.1
  0
CIRCLE
  5
2E29ED
330
11F692
100
AcDbEntity
  8
ANA 10
100
AcDbCircle
 10
-417.7199999999999
 20
-44.09499999999991
 30
0.0
 40
2.1
  0
CIRCLE
  5
2E29EE
330
11F692
100
AcDbEntity
  8
ANA 10
100
AcDbCircle
 10
-401.008458159201
 20
-53.49971196548719
 30
0.0
 40
2.1
  0
CIRCLE
  5
2E29EF
330
11F692
100
AcDbEntity
  8
ANA 10
100
AcDbCircle
 10
-389.5099509367714
 20
-42.18499999999986
 30
0.0
 40
2.1
  0
CIRCLE
  5
2E29F0
330
11F692
100
AcDbEntity
  8
ANA 10
100
AcDbCircle
 10
-369.0250000000003
 20
-54.11300483499002
 30
0.0
 40
2.1
  0
CIRCLE
  5
2E29F1
330
11F692
100
AcDbEntity
  8
ANA 10
100
AcDbCircle
 10
-343.2039554588485
 20
-39.83578800621328
 30
0.0
 40
2.1
  0
CIRCLE
  5
2E29F2
330
11F692
100
AcDbEntity
  8
ANA 10
100
AcDbCircle
 10
-353.2417464647125
 20
-44.92306629447497
 30
0.0
 40
2.1
  0
CIRCLE
  5
2E29F3
330
11F692
100
AcDbEntity
  8
ANA 10
100
AcDbCircle
 10
-331.9998597596802
 20
-53.92774471184532
 30
0.0
 40
2.1
  0
CIRCLE
  5
2E29F4
330
11F692
100
AcDbEntity
  8
ANA 10
100
AcDbCircle
 10
-293.7492906165235
 20
-27.84499999999991
 30
0.0
 40
2.1
  0
CIRCLE
  5
2E29F5
330
11F692
100
AcDbEntity
  8
ANA 10
100
AcDbCircle
 10
-311.8351774910408
 20
-41.9500711747234
 30
0.0
 40
2.1
  0
CIRCLE
  5
2E29F6
330
11F692
100
AcDbEntity
  8
ANA 10
100
AcDbCircle
 10
-318.6014196195643
 20
-23.20499999999993
 30
0.0
 40
2.1
  0
CIRCLE
  5
2E29F7
330
11F692
100
AcDbEntity
  8
ANA 10
100
AcDbCircle
 10
-372.8315863003568
 20
-23.90059840609879
 30
0.0
 40
2.1
  0
CIRCLE
  5
2E29F8
330
11F692
100
AcDbEntity
  8
ANA 10
100
AcDbCircle
 10
-387.2678833019069
 20
-34.08499999999992
 30
0.0
 40
2.1
  0
CIRCLE
  5
2E29F9
330
11F692
100
AcDbEntity
  8
ANA 10
100
AcDbCircle
 10
-397.4919944348215
 20
-24.51189633056884
 30
0.0
 40
2.1
  0
CIRCLE
  5
2E29FA
330
11F692
100
AcDbEntity
  8
ANA 10
100
AcDbCircle
 10
-410.6223696886281
 20
-23.88332703751721
 30
0.0
 40
2.1
  0
CIRCLE
  5
2E29FB
330
11F692
100
AcDbEntity
  8
ANA 10
100
AcDbCircle
 10
-421.5000000000001
 20
-32.87500000000142
 30
0.0
 40
2.1
  0
CIRCLE
  5
2E29FC
330
11F692
100
AcDbEntity
  8
ANA 10
100
AcDbCircle
 10
-435.3711907861457
 20
-24.81042464713949
 30
0.0
 40
2.1
  0
CIRCLE
  5
2E29FD
330
11F692
100
AcDbEntity
  8
ANA 10
100
AcDbCircle
 10
-449.5900000000004
 20
-34.82500000000005
 30
0.0
 40
2.1
  0
CIRCLE
  5
2E29FE
330
11F692
100
AcDbEntity
  8
ANA 10
100
AcDbCircle
 10
-462.6143990443099
 20
-24.44436759308221
 30
0.0
 40
2.1
  0
CIRCLE
  5
2E29FF
330
11F692
100
AcDbEntity
  8
ANA 10
100
AcDbCircle
 10
-484.3700005783051
 20
-23.78499999999994
 30
0.0
 40
2.1
  0
CIRCLE
  5
2E2A00
330
11F692
100
AcDbEntity
  8
ANA 10
100
AcDbCircle
 10
-506.1183625179477
 20
-24.43906690753792
 30
0.0
 40
2.1
  0
CIRCLE
  5
2E2A01
330
11F692
100
AcDbEntity
  8
ANA 10
100
AcDbCircle
 10
-520.4378833019069
 20
-34.08499999999992
 30
0.0
 40
2.1
  0
CIRCLE
  5
2E2A02
330
11F692
100
AcDbEntity
  8
ANA 10
100
AcDbCircle
 10
-530.6619944348214
 20
-24.51189633056888
 30
0.0
 40
2.1
  0
CIRCLE
  5
2E2A03
330
11F692
100
AcDbEntity
  8
ANA 10
100
AcDbCircle
 10
-543.7923696886279
 20
-23.88332703751712
 30
0.0
 40
2.1
  0
CIRCLE
  5
2E2A04
330
11F692
100
AcDbEntity
  8
ANA 10
100
AcDbCircle
 10
-554.6700000000002
 20
-32.87500000000139
 30
0.0
 40
2.1
  0
CIRCLE
  5
2E2A05
330
11F692
100
AcDbEntity
  8
ANA 10
100
AcDbCircle
 10
-567.9647397925783
 20
-24.77440914712514
 30
0.0
 40
2.1
  0
CIRCLE
  5
2E2A06
330
11F692
100
AcDbEntity
  8
ANA 10
100
AcDbCircle
 10
-582.7700000000004
 20
-34.82499999999993
 30
0.0
 40
2.1
  0
CIRCLE
  5
2E2A07
330
11F692
100
AcDbEntity
  8
ANA 10
100
AcDbCircle
 10
-595.79439904431
 20
-24.44436759308221
 30
0.0
 40
2.1
  0
CIRCLE
  5
2E2A08
330
11F692
100
AcDbEntity
  8
ANA 10
100
AcDbCircle
 10
-617.5500005783052
 20
-23.78499999999994
 30
0.0
 40
2.1
  0
CIRCLE
  5
2E2A09
330
11F692
100
AcDbEntity
  8
ANA 10
100
AcDbCircle
 10
-639.2983625179478
 20
-24.43906690753792
 30
0.0
 40
2.1
  0
CIRCLE
  5
2E2A0A
330
11F692
100
AcDbEntity
  8
ANA 10
100
AcDbCircle
 10
-653.6178833019067
 20
-34.08499999999992
 30
0.0
 40
2.1
  0
CIRCLE
  5
2E2A0B
330
11F692
100
AcDbEntity
  8
ANA 10
100
AcDbCircle
 10
-663.8419944348214
 20
-24.51189633056882
 30
0.0
 40
2.1
  0
CIRCLE
  5
2E2A0C
330
11F692
100
AcDbEntity
  8
ANA 10
100
AcDbCircle
 10
-677.0015203998881
 20
-23.90539832417013
 30
0.0
 40
2.1
  0
CIRCLE
  5
2E2A0D
330
11F692
100
AcDbEntity
  8
ANA 10
100
AcDbCircle
 10
-687.8500000000003
 20
-32.875
 30
0.0
 40
2.1
  0
CIRCLE
  5
2E2A0E
330
11F692
100
AcDbEntity
  8
ANA 10
100
AcDbCircle
 10
-700.8500000000004
 20
-25.31781027718532
 30
0.0
 40
2.1
  0
CIRCLE
  5
2E2A0F
330
11F692
100
AcDbEntity
  8
ANA 21
100
AcDbCircle
 10
-680.5841773424334
 20
-14.19244773017612
 30
0.0
 40
2.1
  0
CIRCLE
  5
2E2A10
330
11F692
100
AcDbEntity
  8
ANA 21
100
AcDbCircle
 10
-687.8500000000001
 20
-27.13180303992338
 30
0.0
 40
2.1
  0
CIRCLE
  5
2E2A11
330
11F692
100
AcDbEntity
  8
ANA 21
100
AcDbCircle
 10
-694.4601299049765
 20
-19.97643900436014
 30
0.0
 40
2.1
  0
CIRCLE
  5
2E2A12
330
11F692
100
AcDbEntity
  8
ANA 21
100
AcDbCircle
 10
-707.2194025894511
 20
-21.73559741054809
 30
0.0
 40
2.1
  0
CIRCLE
  5
2E2A13
330
11F692
100
AcDbEntity
  8
ANA 21
100
AcDbCircle
 10
-708.6199825573766
 20
-46.96498255737684
 30
0.0
 40
2.1
  0
CIRCLE
  5
2E2A14
330
11F692
100
AcDbEntity
  8
ANA 21
100
AcDbCircle
 10
-711.1044723121251
 20
-35.26999999999987
 30
0.0
 40
2.1
  0
CIRCLE
  5
2E2A15
330
11F692
100
AcDbEntity
  8
ANA 21
100
AcDbCircle
 10
-679.4404665811452
 20
-51.46640488714492
 30
0.0
 40
2.1
  0
CIRCLE
  5
2E2A16
330
11F692
100
AcDbEntity
  8
ANA 21
100
AcDbCircle
 10
-694.2099999999996
 20
-49.46439298896814
 30
0.0
 40
2.1
  0
CIRCLE
  5
2E2A17
330
11F692
100
AcDbEntity
  8
ANA 21
100
AcDbCircle
 10
-668.106882353868
 20
-59.55307751420514
 30
0.0
 40
2.1
  0
CIRCLE
  5
2E2A18
330
11F692
100
AcDbEntity
  8
ANA 21
100
AcDbCircle
 10
-655.8599509367706
 20
-48.02448532178093
 30
0.0
 40
2.1
  0
CIRCLE
  5
2E2A19
330
11F692
100
AcDbEntity
  8
ANA 21
100
AcDbCircle
 10
-635.3699999999975
 20
-59.83922041145884
 30
0.0
 40
2.1
  0
CIRCLE
  5
2E2A1A
330
11F692
100
AcDbEntity
  8
ANA 21
100
AcDbCircle
 10
-646.1005851349926
 20
-52.79930439628995
 30
0.0
 40
2.1
  0
CIRCLE
  5
2E2A1B
330
11F692
100
AcDbEntity
  8
ANA 21
100
AcDbCircle
 10
-623.5147139760642
 20
-52.0964293846301
 30
0.0
 40
2.1
  0
CIRCLE
  5
2E2A1C
330
11F692
100
AcDbEntity
  8
ANA 21
100
AcDbCircle
 10
-610.2499999999992
 20
-46.89283844678228
 30
0.0
 40
2.1
  0
CIRCLE
  5
2E2A1D
330
11F692
100
AcDbEntity
  8
ANA 21
100
AcDbCircle
 10
-598.9999999999996
 20
-59.27261086043971
 30
0.0
 40
2.1
  0
CIRCLE
  5
2E2A1E
330
11F692
100
AcDbEntity
  8
ANA 21
100
AcDbCircle
 10
-581.9656797632887
 20
-50.47807133708008
 30
0.0
 40
2.1
  0
CIRCLE
  5
2E2A1F
330
11F692
100
AcDbEntity
  8
ANA 21
100
AcDbCircle
 10
-564.9499999999993
 20
-59.64254836118289
 30
0.0
 40
2.1
  0
CIRCLE
  5
2E2A20
330
11F692
100
AcDbEntity
  8
ANA 21
100
AcDbCircle
 10
-550.8899999999994
 20
-49.78862946736889
 30
0.0
 40
2.1
  0
CIRCLE
  5
2E2A21
330
11F692
100
AcDbEntity
  8
ANA 21
100
AcDbCircle
 10
-534.9268823538682
 20
-59.69163808073836
 30
0.0
 40
2.1
  0
CIRCLE
  5
2E2A22
330
11F692
100
AcDbEntity
  8
ANA 21
100
AcDbCircle
 10
-522.6799509367705
 20
-48.78500000000011
 30
0.0
 40
2.1
  0
CIRCLE
  5
2E2A23
330
11F692
100
AcDbEntity
  8
ANA 21
100
AcDbCircle
 10
-502.1899999999993
 20
-59.77854031461396
 30
0.0
 40
2.1
  0
CIRCLE
  5
2E2A24
330
11F692
100
AcDbEntity
  8
ANA 21
100
AcDbCircle
 10
-512.2391056419806
 20
-53.54086803852337
 30
0.0
 40
2.1
  0
CIRCLE
  5
2E2A25
330
11F692
100
AcDbEntity
  8
ANA 21
100
AcDbCircle
 10
-488.9061244117808
 20
-51.41499621989478
 30
0.0
 40
2.1
  0
CIRCLE
  5
2E2A26
330
11F692
100
AcDbEntity
  8
ANA 21
100
AcDbCircle
 10
-477.0699999999995
 20
-46.8928384467824
 30
0.0
 40
2.1
  0
CIRCLE
  5
2E2A27
330
11F692
100
AcDbEntity
  8
ANA 21
100
AcDbCircle
 10
-465.8199999999993
 20
-59.67150473115222
 30
0.0
 40
2.1
  0
CIRCLE
  5
2E2A28
330
11F692
100
AcDbEntity
  8
ANA 21
100
AcDbCircle
 10
-448.7899999999992
 20
-50.70014866647492
 30
0.0
 40
2.1
  0
CIRCLE
  5
2E2A29
330
11F692
100
AcDbEntity
  8
ANA 21
100
AcDbCircle
 10
-431.7699999999994
 20
-59.39416678666337
 30
0.0
 40
2.1
  0
CIRCLE
  5
2E2A2A
330
11F692
100
AcDbEntity
  8
ANA 21
100
AcDbCircle
 10
-417.7199999999993
 20
-49.81523704692913
 30
0.0
 40
2.1
  0
CIRCLE
  5
2E2A2B
330
11F692
100
AcDbEntity
  8
ANA 21
100
AcDbCircle
 10
-401.7568823538681
 20
-59.66456074309599
 30
0.0
 40
2.1
  0
CIRCLE
  5
2E2A2C
330
11F692
100
AcDbEntity
  8
ANA 21
100
AcDbCircle
 10
-389.5099509367708
 20
-48.7849999999998
 30
0.0
 40
2.1
  0
CIRCLE
  5
2E2A2D
330
11F692
100
AcDbEntity
  8
ANA 21
100
AcDbCircle
 10
-369.0199999999974
 20
-59.65503007431919
 30
0.0
 40
2.1
  0
CIRCLE
  5
2E2A2E
330
11F692
100
AcDbEntity
  8
ANA 21
100
AcDbCircle
 10
-343.2039554588477
 20
-46.43578800621272
 30
0.0
 40
2.1
  0
CIRCLE
  5
2E2A2F
330
11F692
100
AcDbEntity
  8
ANA 21
100
AcDbCircle
 10
-332.4199999999995
 20
-59.53396197379648
 30
0.0
 40
2.1
  0
CIRCLE
  5
2E2A30
330
11F692
100
AcDbEntity
  8
ANA 21
100
AcDbCircle
 10
-309.7185565570168
 20
-47.65365539806836
 30
0.0
 40
2.1
  0
CIRCLE
  5
2E2A31
330
11F692
100
AcDbEntity
  8
ANA 21
100
AcDbCircle
 10
-288.2165331908449
 20
-27.84499999999993
 30
0.0
 40
2.1
  0
CIRCLE
  5
2E2A32
330
11F692
100
AcDbEntity
  8
ANA 21
100
AcDbCircle
 10
-298.3892906165227
 20
-17.39544971085934
 30
0.0
 40
2.1
  0
CIRCLE
  5
2E2A33
330
11F692
100
AcDbEntity
  8
ANA 21
100
AcDbCircle
 10
-337.7679437251517
 20
-15.5879437251522
 30
0.0
 40
2.1
  0
CIRCLE
  5
2E2A34
330
11F692
100
AcDbEntity
  8
ANA 21
100
AcDbCircle
 10
-346.0491773424329
 20
-14.19244773017601
 30
0.0
 40
2.1
  0
CIRCLE
  5
2E2A35
330
11F692
100
AcDbEntity
  8
ANA 21
100
AcDbCircle
 10
-350.7299999999994
 20
-17.90515240015657
 30
0.0
 40
2.1
  0
CIRCLE
  5
2E2A36
330
11F692
100
AcDbEntity
  8
ANA 21
100
AcDbCircle
 10
-355.4108226575662
 20
-14.19244773017561
 30
0.0
 40
2.1
  0
CIRCLE
  5
2E2A37
330
11F692
100
AcDbEntity
  8
ANA 21
100
AcDbCircle
 10
-363.6920562748473
 20
-15.5879437251522
 30
0.0
 40
2.1
  0
CIRCLE
  5
2E2A38
330
11F692
100
AcDbEntity
  8
ANA 21
100
AcDbCircle
 10
-377.2631797845416
 20
-20.24772139093901
 30
0.0
 40
2.1
  0
CIRCLE
  5
2E2A39
330
11F692
100
AcDbEntity
  8
ANA 21
100
AcDbCircle
 10
-387.2678833019061
 20
-28.08458538120215
 30
0.0
 40
2.1
  0
CIRCLE
  5
2E2A3A
330
11F692
100
AcDbEntity
  8
ANA 21
100
AcDbCircle
 10
-393.8237429333633
 20
-19.91612453385119
 30
0.0
 40
2.1
  0
CIRCLE
  5
2E2A3B
330
11F692
100
AcDbEntity
  8
ANA 21
100
AcDbCircle
 10
-405.8479437251518
 20
-15.58794372515234
 30
0.0
 40
2.1
  0
CIRCLE
  5
2E2A3C
330
11F692
100
AcDbEntity
  8
ANA 21
100
AcDbCircle
 10
-414.2341773424328
 20
-14.19244773017604
 30
0.0
 40
2.1
  0
CIRCLE
  5
2E2A3D
330
11F692
100
AcDbEntity
  8
ANA 21
100
AcDbCircle
 10
-421.2715939034687
 20
-27.12115315621183
 30
0.0
 40
2.1
  0
CIRCLE
  5
2E2A3E
330
11F692
100
AcDbEntity
  8
ANA 21
100
AcDbCircle
 10
-428.139159822147
 20
-19.94556593611031
 30
0.0
 40
2.1
  0
CIRCLE
  5
2E2A3F
330
11F692
100
AcDbEntity
  8
ANA 21
100
AcDbCircle
 10
-441.0513523254044
 20
-21.02498887554714
 30
0.0
 40
2.1
  0
CIRCLE
  5
2E2A40
330
11F692
100
AcDbEntity
  8
ANA 21
100
AcDbCircle
 10
-449.5899999999994
 20
-28.82080924892837
 30
0.0
 40
2.1
  0
CIRCLE
  5
2E2A41
330
11F692
100
AcDbEntity
  8
ANA 21
100
AcDbCircle
 10
-456.8701331188774
 20
-22.32558805764146
 30
0.0
 40
2.1
  0
CIRCLE
  5
2E2A42
330
11F692
100
AcDbEntity
  8
ANA 21
100
AcDbCircle
 10
-479.2191773424329
 20
-14.19244773017601
 30
0.0
 40
2.1
  0
CIRCLE
  5
2E2A43
330
11F692
100
AcDbEntity
  8
ANA 21
100
AcDbCircle
 10
-471.5803300805803
 20
-15.12915414255269
 30
0.0
 40
2.1
  0
CIRCLE
  5
2E2A44
330
11F692
100
AcDbEntity
  8
ANA 21
100
AcDbCircle
 10
-483.8999999999994
 20
-17.83176173367337
 30
0.0
 40
2.1
  0
CIRCLE
  5
2E2A45
330
11F692
100
AcDbEntity
  8
ANA 21
100
AcDbCircle
 10
-488.5808226575661
 20
-14.19244773017556
 30
0.0
 40
2.1
  0
CIRCLE
  5
2E2A46
330
11F692
100
AcDbEntity
  8
ANA 21
100
AcDbCircle
 10
-496.8620562748473
 20
-15.58794372515226
 30
0.0
 40
2.1
  0
CIRCLE
  5
2E2A47
330
11F692
100
AcDbEntity
  8
ANA 21
100
AcDbCircle
 10
-510.0815298598581
 20
-20.55521419076033
 30
0.0
 40
2.1
  0
CIRCLE
  5
2E2A48
330
11F692
100
AcDbEntity
  8
ANA 21
100
AcDbCircle
 10
-520.4378833019061
 20
-28.23767333177502
 30
0.0
 40
2.1
  0
CIRCLE
  5
2E2A49
330
11F692
100
AcDbEntity
  8
ANA 21
100
AcDbCircle
 10
-525.8116487075007
 20
-19.28734974076337
 30
0.0
 40
2.1
  0
CIRCLE
  5
2E2A4A
330
11F692
100
AcDbEntity
  8
ANA 21
100
AcDbCircle
 10
-539.0179437251517
 20
-15.58794372515228
 30
0.0
 40
2.1
  0
CIRCLE
  5
2E2A4B
330
11F692
100
AcDbEntity
  8
ANA 21
100
AcDbCircle
 10
-547.4041773424328
 20
-14.19244773017612
 30
0.0
 40
2.1
  0
CIRCLE
  5
2E2A4C
330
11F692
100
AcDbEntity
  8
ANA 21
100
AcDbCircle
 10
-554.6699999999994
 20
-26.50130638976963
 30
0.0
 40
2.1
  0
CIRCLE
  5
2E2A4D
330
11F692
100
AcDbEntity
  8
ANA 21
100
AcDbCircle
 10
-561.2286586590657
 20
-20.0339859623852
 30
0.0
 40
2.1
  0
CIRCLE
  5
2E2A4E
330
11F692
100
AcDbEntity
  8
ANA 21
100
AcDbCircle
 10
-573.7858418742548
 20
-21.49214899090833
 30
0.0
 40
2.1
  0
CIRCLE
  5
2E2A4F
330
11F692
100
AcDbEntity
  8
ANA 21
100
AcDbCircle
 10
-582.7699999999993
 20
-28.45130638976942
 30
0.0
 40
2.1
  0
CIRCLE
  5
2E2A50
330
11F692
100
AcDbEntity
  8
ANA 21
100
AcDbCircle
 10
-590.1761614548526
 20
-22.20975053268361
 30
0.0
 40
2.1
  0
CIRCLE
  5
2E2A51
330
11F692
100
AcDbEntity
  8
ANA 21
100
AcDbCircle
 10
-604.1179437251515
 20
-15.58794372515223
 30
0.0
 40
2.1
  0
CIRCLE
  5
2E2A52
330
11F692
100
AcDbEntity
  8
ANA 21
100
AcDbCircle
 10
-612.9970284489396
 20
-14.6366306714886
 30
0.0
 40
2.1
  0
CIRCLE
  5
2E2A53
330
11F692
100
AcDbEntity
  8
ANA 21
100
AcDbCircle
 10
-617.0799999999997
 20
-17.72463581211878
 30
0.0
 40
2.1
  0
CIRCLE
  5
2E2A54
330
11F692
100
AcDbEntity
  8
ANA 21
100
AcDbCircle
 10
-621.4187463537408
 20
-14.4073083244289
 30
0.0
 40
2.1
  0
CIRCLE
  5
2E2A55
330
11F692
100
AcDbEntity
  8
ANA 21
100
AcDbCircle
 10
-630.0420562748473
 20
-15.58794372515214
 30
0.0
 40
2.1
  0
CIRCLE
  5
2E2A56
330
11F692
100
AcDbEntity
  8
ANA 21
100
AcDbCircle
 10
-643.2615298598582
 20
-20.55521419076041
 30
0.0
 40
2.1
  0
CIRCLE
  5
2E2A57
330
11F692
100
AcDbEntity
  8
ANA 21
100
AcDbCircle
 10
-653.6178833019059
 20
-28.24365672477951
 30
0.0
 40
2.1
  0
CIRCLE
  5
2E2A58
330
11F692
100
AcDbEntity
  8
ANA 21
100
AcDbCircle
 10
-659.3514639597932
 20
-20.65049434498883
 30
0.0
 40
2.1
  0
CIRCLE
  5
2E2A59
330
11F692
100
AcDbEntity
  8
ANA 21
100
AcDbCircle
 10
-672.1979437251518
 20
-15.58794372515228
 30
0.0
 40
2.1
  0
CIRCLE
  5
2E2A5A
330
11F692
100
AcDbEntity
  8
ANA 21
100
AcDbCircle
 10
-318.2281268803454
 20
-17.39544971085934
 30
0.0
 40
2.1
  0
CIRCLE
  5
2E2A5B
330
11F692
100
AcDbEntity
  8
ANA 10
100
AcDbCircle
 10
-350.7054233585783
 20
-23.20499999999993
 30
0.0
 40
2.1
  0
CIRCLE
  5
2E2A5C
330
11F692
100
AcDbEntity
  8
ANA 10
100
AcDbCircle
 10
-704.3148232278144
 20
-117.029823227814
 30
0.0
 40
2.1
  0
CIRCLE
  5
2E2A5D
330
11F692
100
AcDbEntity
  8
ANA 10
100
AcDbCircle
 10
-676.8850790292568
 20
-120.3478777461726
 30
0.0
 40
2.1
  0
CIRCLE
  5
2E2A5E
330
11F692
100
AcDbEntity
  8
ANA 10
100
AcDbCircle
 10
-689.6639264970708
 20
-118.4649999999999
 30
0.0
 40
2.1
  0
CIRCLE
  5
2E2A5F
330
11F692
100
AcDbEntity
  8
ANA 10
100
AcDbCircle
 10
-667.358458159201
 20
-127.8697119654876
 30
0.0
 40
2.1
  0
CIRCLE
  5
2E2A60
330
11F692
100
AcDbEntity
  8
ANA 10
100
AcDbCircle
 10
-655.8599509367715
 20
-116.5549999999999
 30
0.0
 40
2.1
  0
CIRCLE
  5
2E2A61
330
11F692
100
AcDbEntity
  8
ANA 10
100
AcDbCircle
 10
-635.3750000000006
 20
-128.4830048349901
 30
0.0
 40
2.1
  0
CIRCLE
  5
2E2A62
330
11F692
100
AcDbEntity
  8
ANA 10
100
AcDbCircle
 10
-644.1746818667553
 20
-121.6994442166224
 30
0.0
 40
2.1
  0
CIRCLE
  5
2E2A63
330
11F692
100
AcDbEntity
  8
ANA 10
100
AcDbCircle
 10
-620.3210005203328
 20
-119.4694685837879
 30
0.0
 40
2.1
  0
CIRCLE
  5
2E2A64
330
11F692
100
AcDbEntity
  8
ANA 10
100
AcDbCircle
 10
-610.2500000000003
 20
-114.6528384467824
 30
0.0
 40
2.1
  0
CIRCLE
  5
2E2A65
330
11F692
100
AcDbEntity
  8
ANA 10
100
AcDbCircle
 10
-598.7400000000006
 20
-127.947070460916
 30
0.0
 40
2.1
  0
CIRCLE
  5
2E2A66
330
11F692
100
AcDbEntity
  8
ANA 10
100
AcDbCircle
 10
-581.9699999999999
 20
-119.245
 30
0.0
 40
2.1
  0
CIRCLE
  5
2E2A67
330
11F692
100
AcDbEntity
  8
ANA 10
100
AcDbCircle
 10
-565.078141368378
 20
-128.1220634846874
 30
0.0
 40
2.1
  0
CIRCLE
  5
2E2A68
330
11F692
100
AcDbEntity
  8
ANA 10
100
AcDbCircle
 10
-550.8900000000003
 20
-118.465
 30
0.0
 40
2.1
  0
CIRCLE
  5
2E2A69
330
11F692
100
AcDbEntity
  8
ANA 10
100
AcDbCircle
 10
-534.1784581592012
 20
-127.8697119654877
 30
0.0
 40
2.1
  0
CIRCLE
  5
2E2A6A
330
11F692
100
AcDbEntity
  8
ANA 10
100
AcDbCircle
 10
-528.7088421592763
 20
-120.2367270492642
 30
0.0
 40
2.1
  0
CIRCLE
  5
2E2A6B
330
11F692
100
AcDbEntity
  8
ANA 10
100
AcDbCircle
 10
-511.8716066088948
 20
-121.1908834007697
 30
0.0
 40
2.1
  0
CIRCLE
  5
2E2A6C
330
11F692
100
AcDbEntity
  8
ANA 10
100
AcDbCircle
 10
-502.1950000000002
 20
-128.4830048349901
 30
0.0
 40
2.1
  0
CIRCLE
  5
2E2A6D
330
11F692
100
AcDbEntity
  8
ANA 10
100
AcDbCircle
 10
-486.4117464647127
 20
-119.2930662944751
 30
0.0
 40
2.1
  0
CIRCLE
  5
2E2A6E
330
11F692
100
AcDbEntity
  8
ANA 10
100
AcDbCircle
 10
-477.0700000000003
 20
-114.6528384467823
 30
0.0
 40
2.1
  0
CIRCLE
  5
2E2A6F
330
11F692
100
AcDbEntity
  8
ANA 10
100
AcDbCircle
 10
-465.5600000000003
 20
-127.9470704609158
 30
0.0
 40
2.1
  0
CIRCLE
  5
2E2A70
330
11F692
100
AcDbEntity
  8
ANA 10
100
AcDbCircle
 10
-448.7089906929371
 20
-119.2452102034599
 30
0.0
 40
2.1
  0
CIRCLE
  5
2E2A71
330
11F692
100
AcDbEntity
  8
ANA 10
100
AcDbCircle
 10
-431.8983486057199
 20
-128.1217625669328
 30
0.0
 40
2.1
  0
CIRCLE
  5
2E2A72
330
11F692
100
AcDbEntity
  8
ANA 10
100
AcDbCircle
 10
-417.7199999999999
 20
-118.4649999999999
 30
0.0
 40
2.1
  0
CIRCLE
  5
2E2A73
330
11F692
100
AcDbEntity
  8
ANA 10
100
AcDbCircle
 10
-401.008458159201
 20
-127.8697119654872
 30
0.0
 40
2.1
  0
CIRCLE
  5
2E2A74
330
11F692
100
AcDbEntity
  8
ANA 10
100
AcDbCircle
 10
-389.5099509367714
 20
-116.5549999999998
 30
0.0
 40
2.1
  0
CIRCLE
  5
2E2A75
330
11F692
100
AcDbEntity
  8
ANA 10
100
AcDbCircle
 10
-369.0250000000003
 20
-128.48300483499
 30
0.0
 40
2.1
  0
CIRCLE
  5
2E2A76
330
11F692
100
AcDbEntity
  8
ANA 10
100
AcDbCircle
 10
-343.2039554588485
 20
-114.2057880062133
 30
0.0
 40
2.1
  0
CIRCLE
  5
2E2A77
330
11F692
100
AcDbEntity
  8
ANA 10
100
AcDbCircle
 10
-353.2417464647125
 20
-119.293066294475
 30
0.0
 40
2.1
  0
CIRCLE
  5
2E2A78
330
11F692
100
AcDbEntity
  8
ANA 10
100
AcDbCircle
 10
-331.9998597596802
 20
-128.2977447118453
 30
0.0
 40
2.1
  0
CIRCLE
  5
2E2A79
330
11F692
100
AcDbEntity
  8
ANA 10
100
AcDbCircle
 10
-293.7492906165235
 20
-102.2149999999999
 30
0.0
 40
2.1
  0
CIRCLE
  5
2E2A7A
330
11F692
100
AcDbEntity
  8
ANA 10
100
AcDbCircle
 10
-311.8351774910408
 20
-116.3200711747234
 30
0.0
 40
2.1
  0
CIRCLE
  5
2E2A7B
330
11F692
100
AcDbEntity
  8
ANA 10
100
AcDbCircle
 10
-318.6014196195643
 20
-97.57499999999993
 30
0.0
 40
2.1
  0
CIRCLE
  5
2E2A7C
330
11F692
100
AcDbEntity
  8
ANA 10
100
AcDbCircle
 10
-372.8315863003568
 20
-98.2705984060988
 30
0.0
 40
2.1
  0
CIRCLE
  5
2E2A7D
330
11F692
100
AcDbEntity
  8
ANA 10
100
AcDbCircle
 10
-387.2678833019069
 20
-108.4549999999999
 30
0.0
 40
2.1
  0
CIRCLE
  5
2E2A7E
330
11F692
100
AcDbEntity
  8
ANA 10
100
AcDbCircle
 10
-397.4919944348215
 20
-98.88189633056885
 30
0.0
 40
2.1
  0
CIRCLE
  5
2E2A7F
330
11F692
100
AcDbEntity
  8
ANA 10
100
AcDbCircle
 10
-410.6223696886281
 20
-98.25332703751721
 30
0.0
 40
2.1
  0
CIRCLE
  5
2E2A80
330
11F692
100
AcDbEntity
  8
ANA 10
100
AcDbCircle
 10
-421.5000000000001
 20
-107.2450000000014
 30
0.0
 40
2.1
  0
CIRCLE
  5
2E2A81
330
11F692
100
AcDbEntity
  8
ANA 10
100
AcDbCircle
 10
-435.3711907861457
 20
-99.18042464713948
 30
0.0
 40
2.1
  0
CIRCLE
  5
2E2A82
330
11F692
100
AcDbEntity
  8
ANA 10
100
AcDbCircle
 10
-449.5900000000004
 20
-109.195
 30
0.0
 40
2.1
  0
CIRCLE
  5
2E2A83
330
11F692
100
AcDbEntity
  8
ANA 10
100
AcDbCircle
 10
-462.6143990443099
 20
-98.81436759308222
 30
0.0
 40
2.1
  0
CIRCLE
  5
2E2A84
330
11F692
100
AcDbEntity
  8
ANA 10
100
AcDbCircle
 10
-484.3700005783051
 20
-98.15499999999994
 30
0.0
 40
2.1
  0
CIRCLE
  5
2E2A85
330
11F692
100
AcDbEntity
  8
ANA 10
100
AcDbCircle
 10
-506.1183625179477
 20
-98.80906690753793
 30
0.0
 40
2.1
  0
CIRCLE
  5
2E2A86
330
11F692
100
AcDbEntity
  8
ANA 10
100
AcDbCircle
 10
-520.4378833019069
 20
-108.4549999999999
 30
0.0
 40
2.1
  0
CIRCLE
  5
2E2A87
330
11F692
100
AcDbEntity
  8
ANA 10
100
AcDbCircle
 10
-530.6619944348214
 20
-98.88189633056889
 30
0.0
 40
2.1
  0
CIRCLE
  5
2E2A88
330
11F692
100
AcDbEntity
  8
ANA 10
100
AcDbCircle
 10
-543.7923696886279
 20
-98.25332703751712
 30
0.0
 40
2.1
  0
CIRCLE
  5
2E2A89
330
11F692
100
AcDbEntity
  8
ANA 10
100
AcDbCircle
 10
-554.6700000000002
 20
-107.2450000000014
 30
0.0
 40
2.1
  0
CIRCLE
  5
2E2A8A
330
11F692
100
AcDbEntity
  8
ANA 10
100
AcDbCircle
 10
-567.9647397925783
 20
-99.14440914712514
 30
0.0
 40
2.1
  0
CIRCLE
  5
2E2A8B
330
11F692
100
AcDbEntity
  8
ANA 10
100
AcDbCircle
 10
-582.7700000000004
 20
-109.1949999999999
 30
0.0
 40
2.1
  0
CIRCLE
  5
2E2A8C
330
11F692
100
AcDbEntity
  8
ANA 10
100
AcDbCircle
 10
-595.79439904431
 20
-98.81436759308222
 30
0.0
 40
2.1
  0
CIRCLE
  5
2E2A8D
330
11F692
100
AcDbEntity
  8
ANA 10
100
AcDbCircle
 10
-617.5500005783052
 20
-98.15499999999994
 30
0.0
 40
2.1
  0
CIRCLE
  5
2E2A8E
330
11F692
100
AcDbEntity
  8
ANA 10
100
AcDbCircle
 10
-639.2983625179478
 20
-98.80906690753793
 30
0.0
 40
2.1
  0
CIRCLE
  5
2E2A8F
330
11F692
100
AcDbEntity
  8
ANA 10
100
AcDbCircle
 10
-653.6178833019067
 20
-108.4549999999999
 30
0.0
 40
2.1
  0
CIRCLE
  5
2E2A90
330
11F692
100
AcDbEntity
  8
ANA 10
100
AcDbCircle
 10
-663.8419944348214
 20
-98.88189633056882
 30
0.0
 40
2.1
  0
CIRCLE
  5
2E2A91
330
11F692
100
AcDbEntity
  8
ANA 10
100
AcDbCircle
 10
-677.0015203998881
 20
-98.27539832417015
 30
0.0
 40
2.1
  0
CIRCLE
  5
2E2A92
330
11F692
100
AcDbEntity
  8
ANA 10
100
AcDbCircle
 10
-687.8500000000003
 20
-107.245
 30
0.0
 40
2.1
  0
CIRCLE
  5
2E2A93
330
11F692
100
AcDbEntity
  8
ANA 10
100
AcDbCircle
 10
-700.8500000000004
 20
-99.68781027718533
 30
0.0
 40
2.1
  0
CIRCLE
  5
2E2A94
330
11F692
100
AcDbEntity
  8
ANA 21
100
AcDbCircle
 10
-680.5841773424334
 20
-88.56244773017612
 30
0.0
 40
2.1
  0
CIRCLE
  5
2E2A95
330
11F692
100
AcDbEntity
  8
ANA 21
100
AcDbCircle
 10
-687.8500000000001
 20
-101.5018030399234
 30
0.0
 40
2.1
  0
CIRCLE
  5
2E2A96
330
11F692
100
AcDbEntity
  8
ANA 21
100
AcDbCircle
 10
-694.4601299049765
 20
-94.34643900436014
 30
0.0
 40
2.1
  0
CIRCLE
  5
2E2A97
330
11F692
100
AcDbEntity
  8
ANA 21
100
AcDbCircle
 10
-707.2194025894511
 20
-96.1055974105481
 30
0.0
 40
2.1
  0
CIRCLE
  5
2E2A98
330
11F692
100
AcDbEntity
  8
ANA 21
100
AcDbCircle
 10
-708.6199825573766
 20
-121.3349825573768
 30
0.0
 40
2.1
  0
CIRCLE
  5
2E2A99
330
11F692
100
AcDbEntity
  8
ANA 21
100
AcDbCircle
 10
-711.1044723121251
 20
-109.6399999999998
 30
0.0
 40
2.1
  0
CIRCLE
  5
2E2A9A
330
11F692
100
AcDbEntity
  8
ANA 21
100
AcDbCircle
 10
-679.4404665811452
 20
-125.8364048871449
 30
0.0
 40
2.1
  0
CIRCLE
  5
2E2A9B
330
11F692
100
AcDbEntity
  8
ANA 21
100
AcDbCircle
 10
-694.2099999999996
 20
-123.8343929889681
 30
0.0
 40
2.1
  0
CIRCLE
  5
2E2A9C
330
11F692
100
AcDbEntity
  8
ANA 21
100
AcDbCircle
 10
-668.106882353868
 20
-133.9230775142051
 30
0.0
 40
2.1
  0
CIRCLE
  5
2E2A9D
330
11F692
100
AcDbEntity
  8
ANA 21
100
AcDbCircle
 10
-655.8599509367706
 20
-122.3944853217809
 30
0.0
 40
2.1
  0
CIRCLE
  5
2E2A9E
330
11F692
100
AcDbEntity
  8
ANA 21
100
AcDbCircle
 10
-635.3699999999975
 20
-134.2092204114588
 30
0.0
 40
2.1
  0
CIRCLE
  5
2E2A9F
330
11F692
100
AcDbEntity
  8
ANA 21
100
AcDbCircle
 10
-646.1005851349926
 20
-127.1693043962899
 30
0.0
 40
2.1
  0
CIRCLE
  5
2E2AA0
330
11F692
100
AcDbEntity
  8
ANA 21
100
AcDbCircle
 10
-623.5147139760642
 20
-126.4664293846301
 30
0.0
 40
2.1
  0
CIRCLE
  5
2E2AA1
330
11F692
100
AcDbEntity
  8
ANA 21
100
AcDbCircle
 10
-610.2499999999992
 20
-121.2628384467823
 30
0.0
 40
2.1
  0
CIRCLE
  5
2E2AA2
330
11F692
100
AcDbEntity
  8
ANA 21
100
AcDbCircle
 10
-598.9999999999996
 20
-133.6426108604397
 30
0.0
 40
2.1
  0
CIRCLE
  5
2E2AA3
330
11F692
100
AcDbEntity
  8
ANA 21
100
AcDbCircle
 10
-581.9656797632887
 20
-124.8480713370801
 30
0.0
 40
2.1
  0
CIRCLE
  5
2E2AA4
330
11F692
100
AcDbEntity
  8
ANA 21
100
AcDbCircle
 10
-564.9499999999993
 20
-134.0125483611829
 30
0.0
 40
2.1
  0
CIRCLE
  5
2E2AA5
330
11F692
100
AcDbEntity
  8
ANA 21
100
AcDbCircle
 10
-550.8899999999994
 20
-124.1586294673689
 30
0.0
 40
2.1
  0
CIRCLE
  5
2E2AA6
330
11F692
100
AcDbEntity
  8
ANA 21
100
AcDbCircle
 10
-534.9268823538682
 20
-134.0616380807383
 30
0.0
 40
2.1
  0
CIRCLE
  5
2E2AA7
330
11F692
100
AcDbEntity
  8
ANA 21
100
AcDbCircle
 10
-522.6799509367705
 20
-123.1550000000001
 30
0.0
 40
2.1
  0
CIRCLE
  5
2E2AA8
330
11F692
100
AcDbEntity
  8
ANA 21
100
AcDbCircle
 10
-502.1899999999993
 20
-134.1485403146139
 30
0.0
 40
2.1
  0
CIRCLE
  5
2E2AA9
330
11F692
100
AcDbEntity
  8
ANA 21
100
AcDbCircle
 10
-512.2391056419806
 20
-127.9108680385234
 30
0.0
 40
2.1
  0
CIRCLE
  5
2E2AAA
330
11F692
100
AcDbEntity
  8
ANA 21
100
AcDbCircle
 10
-488.9061244117808
 20
-125.7849962198948
 30
0.0
 40
2.1
  0
CIRCLE
  5
2E2AAB
330
11F692
100
AcDbEntity
  8
ANA 21
100
AcDbCircle
 10
-477.0699999999995
 20
-121.2628384467824
 30
0.0
 40
2.1
  0
CIRCLE
  5
2E2AAC
330
11F692
100
AcDbEntity
  8
ANA 21
100
AcDbCircle
 10
-465.8199999999993
 20
-134.0415047311522
 30
0.0
 40
2.1
  0
CIRCLE
  5
2E2AAD
330
11F692
100
AcDbEntity
  8
ANA 21
100
AcDbCircle
 10
-448.7899999999992
 20
-125.0701486664749
 30
0.0
 40
2.1
  0
CIRCLE
  5
2E2AAE
330
11F692
100
AcDbEntity
  8
ANA 21
100
AcDbCircle
 10
-431.7699999999994
 20
-133.7641667866634
 30
0.0
 40
2.1
  0
CIRCLE
  5
2E2AAF
330
11F692
100
AcDbEntity
  8
ANA 21
100
AcDbCircle
 10
-417.7199999999993
 20
-124.1852370469291
 30
0.0
 40
2.1
  0
CIRCLE
  5
2E2AB0
330
11F692
100
AcDbEntity
  8
ANA 21
100
AcDbCircle
 10
-401.7568823538681
 20
-134.034560743096
 30
0.0
 40
2.1
  0
CIRCLE
  5
2E2AB1
330
11F692
100
AcDbEntity
  8
ANA 21
100
AcDbCircle
 10
-389.5099509367708
 20
-123.1549999999998
 30
0.0
 40
2.1
  0
CIRCLE
  5
2E2AB2
330
11F692
100
AcDbEntity
  8
ANA 21
100
AcDbCircle
 10
-369.0199999999974
 20
-134.0250300743192
 30
0.0
 40
2.1
  0
CIRCLE
  5
2E2AB3
330
11F692
100
AcDbEntity
  8
ANA 21
100
AcDbCircle
 10
-343.2039554588477
 20
-120.8057880062127
 30
0.0
 40
2.1
  0
CIRCLE
  5
2E2AB4
330
11F692
100
AcDbEntity
  8
ANA 21
100
AcDbCircle
 10
-332.4199999999995
 20
-133.9039619737965
 30
0.0
 40
2.1
  0
CIRCLE
  5
2E2AB5
330
11F692
100
AcDbEntity
  8
ANA 21
100
AcDbCircle
 10
-309.7185565570168
 20
-122.0236553980683
 30
0.0
 40
2.1
  0
CIRCLE
  5
2E2AB6
330
11F692
100
AcDbEntity
  8
ANA 21
100
AcDbCircle
 10
-288.2165331908449
 20
-102.2149999999999
 30
0.0
 40
2.1
  0
CIRCLE
  5
2E2AB7
330
11F692
100
AcDbEntity
  8
ANA 21
100
AcDbCircle
 10
-298.3892906165227
 20
-91.76544971085935
 30
0.0
 40
2.1
  0
CIRCLE
  5
2E2AB8
330
11F692
100
AcDbEntity
  8
ANA 21
100
AcDbCircle
 10
-337.7679437251517
 20
-89.9579437251522
 30
0.0
 40
2.1
  0
CIRCLE
  5
2E2AB9
330
11F692
100
AcDbEntity
  8
ANA 21
100
AcDbCircle
 10
-346.0491773424329
 20
-88.56244773017602
 30
0.0
 40
2.1
  0
CIRCLE
  5
2E2ABA
330
11F692
100
AcDbEntity
  8
ANA 21
100
AcDbCircle
 10
-350.7299999999994
 20
-92.27515240015657
 30
0.0
 40
2.1
  0
CIRCLE
  5
2E2ABB
330
11F692
100
AcDbEntity
  8
ANA 21
100
AcDbCircle
 10
-355.4108226575662
 20
-88.56244773017563
 30
0.0
 40
2.1
  0
CIRCLE
  5
2E2ABC
330
11F692
100
AcDbEntity
  8
ANA 21
100
AcDbCircle
 10
-363.6920562748473
 20
-89.9579437251522
 30
0.0
 40
2.1
  0
CIRCLE
  5
2E2ABD
330
11F692
100
AcDbEntity
  8
ANA 21
100
AcDbCircle
 10
-377.2631797845416
 20
-94.617721390939
 30
0.0
 40
2.1
  0
CIRCLE
  5
2E2ABE
330
11F692
100
AcDbEntity
  8
ANA 21
100
AcDbCircle
 10
-387.2678833019061
 20
-102.4545853812021
 30
0.0
 40
2.1
  0
CIRCLE
  5
2E2ABF
330
11F692
100
AcDbEntity
  8
ANA 21
100
AcDbCircle
 10
-393.8237429333633
 20
-94.28612453385118
 30
0.0
 40
2.1
  0
CIRCLE
  5
2E2AC0
330
11F692
100
AcDbEntity
  8
ANA 21
100
AcDbCircle
 10
-405.8479437251518
 20
-89.95794372515234
 30
0.0
 40
2.1
  0
CIRCLE
  5
2E2AC1
330
11F692
100
AcDbEntity
  8
ANA 21
100
AcDbCircle
 10
-414.2341773424328
 20
-88.56244773017605
 30
0.0
 40
2.1
  0
CIRCLE
  5
2E2AC2
330
11F692
100
AcDbEntity
  8
ANA 21
100
AcDbCircle
 10
-421.2715939034687
 20
-101.4911531562118
 30
0.0
 40
2.1
  0
CIRCLE
  5
2E2AC3
330
11F692
100
AcDbEntity
  8
ANA 21
100
AcDbCircle
 10
-428.139159822147
 20
-94.31556593611032
 30
0.0
 40
2.1
  0
CIRCLE
  5
2E2AC4
330
11F692
100
AcDbEntity
  8
ANA 21
100
AcDbCircle
 10
-441.0513523254044
 20
-95.39498887554714
 30
0.0
 40
2.1
  0
CIRCLE
  5
2E2AC5
330
11F692
100
AcDbEntity
  8
ANA 21
100
AcDbCircle
 10
-449.5899999999994
 20
-103.1908092489284
 30
0.0
 40
2.1
  0
CIRCLE
  5
2E2AC6
330
11F692
100
AcDbEntity
  8
ANA 21
100
AcDbCircle
 10
-456.8701331188774
 20
-96.69558805764147
 30
0.0
 40
2.1
  0
CIRCLE
  5
2E2AC7
330
11F692
100
AcDbEntity
  8
ANA 21
100
AcDbCircle
 10
-479.2191773424329
 20
-88.56244773017602
 30
0.0
 40
2.1
  0
CIRCLE
  5
2E2AC8
330
11F692
100
AcDbEntity
  8
ANA 21
100
AcDbCircle
 10
-471.5803300805803
 20
-89.4991541425527
 30
0.0
 40
2.1
  0
CIRCLE
  5
2E2AC9
330
11F692
100
AcDbEntity
  8
ANA 21
100
AcDbCircle
 10
-483.8999999999994
 20
-92.20176173367338
 30
0.0
 40
2.1
  0
CIRCLE
  5
2E2ACA
330
11F692
100
AcDbEntity
  8
ANA 21
100
AcDbCircle
 10
-488.5808226575661
 20
-88.56244773017555
 30
0.0
 40
2.1
  0
CIRCLE
  5
2E2ACB
330
11F692
100
AcDbEntity
  8
ANA 21
100
AcDbCircle
 10
-496.8620562748473
 20
-89.95794372515225
 30
0.0
 40
2.1
  0
CIRCLE
  5
2E2ACC
330
11F692
100
AcDbEntity
  8
ANA 21
100
AcDbCircle
 10
-510.0815298598581
 20
-94.92521419076032
 30
0.0
 40
2.1
  0
CIRCLE
  5
2E2ACD
330
11F692
100
AcDbEntity
  8
ANA 21
100
AcDbCircle
 10
-520.4378833019061
 20
-102.607673331775
 30
0.0
 40
2.1
  0
CIRCLE
  5
2E2ACE
330
11F692
100
AcDbEntity
  8
ANA 21
100
AcDbCircle
 10
-525.8116487075007
 20
-93.65734974076337
 30
0.0
 40
2.1
  0
CIRCLE
  5
2E2ACF
330
11F692
100
AcDbEntity
  8
ANA 21
100
AcDbCircle
 10
-539.0179437251517
 20
-89.95794372515229
 30
0.0
 40
2.1
  0
CIRCLE
  5
2E2AD0
330
11F692
100
AcDbEntity
  8
ANA 21
100
AcDbCircle
 10
-547.4041773424328
 20
-88.56244773017612
 30
0.0
 40
2.1
  0
CIRCLE
  5
2E2AD1
330
11F692
100
AcDbEntity
  8
ANA 21
100
AcDbCircle
 10
-554.6699999999994
 20
-100.8713063897696
 30
0.0
 40
2.1
  0
CIRCLE
  5
2E2AD2
330
11F692
100
AcDbEntity
  8
ANA 21
100
AcDbCircle
 10
-561.2286586590657
 20
-94.40398596238521
 30
0.0
 40
2.1
  0
CIRCLE
  5
2E2AD3
330
11F692
100
AcDbEntity
  8
ANA 21
100
AcDbCircle
 10
-573.7858418742548
 20
-95.86214899090833
 30
0.0
 40
2.1
  0
CIRCLE
  5
2E2AD4
330
11F692
100
AcDbEntity
  8
ANA 21
100
AcDbCircle
 10
-582.7699999999993
 20
-102.8213063897694
 30
0.0
 40
2.1
  0
CIRCLE
  5
2E2AD5
330
11F692
100
AcDbEntity
  8
ANA 21
100
AcDbCircle
 10
-590.1761614548526
 20
-96.57975053268362
 30
0.0
 40
2.1
  0
CIRCLE
  5
2E2AD6
330
11F692
100
AcDbEntity
  8
ANA 21
100
AcDbCircle
 10
-604.1179437251515
 20
-89.95794372515224
 30
0.0
 40
2.1
  0
CIRCLE
  5
2E2AD7
330
11F692
100
AcDbEntity
  8
ANA 21
100
AcDbCircle
 10
-612.9970284489396
 20
-89.0066306714886
 30
0.0
 40
2.1
  0
CIRCLE
  5
2E2AD8
330
11F692
100
AcDbEntity
  8
ANA 21
100
AcDbCircle
 10
-617.0799999999997
 20
-92.09463581211878
 30
0.0
 40
2.1
  0
CIRCLE
  5
2E2AD9
330
11F692
100
AcDbEntity
  8
ANA 21
100
AcDbCircle
 10
-621.4187463537408
 20
-88.77730832442891
 30
0.0
 40
2.1
  0
CIRCLE
  5
2E2ADA
330
11F692
100
AcDbEntity
  8
ANA 21
100
AcDbCircle
 10
-630.0420562748473
 20
-89.95794372515215
 30
0.0
 40
2.1
  0
CIRCLE
  5
2E2ADB
330
11F692
100
AcDbEntity
  8
ANA 21
100
AcDbCircle
 10
-643.2615298598582
 20
-94.92521419076041
 30
0.0
 40
2.1
  0
CIRCLE
  5
2E2ADC
330
11F692
100
AcDbEntity
  8
ANA 21
100
AcDbCircle
 10
-653.6178833019059
 20
-102.6136567247795
 30
0.0
 40
2.1
  0
CIRCLE
  5
2E2ADD
330
11F692
100
AcDbEntity
  8
ANA 21
100
AcDbCircle
 10
-659.3514639597932
 20
-95.02049434498884
 30
0.0
 40
2.1
  0
CIRCLE
  5
2E2ADE
330
11F692
100
AcDbEntity
  8
ANA 21
100
AcDbCircle
 10
-672.1979437251518
 20
-89.95794372515229
 30
0.0
 40
2.1
  0
CIRCLE
  5
2E2ADF
330
11F692
100
AcDbEntity
  8
ANA 21
100
AcDbCircle
 10
-318.2281268803454
 20
-91.76544971085935
 30
0.0
 40
2.1
  0
CIRCLE
  5
2E2AE0
330
11F692
100
AcDbEntity
  8
ANA 10
100
AcDbCircle
 10
-350.7054233585783
 20
-97.57499999999993
 30
0.0
 40
2.1
  0
VIEWPORT
  5
1
330
11F68F
100
AcDbEntity
 67
     1
  8
0
348
171326
100
AcDbViewport
 10
366.546289514618
 20
97.84654095382411
 30
0.0
 40
1905.113952786519
 41
869.796489517525
 68
     1
 69
     1
 12
366.546289514618
 22
97.84654095382411
 13
0.0
 23
0.0
 14
0.5
 24
0.5
 15
0.0
 25
0.0
 16
0.0
 26
0.0
 36
1.0
 17
0.0
 27
0.0
 37
0.0
 42
50.0
 43
0.0
 44
0.0
 45
869.796489517525
 50
0.0
 51
0.0
 72
   100
 90
    32800
  1

281
     0
 71
     1
 74
     0
110
0.0
120
0.0
130
0.0
111
1.0
121
0.0
131
0.0
112
0.0
122
1.0
132
0.0
 79
     0
146
0.0
170
     0
 61
     5
348
171326
292
     1
282
     1
141
0.0
142
0.0
 63
   250
421
  3355443
  0
VIEWPORT
  5
49B
330
11F68F
100
AcDbEntity
 67
     1
  8
VIEWPORT
348
171326
100
AcDbViewport
 10
203.9012545471234
 20
148.6456055034608
 30
0.0
 40
483.6579575755401
 41
337.0269429488731
 68
     2
 69
     2
 12
-425.8756434536397
 22
-104.4672173843191
 13
0.0
 23
0.0
 14
0.5
 24
0.5
 15
0.0
 25
0.0
 16
0.0
 26
0.0
 36
1.0
 17
0.0
 27
0.0
 37
0.0
 42
50.0
 43
0.0
 44
0.0
 45
704.2027847794571
 50
0.0
 51
0.0
 72
   100
 90
    32800
  1

281
     0
 71
     1
 74
     0
110
0.0
120
0.0
130
0.0
111
1.0
121
0.0
131
0.0
112
0.0
122
1.0
132
0.0
 79
     0
146
0.0
170
     0
 61
     5
348
171326
292
     1
282
     1
141
0.0
142
0.0
 63
   250
421
  3355443
  0
LINE
  5
AA30
330
11F68F
100
AcDbEntity
 67
     1
  8
Z-LL1
100
AcDbLine
 10
-27.0991076585015
 20
-12.36937324314609
 30
0.0
 11
436.2830854134476
 21
-12.36937324314609
 31
0.0
  0
LINE
  5
AA31
330
11F68F
100
AcDbEntity
 67
     1
  8
Z-LL1
100
AcDbLine
 10
436.2830854134476
 20
-12.36937324314609
 30
0.0
 11
436.2830854134476
 21
316.5588324095825
 31
0.0
  0
LINE
  5
AA32
330
11F68F
100
AcDbEntity
 67
     1
  8
Z-LL1
100
AcDbLine
 10
436.2830854134476
 20
316.5588324095825
 30
0.0
 11
-27.0991076585015
 21
316.5588324095825
 31
0.0
  0
LINE
  5
AA33
330
11F68F
100
AcDbEntity
 67
     1
  8
Z-LL1
100
AcDbLine
 10
-27.0991076585015
 20
-12.36937324314609
 30
0.0
 11
-27.0991076585015
 21
316.5588324095825
 31
0.0
  0
LINE
  5
AA34
330
11F68F
100
AcDbEntity
 67
     1
  8
Z-LL1
100
AcDbLine
 10
-27.0991076585015
 20
2.665309889196326
 30
0.0
 11
-12.06442452615914
 21
2.665309889196326
 31
0.0
  0
LINE
  5
AA35
330
11F68F
100
AcDbEntity
 67
     1
  8
Z-LL1
100
AcDbLine
 10
-27.0991076585015
 20
17.69999302153869
 30
0.0
 11
-12.06442452615914
 21
17.69999302153869
 31
0.0
  0
LINE
  5
AA36
330
11F68F
100
AcDbEntity
 67
     1
  8
Z-LL1
100
AcDbLine
 10
-12.06442452615914
 20
-12.36937324314609
 30
0.0
 11
-12.06442452615914
 21
17.69999302153869
 31
0.0
  0
LINE
  5
AA37
330
11F68F
100
AcDbEntity
 67
     1
  8
Z-LL1
100
AcDbLine
 10
308.9853031568261
 20
-12.36937324314609
 30
0.0
 11
308.9853031568261
 21
32.28372941950962
 31
0.0
  0
LINE
  5
AA38
330
11F68F
100
AcDbEntity
 67
     1
  8
Z-LL1
100
AcDbLine
 10
308.9853031568261
 20
32.28372941950962
 30
0.0
 11
436.2830854134476
 21
32.28372941950962
 31
0.0
  0
LINE
  5
AA39
330
11F68F
100
AcDbEntity
 67
     1
  8
Z-LL1
100
AcDbLine
 10
308.9853031568261
 20
5.49192407767544
 30
0.0
 11
436.2830854134476
 21
5.49192407767544
 31
0.0
  0
LINE
  5
AA3A
330
11F68F
100
AcDbEntity
 67
     1
  8
Z-LL1
100
AcDbLine
 10
364.8378961301616
 20
5.49192407767544
 30
0.0
 11
364.8378961301616
 21
32.28372941950962
 31
0.0
  0
LINE
  5
AA3B
330
11F68F
100
AcDbEntity
 67
     1
  8
Z-LL1
100
AcDbLine
 10
364.8378961301616
 20
20.37626037869443
 30
0.0
 11
436.2830854134476
 21
20.37626037869443
 31
0.0
  0
LINE
  5
AA3C
330
11F68F
100
AcDbEntity
 67
     1
  8
Z-LL1
100
AcDbLine
 10
400.5603032526072
 20
20.37626037869443
 30
0.0
 11
400.5603032526072
 21
32.28372941950962
 31
0.0
  0
LINE
  5
AA3D
330
11F68F
100
AcDbEntity
 67
     1
  8
Z-LL1
100
AcDbLine
 10
436.2830854134476
 20
309.0414908434113
 30
0.0
 11
364.5949934218088
 21
309.0414908434112
 31
0.0
  0
LINE
  5
AA3E
330
11F68F
100
AcDbEntity
 67
     1
  8
Z-LL1
100
AcDbLine
 10
364.5949934218088
 20
309.0414908434113
 30
0.0
 11
364.5949934218088
 21
316.5588324095825
 31
0.0
  0
LINE
  5
AA3F
330
11F68F
100
AcDbEntity
 67
     1
  8
Z-LS1
100
AcDbLine
 10
308.9853031568261
 20
23.35312763889823
 30
0.0
 11
364.8378961301616
 21
23.35312763889823
 31
0.0
  0
LINE
  5
AA40
330
11F68F
100
AcDbEntity
 67
     1
  8
Z-LS1
100
AcDbLine
 10
308.9853031568261
 20
14.42252585828683
 30
0.0
 11
364.8378961301616
 21
14.42252585828683
 31
0.0
  0
LINE
  5
AA41
330
11F68F
100
AcDbEntity
 67
     1
  8
Z-LS1
100
AcDbLine
 10
308.9853031568261
 20
-3.438677702935957
 30
0.0
 11
436.2830854134473
 21
-3.438677702935957
 31
0.0
  0
LINE
  5
AA42
330
11F68F
100
AcDbEntity
 67
     1
  8
Z-LS1
100
AcDbLine
 10
325.6222876372149
 20
-12.36937324314609
 30
0.0
 11
325.6222876372149
 21
-3.438677702935957
 31
0.0
  0
LINE
  5
AA43
330
11F68F
100
AcDbEntity
 67
     1
  8
Z-LS1
100
AcDbLine
 10
338.3451839083289
 20
-12.36937324314609
 30
0.0
 11
338.3451839083289
 21
-3.438677702935957
 31
0.0
  0
LINE
  5
AA44
330
11F68F
100
AcDbEntity
 67
     1
  8
Z-LS1
100
AcDbLine
 10
393.805111682114
 20
-12.36937324314609
 30
0.0
 11
393.805111682114
 21
-3.438677702935957
 31
0.0
  0
LINE
  5
AA45
330
11F68F
100
AcDbEntity
 67
     1
  8
Z-LS1
100
AcDbLine
 10
422.8518353738031
 20
-12.36937324314609
 30
0.0
 11
422.8518353738031
 21
-3.438677702935957
 31
0.0
  0
LINE
  5
AA46
330
11F68F
100
AcDbEntity
 67
     1
  8
Z-LS1
100
AcDbLine
 10
378.3604888544517
 20
-12.36937324314609
 30
0.0
 11
378.3604888544517
 21
-20.77458979744775
 31
0.0
  0
LINE
  5
AA47
330
11F68F
100
AcDbEntity
 67
     1
  8
Z-LS1
100
AcDbLine
 10
320.4378922954555
 20
-12.36937324314609
 30
0.0
 11
320.4378922954555
 21
-20.77458979744775
 31
0.0
  0
LINE
  5
AA48
330
11F68F
100
AcDbEntity
 67
     1
  8
Z-LS1
100
AcDbLine
 10
262.5152957364597
 20
-12.36937324314609
 30
0.0
 11
262.5152957364597
 21
-20.77458979744775
 31
0.0
  0
LINE
  5
AA49
330
11F68F
100
AcDbEntity
 67
     1
  8
Z-LS1
100
AcDbLine
 10
30.82348890049457
 20
-12.36937324314609
 30
0.0
 11
30.82348890049457
 21
-20.77458979744775
 31
0.0
  0
LINE
  5
AA4A
330
11F68F
100
AcDbEntity
 67
     1
  8
Z-LS1
100
AcDbLine
 10
88.74608545949046
 20
-12.36937324314609
 30
0.0
 11
88.74608545949046
 21
-20.77458979744775
 31
0.0
  0
LINE
  5
AA4B
330
11F68F
100
AcDbEntity
 67
     1
  8
Z-LS1
100
AcDbLine
 10
146.6686820184865
 20
-12.36937324314609
 30
0.0
 11
146.6686820184865
 21
-20.77458979744775
 31
0.0
  0
LINE
  5
AA4C
330
11F68F
100
AcDbEntity
 67
     1
  8
Z-LS1
100
AcDbLine
 10
198.9533907861859
 20
-12.36937324314609
 30
0.0
 11
198.9533907861859
 21
-18.28853983068246
 31
0.0
  0
LINE
  5
AA4D
330
11F68F
100
AcDbEntity
 67
     1
  8
Z-LS1
100
AcDbLine
 10
444.6883019677493
 20
69.86253019087136
 30
0.0
 11
436.2830854134473
 21
69.86253019087136
 31
0.0
  0
LINE
  5
AA4E
330
11F68F
100
AcDbEntity
 67
     1
  8
Z-LS1
100
AcDbLine
 10
444.6883019677493
 20
152.0944336248887
 30
0.0
 11
436.2830854134473
 21
152.0944336248887
 31
0.0
  0
LINE
  5
AA4F
330
11F68F
100
AcDbEntity
 67
     1
  8
Z-LS1
100
AcDbLine
 10
444.6883019677493
 20
234.3263370589062
 30
0.0
 11
436.2830854134473
 21
234.3263370589062
 31
0.0
  0
TEXT
  5
AA50
330
11F68F
100
AcDbEntity
 67
     1
  8
Z-TS1
100
AcDbText
 10
309.5809763240533
 20
30.68981624081779
 30
0.0
 40
1.125115184958914
  1
DWN
100
AcDbText
  0
TEXT
  5
AA51
330
11F68F
100
AcDbEntity
 67
     1
  8
Z-TS1
100
AcDbText
 10
309.5809763240533
 20
21.75921446020644
 30
0.0
 40
1.125115184958914
  1
CHK
100
AcDbText
  0
TEXT
  5
AA52
330
11F68F
100
AcDbEntity
 67
     1
  8
Z-TS1
100
AcDbText
 10
309.5809763240533
 20
12.82861267959505
 30
0.0
 40
1.125115184958914
  1
APVD
100
AcDbText
  0
TEXT
  5
AA53
330
11F68F
100
AcDbEntity
 67
     1
  8
Z-TS1
100
AcDbText
 10
309.5809763240533
 20
3.898010898983663
 30
0.0
 40
1.125115184958914
  1
NAME
100
AcDbText
  0
TEXT
  5
AA55
330
11F68F
100
AcDbEntity
 67
     1
  8
Z-TS1
100
AcDbText
 10
365.4335692973888
 20
30.68981624081779
 30
0.0
 40
1.125115184958914
  1
MATERIAL
100
AcDbText
  0
TEXT
  5
AA56
330
11F68F
100
AcDbEntity
 67
     1
  8
Z-TL1
100
AcDbText
 10
373.7701541499112
 20
24.69425660346182
 30
0.0
 40
2.812787962397289
  1
.
100
AcDbText
  0
TEXT
  5
AA57
330
11F68F
100
AcDbEntity
 67
     1
  8
Z-TS1
100
AcDbText
 10
401.1559764198342
 20
30.68981624081779
 30
0.0
 40
1.125115184958914
  1
HEAT TREAT
100
AcDbText
  0
TEXT
  5
AA58
330
11F68F
100
AcDbEntity
 67
     1
  8
Z-TL1
100
AcDbText
 10
409.4925612723567
 20
24.69425660346182
 30
0.0
 40
2.812787962397289
  1
.
100
AcDbText
  0
TEXT
  5
AA59
330
11F68F
100
AcDbEntity
 67
     1
  8
Z-TS1
100
AcDbText
 10
309.5809763240533
 20
-5.03259088162774
 30
0.0
 40
1.125115184958914
  1
SCALE
100
AcDbText
  0
TEXT
  5
AA5B
330
11F68F
100
AcDbEntity
 67
     1
  8
Z-TS1
100
AcDbText
 10
326.217960804442
 20
-5.03259088162774
 30
0.0
 40
1.125115184958914
  1
SIZE
100
AcDbText
  0
TEXT
  5
AA5D
330
11F68F
100
AcDbEntity
 67
     1
  8
Z-TS1
100
AcDbText
 10
338.9408570755561
 20
-5.03259088162774
 30
0.0
 40
1.125115184958914
  1
DRAWING NO
100
AcDbText
  0
TEXT
  5
AA5E
330
11F68F
100
AcDbEntity
 67
     1
  8
Z-TS1
100
AcDbText
 10
394.400784849341
 20
-5.03259088162774
 30
0.0
 40
1.125115184958914
  1
SHEET
100
AcDbText
  0
TEXT
  5
AA60
330
11F68F
100
AcDbEntity
 67
     1
  8
Z-TS1
100
AcDbText
 10
423.4475085410303
 20
-5.03259088162774
 30
0.0
 40
1.125115184958914
  1
REV
100
AcDbText
  0
TEXT
  5
AA62
330
11F68F
100
AcDbEntity
 67
     1
  8
Z-TS1
100
AcDbText
 10
347.8412726737289
 20
-19.47995487177271
 30
0.0
 40
3.551499952521828
  1
2
100
AcDbText
  0
TEXT
  5
AA63
330
11F68F
100
AcDbEntity
 67
     1
  8
Z-TS1
100
AcDbText
 10
405.7638692327246
 20
-19.47995487177271
 30
0.0
 40
3.551499952521828
  1
1
100
AcDbText
  0
TEXT
  5
AA64
330
11F68F
100
AcDbEntity
 67
     1
  8
Z-TS1
100
AcDbText
 10
289.9186761147326
 20
-19.47995487177271
 30
0.0
 40
3.551499952521828
  1
3
100
AcDbText
  0
TEXT
  5
AA65
330
11F68F
100
AcDbEntity
 67
     1
  8
Z-TS1
100
AcDbText
 10
0.3042727197715505
 20
-19.47995487177271
 30
0.0
 40
3.551499952521828
  1
8
100
AcDbText
  0
TEXT
  5
AA66
330
11F68F
100
AcDbEntity
 67
     1
  8
Z-TS1
100
AcDbText
 10
58.22686927876757
 20
-19.47995487177271
 30
0.0
 40
3.551499952521828
  1
7
100
AcDbText
  0
TEXT
  5
AA67
330
11F68F
100
AcDbEntity
 67
     1
  8
Z-TS1
100
AcDbText
 10
116.1494658377635
 20
-19.47995487177271
 30
0.0
 40
3.551499952521828
  1
6
100
AcDbText
  0
TEXT
  5
AA68
330
11F68F
100
AcDbEntity
 67
     1
  8
Z-TS1
100
AcDbText
 10
174.0720623967596
 20
-19.47995487177271
 30
0.0
 40
3.551499952521828
  1
5
100
AcDbText
  0
TEXT
  5
AA69
330
11F68F
100
AcDbEntity
 67
     1
  8
Z-TS1
100
AcDbText
 10
226.356771164459
 20
-19.47995487177271
 30
0.0
 40
3.551499952521828
  1
4
100
AcDbText
  0
TEXT
  5
AA6A
330
11F68F
100
AcDbEntity
 67
     1
  8
Z-TS1
100
AcDbText
 10
-26.34699507361857
 20
15.03813120422734
 30
0.0
 40
1.775749976260914
  1
LOC
100
AcDbText
  0
TEXT
  5
AA6C
330
11F68F
100
AcDbEntity
 67
     1
  8
Z-TS1
100
AcDbText
 10
-26.34699507361857
 20
0.003448071884949
 30
0.0
 40
1.775749976260914
  1
DIST
100
AcDbText
  0
TEXT
  5
AA6D
330
11F68F
100
AcDbEntity
 67
     1
  8
Z-TL1
100
AcDbText
 10
-21.97352222157345
 20
-8.131317704519229
 30
0.0
 40
4.735333270029106
  1
.
100
AcDbText
  0
TEXT
  5
AA6E
330
11F68F
100
AcDbEntity
 67
     1
  8
Z-TS1
100
AcDbText
 10
441.1343377490383
 20
26.18126136993061
 30
0.0
 40
3.551499952521828
  1
A
100
AcDbText
  0
TEXT
  5
AA6F
330
11F68F
100
AcDbEntity
 67
     1
  8
Z-TS1
100
AcDbText
 10
441.1343377490383
 20
108.413164803948
 30
0.0
 40
3.551499952521828
  1
B
100
AcDbText
  0
TEXT
  5
AA70
330
11F68F
100
AcDbEntity
 67
     1
  8
Z-TS1
100
AcDbText
 10
441.1343377490383
 20
190.6450682379655
 30
0.0
 40
3.551499952521828
  1
C
100
AcDbText
  0
TEXT
  5
AA71
330
11F68F
100
AcDbEntity
 67
     1
  8
Z-TS1
100
AcDbText
 10
441.1343377490383
 20
272.8769716719831
 30
0.0
 40
3.551499952521828
  1
D
100
AcDbText
  0
TEXT
  5
AA72
330
11F68F
100
AcDbEntity
 67
     1
  8
Z-TS1
100
AcDbText
 10
365.3471060066916
 20
314.5463157698202
 30
0.0
 40
1.42059998100873
  1
USED ON
100
AcDbText
  0
TEXT
  5
AA73
330
11F68F
100
AcDbEntity
 67
     1
  8
Z-TL1
100
AcDbText
 10
375.8730969820986
 20
310.4698326148402
 30
0.0
 40
2.367666635014553
  1
--
100
AcDbText
  0
LINE
  5
AA78
330
11F68F
100
AcDbEntity
 67
     1
  8
Z-TS1
100
AcDbLine
 10
364.8378961301616
 20
20.37626037869443
 30
0.0
 11
400.5603032526072
 21
32.28372941950962
 31
0.0
  0
LINE
  5
AA79
330
11F68F
100
AcDbEntity
 67
     1
  8
Z-TS1
100
AcDbLine
 10
400.5603032526072
 20
20.37626037869443
 30
0.0
 11
436.2830854134476
 21
32.28372941950962
 31
0.0
  0
LINE
  5
AA7A
330
11F68F
100
AcDbEntity
 67
     1
  8
Z-TS1
100
AcDbLine
 10
-27.0991076585015
 20
-12.36937324314609
 30
0.0
 11
-12.06442452615914
 21
2.665309889196326
 31
0.0
  0
LINE
  5
AA7B
330
11F68F
100
AcDbEntity
 67
     1
  8
Z-LS1
100
AcDbLine
 10
-27.12494018960374
 20
167.6574074397838
 30
0.0
 11
-35.5050165149294
 21
167.6574074397838
 31
0.0
  0
TEXT
  5
AA7C
330
11F68F
100
AcDbEntity
 67
     1
  8
Z-LS1
100
AcDbText
 10
394.8572910638136
 20
14.43761204690115
 30
0.0
 40
1.538983312759459
  1
YOSHIDA PACKAGE CO.,LTD
  7
ROMAND
100
AcDbText
  0
TEXT
  5
AA7D
330
11F68F
100
AcDbEntity
 67
     1
  8
Z-LS1
100
AcDbText
 10
394.8572910638136
 20
9.082761396452896
 30
0.0
 40
1.538983312759459
  1
KAWASAKI  ,  JAPAN
  7
ROMAND
100
AcDbText
  0
LINE
  5
AA7E
330
11F68F
100
AcDbEntity
 67
     1
  8
Z-LS1
100
AcDbLine
 10
370.8746311546812
 20
8.939246722872944
 30
0.0
 11
374.3124831087222
 21
8.939246722872944
 31
0.0
  0
LINE
  5
AA80
330
11F68F
100
AcDbEntity
 67
     1
  8
Z-LS1
100
AcDbLine
 10
387.2044279363765
 20
15.97121662886617
 30
0.0
 11
383.2977779886025
 21
15.97121662886617
 31
0.0
  0
LINE
  5
AA83
330
11F68F
100
AcDbEntity
 67
     1
  8
Z-LS1
100
AcDbLine
 10
376.1876750836539
 20
15.97121662886617
 30
0.0
 11
376.1876750836539
 21
14.40855664975657
 31
0.0
  0
LINE
  5
AA85
330
11F68F
100
AcDbEntity
 67
     1
  8
Z-LS1
100
AcDbLine
 10
376.5783400784311
 20
8.939246722872944
 30
0.0
 11
376.5783400784311
 21
11.28323669153734
 31
0.0
  0
LINE
  5
AA87
330
11F68F
100
AcDbEntity
 67
     1
  8
Z-LS1
100
AcDbLine
 10
382.8289799948695
 20
15.97121662886617
 30
0.0
 11
382.8289799948695
 21
13.62722666020177
 31
0.0
  0
LINE
  5
AA89
330
11F68F
100
AcDbEntity
 67
     1
  8
Z-LS1
100
AcDbLine
 10
383.2977779886025
 20
8.939246722872944
 30
0.0
 11
383.2977779886025
 21
10.50190670198257
 31
0.0
  0
LINE
  5
AA8B
330
11F68F
100
AcDbEntity
 67
     1
  8
Z-LS1
100
AcDbLine
 10
390.3297478945956
 20
12.84589667064695
 30
0.0
 11
390.3297478945956
 21
12.06456668109218
 31
0.0
  0
LINE
  5
AA8C
330
11F68F
100
AcDbEntity
 67
     1
  8
Z-LS1
100
AcDbLine
 10
376.5783400784311
 20
8.939246722872944
 30
0.0
 11
378.1410000575408
 21
8.939246722872944
 31
0.0
  0
LINE
  5
AA8D
330
11F68F
100
AcDbEntity
 67
     1
  8
Z-LS1
100
AcDbLine
 10
383.2977779886025
 20
8.939246722872944
 30
0.0
 11
387.2044279363765
 21
8.939246722872944
 31
0.0
  0
LINE
  5
AA8E
330
11F68F
100
AcDbEntity
 67
     1
  8
Z-LS1
100
AcDbLine
 10
382.8289799948695
 20
15.97121662886617
 30
0.0
 11
381.2663200157599
 21
15.97121662886617
 31
0.0
  0
LINE
  5
AA8F
330
11F68F
100
AcDbEntity
 67
     1
  8
Z-LS1
100
AcDbLine
 10
376.1876750836539
 20
15.97121662886617
 30
0.0
 11
373.5311531191675
 21
15.97121662886617
 31
0.0
  0
LINE
  5
AA92
330
11F68F
100
AcDbEntity
 67
     1
  8
Z-LS1
100
AcDbLine
 10
369.1557051776606
 20
14.40855664975657
 30
0.0
 11
369.7807691693042
 21
14.40855664975657
 31
0.0
  0
LINE
  5
AA95
330
11F68F
100
AcDbEntity
 67
     1
  8
Z-LS1
100
AcDbLine
 10
370.8746311546812
 20
10.50190670198253
 30
0.0
 11
371.6559611442359
 21
10.50190670198253
 31
0.0
  0
LINE
  5
AA9A
330
11F68F
100
AcDbEntity
 67
     1
  8
Z-LS1
100
AcDbLine
 10
372.7498231296126
 20
15.97121662886617
 30
0.0
 11
372.7498231296126
 21
14.40855664975657
 31
0.0
1001
ACAD
1000
ASC_BOUNDS
1002
{
1070
    16
1005
0
1005
0
1002
}
  0
LINE
  5
AA9B
330
11F68F
100
AcDbEntity
 67
     1
  8
Z-LS1
100
AcDbLine
 10
369.1557051776606
 20
14.40855664975657
 30
0.0
 11
369.1557051776606
 21
15.97121662886617
 31
0.0
1001
ACAD
1000
ASC_BOUNDS
1002
{
1070
    16
1005
0
1005
0
1002
}
  0
LINE
  5
AAA2
330
11F68F
100
AcDbEntity
 67
     1
  8
Z-LS1
100
AcDbLine
 10
373.5311531191675
 20
14.40855664975657
 30
0.0
 11
373.5311531191675
 21
15.97121662886617
 31
0.0
  0
LINE
  5
AAA3
330
11F68F
100
AcDbEntity
 67
     1
  8
Z-LS1
100
AcDbLine
 10
373.5311531191675
 20
14.40855664975657
 30
0.0
 11
373.8436851149893
 21
14.40855664975657
 31
0.0
  0
LINE
  5
AAA4
330
11F68F
100
AcDbEntity
 67
     1
  8
Z-LS1
100
AcDbLine
 10
372.7498231296126
 20
15.97121662886617
 30
0.0
 11
369.1557051776606
 21
15.97121662886617
 31
0.0
  0
LINE
  5
AAAD
330
11F68F
100
AcDbEntity
 67
     1
  8
Z-LS1
100
AcDbLine
 10
370.8746311546812
 20
8.939246722872944
 30
0.0
 11
370.8746311546812
 21
10.50190670198253
 31
0.0
1001
ACAD
1000
ASC_BOUNDS
1002
{
1070
    16
1005
0
1005
0
1002
}
  0
LINE
  5
AAB2
330
11F68F
100
AcDbEntity
 67
     1
  8
Z-LS1
100
AcDbLine
 10
373.5311531191675
 20
11.75203468527025
 30
0.0
 11
373.5311531191675
 21
10.50190670198253
 31
0.0
1001
ACAD
1000
ASC_BOUNDS
1002
{
1070
    16
1005
0
1005
0
1002
}
  0
LINE
  5
AAB4
330
11F68F
100
AcDbEntity
 67
     1
  8
Z-LS1
100
AcDbLine
 10
374.3124831087222
 20
8.939246722872944
 30
0.0
 11
374.3124831087222
 21
10.50190670198253
 31
0.0
1001
ACAD
1000
ASC_BOUNDS
1002
{
1070
    16
1005
0
1005
0
1002
}
  0
LINE
  5
AAB7
330
11F68F
100
AcDbEntity
 67
     1
  8
Z-LS1
100
AcDbLine
 10
371.6559611442359
 20
11.75203468527025
 30
0.0
 11
369.7807691693042
 21
14.40855664975657
 31
0.0
1001
ACAD
1000
ASC_BOUNDS
1002
{
1070
    16
1005
0
1005
0
1005
0
1005
0
1002
}
  0
LINE
  5
AAB8
330
11F68F
100
AcDbEntity
 67
     1
  8
Z-LS1
100
AcDbLine
 10
373.5311531191675
 20
11.75203468527025
 30
0.0
 11
375.7188770899207
 21
14.40855664975657
 31
0.0
1001
ACAD
1000
ASC_BOUNDS
1002
{
1070
    16
1005
0
1005
0
1002
}
  0
LINE
  5
AABA
330
11F68F
100
AcDbEntity
 67
     1
  8
Z-LS1
100
AcDbLine
 10
371.6559611442359
 20
10.50190670198253
 30
0.0
 11
371.6559611442359
 21
11.75203468527025
 31
0.0
1001
ACAD
1000
ASC_BOUNDS
1002
{
1070
    16
1005
0
1005
0
1002
}
  0
LINE
  5
AABC
330
11F68F
100
AcDbEntity
 67
     1
  8
Z-LS1
100
AcDbLine
 10
373.5311531191675
 20
10.50190670198253
 30
0.0
 11
374.3124831087222
 21
10.50190670198253
 31
0.0
  0
LINE
  5
AAC4
330
11F68F
100
AcDbEntity
 67
     1
  8
Z-LS1
100
AcDbLine
 10
373.0623551254345
 20
13.31469466437985
 30
0.0
 11
373.8436851149893
 21
14.40855664975657
 31
0.0
  0
LINE
  5
AAC5
330
11F68F
100
AcDbEntity
 67
     1
  8
Z-LS1
100
AcDbLine
 10
373.0623551254345
 20
13.31469466437985
 30
0.0
 11
372.4372911337907
 21
14.40855664975657
 31
0.0
1001
ACAD
1000
ASC_BOUNDS
1002
{
1070
    16
1005
0
1002
}
  0
LINE
  5
AAC6
330
11F68F
100
AcDbEntity
 67
     1
  8
Z-LS1
100
AcDbLine
 10
375.7188770899207
 20
14.40855664975657
 30
0.0
 11
376.1876750836539
 21
14.40855664975657
 31
0.0
  0
LINE
  5
AAC7
330
11F68F
100
AcDbEntity
 67
     1
  8
Z-LS1
100
AcDbLine
 10
372.4372911337907
 20
14.40855664975657
 30
0.0
 11
372.7498231296126
 21
14.40855664975657
 31
0.0
  0
LINE
  5
AACF
330
11F68F
100
AcDbEntity
 67
     1
  8
Z-LS1
100
AcDbLine
 10
383.2977779886025
 20
14.40855664975657
 30
0.0
 11
384.0791079781572
 21
14.40855664975657
 31
0.0
  0
LINE
  5
AAD0
330
11F68F
100
AcDbEntity
 67
     1
  8
Z-LS1
100
AcDbLine
 10
383.2977779886025
 20
14.40855664975657
 30
0.0
 11
383.2977779886025
 21
15.97121662886617
 31
0.0
  0
LINE
  5
AAD1
330
11F68F
100
AcDbEntity
 67
     1
  8
Z-LS1
100
AcDbLine
 10
383.2977779886025
 20
10.50190670198257
 30
0.0
 11
384.0791079781572
 21
10.50190670198257
 31
0.0
  0
LINE
  5
AAD3
330
11F68F
100
AcDbEntity
 67
     1
  8
Z-LS1
100
AcDbLine
 10
384.0791079781572
 20
10.50190670198257
 30
0.0
 11
384.0791079781572
 21
14.40855664975657
 31
0.0
  0
LINE
  5
AAD4
330
11F68F
100
AcDbEntity
 67
     1
  8
Z-LS1
100
AcDbLine
 10
386.2668319489107
 20
14.40855664975657
 30
0.0
 11
386.7356299426436
 21
14.40855664975657
 31
0.0
  0
LINE
  5
AAD5
330
11F68F
100
AcDbEntity
 67
     1
  8
Z-LS1
100
AcDbLine
 10
386.2668319489107
 20
10.50190670198257
 30
0.0
 11
386.7356299426436
 21
10.50190670198257
 31
0.0
  0
LINE
  5
AAD6
330
11F68F
100
AcDbEntity
 67
     1
  8
Z-LS1
100
AcDbLine
 10
386.2668319489107
 20
14.40855664975657
 30
0.0
 11
386.2668319489107
 21
10.50190670198257
 31
0.0
  0
LINE
  5
AADA
330
11F68F
100
AcDbEntity
 67
     1
  8
Z-LS1
100
AcDbLine
 10
388.0520531948717
 20
11.59576868735926
 30
0.0
 11
388.0520531948717
 21
13.31469466437985
 31
0.0
  0
ARC
  5
AAE4
330
11F68F
100
AcDbEntity
 67
     1
  8
Z-LS1
100
AcDbCircle
 10
387.2044279363765
 20
12.84589667064695
 30
0.0
 40
3.125319958219211
100
AcDbArc
 50
0.0
 51
90.0
  0
ARC
  5
AAE5
330
11F68F
100
AcDbEntity
 67
     1
  8
Z-LS1
100
AcDbCircle
 10
387.2044279363765
 20
12.06456668109218
 30
0.0
 40
3.125319958219211
100
AcDbArc
 50
270.0
 51
0.0
  0
ARC
  5
AAE6
330
11F68F
100
AcDbEntity
 67
     1
  8
Z-LS1
100
AcDbCircle
 10
386.5331084631007
 20
12.8257645617959
 30
0.0
 40
1.595696005944461
100
AcDbArc
 50
17.84274478995498
 51
82.7085072108572
  0
ARC
  5
AAE7
330
11F68F
100
AcDbEntity
 67
     1
  8
Z-LS1
100
AcDbCircle
 10
386.5331084631007
 20
12.08469878994324
 30
0.0
 40
1.595696005944461
100
AcDbArc
 50
277.2914927891428
 51
342.1572552100451
  0
LINE
  5
AAEA
330
11F68F
100
AcDbEntity
 67
     1
  8
Z-LS1
100
AcDbLine
 10
378.1410000575408
 20
8.939246722872944
 30
0.0
 11
378.1410000575408
 21
9.476650779952732
 31
0.0
  0
LINE
  5
AAED
330
11F68F
100
AcDbEntity
 67
     1
  8
Z-LS1
100
AcDbLine
 10
376.5783400784311
 20
11.28323669153734
 30
0.0
 11
378.1410000575407
 21
11.28323669153734
 31
0.0
  0
LINE
  5
AAF0
330
11F68F
100
AcDbEntity
 67
     1
  8
Z-LS1
100
AcDbLine
 10
381.2663200157599
 20
15.97121662886617
 30
0.0
 11
381.2663200157599
 21
15.40815309414304
 31
0.0
  0
ARC
  5
AAF6
330
11F68F
100
AcDbEntity
 67
     1
  8
Z-LS1
100
AcDbCircle
 10
378.7735610912218
 20
13.78365326581968
 30
0.0
 40
2.187723970753445
100
AcDbArc
 50
89.30573189297344
 51
219.6817770638671
  0
ARC
  5
AAF7
330
11F68F
100
AcDbEntity
 67
     1
  8
Z-LS1
100
AcDbCircle
 10
380.574180426348
 20
11.13421704219173
 30
0.0
 40
2.225711116719916
100
AcDbArc
 50
279.3923607604644
 51
22.77948056851508
  0
ARC
  5
AAF8
330
11F68F
100
AcDbEntity
 67
     1
  8
Z-LS1
100
AcDbCircle
 10
379.1353745108241
 20
12.07506781849416
 30
0.0
 40
3.956056900469699
100
AcDbArc
 50
57.40794861683406
 51
80.55855280193711
  0
ARC
  5
AAF9
330
11F68F
100
AcDbEntity
 67
     1
  8
Z-LS1
100
AcDbCircle
 10
379.0913830062752
 20
13.70846152051257
 30
0.0
 40
0.6250639916438418
100
AcDbArc
 50
111.6886970682645
 51
262.1853855707053
  0
ARC
  5
AAFA
330
11F68F
100
AcDbEntity
 67
     1
  8
Z-LS1
100
AcDbCircle
 10
379.5365739615206
 20
12.04389761800526
 30
0.0
 40
2.344984492063774
100
AcDbArc
 50
42.46953465670097
 51
106.7595938606628
  0
ARC
  5
AAFB
330
11F68F
100
AcDbEntity
 67
     1
  8
Z-LS1
100
AcDbCircle
 10
380.4190207257667
 20
10.94726406228313
 30
0.0
 40
0.6250639916438418
100
AcDbArc
 50
269.5160143809755
 51
82.1544505920448
  0
ARC
  5
AAFC
330
11F68F
100
AcDbEntity
 67
     1
  8
Z-LS1
100
AcDbCircle
 10
379.8835985805705
 20
11.82767179198165
 30
0.0
 40
2.926422630357274
100
AcDbArc
 50
233.4418067636752
 51
260.7722960158328
  0
ARC
  5
AAFD
330
11F68F
100
AcDbEntity
 67
     1
  8
Z-LS1
100
AcDbCircle
 10
380.1470163436911
 20
12.85938952515947
 30
0.0
 40
2.55114858352779
100
AcDbArc
 50
218.1571767906433
 51
276.00128267099
  0
ARC
  5
AAFE
330
11F68F
100
AcDbEntity
 67
     1
  8
Z-LS1
100
AcDbCircle
 10
380.3586519338944
 20
18.03783272183191
 30
0.0
 40
5.130062712832216
100
AcDbArc
 50
252.562429409639
 51
273.8832406816948
  0
ARC
  5
AAFF
330
11F68F
100
AcDbEntity
 67
     1
  8
Z-LS1
100
AcDbCircle
 10
380.7725029556652
 20
10.62766772939764
 30
0.0
 40
2.304084541555301
100
AcDbArc
 50
36.43167080105369
 51
99.27667762208445
  0
ARC
  5
AB00
330
11F68F
100
AcDbEntity
 67
     1
  8
Z-LS1
100
AcDbCircle
 10
379.3257844022024
 20
6.797373458560559
 30
0.0
 40
4.912291605181635
100
AcDbArc
 50
74.86659013775959
 51
94.04564348923583
  0
LINE
  5
AB05
330
11F68F
100
AcDbEntity
 67
     1
  8
Z-LS1
100
AcDbLine
 10
379.4135453584651
 20
8.939246722872944
 30
0.0
 11
380.9428201860054
 21
8.939246722872944
 31
0.0
  0
LINE
  5
AB07
330
11F68F
100
AcDbEntity
 67
     1
  8
Z-LS1
100
AcDbLine
 10
379.8364086916369
 20
15.97121662886617
 30
0.0
 11
378.7470525102353
 21
15.97121662886617
 31
0.0
  0
ARC
  5
AB0B
330
11F68F
100
AcDbEntity
 67
     1
  8
Z-LS1
100
AcDbCircle
 10
379.0399192284914
 20
14.79767941643886
 30
0.0
 40
3.100849196954854
100
AcDbArc
 50
231.0330711272358
 51
268.8782992231789
  0
LINE
  5
AB10
330
11F68F
100
AcDbEntity
 67
     1
  8
Z-LS1
100
AcDbLine
 10
381.2663200157599
 20
13.62722666020177
 30
0.0
 11
382.8289799948695
 21
13.62722666020177
 31
0.0
  0
LINE
  5
AC0F
330
11F68F
100
AcDbEntity
 67
     1
  8
Z-LS1
100
AcDbLine
 10
390.3297478945956
 20
12.84589667064695
 30
0.0
 11
388.0520531948717
 21
12.84589667064695
 31
0.0
  0
LINE
  5
AC12
330
11F68F
100
AcDbEntity
 67
     1
  8
Z-LS1
100
AcDbLine
 10
390.3297478945956
 20
12.22083267900316
 30
0.0
 11
388.0520531948717
 21
12.22083267900316
 31
0.0
  0
LINE
  5
AC15
330
11F68F
100
AcDbEntity
 67
     1
  8
Z-LS1
100
AcDbLine
 10
390.2943880141632
 20
11.59576868735926
 30
0.0
 11
388.0520531948717
 21
11.59576868735926
 31
0.0
  0
LINE
  5
AC18
330
11F68F
100
AcDbEntity
 67
     1
  8
Z-LS1
100
AcDbLine
 10
390.1320704688913
 20
10.97070469571545
 30
0.0
 11
387.6755894920082
 21
10.97070469571545
 31
0.0
  0
LINE
  5
AC21
330
11F68F
100
AcDbEntity
 67
     1
  8
Z-LS1
100
AcDbLine
 10
370.8746311546811
 20
10.26750770511612
 30
0.0
 11
374.3124831087222
 21
10.26750770511612
 31
0.0
  0
LINE
  5
AC23
330
11F68F
100
AcDbEntity
 67
     1
  8
Z-LS1
100
AcDbLine
 10
389.51034440775
 20
9.954975709294199
 30
0.0
 11
383.2977779886025
 21
9.954975709294199
 31
0.0
  0
LINE
  5
AC25
330
11F68F
100
AcDbEntity
 67
     1
  8
Z-LS1
100
AcDbLine
 10
370.8746311546812
 20
9.564310714516787
 30
0.0
 11
374.3124831087222
 21
9.564310714516787
 31
0.0
  0
LINE
  5
AC27
330
11F68F
100
AcDbEntity
 67
     1
  8
Z-LS1
100
AcDbLine
 10
388.5667233227873
 20
9.251778718694868
 30
0.0
 11
383.2977779886025
 21
9.251778718694868
 31
0.0
  0
LINE
  5
AC29
330
11F68F
100
AcDbEntity
 67
     1
  8
Z-LS1
100
AcDbLine
 10
369.1557051776606
 20
15.65868463304427
 30
0.0
 11
372.7498231296126
 21
15.65868463304427
 31
0.0
  0
LINE
  5
AC2B
330
11F68F
100
AcDbEntity
 67
     1
  8
Z-LS1
100
AcDbLine
 10
389.1795089906553
 20
15.26801963826686
 30
0.0
 11
383.2977779886025
 21
15.26801963826686
 31
0.0
  0
LINE
  5
AC2D
330
11F68F
100
AcDbEntity
 67
     1
  8
Z-LS1
100
AcDbLine
 10
369.1557051776606
 20
14.95548764244497
 30
0.0
 11
372.7498231296126
 21
14.95548764244497
 31
0.0
  0
LINE
  5
AC2F
330
11F68F
100
AcDbEntity
 67
     1
  8
Z-LS1
100
AcDbLine
 10
389.8145846992485
 20
14.56482264766754
 30
0.0
 11
383.2977779886025
 21
14.56482264766751
 31
0.0
  0
LINE
  5
AC31
330
11F68F
100
AcDbEntity
 67
     1
  8
Z-LS1
100
AcDbLine
 10
369.8910745795945
 20
14.25229065184564
 30
0.0
 11
372.5265859897397
 21
14.2522906518456
 31
0.0
  0
LINE
  5
AC33
330
11F68F
100
AcDbEntity
 67
     1
  8
Z-LS1
100
AcDbLine
 10
390.1600868252515
 20
13.86162565706821
 30
0.0
 11
387.7468784308824
 21
13.86162565706821
 31
0.0
  0
LINE
  5
AC35
330
11F68F
100
AcDbEntity
 67
     1
  8
Z-LS1
100
AcDbLine
 10
370.4426016310449
 20
13.47096066229079
 30
0.0
 11
372.9730602694853
 21
13.47096066229079
 31
0.0
  0
LINE
  5
AC36
330
11F68F
100
AcDbEntity
 67
     1
  8
Z-LS1
100
AcDbLine
 10
387.2481392720837
 20
10.65817269989354
 30
0.0
 11
389.995427902498
 21
10.65817269989354
 31
0.0
  0
LINE
  5
AC37
330
11F68F
100
AcDbEntity
 67
     1
  8
Z-LS1
100
AcDbLine
 10
386.2668319489107
 20
10.97070469571545
 30
0.0
 11
384.0791079781572
 21
10.97070469571545
 31
0.0
  0
LINE
  5
AC38
330
11F68F
100
AcDbEntity
 67
     1
  8
Z-LS1
100
AcDbLine
 10
387.9129288311944
 20
11.28323669153734
 30
0.0
 11
390.2305059738147
 21
11.28323669153734
 31
0.0
  0
LINE
  5
AC39
330
11F68F
100
AcDbEntity
 67
     1
  8
Z-LS1
100
AcDbLine
 10
386.2668319489107
 20
11.59576868735926
 30
0.0
 11
384.0791079781572
 21
11.59576868735926
 31
0.0
  0
LINE
  5
AC3A
330
11F68F
100
AcDbEntity
 67
     1
  8
Z-LS1
100
AcDbLine
 10
388.0520531948717
 20
11.90830068318123
 30
0.0
 11
390.3258387999348
 21
11.90830068318123
 31
0.0
  0
LINE
  5
AC3B
330
11F68F
100
AcDbEntity
 67
     1
  8
Z-LS1
100
AcDbLine
 10
386.2668319489107
 20
12.22083267900316
 30
0.0
 11
384.0791079781572
 21
12.22083267900316
 31
0.0
  0
LINE
  5
AC3C
330
11F68F
100
AcDbEntity
 67
     1
  8
Z-LS1
100
AcDbLine
 10
388.0520531948717
 20
12.53336467482504
 30
0.0
 11
390.3297478945956
 21
12.53336467482504
 31
0.0
  0
LINE
  5
AC3D
330
11F68F
100
AcDbEntity
 67
     1
  8
Z-LS1
100
AcDbLine
 10
386.2668319489107
 20
12.84589667064695
 30
0.0
 11
384.0791079781572
 21
12.84589667064695
 31
0.0
  0
LINE
  5
AC3E
330
11F68F
100
AcDbEntity
 67
     1
  8
Z-LS1
100
AcDbLine
 10
388.0520531948717
 20
13.15842866646887
 30
0.0
 11
390.3140820317432
 21
13.15842866646887
 31
0.0
  0
LINE
  5
AC3F
330
11F68F
100
AcDbEntity
 67
     1
  8
Z-LS1
100
AcDbLine
 10
387.9925493612853
 20
13.47096066229079
 30
0.0
 11
390.2666036086056
 21
13.47096066229079
 31
0.0
  0
LINE
  5
AC40
330
11F68F
100
AcDbEntity
 67
     1
  8
Z-LS1
100
AcDbLine
 10
386.2668319489107
 20
13.86162565706821
 30
0.0
 11
384.0791079781572
 21
13.86162565706821
 31
0.0
  0
LINE
  5
AC41
330
11F68F
100
AcDbEntity
 67
     1
  8
Z-LS1
100
AcDbLine
 10
387.2481392720837
 20
14.25229065184564
 30
0.0
 11
389.995427902498
 21
14.2522906518456
 31
0.0
  0
LINE
  5
AC42
330
11F68F
100
AcDbEntity
 67
     1
  8
Z-LS1
100
AcDbLine
 10
383.2977779886025
 20
15.65868463304427
 30
0.0
 11
388.5667233227873
 21
15.65868463304427
 31
0.0
  0
LINE
  5
AC43
330
11F68F
100
AcDbEntity
 67
     1
  8
Z-LS1
100
AcDbLine
 10
382.8289799948695
 20
15.26801963826686
 30
0.0
 11
377.1664541736345
 21
15.26801963826686
 31
0.0
  0
LINE
  5
AC44
330
11F68F
100
AcDbEntity
 67
     1
  8
Z-LS1
100
AcDbLine
 10
383.2977779886025
 20
14.95548764244497
 30
0.0
 11
389.51034440775
 21
14.95548764244497
 31
0.0
  0
LINE
  5
AC45
330
11F68F
100
AcDbEntity
 67
     1
  8
Z-LS1
100
AcDbLine
 10
382.8289799948695
 20
14.56482264766754
 30
0.0
 11
376.7300566089482
 21
14.56482264766754
 31
0.0
  0
LINE
  5
AC46
330
11F68F
100
AcDbEntity
 67
     1
  8
Z-LS1
100
AcDbLine
 10
384.0791079781572
 20
14.2522906518456
 30
0.0
 11
386.2668319489107
 21
14.2522906518456
 31
0.0
  0
LINE
  5
AC47
330
11F68F
100
AcDbEntity
 67
     1
  8
Z-LS1
100
AcDbLine
 10
382.8289799948695
 20
13.86162565706821
 30
0.0
 11
381.0180654545855
 21
13.86162565706821
 31
0.0
  0
LINE
  5
AC48
330
11F68F
100
AcDbEntity
 67
     1
  8
Z-LS1
100
AcDbLine
 10
384.0791079781572
 20
13.47096066229079
 30
0.0
 11
386.2668319489107
 21
13.47096066229079
 31
0.0
  0
LINE
  5
AC49
330
11F68F
100
AcDbEntity
 67
     1
  8
Z-LS1
100
AcDbLine
 10
378.4853749692633
 20
13.86162565706821
 30
0.0
 11
376.5872270640402
 21
13.86162565706821
 31
0.0
  0
LINE
  5
AC4A
330
11F68F
100
AcDbEntity
 67
     1
  8
Z-LS1
100
AcDbLine
 10
380.3252135979229
 20
14.2522906518456
 30
0.0
 11
382.8289799948695
 21
14.2522906518456
 31
0.0
  0
LINE
  5
AC4B
330
11F68F
100
AcDbEntity
 67
     1
  8
Z-LS1
100
AcDbLine
 10
384.0791079781572
 20
13.15842866646887
 30
0.0
 11
386.2668319489107
 21
13.15842866646887
 31
0.0
  0
LINE
  5
AC4C
330
11F68F
100
AcDbEntity
 67
     1
  8
Z-LS1
100
AcDbLine
 10
381.3956128487319
 20
12.84589667064695
 30
0.0
 11
376.7970113851888
 21
12.84589667064695
 31
0.0
  0
LINE
  5
AC4D
330
11F68F
100
AcDbEntity
 67
     1
  8
Z-LS1
100
AcDbLine
 10
384.0791079781572
 20
12.53336467482504
 30
0.0
 11
386.2668319489107
 21
12.53336467482504
 31
0.0
  0
LINE
  5
AC4E
330
11F68F
100
AcDbEntity
 67
     1
  8
Z-LS1
100
AcDbLine
 10
382.4370242135596
 20
12.22083267900316
 30
0.0
 11
377.3150636884468
 21
12.22083267900316
 31
0.0
  0
LINE
  5
AC4F
330
11F68F
100
AcDbEntity
 67
     1
  8
Z-LS1
100
AcDbLine
 10
384.0791079781572
 20
11.90830068318123
 30
0.0
 11
386.2668319489107
 21
11.90830068318123
 31
0.0
  0
LINE
  5
AC50
330
11F68F
100
AcDbEntity
 67
     1
  8
Z-LS1
100
AcDbLine
 10
382.7515090772258
 20
11.59576868735926
 30
0.0
 11
380.3774554736784
 21
11.59576868735926
 31
0.0
  0
LINE
  5
AC51
330
11F68F
100
AcDbEntity
 67
     1
  8
Z-LS1
100
AcDbLine
 10
384.0791079781572
 20
11.28323669153734
 30
0.0
 11
386.2668319489107
 21
11.28323669153734
 31
0.0
  0
LINE
  5
AC52
330
11F68F
100
AcDbEntity
 67
     1
  8
Z-LS1
100
AcDbLine
 10
382.7938771821326
 20
10.97070469571545
 30
0.0
 11
381.0436450371364
 21
10.97070469571545
 31
0.0
  0
LINE
  5
AC53
330
11F68F
100
AcDbEntity
 67
     1
  8
Z-LS1
100
AcDbLine
 10
384.0791079781572
 20
10.65817269989351
 30
0.0
 11
386.2668319489107
 21
10.65817269989354
 31
0.0
  0
LINE
  5
AC54
330
11F68F
100
AcDbEntity
 67
     1
  8
Z-LS1
100
AcDbLine
 10
383.2977779886025
 20
10.26750770511612
 30
0.0
 11
389.7614191131519
 21
10.26750770511612
 31
0.0
  0
LINE
  5
AC55
330
11F68F
100
AcDbEntity
 67
     1
  8
Z-LS1
100
AcDbLine
 10
382.4618191242657
 20
9.954975709294199
 30
0.0
 11
376.5783400784311
 21
9.954975709294199
 31
0.0
  0
LINE
  5
AC56
330
11F68F
100
AcDbEntity
 67
     1
  8
Z-LS1
100
AcDbLine
 10
383.2977779886025
 20
9.564310714516787
 30
0.0
 11
389.0796199113079
 21
9.564310714516787
 31
0.0
  0
LINE
  5
AC57
330
11F68F
100
AcDbEntity
 67
     1
  8
Z-LS1
100
AcDbLine
 10
381.7617055559015
 20
9.251778718694868
 30
0.0
 11
378.4948133968721
 21
9.251778718694868
 31
0.0
  0
LINE
  5
AC58
330
11F68F
100
AcDbEntity
 67
     1
  8
Z-LS1
100
AcDbLine
 10
380.9732148955678
 20
10.65817269989354
 30
0.0
 11
382.7483864329757
 21
10.65817269989354
 31
0.0
  0
LINE
  5
AC59
330
11F68F
100
AcDbEntity
 67
     1
  8
Z-LS1
100
AcDbLine
 10
378.4320152619819
 20
10.97070469571545
 30
0.0
 11
376.5783400784311
 21
10.97070469571545
 31
0.0
  0
LINE
  5
AC5A
330
11F68F
100
AcDbEntity
 67
     1
  8
Z-LS1
100
AcDbLine
 10
371.6559611442359
 20
11.28323669153734
 30
0.0
 11
373.5311531191675
 21
11.28323669153734
 31
0.0
  0
LINE
  5
AC5B
330
11F68F
100
AcDbEntity
 67
     1
  8
Z-LS1
100
AcDbLine
 10
373.5311531191675
 20
11.59576868735926
 30
0.0
 11
371.6559611442359
 21
11.59576868735926
 31
0.0
  0
LINE
  5
AC5C
330
11F68F
100
AcDbEntity
 67
     1
  8
Z-LS1
100
AcDbLine
 10
376.5783400784311
 20
11.28323669153734
 30
0.0
 11
378.1410000575407
 21
11.28323669153734
 31
0.0
  0
LINE
  5
AC5D
330
11F68F
100
AcDbEntity
 67
     1
  8
Z-LS1
100
AcDbLine
 10
373.5311531191675
 20
10.97070469571545
 30
0.0
 11
371.6559611442359
 21
10.97070469571545
 31
0.0
  0
LINE
  5
AC5E
330
11F68F
100
AcDbEntity
 67
     1
  8
Z-LS1
100
AcDbLine
 10
371.6559611442359
 20
10.65817269989354
 30
0.0
 11
373.5311531191675
 21
10.65817269989354
 31
0.0
  0
LINE
  5
AC5F
330
11F68F
100
AcDbEntity
 67
     1
  8
Z-LS1
100
AcDbLine
 10
376.5783400784311
 20
10.26750770511612
 30
0.0
 11
382.6242060115827
 21
10.26750770511612
 31
0.0
  0
LINE
  5
AC60
330
11F68F
100
AcDbEntity
 67
     1
  8
Z-LS1
100
AcDbLine
 10
374.3124831087222
 20
9.954975709294199
 30
0.0
 11
370.8746311546812
 21
9.954975709294199
 31
0.0
  0
LINE
  5
AC61
330
11F68F
100
AcDbEntity
 67
     1
  8
Z-LS1
100
AcDbLine
 10
376.5783400784311
 20
9.564310714516787
 30
0.0
 11
382.1518952603458
 21
9.564310714516787
 31
0.0
  0
LINE
  5
AC62
330
11F68F
100
AcDbEntity
 67
     1
  8
Z-LS1
100
AcDbLine
 10
374.3124831087222
 20
9.251778718694868
 30
0.0
 11
370.8746311546811
 21
9.251778718694868
 31
0.0
  0
LINE
  5
AC63
330
11F68F
100
AcDbEntity
 67
     1
  8
Z-LS1
100
AcDbLine
 10
371.5456557339457
 20
11.90830068318123
 30
0.0
 11
373.6598427645057
 21
11.90830068318123
 31
0.0
  0
LINE
  5
AC64
330
11F68F
100
AcDbEntity
 67
     1
  8
Z-LS1
100
AcDbLine
 10
373.9172220551827
 20
12.22083267900312
 30
0.0
 11
371.3250449133655
 21
12.22083267900312
 31
0.0
  0
LINE
  5
AC65
330
11F68F
100
AcDbEntity
 67
     1
  8
Z-LS1
100
AcDbLine
 10
371.1044340927853
 20
12.53336467482504
 30
0.0
 11
374.1746013458597
 21
12.53336467482504
 31
0.0
  0
LINE
  5
AC66
330
11F68F
100
AcDbEntity
 67
     1
  8
Z-LS1
100
AcDbLine
 10
374.4319806365365
 20
12.84589667064695
 30
0.0
 11
370.8838232722053
 21
12.84589667064695
 31
0.0
  0
LINE
  5
AC67
330
11F68F
100
AcDbEntity
 67
     1
  8
Z-LS1
100
AcDbLine
 10
370.6632124516251
 20
13.15842866646887
 30
0.0
 11
374.6893599272133
 21
13.15842866646887
 31
0.0
  0
LINE
  5
AC68
330
11F68F
100
AcDbEntity
 67
     1
  8
Z-LS1
100
AcDbLine
 10
376.6082990960102
 20
13.47096066229079
 30
0.0
 11
378.5131976242449
 21
13.47096066229079
 31
0.0
  0
LINE
  5
AC69
330
11F68F
100
AcDbEntity
 67
     1
  8
Z-LS1
100
AcDbLine
 10
375.2684633312363
 20
13.86162565706821
 30
0.0
 11
373.4530201202119
 21
13.86162565706821
 31
0.0
  0
LINE
  5
AC6A
330
11F68F
100
AcDbEntity
 67
     1
  8
Z-LS1
100
AcDbLine
 10
376.6366204807631
 20
14.2522906518456
 30
0.0
 11
378.7832355260594
 21
14.2522906518456
 31
0.0
  0
LINE
  5
AC6B
330
11F68F
100
AcDbEntity
 67
     1
  8
Z-LS1
100
AcDbLine
 10
376.1876750836539
 20
14.56482264766754
 30
0.0
 11
373.5311531191675
 21
14.56482264766754
 31
0.0
  0
LINE
  5
AC6C
330
11F68F
100
AcDbEntity
 67
     1
  8
Z-LS1
100
AcDbLine
 10
376.9261465827889
 20
14.95548764244497
 30
0.0
 11
382.8289799948695
 21
14.95548764244497
 31
0.0
  0
LINE
  5
AC6D
330
11F68F
100
AcDbEntity
 67
     1
  8
Z-LS1
100
AcDbLine
 10
376.1876750836539
 20
15.26801963826686
 30
0.0
 11
373.5311531191675
 21
15.26801963826686
 31
0.0
  0
LINE
  5
AC6E
330
11F68F
100
AcDbEntity
 67
     1
  8
Z-LS1
100
AcDbLine
 10
377.646443730814
 20
15.65868463304427
 30
0.0
 11
380.8111062095837
 21
15.65868463304425
 31
0.0
  0
LINE
  5
AC6F
330
11F68F
100
AcDbEntity
 67
     1
  8
Z-LS1
100
AcDbLine
 10
373.5311531191675
 20
15.65868463304427
 30
0.0
 11
376.1876750836539
 21
15.65868463304427
 31
0.0
  0
LINE
  5
AC70
330
11F68F
100
AcDbEntity
 67
     1
  8
Z-LS1
100
AcDbLine
 10
372.7498231296126
 20
15.26801963826686
 30
0.0
 11
369.1557051776606
 21
15.26801963826686
 31
0.0
  0
LINE
  5
AC71
330
11F68F
100
AcDbEntity
 67
     1
  8
Z-LS1
100
AcDbLine
 10
373.5311531191675
 20
14.95548764244497
 30
0.0
 11
376.1876750836539
 21
14.95548764244497
 31
0.0
  0
LINE
  5
AC72
330
11F68F
100
AcDbEntity
 67
     1
  8
Z-LS1
100
AcDbLine
 10
372.7498231296126
 20
14.56482264766754
 30
0.0
 11
369.1557051776606
 21
14.56482264766754
 31
0.0
  0
LINE
  5
AC73
330
11F68F
100
AcDbEntity
 67
     1
  8
Z-LS1
100
AcDbLine
 10
373.7320665450531
 20
14.2522906518456
 30
0.0
 11
375.5901874445823
 21
14.25229065184564
 31
0.0
  0
LINE
  5
AC74
330
11F68F
100
AcDbEntity
 67
     1
  8
Z-LS1
100
AcDbLine
 10
372.7498231296126
 20
13.86162565706821
 30
0.0
 11
370.1668381053196
 21
13.86162565706821
 31
0.0
  0
LINE
  5
AC77
330
11F68F
100
AcDbEntity
 67
     1
  8
Z-LS1
100
AcDbLine
 10
376.6770806184829
 20
13.15842866646887
 30
0.0
 11
378.7944506013035
 21
13.15842866646887
 31
0.0
  0
LINE
  5
AC78
330
11F68F
100
AcDbEntity
 67
     1
  8
Z-LS1
100
AcDbLine
 10
376.9783133056952
 20
12.53336467482504
 30
0.0
 11
382.0675414596574
 21
12.53336467482504
 31
0.0
  0
LINE
  5
AC79
330
11F68F
100
AcDbEntity
 67
     1
  8
Z-LS1
100
AcDbLine
 10
377.9144165505496
 20
11.90830068318123
 30
0.0
 11
382.6609445461859
 21
11.90830068318123
 31
0.0
  0
LINE
  5
AC7A
330
11F68F
100
AcDbEntity
 67
     1
  8
Z-LS1
100
AcDbLine
 10
376.5783400784311
 20
11.28323669153734
 30
0.0
 11
378.1410000575407
 21
11.28323669153734
 31
0.0
  0
LINE
  5
AC7B
330
11F68F
100
AcDbEntity
 67
     1
  8
Z-LS1
100
AcDbLine
 10
376.5783400784311
 20
10.65817269989354
 30
0.0
 11
378.8574413813869
 21
10.65817269989354
 31
0.0
  0
LINE
  5
AC7C
330
11F68F
100
AcDbEntity
 67
     1
  8
Z-LS1
100
AcDbLine
 10
380.9461140628919
 20
11.28323669153734
 30
0.0
 11
382.7948972293644
 21
11.28323669153734
 31
0.0
  0
LINE
  5
AE46
330
11F68F
100
AcDbEntity
 67
     1
  8
Z-LS1
100
AcDbLine
 10
373.173973695371
 20
13.47096066229079
 30
0.0
 11
374.9467392178902
 21
13.47096066229079
 31
0.0
1001
ACAD
1000
ASC_BOUNDS
1002
{
1070
    16
1005
0
1002
}
  0
INSERT
  5
AE94
330
11F68F
100
AcDbEntity
 67
     1
  8
Z-LS1
100
AcDbBlockReference
  2
*X1
 10
345.5175869080182
 20
-4.051487833945667
 30
0.0
 41
0.1562659979109604
 42
0.1562659979109604
 43
0.1562659979109604
1001
ACAD
1000
HATCH
1002
{
1070
    19
1000
ANSI31
1040
0.4
1040
0.0
1002
}
  0
INSERT
  5
AF36
330
11F68F
100
AcDbEntity
 67
     1
  8
Z-LS1
100
AcDbBlockReference
  2
*X2
 10
345.5175869080182
 20
-4.051487833945667
 30
0.0
 41
0.1562659979109604
 42
0.1562659979109604
 43
0.1562659979109604
1001
ACAD
1000
HATCH
1002
{
1070
    19
1000
ANSI31
1040
0.5
1040
0.0
1002
}
  0
INSERT
  5
B13A
330
11F68F
100
AcDbEntity
 67
     1
  8
Z-LS1
100
AcDbBlockReference
  2
*X3
 10
345.5175869080182
 20
-4.051487833945667
 30
0.0
 41
0.1562659979109604
 42
0.1562659979109604
 43
0.1562659979109604
1001
ACAD
1000
HATCH
1002
{
1070
    19
1000
ANSI31
1040
0.5
1040
0.0
1002
}
  0
INSERT
  5
B1FF
330
11F68F
100
AcDbEntity
 67
     1
  8
Z-LS1
100
AcDbBlockReference
  2
*X4
 10
345.5175869080182
 20
-4.051487833945667
 30
0.0
 41
0.1562659979109604
 42
0.1562659979109604
 43
0.1562659979109604
1001
ACAD
1000
HATCH
1002
{
1070
    19
1000
ANSI31
1040
0.45
1040
0.0
1002
}
  0
LINE
  5
B227
330
11F68F
100
AcDbEntity
 67
     1
  8
Z-LS1
100
AcDbLine
 10
381.2663200157599
 20
15.65868463304425
 30
0.0
 11
382.8289799948695
 21
15.65868463304427
 31
0.0
1001
ACAD
1000
ASC_BOUNDS
1002
{
1070
    16
1005
0
1005
0
1002
}
  0
LINE
  5
B316
330
11F68F
100
AcDbEntity
 67
     1
  8
Z-LS1
100
AcDbLine
 10
378.1410000575408
 20
9.251778718694868
 30
0.0
 11
376.5783400784311
 21
9.251778718694868
 31
0.0
1001
ACAD
1000
ASC_BOUNDS
1002
{
1070
    16
1005
0
1005
0
1002
}
  0
INSERT
  5
B31E
330
11F68F
100
AcDbEntity
 67
     1
  8
Z-LS1
100
AcDbBlockReference
  2
*X5
 10
345.5175869080182
 20
-4.051487833945667
 30
0.0
 41
0.1562659979109604
 42
0.1562659979109604
 43
0.1562659979109604
1001
ACAD
1000
HATCH
1002
{
1070
    19
1000
ANSI31
1040
0.5
1040
0.0
1002
}
  0
INSERT
  5
B37A
330
11F68F
100
AcDbEntity
 67
     1
  8
Z-LS1
100
AcDbBlockReference
  2
*X6
 10
345.5175869080182
 20
-4.051487833945667
 30
0.0
 41
0.1562659979109604
 42
0.1562659979109604
 43
0.1562659979109604
1001
ACAD
1000
HATCH
1002
{
1070
    19
1000
ANSI31
1040
0.0825
1040
0.0
1002
}
  0
TEXT
  5
C9EA
330
11F68F
100
AcDbEntity
 67
     1
  8
0
100
AcDbText
 10
319.5419594455062
 20
25.07176919492074
 30
0.0
 40
2.95958329376819
  1
LE. QUAN
  7
ROMAND
100
AcDbText
  0
TEXT
  5
C9ED
330
11F68F
100
AcDbEntity
 67
     1
  8
0
100
AcDbText
 10
402.7557058564531
 20
-10.37073638977203
 30
0.0
 40
2.95958329376819
  1
1 OF 1
  7
ROMAND
100
AcDbText
  0
TEXT
  5
151E5
330
11F68F
100
AcDbEntity
 67
     1
  8
0
100
AcDbText
 10
352.4800746601357
 20
-10.36078095877278
 30
0.0
 40
2.95958329376819
  1
KSP-217
  7
ROMAND
100
AcDbText
  0
TEXT
  5
151E6
330
11F68F
100
AcDbEntity
 67
     1
  8
0
100
AcDbText
 10
320.8790617902121
 20
-1.705412125261639
 30
0.0
 40
2.492280668436371
  1
TRAY FOR 45 POCKETS   
  7
ROMAND
100
AcDbText
  0
TEXT
  5
151E8
330
11F68F
100
AcDbEntity
 67
     1
  8
0
100
AcDbText
 10
342.7434852480081
 20
29.41175149702834
 30
0.0
 40
1.775749976260914
  1
21 MAY 2026
  7
ROMAND
100
AcDbText
  0
TEXT
  5
151E9
330
11F68F
100
AcDbEntity
 67
     1
  8
0
100
AcDbText
 10
406.7904662284925
 20
2.367237573835318
 30
0.0
 40
1.775749976260914
  1
( Mold Drawing )
  7
ROMAND
100
AcDbText
  0
TEXT
  5
1CCB3
330
11F68F
100
AcDbEntity
 67
     1
  8
0
100
AcDbText
 10
328.9926333661005
 20
-10.37073638977203
 30
0.0
 40
2.95958329376819
  1
A3
  7
ROMAND
100
AcDbText
  0
TEXT
  5
1CCB4
330
11F68F
100
AcDbEntity
 67
     1
  8
0
100
AcDbText
 10
428.2575243723425
 20
-10.37073638977203
 30
0.0
 40
2.95958329376819
  1
0
  7
ROMAND
100
AcDbText
  0
TEXT
  5
13069D
330
11F68F
100
AcDbEntity
 67
     1
  8
0
100
AcDbText
 10
319.5419594455062
 20
16.14116741430934
 30
0.0
 40
2.95958329376819
  1
Jr. YOSHIDA
  7
ROMAND
100
AcDbText
  0
TEXT
  5
13069F
330
11F68F
100
AcDbEntity
 67
     1
  8
0
100
AcDbText
 10
319.5419594455062
 20
7.210565633697941
 30
0.0
 40
2.95958329376819
  1
Jr. YOSHIDA
  7
ROMAND
100
AcDbText
  0
TEXT
  5
13D5AB
330
11F68F
100
AcDbEntity
 67
     1
  8
0
100
AcDbText
 10
342.7434852480081
 20
20.48114971641698
 30
0.0
 40
1.775749976260914
  1
21 MAY 2026
  7
ROMAND
100
AcDbText
  0
TEXT
  5
13D5AC
330
11F68F
100
AcDbEntity
 67
     1
  8
0
100
AcDbText
 10
342.7434852480081
 20
11.55054793580553
 30
0.0
 40
1.775749976260914
  1
21 MAY 2026
  7
ROMAND
100
AcDbText
  0
LINE
  5
143F71
330
11F68F
100
AcDbEntity
 67
     1
  8
Z-LL1
100
AcDbLine
 10
227.0002962112412
 20
-3.438677702935957
 30
0.0
 11
308.9853031568261
 21
-3.438677702935957
 31
0.0
  0
LINE
  5
143F72
330
11F68F
100
AcDbEntity
 67
     1
  8
Z-LL1
100
AcDbLine
 10
227.0002962112412
 20
5.49192407767544
 30
0.0
 11
308.9853031568261
 21
5.49192407767544
 31
0.0
  0
LINE
  5
143F73
330
11F68F
100
AcDbEntity
 67
     1
  8
Z-LL1
100
AcDbLine
 10
227.0002962112412
 20
14.42252585828683
 30
0.0
 11
308.9853031568261
 21
14.42252585828683
 31
0.0
  0
LINE
  5
143F74
330
11F68F
100
AcDbEntity
 67
     1
  8
Z-LL1
100
AcDbLine
 10
227.0002962112412
 20
23.35312763889823
 30
0.0
 11
308.9853031568261
 21
23.35312763889823
 31
0.0
  0
LWPOLYLINE
  5
143F78
330
11F68F
100
AcDbEntity
 67
     1
  8
Z-LL1
100
AcDbPolyline
 90
        2
 70
     0
 43
0.0
 10
262.5152957364595
 20
-12.3693732431461
 10
262.5152957364595
 20
23.35312763889822
  0
LWPOLYLINE
  5
143F7B
330
11F68F
100
AcDbEntity
 67
     1
  8
Z-LL1
100
AcDbPolyline
 90
        2
 70
     0
 43
0.0
 10
227.0002962112412
 20
23.35312763889822
 10
227.0002962112412
 20
-12.3693732431461
  0
LWPOLYLINE
  5
143F7C
330
11F68F
100
AcDbEntity
 67
     1
  8
Z-LL1
100
AcDbPolyline
 90
        2
 70
     0
 43
0.0
 10
262.5152957364595
 20
-12.3693732431461
 10
262.5152957364595
 20
23.35312763889822
  0
TEXT
  5
1515DB
330
11F68F
100
AcDbEntity
 67
     1
  8
0
100
AcDbText
 10
269.7088163104179
 20
-9.752631285794805
 30
0.0
 40
2.95958329376819
  1
REVISION MARK
  7
ROMAND
100
AcDbText
  0
TEXT
  5
1515DC
330
11F68F
100
AcDbEntity
 67
     1
  8
0
100
AcDbText
 10
239.282640238627
 20
-9.752631285794805
 30
0.0
 40
2.95958329376819
  1
DATE
  7
ROMAND
100
AcDbText
  0
TEXT
  5
1515EF
330
11F68F
100
AcDbEntity
 67
     1
  8
0
100
AcDbText
 10
269.7088163104179
 20
-0.6913020081548104
 30
0.0
 40
2.95958329376819
  1
-
  7
ROMAND
100
AcDbText
  0
TEXT
  5
1515F0
330
11F68F
100
AcDbEntity
 67
     1
  8
0
100
AcDbText
 10
239.282640238627
 20
-0.6913020081548104
 30
0.0
 40
2.95958329376819
  1
-
  7
ROMAND
100
AcDbText
  0
TEXT
  5
1515F1
330
11F68F
100
AcDbEntity
 67
     1
  8
0
100
AcDbText
 10
239.282640238627
 20
8.461649238488481
 30
0.0
 40
2.95958329376819
  1
-
  7
ROMAND
100
AcDbText
  0
TEXT
  5
1515F2
330
11F68F
100
AcDbEntity
 67
     1
  8
0
100
AcDbText
 10
269.7088163104179
 20
8.461649238488481
 30
0.0
 40
2.95958329376819
  1
-
  7
ROMAND
100
AcDbText
  0
TEXT
  5
1515F3
330
11F68F
100
AcDbEntity
 67
     1
  8
0
100
AcDbText
 10
239.282640238627
 20
17.25566209262466
 30
0.0
 40
2.95958329376819
  1
-
  7
ROMAND
100
AcDbText
  0
TEXT
  5
1515F4
330
11F68F
100
AcDbEntity
 67
     1
  8
0
100
AcDbText
 10
269.7088163104179
 20
17.25566209262466
 30
0.0
 40
2.95958329376819
  1
-
  7
ROMAND
100
AcDbText
  0
ENDSEC
  0
SECTION
  2
OBJECTS
  0
DICTIONARY
  5
11F686
330
0
100
AcDbDictionary
281
     1
  3
ACAD_BACKGROUND
350
1D1F13
  3
ACAD_CIP_PREVIOUS_PRODUCT_INFO
350
17135C
  3
ACAD_COLOR
350
171339
  3
ACAD_DETAILVIEWSTYLE
350
171352
  3
ACAD_GROUP
350
11F687
  3
ACAD_LAYOUT
350
171354
  3
ACAD_MATERIAL
350
171307
  3
ACAD_MLEADERSTYLE
350
17134E
  3
ACAD_MLINESTYLE
350
11F688
  3
ACAD_PLOTSETTINGS
350
171355
  3
ACAD_PLOTSTYLENAME
350
171305
  3
ACAD_SCALELIST
350
17133C
  3
ACAD_SECTIONVIEWSTYLE
350
171350
  3
ACAD_TABLESTYLE
350
17133A
  3
ACAD_VISUALSTYLE
350
171320
  3
AcadDim
350
1BE6B4
  3
ACDB_RECOMPOSE_DATA
350
2E2CE1
  3
ACDBVARIABLEDICTIONARY
350
133783
  3
AEC_PROPERTY_SET_DEFS
350
1E7061
  0
DICTIONARY
  5
1ABE7F
330
11F682
100
AcDbDictionary
280
     1
281
     1
  0
DICTIONARY
  5
1713B1
330
11F67C
100
AcDbDictionary
280
     1
281
     1
  3
ACAD_LAYERFILTERS
360
1C5EFA
  3
ACAD_LAYERSTATES
360
1713B2
  3
ACLYDICTIONARY
360
1C5EF9
  0
DICTIONARY
  5
17136F
330
11F689
100
AcDbDictionary
280
     1
281
     1
  3
ADSK_XREC_LAYER_RECONCILED
360
171370
  0
DICTIONARY
  5
171371
330
11F713
100
AcDbDictionary
280
     1
281
     1
  3
ADSK_XREC_LAYER_RECONCILED
360
171372
  0
DICTIONARY
  5
171373
330
11F714
100
AcDbDictionary
280
     1
281
     1
  3
ADSK_XREC_LAYER_RECONCILED
360
171374
  0
DICTIONARY
  5
171375
330
11F715
100
AcDbDictionary
280
     1
281
     1
  3
ADSK_XREC_LAYER_RECONCILED
360
171376
  0
DICTIONARY
  5
171377
330
11F717
100
AcDbDictionary
280
     1
281
     1
  3
ADSK_XREC_LAYER_RECONCILED
360
171378
  0
DICTIONARY
  5
171379
330
11F71A
100
AcDbDictionary
280
     1
281
     1
  3
ADSK_XREC_LAYER_RECONCILED
360
17137A
  0
DICTIONARY
  5
171381
330
11F720
100
AcDbDictionary
280
     1
281
     1
  3
ADSK_XREC_LAYER_LINEWT_OVR
360
1B1536
  3
ADSK_XREC_LAYER_RECONCILED
360
171382
  0
DICTIONARY
  5
1713A5
330
1685A9
100
AcDbDictionary
280
     1
281
     1
  3
ADSK_XREC_LAYER_RECONCILED
360
1713A6
  0
DICTIONARY
  5
1CC7DA
330
1CC7D9
100
AcDbDictionary
280
     1
281
     1
  3
ADSK_XREC_VTR_ANNOSCALE_DATA
360
1CC7DB
  0
DICTIONARY
  5
1EDB40
330
1EDB3F
100
AcDbDictionary
280
     1
281
     1
  3
ADSK_XREC_VTR_ANNOSCALE_DATA
360
1EDB41
  0
DICTIONARY
  5
1A18AA
330
11F692
100
AcDbDictionary
280
     1
281
     1
  3
ACAD_LAYOUTSELFREF
360
25230E
  3
ACAD_SORTENTS
360
1A18AB
  0
DICTIONARY
  5
1ABE83
330
11F68F
100
AcDbDictionary
280
     1
281
     1
  3
ACAD_LAYOUTSELFREF
360
25230D
  0
DICTIONARY
  5
1D1F13
102
{ACAD_REACTORS
330
11F686
102
}
330
11F686
100
AcDbDictionary
281
     1
  0
XRECORD
  5
17135C
102
{ACAD_REACTORS
330
11F686
102
}
330
11F686
100
AcDbXrecord
280
     1
300
ACDLT
300
2014
300
ACDLT_F_S
  0
DICTIONARY
  5
171339
102
{ACAD_REACTORS
330
11F686
102
}
330
11F686
100
AcDbDictionary
281
     1
  0
DICTIONARY
  5
171352
102
{ACAD_REACTORS
330
11F686
102
}
330
11F686
100
AcDbDictionary
281
     1
  3
Imperial24
350
171353
  3
Metric50
350
1725B0
  0
DICTIONARY
  5
11F687
102
{ACAD_REACTORS
330
11F686
102
}
330
11F686
100
AcDbDictionary
281
     1
  0
DICTIONARY
  5
171354
102
{ACAD_REACTORS
330
11F686
102
}
330
11F686
100
AcDbDictionary
281
     1
  3
Model
350
171356
  3
レイアウト1
350
171357
1001
AcadStringInfo
1000
MIFCodePage
1070
     1
  0
DICTIONARY
  5
171307
102
{ACAD_REACTORS
330
11F686
102
}
330
11F686
100
AcDbDictionary
281
     1
  3
ByBlock
350
171310
  3
ByLayer
350
171308
  3
Global
350
171318
  0
DICTIONARY
  5
17134E
102
{ACAD_REACTORS
330
11F686
102
}
330
11F686
100
AcDbDictionary
281
     1
  3
Standard
350
17134F
  0
DICTIONARY
  5
11F688
102
{ACAD_REACTORS
330
11F686
102
}
330
11F686
100
AcDbDictionary
281
     1
  3
STANDARD
350
11F695
  0
DICTIONARY
  5
171355
102
{ACAD_REACTORS
330
11F686
102
}
330
11F686
100
AcDbDictionary
281
     1
  0
ACDBDICTIONARYWDFLT
  5
171305
102
{ACAD_REACTORS
330
11F686
102
}
330
11F686
100
AcDbDictionary
281
     1
  3
Normal
350
171306
100
AcDbDictionaryWithDefault
340
171306
  0
DICTIONARY
  5
17133C
102
{ACAD_REACTORS
330
11F686
102
}
330
11F686
100
AcDbDictionary
281
     1
  3
A0
350
17133D
  3
A1
350
17133E
  3
A2
350
17133F
  3
A3
350
171340
  3
A4
350
171341
  3
A5
350
171342
  3
A6
350
171343
  3
A7
350
171344
  3
A8
350
171345
  3
A9
350
171346
  3
B0
350
171347
  3
B1
350
171348
  3
B2
350
171349
  3
B3
350
17134A
  3
B4
350
17134B
  3
B5
350
17134C
  3
B6
350
17134D
  0
DICTIONARY
  5
171350
102
{ACAD_REACTORS
330
11F686
102
}
330
11F686
100
AcDbDictionary
281
     1
  3
Imperial24
350
171351
  3
Metric50
350
1725AF
  0
DICTIONARY
  5
17133A
102
{ACAD_REACTORS
330
11F686
102
}
330
11F686
100
AcDbDictionary
281
     1
  3
Standard
350
17133B
  0
DICTIONARY
  5
171320
102
{ACAD_REACTORS
330
11F686
102
}
330
11F686
100
AcDbDictionary
281
     1
  3
2dWireframe
350
171326
  3
3D Hidden
350
1BD2EE
  3
3dWireframe
350
171526
  3
Basic
350
171325
  3
Brighten
350
17132C
  3
ColorChange
350
171330
  3
Conceptual
350
171329
  3
Dim
350
17132B
  3
EdgeColorOff
350
171338
  3
Facepattern
350
17132F
  3
Flat
350
171321
  3
FlatWithEdges
350
171322
  3
Gouraud
350
171323
  3
GouraudWithEdges
350
171324
  3
Hidden
350
171328
  3
JitterOff
350
171336
  3
Linepattern
350
17132E
  3
OverhangOff
350
171337
  3
Realistic
350
17132A
  3
Shaded
350
171335
  3
Shaded with edges
350
171334
  3
Shades of Gray
350
171331
  3
Sketchy
350
171332
  3
Thicken
350
17132D
  3
Wireframe
350
171327
  3
X-Ray
350
171333
  0
XRECORD
  5
1BE6B4
102
{ACAD_REACTORS
330
11F686
102
}
330
11F686
100
AcDbXrecord
280
     1
 90
   990106
  3

 60
     0
 61
     0
 62
     1
 63
     3
 64
     0
 65
     0
 66
     0
 67
     3
 68
     1
 69
     0
 70
     0
 71
     0
 72
     0
 40
0.0
170
     0
  0
XRECORD
  5
2E2CE1
102
{ACAD_REACTORS
330
11F686
102
}
330
11F686
100
AcDbXrecord
280
     1
 90
        1
330
17133B
330
171351
330
171353
330
1725AF
330
1725B0
  0
DICTIONARY
  5
133783
102
{ACAD_REACTORS
330
11F686
102
}
330
11F686
100
AcDbDictionary
281
     1
  3
CANNOSCALE
350
1713C0
  3
CMLEADERSTYLE
350
1713BC
  3
CTABLESTYLE
350
1713BB
  3
CVIEWDETAILSTYLE
350
1713BD
  3
CVIEWSECTIONSTYLE
350
1713BE
  3
DIMASSOC
350
1ABEE3
  3
INDEXCTL
350
1ABEE2
  3
LAYEREVAL
350
1713C2
  3
LAYERNOTIFY
350
1713C3
  3
LIGHTINGUNITS
350
1713C1
  3
MSLTSCALE
350
1713BF
  3
SOLIDHIST
350
1C8F23
  3
SORTENTS
350
133784
  0
DICTIONARY
  5
1E7061
102
{ACAD_REACTORS
330
11F686
102
}
330
11F686
100
AcDbDictionary
281
     1
  0
DICTIONARY
  5
1C5EFA
102
{ACAD_REACTORS
330
1713B1
102
}
330
1713B1
100
AcDbDictionary
281
     1
  0
DICTIONARY
  5
1713B2
102
{ACAD_REACTORS
330
1713B1
102
}
330
1713B1
100
AcDbDictionary
281
     1
  0
DICTIONARY
  5
1C5EF9
102
{ACAD_REACTORS
330
1713B1
102
}
330
1713B1
100
AcDbDictionary
281
     1
1001
ACAD
1000
<All
  0
XRECORD
  5
171370
102
{ACAD_REACTORS
330
17136F
102
}
330
17136F
100
AcDbXrecord
280
     1
290
     1
  0
XRECORD
  5
171372
102
{ACAD_REACTORS
330
171371
102
}
330
171371
100
AcDbXrecord
280
     1
290
     1
  0
XRECORD
  5
171374
102
{ACAD_REACTORS
330
171373
102
}
330
171373
100
AcDbXrecord
280
     1
290
     1
  0
XRECORD
  5
171376
102
{ACAD_REACTORS
330
171375
102
}
330
171375
100
AcDbXrecord
280
     1
290
     1
  0
XRECORD
  5
171378
102
{ACAD_REACTORS
330
171377
102
}
330
171377
100
AcDbXrecord
280
     1
290
     1
  0
XRECORD
  5
17137A
102
{ACAD_REACTORS
330
171379
102
}
330
171379
100
AcDbXrecord
280
     1
290
     1
  0
XRECORD
  5
1B1536
102
{ACAD_REACTORS
330
171381
102
}
330
171381
100
AcDbXrecord
280
     1
102
{ADSK_LYR_LINEWT_OVERRIDE
335
1
 91
        0
102
}
  0
XRECORD
  5
171382
102
{ACAD_REACTORS
330
171381
102
}
330
171381
100
AcDbXrecord
280
     1
290
     1
  0
XRECORD
  5
1713A6
102
{ACAD_REACTORS
330
1713A5
102
}
330
1713A5
100
AcDbXrecord
280
     1
290
     1
  0
XRECORD
  5
1CC7DB
102
{ACAD_REACTORS
330
1CC7DA
102
}
330
1CC7DA
100
AcDbXrecord
280
     1
340
17133D
  0
XRECORD
  5
1EDB41
102
{ACAD_REACTORS
330
1EDB40
102
}
330
1EDB40
100
AcDbXrecord
280
     1
340
17133D
  0
XRECORD
  5
25230E
102
{ACAD_REACTORS
330
1A18AA
102
}
330
1A18AA
100
AcDbXrecord
280
     1
340
11F692
  0
SORTENTSTABLE
  5
1A18AB
102
{ACAD_REACTORS
330
1A18AA
102
}
330
1A18AA
100
AcDbSortentsTable
330
11F692
331
2DFF50
  5
2E00E3
331
29BE1B
  5
29CAFA
331
2DFF63
  5
2E00F6
  0
XRECORD
  5
25230D
102
{ACAD_REACTORS
330
1ABE83
102
}
330
1ABE83
100
AcDbXrecord
280
     1
340
11F68F
  0
ACDBDETAILVIEWSTYLE
  5
171353
102
{ACAD_XDICTIONARY
360
2E2CDB
102
}
102
{ACAD_REACTORS
330
171352
102
}
330
171352
100
AcDbModelDocViewStyle
 70
     0
  3
Imperial24
290
     0
100
AcDbDetailViewStyle
 70
     0
 71
     0
 90
        3
 71
     1
340
11F68A
 62
   256
 40
0.24
340
0
 62
   256
 40
0.24
300

 40
0.36
280
     3
 71
     2
340
11F68E
 90
       25
 62
   256
 71
     3
340
11F68A
 62
   256
 40
0.24
 90
        1
 40
0.75
 90
        1
300
%<\AcVar ViewType \f "%tc1">% %<\AcVar ViewDetailId>%\PSCALE %<\AcVar ViewScale \f "%sn">%
 71
     4
340
11F68E
 90
       25
 62
   256
340
11F68E
 90
       25
 62
   256
280
     0
  0
ACDBDETAILVIEWSTYLE
  5
1725B0
102
{ACAD_XDICTIONARY
360
2E2CDF
102
}
102
{ACAD_REACTORS
330
171352
102
}
330
171352
100
AcDbModelDocViewStyle
 70
     0
  3
Metric50
290
     0
100
AcDbDetailViewStyle
 70
     0
 71
     0
 90
        3
 71
     1
340
11F68A
 62
   256
 40
5.0
340
0
 62
   256
 40
5.0
300

 40
0.0
280
     1
 71
     2
340
11F68E
 90
       25
 62
   256
 71
     3
340
11F68A
 62
   256
 40
5.0
 90
        0
 40
15.0
 90
        1
300
%<\AcVar ViewDetailId>% (%<\AcVar ViewScale \f "%sn">%)
 71
     4
340
11F68E
 90
       25
 62
   256
340
11F68E
 90
       25
 62
   256
280
     0
  0
LAYOUT
  5
171356
102
{ACAD_XDICTIONARY
360
1C8E39
102
}
102
{ACAD_REACTORS
330
171354
102
}
330
171354
100
AcDbPlotSettings
  1

  2
none_device
  4
Letter_(8.50_x_11.00_Inches)
  6

 40
6.349999904632567
 41
6.349999904632567
 42
6.350006103515625
 43
6.350006103515625
 44
215.8999938964844
 45
279.3999938964844
 46
0.0
 47
0.0
 48
0.0
 49
0.0
140
0.0
141
0.0
142
1.0
143
25.45580647657614
 70
 11952
 72
     0
 73
     1
 74
     0
  7

 75
     0
147
0.0392837681618996
 76
     0
 77
     2
 78
   300
148
-10024.81786823774
149
-8315.305236572099
100
AcDbLayout
  1
Model
 70
     1
 71
     0
 10
0.0
 20
0.0
 11
12.0
 21
9.0
 12
0.0
 22
0.0
 32
0.0
 14
0.0
 24
0.0
 34
0.0
 15
0.0
 25
0.0
 35
0.0
146
0.0
 13
0.0
 23
0.0
 33
0.0
 16
1.0
 26
0.0
 36
0.0
 17
0.0
 27
1.0
 37
0.0
 76
     0
330
11F692
331
11F70E
1001
ACAD_PSEXT
1000
None
1000
None
1000
Not applicable
1000
The layout will not be plotted unless a new plotter configuration name is selected.
1070
     0
  0
LAYOUT
  5
171357
102
{ACAD_XDICTIONARY
360
1ABED7
102
}
102
{ACAD_REACTORS
330
171354
102
}
330
171354
100
AcDbPlotSettings
  1

  2
iR-ADV C5235
  4
A4
  6

 40
5.873749732971191
 41
5.873747825622557
 42
5.873748779296875
 43
5.873748779296875
 44
209.9733276367186
 45
296.9259948730469
 46
0.0
 47
0.0
 48
0.0
 49
0.0
140
0.0
141
0.0
142
1.0
143
43.19078599195882
 70
   688
 72
     0
 73
     1
 74
     1
  7

 75
     0
147
0.0231530864056556
 76
     0
 77
     2
 78
   300
148
964.1139729188116
149
505.1662622443878
100
AcDbLayout
  1
レイアウト1
 70
     0
 71
     1
 10
-47.94511021322644
 20
-29.87630432801068
 11
456.9551693147737
 21
327.1675168521842
 12
0.0
 22
0.0
 32
0.0
 14
-37.92772424064665
 24
-20.77458979744775
 34
0.0
 15
445.7302333348934
 25
317.1590769778974
 35
0.0
146
0.0
 13
0.0
 23
0.0
 33
0.0
 16
1.0
 26
0.0
 36
0.0
 17
0.0
 27
1.0
 37
0.0
 76
     0
330
11F68F
331
1
1001
ACAD_PSEXT
1000
iR-ADV C5235
1000
Canon iR-ADV C5235/5240 LIPSLX
1000
IP_192.168.11.100
1000

1070
     0
1001
AcadStringInfo
1000
MIFCodePage
1070
     1
  0
MATERIAL
  5
171310
102
{ACAD_XDICTIONARY
360
171311
102
}
102
{ACAD_REACTORS
330
171307
102
}
330
171307
100
AcDbMaterial
  1
ByBlock
 72
     0
 43
0.0208333333333333
 43
0.0
 43
0.0
 43
0.0
 43
0.0
 43
0.0208333333333333
 43
0.0
 43
0.0
 43
0.0
 43
0.0
 43
1.0
 43
0.0
 43
0.0
 43
0.0
 43
0.0
 43
1.0
 77
     0
 47
0.0208333333333333
 47
0.0
 47
0.0
 47
0.0
 47
0.0
 47
0.0208333333333333
 47
0.0
 47
0.0
 47
0.0
 47
0.0
 47
1.0
 47
0.0
 47
0.0
 47
0.0
 47
0.0
 47
1.0
171
     0
 49
0.0208333333333333
 49
0.0
 49
0.0
 49
0.0
 49
0.0
 49
0.0208333333333333
 49
0.0
 49
0.0
 49
0.0
 49
0.0
 49
1.0
 49
0.0
 49
0.0
 49
0.0
 49
0.0
 49
1.0
175
     0
142
0.0208333333333333
142
0.0
142
0.0
142
0.0
142
0.0
142
0.0208333333333333
142
0.0
142
0.0
142
0.0
142
0.0
142
1.0
142
0.0
142
0.0
142
0.0
142
0.0
142
1.0
179
     0
144
0.0208333333333333
144
0.0
144
0.0
144
0.0
144
0.0
144
0.0208333333333333
144
0.0
144
0.0
144
0.0
144
0.0
144
1.0
144
0.0
144
0.0
144
0.0
144
0.0
144
1.0
147
0.0208333333333333
147
0.0
147
0.0
147
0.0
147
0.0
147
0.0208333333333333
147
0.0
147
0.0
147
0.0
147
0.0
147
1.0
147
0.0
147
0.0
147
0.0
147
0.0
147
1.0
  0
MATERIAL
  5
171308
102
{ACAD_XDICTIONARY
360
171309
102
}
102
{ACAD_REACTORS
330
171307
102
}
330
171307
100
AcDbMaterial
  1
ByLayer
 72
     0
 43
0.0208333333333333
 43
0.0
 43
0.0
 43
0.0
 43
0.0
 43
0.0208333333333333
 43
0.0
 43
0.0
 43
0.0
 43
0.0
 43
1.0
 43
0.0
 43
0.0
 43
0.0
 43
0.0
 43
1.0
 77
     0
 47
0.0208333333333333
 47
0.0
 47
0.0
 47
0.0
 47
0.0
 47
0.0208333333333333
 47
0.0
 47
0.0
 47
0.0
 47
0.0
 47
1.0
 47
0.0
 47
0.0
 47
0.0
 47
0.0
 47
1.0
171
     0
 49
0.0208333333333333
 49
0.0
 49
0.0
 49
0.0
 49
0.0
 49
0.0208333333333333
 49
0.0
 49
0.0
 49
0.0
 49
0.0
 49
1.0
 49
0.0
 49
0.0
 49
0.0
 49
0.0
 49
1.0
175
     0
142
0.0208333333333333
142
0.0
142
0.0
142
0.0
142
0.0
142
0.0208333333333333
142
0.0
142
0.0
142
0.0
142
0.0
142
1.0
142
0.0
142
0.0
142
0.0
142
0.0
142
1.0
179
     0
144
0.0208333333333333
144
0.0
144
0.0
144
0.0
144
0.0
144
0.0208333333333333
144
0.0
144
0.0
144
0.0
144
0.0
144
1.0
144
0.0
144
0.0
144
0.0
144
0.0
144
1.0
147
0.0208333333333333
147
0.0
147
0.0
147
0.0
147
0.0
147
0.0208333333333333
147
0.0
147
0.0
147
0.0
147
0.0
147
1.0
147
0.0
147
0.0
147
0.0
147
0.0
147
1.0
  0
MATERIAL
  5
171318
102
{ACAD_XDICTIONARY
360
171319
102
}
102
{ACAD_REACTORS
330
171307
102
}
330
171307
100
AcDbMaterial
  1
Global
 72
     0
 43
0.0208333333333333
 43
0.0
 43
0.0
 43
0.0
 43
0.0
 43
0.0208333333333333
 43
0.0
 43
0.0
 43
0.0
 43
0.0
 43
1.0
 43
0.0
 43
0.0
 43
0.0
 43
0.0
 43
1.0
 77
     0
 47
0.0208333333333333
 47
0.0
 47
0.0
 47
0.0
 47
0.0
 47
0.0208333333333333
 47
0.0
 47
0.0
 47
0.0
 47
0.0
 47
1.0
 47
0.0
 47
0.0
 47
0.0
 47
0.0
 47
1.0
171
     0
 49
0.0208333333333333
 49
0.0
 49
0.0
 49
0.0
 49
0.0
 49
0.0208333333333333
 49
0.0
 49
0.0
 49
0.0
 49
0.0
 49
1.0
 49
0.0
 49
0.0
 49
0.0
 49
0.0
 49
1.0
175
     0
142
0.0208333333333333
142
0.0
142
0.0
142
0.0
142
0.0
142
0.0208333333333333
142
0.0
142
0.0
142
0.0
142
0.0
142
1.0
142
0.0
142
0.0
142
0.0
142
0.0
142
1.0
179
     0
144
0.0208333333333333
144
0.0
144
0.0
144
0.0
144
0.0
144
0.0208333333333333
144
0.0
144
0.0
144
0.0
144
0.0
144
1.0
144
0.0
144
0.0
144
0.0
144
0.0
144
1.0
147
0.0208333333333333
147
0.0
147
0.0
147
0.0
147
0.0
147
0.0208333333333333
147
0.0
147
0.0
147
0.0
147
0.0
147
1.0
147
0.0
147
0.0
147
0.0
147
0.0
147
1.0
  0
MLEADERSTYLE
  5
17134F
102
{ACAD_REACTORS
330
17134E
102
}
330
17134E
100
AcDbMLeaderStyle
179
     2
170
     2
171
     1
172
     0
 90
        2
 40
0.0
 41
0.0
173
     1
 91
-1056964608
340
11F68C
 92
       -2
290
     1
 42
0.09
291
     1
 43
0.36
  3
Standard
 44
0.18
300

342
11F68A
174
     1
178
     6
175
     1
176
     0
 93
-1056964608
 45
0.18
292
     0
297
     0
 46
0.18
 94
-1056964608
 47
1.0
 49
1.0
140
1.0
293
     1
141
0.0
294
     1
177
     0
142
1.0
295
     0
296
     0
143
0.125
271
     0
272
     9
273
     9
298
     1
  0
MLINESTYLE
  5
11F695
102
{ACAD_REACTORS
330
11F688
102
}
330
11F688
100
AcDbMlineStyle
  2
STANDARD
 70
     0
  3

 62
     0
 51
90.0
 52
90.0
 71
     2
 49
0.5
 62
   256
  6
BYLAYER
 49
-0.5
 62
   256
  6
BYLAYER
  0
ACDBPLACEHOLDER
  5
171306
102
{ACAD_REACTORS
330
171305
102
}
330
171305
  0
SCALE
  5
17133D
102
{ACAD_REACTORS
330
17133C
102
}
330
17133C
100
AcDbScale
 70
     0
300
1:1
140
1.0
141
1.0
290
     1
  0
SCALE
  5
17133E
102
{ACAD_REACTORS
330
17133C
102
}
330
17133C
100
AcDbScale
 70
     0
300
1/128" = 1'-0"
140
0.0078125
141
12.0
290
     0
  0
SCALE
  5
17133F
102
{ACAD_REACTORS
330
17133C
102
}
330
17133C
100
AcDbScale
 70
     0
300
1/64" = 1'-0"
140
0.015625
141
12.0
290
     0
  0
SCALE
  5
171340
102
{ACAD_REACTORS
330
17133C
102
}
330
17133C
100
AcDbScale
 70
     0
300
1/32" = 1'-0"
140
0.03125
141
12.0
290
     0
  0
SCALE
  5
171341
102
{ACAD_REACTORS
330
17133C
102
}
330
17133C
100
AcDbScale
 70
     0
300
1/16" = 1'-0"
140
0.0625
141
12.0
290
     0
  0
SCALE
  5
171342
102
{ACAD_REACTORS
330
17133C
102
}
330
17133C
100
AcDbScale
 70
     0
300
3/32" = 1'-0"
140
0.09375
141
12.0
290
     0
  0
SCALE
  5
171343
102
{ACAD_REACTORS
330
17133C
102
}
330
17133C
100
AcDbScale
 70
     0
300
1/8" = 1'-0"
140
0.125
141
12.0
290
     0
  0
SCALE
  5
171344
102
{ACAD_REACTORS
330
17133C
102
}
330
17133C
100
AcDbScale
 70
     0
300
3/16" = 1'-0"
140
0.1875
141
12.0
290
     0
  0
SCALE
  5
171345
102
{ACAD_REACTORS
330
17133C
102
}
330
17133C
100
AcDbScale
 70
     0
300
1/4" = 1'-0"
140
0.25
141
12.0
290
     0
  0
SCALE
  5
171346
102
{ACAD_REACTORS
330
17133C
102
}
330
17133C
100
AcDbScale
 70
     0
300
3/8" = 1'-0"
140
0.375
141
12.0
290
     0
  0
SCALE
  5
171347
102
{ACAD_REACTORS
330
17133C
102
}
330
17133C
100
AcDbScale
 70
     0
300
1/2" = 1'-0"
140
0.5
141
12.0
290
     0
  0
SCALE
  5
171348
102
{ACAD_REACTORS
330
17133C
102
}
330
17133C
100
AcDbScale
 70
     0
300
3/4" = 1'-0"
140
0.75
141
12.0
290
     0
  0
SCALE
  5
171349
102
{ACAD_REACTORS
330
17133C
102
}
330
17133C
100
AcDbScale
 70
     0
300
1" = 1'-0"
140
1.0
141
12.0
290
     0
  0
SCALE
  5
17134A
102
{ACAD_REACTORS
330
17133C
102
}
330
17133C
100
AcDbScale
 70
     0
300
1-1/2" = 1'-0"
140
1.5
141
12.0
290
     0
  0
SCALE
  5
17134B
102
{ACAD_REACTORS
330
17133C
102
}
330
17133C
100
AcDbScale
 70
     0
300
3" = 1'-0"
140
3.0
141
12.0
290
     0
  0
SCALE
  5
17134C
102
{ACAD_REACTORS
330
17133C
102
}
330
17133C
100
AcDbScale
 70
     0
300
6" = 1'-0"
140
6.0
141
12.0
290
     0
  0
SCALE
  5
17134D
102
{ACAD_REACTORS
330
17133C
102
}
330
17133C
100
AcDbScale
 70
     0
300
1'-0" = 1'-0"
140
12.0
141
12.0
290
     0
  0
ACDBSECTIONVIEWSTYLE
  5
171351
102
{ACAD_XDICTIONARY
360
2E2CD9
102
}
102
{ACAD_REACTORS
330
171350
102
}
330
171350
100
AcDbModelDocViewStyle
 70
     0
  3
Imperial24
290
     0
100
AcDbSectionViewStyle
 70
     0
 71
     0
 90
       78
 71
     1
340
11F68A
 62
   256
 40
0.24
340
0
340
0
 62
   256
 40
0.24
300
I, O, Q, S, X, Z
 40
0.48
 90
        3
 40
0.18
 90
        1
 71
     2
340
11F68E
 90
       25
 62
   256
340
11F68E
 90
       50
 62
   256
 40
0.24
 40
0.0
 40
0.24
 71
     3
340
11F68A
 62
   256
 40
0.24
 90
        1
 40
0.75
 90
        1
300
%<\AcVar ViewType \f "%tc1">% %<\AcVar ViewSectionStartId>%-%<\AcVar ViewSectionEndId>%\PSCALE %<\AcVar ViewScale \f "%sn">%
 71
     4
 62
   256
 62
   257
300
ANSI31
 40
1.0
 90
        0
290
     0
290
     0
 90
        6
 40
0.0
 40
1.570796326794896
 40
0.2617993877991494
 40
1.308996938995747
 40
-0.2617993877991494
 40
1.832595714594045
  0
ACDBSECTIONVIEWSTYLE
  5
1725AF
102
{ACAD_XDICTIONARY
360
2E2CDD
102
}
102
{ACAD_REACTORS
330
171350
102
}
330
171350
100
AcDbModelDocViewStyle
 70
     0
  3
Metric50
290
     0
100
AcDbSectionViewStyle
 70
     0
 71
     0
 90
      102
 71
     1
340
11F68A
 62
   256
 40
5.0
340
0
340
0
 62
   256
 40
5.0
300
I, O, Q, S, X, Z
 40
10.0
 90
        0
 40
2.5
 90
        0
 71
     2
340
11F68E
 90
       25
 62
   256
340
11F68E
 90
       50
 62
   256
 40
5.0
 40
2.5
 40
5.0
 71
     3
340
11F68A
 62
   256
 40
5.0
 90
        0
 40
15.0
 90
        1
300
%<\AcVar ViewSectionStartId>%-%<\AcVar ViewSectionEndId>% (%<\AcVar ViewScale \f "%sn">%)
 71
     4
 62
   256
 62
   257
300
ANSI31
 40
1.0
 90
        0
290
     0
290
     0
 90
        6
 40
0.0
 40
1.570796326794896
 40
0.2617993877991494
 40
1.308996938995747
 40
-0.2617993877991494
 40
1.832595714594045
  0
TABLESTYLE
  5
17133B
102
{ACAD_XDICTIONARY
360
1ABE49
102
}
102
{ACAD_REACTORS
330
17133A
102
}
330
17133A
100
AcDbTableStyle
280
     0
  3
Standard
 70
     0
 71
     0
 40
0.06
 41
0.06
280
     0
281
     0
  7
STANDARD
140
0.18
170
     2
 62
     0
 63
     7
283
     0
 90
      512
 91
        0
  1

274
    -2
284
     1
 64
     0
275
    -2
285
     1
 65
     0
276
    -2
286
     1
 66
     0
277
    -2
287
     1
 67
     0
278
    -2
288
     1
 68
     0
279
    -2
289
     1
 69
     0
  7
STANDARD
140
0.25
170
     5
 62
     0
 63
     7
283
     0
 90
      512
 91
        0
  1

274
    -2
284
     1
 64
     0
275
    -2
285
     1
 65
     0
276
    -2
286
     1
 66
     0
277
    -2
287
     1
 67
     0
278
    -2
288
     1
 68
     0
279
    -2
289
     1
 69
     0
  7
STANDARD
140
0.18
170
     5
 62
     0
 63
     7
283
     0
 90
      512
 91
        0
  1

274
    -2
284
     1
 64
     0
275
    -2
285
     1
 65
     0
276
    -2
286
     1
 66
     0
277
    -2
287
     1
 67
     0
278
    -2
288
     1
 68
     0
279
    -2
289
     1
 69
     0
  0
VISUALSTYLE
  5
171326
102
{ACAD_REACTORS
330
171320
102
}
330
171320
100
AcDbVisualStyle
  2

 70
     4
177
     3
291
     0
 70
    58
 90
        0
176
     1
 90
        2
176
     1
 90
        0
176
     1
 90
        0
176
     1
 40
0.6
176
     1
 40
30.0
176
     1
 62
     7
176
     1
 90
        1
176
     1
 90
        4
176
     1
 62
     7
176
     1
 62
   257
176
     1
 90
        1
176
     1
 90
        1
176
     1
 40
1.0
176
     1
 90
        0
176
     1
 62
   257
176
     1
 40
1.0
176
     1
 90
        1
176
     1
 90
        6
176
     1
 90
        2
176
     1
 62
     7
176
     1
 90
        5
176
     1
 90
        0
176
     1
 90
        0
176
     1
290
     0
176
     1
 90
        1
176
     1
 40
0.0
176
     1
 90
        0
176
     1
290
     1
176
     1
290
     1
176
     1
290
     0
176
     1
290
     0
176
     1
290
     0
176
     1
290
     0
176
     1
290
     0
176
     1
290
     0
176
     1
290
     0
176
     1
 90
       50
176
     1
 40
0.0
176
     1
 40
1.0
176
     1
 90
        0
176
     1
 62
    18
420
        0
176
     1
 90
       50
176
     1
 90
        3
176
     1
 62
     5
420
      255
176
     1
290
     0
176
     1
 90
       50
176
     1
 90
       50
176
     1
 90
       50
176
     1
290
     0
176
     1
 90
       50
176
     1
 62
   256
176
     0
 40
1.0
176
     0
 90
        2
176
     1
  1
strokes_ogs.tif
176
     1
290
     0
176
     1
 40
1.0
176
     1
 40
1.0
176
     1
  0
VISUALSTYLE
  5
1BD2EE
102
{ACAD_REACTORS
330
171320
102
}
330
171320
100
AcDbVisualStyle
  2

 70
     6
177
     3
291
     0
 70
    58
 90
        1
176
     1
 90
        2
176
     1
 90
        2
176
     1
 90
        0
176
     1
 40
0.6
176
     1
 40
30.0
176
     1
 62
     7
176
     1
 90
        2
176
     1
 90
        2
176
     1
 62
     7
176
     1
 62
   257
176
     1
 90
        2
176
     1
 90
        1
176
     1
 40
40.0
176
     1
 90
        0
176
     1
 62
   257
176
     1
 40
1.0
176
     1
 90
        1
176
     1
 90
        6
176
     1
 90
        2
176
     1
 62
     7
176
     1
 90
        3
176
     1
 90
        0
176
     1
 90
        0
176
     1
290
     0
176
     1
 90
        1
176
     1
 40
0.0
176
     1
 90
        0
176
     1
290
     0
176
     1
290
     1
176
     1
290
     1
176
     1
290
     0
176
     1
290
     0
176
     1
290
     0
176
     1
290
     0
176
     1
290
     0
176
     1
290
     0
176
     1
 90
       50
176
     1
 40
0.0
176
     1
 40
1.0
176
     1
 90
        0
176
     1
 62
    18
420
        0
176
     1
 90
       50
176
     1
 90
        3
176
     1
 62
     5
420
      255
176
     1
290
     0
176
     1
 90
       50
176
     1
 90
       50
176
     1
 90
       50
176
     1
290
     0
176
     1
 90
       50
176
     1
 62
   256
176
     0
 40
1.0
176
     0
 90
        2
176
     1
  1
strokes_ogs.tif
176
     1
290
     0
176
     1
 40
1.0
176
     1
 40
1.0
176
     1
  0
VISUALSTYLE
  5
171526
102
{ACAD_REACTORS
330
171320
102
}
330
171320
100
AcDbVisualStyle
  2

 70
     5
177
     3
291
     0
 70
    58
 90
        0
176
     1
 90
        2
176
     1
 90
        1
176
     1
 90
        0
176
     1
 40
0.6
176
     1
 40
30.0
176
     1
 62
     7
176
     1
 90
        1
176
     1
 90
        4
176
     1
 62
     7
176
     1
 62
   257
176
     1
 90
        1
176
     1
 90
        1
176
     1
 40
1.0
176
     1
 90
        0
176
     1
 62
   257
176
     1
 40
1.0
176
     1
 90
        1
176
     1
 90
        6
176
     1
 90
        2
176
     1
 62
     7
176
     1
 90
        5
176
     1
 90
        0
176
     1
 90
        0
176
     1
290
     0
176
     1
 90
        1
176
     1
 40
0.0
176
     1
 90
        0
176
     1
290
     0
176
     1
290
     1
176
     1
290
     1
176
     1
290
     0
176
     1
290
     0
176
     1
290
     0
176
     1
290
     0
176
     1
290
     0
176
     1
290
     0
176
     1
 90
       50
176
     1
 40
0.0
176
     1
 40
1.0
176
     1
 90
        0
176
     1
 62
    18
420
        0
176
     1
 90
       50
176
     1
 90
        3
176
     1
 62
     5
420
      255
176
     1
290
     0
176
     1
 90
       50
176
     1
 90
       50
176
     1
 90
       50
176
     1
290
     0
176
     1
 90
       50
176
     1
 62
   256
176
     0
 40
1.0
176
     0
 90
        2
176
     1
  1
strokes_ogs.tif
176
     1
290
     0
176
     1
 40
1.0
176
     1
 40
1.0
176
     1
  0
VISUALSTYLE
  5
171325
102
{ACAD_REACTORS
330
171320
102
}
330
171320
100
AcDbVisualStyle
  2

 70
     7
177
     3
291
     1
 70
    58
 90
        1
176
     1
 90
        0
176
     1
 90
        1
176
     1
 90
        0
176
     1
 40
0.6
176
     1
 40
30.0
176
     1
 62
     7
176
     1
 90
        0
176
     1
 90
        4
176
     1
 62
     7
176
     1
 62
   257
176
     1
 90
        1
176
     1
 90
        1
176
     1
 40
1.0
176
     1
 90
        8
176
     1
 62
     7
176
     1
 40
1.0
176
     1
 90
        1
176
     1
 90
        6
176
     1
 90
        2
176
     1
 62
     7
176
     1
 90
        5
176
     1
 90
        0
176
     1
 90
        0
176
     1
290
     0
176
     1
 90
        1
176
     1
 40
0.0
176
     1
 90
        0
176
     1
290
     0
176
     1
290
     1
176
     1
290
     1
176
     1
290
     0
176
     1
290
     0
176
     1
290
     0
176
     1
290
     0
176
     1
290
     0
176
     1
290
     0
176
     1
 90
       50
176
     1
 40
0.0
176
     1
 40
1.0
176
     1
 90
        0
176
     1
 62
    18
420
        0
176
     1
 90
       50
176
     1
 90
        3
176
     1
 62
     5
420
      255
176
     1
290
     0
176
     1
 90
       50
176
     1
 90
       50
176
     1
 90
       50
176
     1
290
     0
176
     1
 90
       50
176
     1
 62
   256
176
     0
 40
1.0
176
     0
 90
        2
176
     1
  1
strokes_ogs.tif
176
     1
290
     0
176
     1
 40
1.0
176
     1
 40
1.0
176
     1
  0
VISUALSTYLE
  5
17132C
102
{ACAD_REACTORS
330
171320
102
}
330
171320
100
AcDbVisualStyle
  2

 70
    12
177
     3
291
     1
 70
    58
 90
        2
176
     1
 90
        2
176
     1
 90
        0
176
     1
 90
        0
176
     1
 40
0.6
176
     1
 40
30.0
176
     1
 62
     7
176
     1
 90
        1
176
     1
 90
        4
176
     1
 62
     7
176
     1
 62
   257
176
     1
 90
        1
176
     1
 90
        1
176
     1
 40
1.0
176
     1
 90
        8
176
     1
 62
     7
176
     1
 40
1.0
176
     1
 90
        1
176
     1
 90
        6
176
     1
 90
        2
176
     1
 62
     7
176
     1
 90
        5
176
     1
 90
        0
176
     1
 90
        0
176
     1
290
     0
176
     1
 90
        1
176
     1
 40
50.0
176
     1
 90
        0
176
     1
290
     0
176
     1
290
     1
176
     1
290
     1
176
     1
290
     0
176
     1
290
     0
176
     1
290
     0
176
     1
290
     0
176
     1
290
     0
176
     1
290
     0
176
     1
 90
       50
176
     1
 40
0.0
176
     1
 40
1.0
176
     1
 90
        0
176
     1
 62
    18
420
        0
176
     1
 90
       50
176
     1
 90
        3
176
     1
 62
     5
420
      255
176
     1
290
     0
176
     1
 90
       50
176
     1
 90
       50
176
     1
 90
       50
176
     1
290
     0
176
     1
 90
       50
176
     1
 62
   256
176
     0
 40
1.0
176
     0
 90
        2
176
     1
  1
strokes_ogs.tif
176
     1
290
     0
176
     1
 40
1.0
176
     1
 40
1.0
176
     1
  0
VISUALSTYLE
  5
171330
102
{ACAD_REACTORS
330
171320
102
}
330
171320
100
AcDbVisualStyle
  2

 70
    16
177
     3
291
     1
 70
    58
 90
        2
176
     1
 90
        2
176
     1
 90
        3
176
     1
 90
        0
176
     1
 40
0.6
176
     1
 40
30.0
176
     1
 62
     8
176
     1
 90
        1
176
     1
 90
        4
176
     1
 62
     7
176
     1
 62
   257
176
     1
 90
        1
176
     1
 90
        1
176
     1
 40
1.0
176
     1
 90
        8
176
     1
 62
     8
176
     1
 40
1.0
176
     1
 90
        1
176
     1
 90
        6
176
     1
 90
        2
176
     1
 62
     7
176
     1
 90
        5
176
     1
 90
        0
176
     1
 90
        0
176
     1
290
     0
176
     1
 90
        1
176
     1
 40
0.0
176
     1
 90
        0
176
     1
290
     0
176
     1
290
     1
176
     1
290
     1
176
     1
290
     0
176
     1
290
     0
176
     1
290
     0
176
     1
290
     0
176
     1
290
     0
176
     1
290
     0
176
     1
 90
       50
176
     1
 40
0.0
176
     1
 40
1.0
176
     1
 90
        0
176
     1
 62
    18
420
        0
176
     1
 90
       50
176
     1
 90
        3
176
     1
 62
     5
420
      255
176
     1
290
     0
176
     1
 90
       50
176
     1
 90
       50
176
     1
 90
       50
176
     1
290
     0
176
     1
 90
       50
176
     1
 62
   256
176
     0
 40
1.0
176
     0
 90
        2
176
     1
  1
strokes_ogs.tif
176
     1
290
     0
176
     1
 40
1.0
176
     1
 40
1.0
176
     1
  0
VISUALSTYLE
  5
171329
102
{ACAD_REACTORS
330
171320
102
}
330
171320
100
AcDbVisualStyle
  2

 70
     9
177
     3
291
     0
 70
    58
 90
        3
176
     1
 90
        2
176
     1
 90
        0
176
     1
 90
        0
176
     1
 40
0.6
176
     1
 40
30.0
176
     1
 62
     7
176
     1
 90
        2
176
     1
 90
        2
176
     1
 62
     7
176
     1
 62
   257
176
     1
 90
        1
176
     1
 90
        1
176
     1
 40
179.0
176
     1
 90
        8
176
     1
 62
     7
176
     1
 40
1.0
176
     1
 90
        1
176
     1
 90
        6
176
     1
 90
        2
176
     1
 62
     7
176
     1
 90
        3
176
     1
 90
        0
176
     1
 90
        0
176
     1
290
     0
176
     1
 90
        1
176
     1
 40
0.0
176
     1
 90
        0
176
     1
290
     0
176
     1
290
     1
176
     1
290
     1
176
     1
290
     0
176
     1
290
     0
176
     1
290
     0
176
     1
290
     0
176
     1
290
     0
176
     1
290
     0
176
     1
 90
       50
176
     1
 40
0.0
176
     1
 40
1.0
176
     1
 90
        0
176
     1
 62
    18
420
        0
176
     1
 90
       50
176
     1
 90
        3
176
     1
 62
     5
420
      255
176
     1
290
     0
176
     1
 90
       50
176
     1
 90
       50
176
     1
 90
       50
176
     1
290
     0
176
     1
 90
       50
176
     1
 62
   256
176
     0
 40
1.0
176
     0
 90
        2
176
     1
  1
strokes_ogs.tif
176
     1
290
     0
176
     1
 40
1.0
176
     1
 40
1.0
176
     1
  0
VISUALSTYLE
  5
17132B
102
{ACAD_REACTORS
330
171320
102
}
330
171320
100
AcDbVisualStyle
  2

 70
    11
177
     3
291
     1
 70
    58
 90
        2
176
     1
 90
        2
176
     1
 90
        0
176
     1
 90
        0
176
     1
 40
0.6
176
     1
 40
30.0
176
     1
 62
     7
176
     1
 90
        1
176
     1
 90
        4
176
     1
 62
     7
176
     1
 62
   257
176
     1
 90
        1
176
     1
 90
        1
176
     1
 40
1.0
176
     1
 90
        8
176
     1
 62
     7
176
     1
 40
1.0
176
     1
 90
        1
176
     1
 90
        6
176
     1
 90
        2
176
     1
 62
     7
176
     1
 90
        5
176
     1
 90
        0
176
     1
 90
        0
176
     1
290
     0
176
     1
 90
        1
176
     1
 40
-50.0
176
     1
 90
        0
176
     1
290
     0
176
     1
290
     1
176
     1
290
     1
176
     1
290
     0
176
     1
290
     0
176
     1
290
     0
176
     1
290
     0
176
     1
290
     0
176
     1
290
     0
176
     1
 90
       50
176
     1
 40
0.0
176
     1
 40
1.0
176
     1
 90
        0
176
     1
 62
    18
420
        0
176
     1
 90
       50
176
     1
 90
        3
176
     1
 62
     5
420
      255
176
     1
290
     0
176
     1
 90
       50
176
     1
 90
       50
176
     1
 90
       50
176
     1
290
     0
176
     1
 90
       50
176
     1
 62
   256
176
     0
 40
1.0
176
     0
 90
        2
176
     1
  1
strokes_ogs.tif
176
     1
290
     0
176
     1
 40
1.0
176
     1
 40
1.0
176
     1
  0
VISUALSTYLE
  5
171338
102
{ACAD_REACTORS
330
171320
102
}
330
171320
100
AcDbVisualStyle
  2

 70
    22
177
     3
291
     1
 70
    58
 90
        2
176
     0
 90
        2
176
     0
 90
        0
176
     0
 90
        0
176
     0
 40
0.6
176
     0
 40
30.0
176
     0
 62
     7
176
     0
 90
        1
176
     0
 90
        4
176
     0
 62
     7
176
     0
 62
   257
176
     0
 90
        1
176
     0
 90
        1
176
     0
 40
1.0
176
     0
 90
        8
176
     2
 62
     7
176
     0
 40
1.0
176
     0
 90
        1
176
     0
 90
        6
176
     0
 90
        2
176
     0
 62
     7
176
     0
 90
        5
176
     0
 90
        0
176
     0
 90
        0
176
     0
290
     0
176
     0
 90
        1
176
     0
 40
0.0
176
     0
 90
        0
176
     0
290
     0
176
     0
290
     1
176
     0
290
     1
176
     0
290
     0
176
     0
290
     0
176
     0
290
     0
176
     0
290
     0
176
     0
290
     0
176
     0
290
     0
176
     0
 90
       50
176
     0
 40
0.0
176
     0
 40
1.0
176
     0
 90
        0
176
     0
 62
    18
420
        0
176
     0
 90
       50
176
     0
 90
        3
176
     0
 62
     5
420
      255
176
     0
290
     0
176
     0
 90
       50
176
     0
 90
       50
176
     0
 90
       50
176
     0
290
     0
176
     0
 90
       50
176
     0
 62
   256
176
     0
 40
1.0
176
     0
 90
        2
176
     0
  1
strokes_ogs.tif
176
     0
290
     0
176
     0
 40
1.0
176
     0
 40
1.0
176
     0
  0
VISUALSTYLE
  5
17132F
102
{ACAD_REACTORS
330
171320
102
}
330
171320
100
AcDbVisualStyle
  2

 70
    15
177
     3
291
     1
 70
    58
 90
        2
176
     1
 90
        2
176
     1
 90
        0
176
     1
 90
        0
176
     1
 40
0.6
176
     1
 40
30.0
176
     1
 62
     7
176
     1
 90
        1
176
     1
 90
        4
176
     1
 62
     7
176
     1
 62
   257
176
     1
 90
        1
176
     1
 90
        1
176
     1
 40
1.0
176
     1
 90
        8
176
     1
 62
     7
176
     1
 40
1.0
176
     1
 90
        1
176
     1
 90
        6
176
     1
 90
        2
176
     1
 62
     7
176
     1
 90
        5
176
     1
 90
        0
176
     1
 90
        0
176
     1
290
     0
176
     1
 90
        1
176
     1
 40
0.0
176
     1
 90
        0
176
     1
290
     0
176
     1
290
     1
176
     1
290
     1
176
     1
290
     0
176
     1
290
     0
176
     1
290
     0
176
     1
290
     0
176
     1
290
     0
176
     1
290
     0
176
     1
 90
       50
176
     1
 40
0.0
176
     1
 40
1.0
176
     1
 90
        0
176
     1
 62
    18
420
        0
176
     1
 90
       50
176
     1
 90
        3
176
     1
 62
     5
420
      255
176
     1
290
     0
176
     1
 90
       50
176
     1
 90
       50
176
     1
 90
       50
176
     1
290
     0
176
     1
 90
       50
176
     1
 62
   256
176
     0
 40
1.0
176
     0
 90
        2
176
     1
  1
strokes_ogs.tif
176
     1
290
     0
176
     1
 40
1.0
176
     1
 40
1.0
176
     1
  0
VISUALSTYLE
  5
171321
102
{ACAD_REACTORS
330
171320
102
}
330
171320
100
AcDbVisualStyle
  2

 70
     0
177
     3
291
     1
 70
    58
 90
        2
176
     1
 90
        1
176
     1
 90
        1
176
     1
 90
        2
176
     1
 40
0.6
176
     1
 40
30.0
176
     1
 62
     7
176
     1
 90
        0
176
     1
 90
        0
176
     1
 62
     7
176
     1
 62
   257
176
     1
 90
        1
176
     1
 90
        1
176
     1
 40
1.0
176
     1
 90
        8
176
     1
 62
     7
176
     1
 40
1.0
176
     1
 90
        1
176
     1
 90
        6
176
     1
 90
        2
176
     1
 62
     7
176
     1
 90
        5
176
     1
 90
        0
176
     1
 90
        0
176
     1
290
     0
176
     1
 90
       13
176
     1
 40
0.0
176
     1
 90
        0
176
     1
290
     0
176
     1
290
     1
176
     1
290
     1
176
     1
290
     0
176
     1
290
     0
176
     1
290
     0
176
     1
290
     0
176
     1
290
     0
176
     1
290
     0
176
     1
 90
       50
176
     1
 40
0.0
176
     1
 40
1.0
176
     1
 90
        0
176
     1
 62
    18
420
        0
176
     1
 90
       50
176
     1
 90
        3
176
     1
 62
     5
420
      255
176
     1
290
     0
176
     1
 90
       50
176
     1
 90
       50
176
     1
 90
       50
176
     1
290
     0
176
     1
 90
       50
176
     1
 62
   256
176
     0
 40
1.0
176
     0
 90
        2
176
     1
  1
strokes_ogs.tif
176
     1
290
     0
176
     1
 40
1.0
176
     1
 40
1.0
176
     1
  0
VISUALSTYLE
  5
171322
102
{ACAD_REACTORS
330
171320
102
}
330
171320
100
AcDbVisualStyle
  2

 70
     1
177
     3
291
     1
 70
    58
 90
        2
176
     1
 90
        1
176
     1
 90
        1
176
     1
 90
        2
176
     1
 40
0.6
176
     1
 40
30.0
176
     1
 62
     7
176
     1
 90
        1
176
     1
 90
        0
176
     1
 62
     7
176
     1
 62
   257
176
     1
 90
        1
176
     1
 90
        1
176
     1
 40
1.0
176
     1
 90
        0
176
     1
 62
   257
176
     1
 40
1.0
176
     1
 90
        1
176
     1
 90
        6
176
     1
 90
        2
176
     1
 62
     7
176
     1
 90
        5
176
     1
 90
        0
176
     1
 90
        0
176
     1
290
     0
176
     1
 90
       13
176
     1
 40
0.0
176
     1
 90
        0
176
     1
290
     0
176
     1
290
     1
176
     1
290
     1
176
     1
290
     0
176
     1
290
     0
176
     1
290
     0
176
     1
290
     0
176
     1
290
     0
176
     1
290
     0
176
     1
 90
       50
176
     1
 40
0.0
176
     1
 40
1.0
176
     1
 90
        0
176
     1
 62
    18
420
        0
176
     1
 90
       50
176
     1
 90
        3
176
     1
 62
     5
420
      255
176
     1
290
     0
176
     1
 90
       50
176
     1
 90
       50
176
     1
 90
       50
176
     1
290
     0
176
     1
 90
       50
176
     1
 62
   256
176
     0
 40
1.0
176
     0
 90
        2
176
     1
  1
strokes_ogs.tif
176
     1
290
     0
176
     1
 40
1.0
176
     1
 40
1.0
176
     1
  0
VISUALSTYLE
  5
171323
102
{ACAD_REACTORS
330
171320
102
}
330
171320
100
AcDbVisualStyle
  2

 70
     2
177
     3
291
     1
 70
    58
 90
        2
176
     1
 90
        2
176
     1
 90
        1
176
     1
 90
        2
176
     1
 40
0.6
176
     1
 40
30.0
176
     1
 62
     7
176
     1
 90
        0
176
     1
 90
        0
176
     1
 62
     7
176
     1
 62
   257
176
     1
 90
        1
176
     1
 90
        1
176
     1
 40
1.0
176
     1
 90
        0
176
     1
 62
     7
176
     1
 40
1.0
176
     1
 90
        1
176
     1
 90
        6
176
     1
 90
        2
176
     1
 62
     7
176
     1
 90
        5
176
     1
 90
        0
176
     1
 90
        0
176
     1
290
     0
176
     1
 90
       13
176
     1
 40
0.0
176
     1
 90
        0
176
     1
290
     0
176
     1
290
     1
176
     1
290
     1
176
     1
290
     0
176
     1
290
     0
176
     1
290
     0
176
     1
290
     0
176
     1
290
     0
176
     1
290
     0
176
     1
 90
       50
176
     1
 40
0.0
176
     1
 40
1.0
176
     1
 90
        0
176
     1
 62
    18
420
        0
176
     1
 90
       50
176
     1
 90
        3
176
     1
 62
     5
420
      255
176
     1
290
     0
176
     1
 90
       50
176
     1
 90
       50
176
     1
 90
       50
176
     1
290
     0
176
     1
 90
       50
176
     1
 62
   256
176
     0
 40
1.0
176
     0
 90
        2
176
     1
  1
strokes_ogs.tif
176
     1
290
     0
176
     1
 40
1.0
176
     1
 40
1.0
176
     1
  0
VISUALSTYLE
  5
171324
102
{ACAD_REACTORS
330
171320
102
}
330
171320
100
AcDbVisualStyle
  2

 70
     3
177
     3
291
     1
 70
    58
 90
        2
176
     1
 90
        2
176
     1
 90
        1
176
     1
 90
        2
176
     1
 40
0.6
176
     1
 40
30.0
176
     1
 62
     7
176
     1
 90
        1
176
     1
 90
        0
176
     1
 62
     7
176
     1
 62
   257
176
     1
 90
        1
176
     1
 90
        1
176
     1
 40
1.0
176
     1
 90
        0
176
     1
 62
   257
176
     1
 40
1.0
176
     1
 90
        1
176
     1
 90
        6
176
     1
 90
        2
176
     1
 62
     7
176
     1
 90
        5
176
     1
 90
        0
176
     1
 90
        0
176
     1
290
     0
176
     1
 90
       13
176
     1
 40
0.0
176
     1
 90
        0
176
     1
290
     0
176
     1
290
     1
176
     1
290
     1
176
     1
290
     0
176
     1
290
     0
176
     1
290
     0
176
     1
290
     0
176
     1
290
     0
176
     1
290
     0
176
     1
 90
       50
176
     1
 40
0.0
176
     1
 40
1.0
176
     1
 90
        0
176
     1
 62
    18
420
        0
176
     1
 90
       50
176
     1
 90
        3
176
     1
 62
     5
420
      255
176
     1
290
     0
176
     1
 90
       50
176
     1
 90
       50
176
     1
 90
       50
176
     1
290
     0
176
     1
 90
       50
176
     1
 62
   256
176
     0
 40
1.0
176
     0
 90
        2
176
     1
  1
strokes_ogs.tif
176
     1
290
     0
176
     1
 40
1.0
176
     1
 40
1.0
176
     1
  0
VISUALSTYLE
  5
171328
102
{ACAD_REACTORS
330
171320
102
}
330
171320
100
AcDbVisualStyle
  2

 70
     6
177
     3
291
     0
 70
    58
 90
        1
176
     1
 90
        2
176
     1
 90
        2
176
     1
 90
        0
176
     1
 40
0.6
176
     1
 40
30.0
176
     1
 62
     7
176
     1
 90
        2
176
     1
 90
        2
176
     1
 62
     7
176
     1
 62
   257
176
     1
 90
        2
176
     1
 90
        1
176
     1
 40
40.0
176
     1
 90
        0
176
     1
 62
   257
176
     1
 40
1.0
176
     1
 90
        1
176
     1
 90
        6
176
     1
 90
        2
176
     1
 62
     7
176
     1
 90
        3
176
     1
 90
        0
176
     1
 90
        0
176
     1
290
     0
176
     1
 90
        1
176
     1
 40
0.0
176
     1
 90
        0
176
     1
290
     0
176
     1
290
     1
176
     1
290
     1
176
     1
290
     0
176
     1
290
     0
176
     1
290
     0
176
     1
290
     0
176
     1
290
     0
176
     1
290
     0
176
     1
 90
       50
176
     1
 40
0.0
176
     1
 40
1.0
176
     1
 90
        0
176
     1
 62
    18
420
        0
176
     1
 90
       50
176
     1
 90
        3
176
     1
 62
     5
420
      255
176
     1
290
     0
176
     1
 90
       50
176
     1
 90
       50
176
     1
 90
       50
176
     1
290
     0
176
     1
 90
       50
176
     1
 62
   256
176
     0
 40
1.0
176
     0
 90
        2
176
     1
  1
strokes_ogs.tif
176
     1
290
     0
176
     1
 40
1.0
176
     1
 40
1.0
176
     1
  0
VISUALSTYLE
  5
171336
102
{ACAD_REACTORS
330
171320
102
}
330
171320
100
AcDbVisualStyle
  2

 70
    20
177
     3
291
     1
 70
    58
 90
        2
176
     0
 90
        2
176
     0
 90
        0
176
     0
 90
        0
176
     0
 40
0.6
176
     0
 40
30.0
176
     0
 62
     7
176
     0
 90
        1
176
     0
 90
        4
176
     0
 62
     7
176
     0
 62
   257
176
     0
 90
        1
176
     0
 90
        1
176
     0
 40
1.0
176
     0
 90
       10
176
     2
 62
     7
176
     0
 40
1.0
176
     0
 90
        1
176
     0
 90
        6
176
     0
 90
        2
176
     0
 62
     7
176
     0
 90
        5
176
     0
 90
        0
176
     0
 90
        0
176
     0
290
     0
176
     0
 90
        1
176
     0
 40
0.0
176
     0
 90
        0
176
     0
290
     0
176
     0
290
     1
176
     0
290
     1
176
     0
290
     0
176
     0
290
     0
176
     0
290
     0
176
     0
290
     0
176
     0
290
     0
176
     0
290
     0
176
     0
 90
       50
176
     0
 40
0.0
176
     0
 40
1.0
176
     0
 90
        0
176
     0
 62
    18
420
        0
176
     0
 90
       50
176
     0
 90
        3
176
     0
 62
     5
420
      255
176
     0
290
     0
176
     0
 90
       50
176
     0
 90
       50
176
     0
 90
       50
176
     0
290
     0
176
     0
 90
       50
176
     0
 62
   256
176
     0
 40
1.0
176
     0
 90
        2
176
     0
  1
strokes_ogs.tif
176
     0
290
     0
176
     0
 40
1.0
176
     0
 40
1.0
176
     0
  0
VISUALSTYLE
  5
17132E
102
{ACAD_REACTORS
330
171320
102
}
330
171320
100
AcDbVisualStyle
  2

 70
    14
177
     3
291
     1
 70
    58
 90
        2
176
     1
 90
        2
176
     1
 90
        0
176
     1
 90
        0
176
     1
 40
0.6
176
     1
 40
30.0
176
     1
 62
     7
176
     1
 90
        1
176
     1
 90
        4
176
     1
 62
     7
176
     1
 62
   257
176
     1
 90
        7
176
     1
 90
        7
176
     1
 40
1.0
176
     1
 90
        8
176
     1
 62
     7
176
     1
 40
1.0
176
     1
 90
        1
176
     1
 90
        6
176
     1
 90
        2
176
     1
 62
     7
176
     1
 90
        5
176
     1
 90
        0
176
     1
 90
        0
176
     1
290
     0
176
     1
 90
        1
176
     1
 40
0.0
176
     1
 90
        0
176
     1
290
     0
176
     1
290
     1
176
     1
290
     1
176
     1
290
     0
176
     1
290
     0
176
     1
290
     0
176
     1
290
     0
176
     1
290
     0
176
     1
290
     0
176
     1
 90
       50
176
     1
 40
0.0
176
     1
 40
1.0
176
     1
 90
        0
176
     1
 62
    18
420
        0
176
     1
 90
       50
176
     1
 90
        3
176
     1
 62
     5
420
      255
176
     1
290
     0
176
     1
 90
       50
176
     1
 90
       50
176
     1
 90
       50
176
     1
290
     0
176
     1
 90
       50
176
     1
 62
   256
176
     0
 40
1.0
176
     0
 90
        2
176
     1
  1
strokes_ogs.tif
176
     1
290
     0
176
     1
 40
1.0
176
     1
 40
1.0
176
     1
  0
VISUALSTYLE
  5
171337
102
{ACAD_REACTORS
330
171320
102
}
330
171320
100
AcDbVisualStyle
  2

 70
    21
177
     3
291
     1
 70
    58
 90
        2
176
     0
 90
        2
176
     0
 90
        0
176
     0
 90
        0
176
     0
 40
0.6
176
     0
 40
30.0
176
     0
 62
     7
176
     0
 90
        1
176
     0
 90
        4
176
     0
 62
     7
176
     0
 62
   257
176
     0
 90
        1
176
     0
 90
        1
176
     0
 40
1.0
176
     0
 90
        9
176
     2
 62
     7
176
     0
 40
1.0
176
     0
 90
        1
176
     0
 90
        6
176
     0
 90
        2
176
     0
 62
     7
176
     0
 90
        5
176
     0
 90
        0
176
     0
 90
        0
176
     0
290
     0
176
     0
 90
        1
176
     0
 40
0.0
176
     0
 90
        0
176
     0
290
     0
176
     0
290
     1
176
     0
290
     1
176
     0
290
     0
176
     0
290
     0
176
     0
290
     0
176
     0
290
     0
176
     0
290
     0
176
     0
290
     0
176
     0
 90
       50
176
     0
 40
0.0
176
     0
 40
1.0
176
     0
 90
        0
176
     0
 62
    18
420
        0
176
     0
 90
       50
176
     0
 90
        3
176
     0
 62
     5
420
      255
176
     0
290
     0
176
     0
 90
       50
176
     0
 90
       50
176
     0
 90
       50
176
     0
290
     0
176
     0
 90
       50
176
     0
 62
   256
176
     0
 40
1.0
176
     0
 90
        2
176
     0
  1
strokes_ogs.tif
176
     0
290
     0
176
     0
 40
1.0
176
     0
 40
1.0
176
     0
  0
VISUALSTYLE
  5
17132A
102
{ACAD_REACTORS
330
171320
102
}
330
171320
100
AcDbVisualStyle
  2

 70
     8
177
     3
291
     0
 70
    58
 90
        2
176
     1
 90
        2
176
     1
 90
        0
176
     1
 90
        2
176
     1
 40
0.6
176
     1
 40
30.0
176
     1
 62
     7
176
     1
 90
        0
176
     1
 90
        0
176
     1
 62
     7
176
     1
 62
   257
176
     1
 90
        1
176
     1
 90
        1
176
     1
 40
1.0
176
     1
 90
        8
176
     1
 62
   257
176
     1
 40
1.0
176
     1
 90
        1
176
     1
 90
        6
176
     1
 90
        2
176
     1
 62
     7
176
     1
 90
        3
176
     1
 90
        0
176
     1
 90
        0
176
     1
290
     0
176
     1
 90
       13
176
     1
 40
0.0
176
     1
 90
        0
176
     1
290
     0
176
     1
290
     1
176
     1
290
     1
176
     1
290
     0
176
     1
290
     0
176
     1
290
     0
176
     1
290
     0
176
     1
290
     0
176
     1
290
     0
176
     1
 90
       50
176
     1
 40
0.0
176
     1
 40
1.0
176
     1
 90
        0
176
     1
 62
    18
420
        0
176
     1
 90
       50
176
     1
 90
        3
176
     1
 62
     5
420
      255
176
     1
290
     0
176
     1
 90
       50
176
     1
 90
       50
176
     1
 90
       50
176
     1
290
     0
176
     1
 90
       50
176
     1
 62
   256
176
     0
 40
1.0
176
     0
 90
        2
176
     1
  1
strokes_ogs.tif
176
     1
290
     0
176
     1
 40
1.0
176
     1
 40
1.0
176
     1
  0
VISUALSTYLE
  5
171335
102
{ACAD_REACTORS
330
171320
102
}
330
171320
100
AcDbVisualStyle
  2

 70
    27
177
     3
291
     0
 70
    58
 90
        2
176
     1
 90
        2
176
     1
 90
        1
176
     1
 90
        2
176
     1
 40
0.6
176
     1
 40
30.0
176
     1
 62
     7
176
     1
 90
        0
176
     1
 90
        4
176
     1
 62
     7
176
     1
 62
   257
176
     1
 90
        1
176
     1
 90
        1
176
     1
 40
1.0
176
     1
 90
        8
176
     1
 62
   257
176
     1
 40
1.0
176
     1
 90
        1
176
     1
 90
        6
176
     1
 90
        2
176
     1
 62
     8
176
     1
 90
        3
176
     1
 90
        0
176
     1
 90
        0
176
     1
290
     0
176
     1
 90
        5
176
     1
 40
0.0
176
     1
 90
        0
176
     1
290
     0
176
     1
290
     1
176
     1
290
     1
176
     1
290
     0
176
     1
290
     0
176
     1
290
     0
176
     1
290
     0
176
     1
290
     0
176
     1
290
     0
176
     1
 90
       50
176
     1
 40
0.0
176
     1
 40
1.0
176
     1
 90
        0
176
     1
 62
    18
420
        0
176
     1
 90
       50
176
     1
 90
        3
176
     1
 62
     5
420
      255
176
     1
290
     0
176
     1
 90
       50
176
     1
 90
       50
176
     1
 90
       50
176
     1
290
     0
176
     1
 90
       50
176
     1
 62
   256
176
     0
 40
1.0
176
     0
 90
        2
176
     1
  1
strokes_ogs.tif
176
     1
290
     0
176
     1
 40
1.0
176
     1
 40
1.0
176
     1
  0
VISUALSTYLE
  5
171334
102
{ACAD_REACTORS
330
171320
102
}
330
171320
100
AcDbVisualStyle
  2

 70
    26
177
     3
291
     0
 70
    58
 90
        2
176
     1
 90
        2
176
     1
 90
        1
176
     1
 90
        2
176
     1
 40
0.6
176
     1
 40
30.0
176
     1
 62
     7
176
     1
 90
        1
176
     1
 90
       10
176
     1
 62
     7
176
     1
 62
   257
176
     1
 90
        2
176
     1
 90
        1
176
     1
 40
1.0
176
     1
 90
        8
176
     1
 62
   257
176
     1
 40
1.0
176
     1
 90
        1
176
     1
 90
        6
176
     1
 90
        2
176
     1
 62
     7
176
     1
 90
        3
176
     1
 90
        0
176
     1
 90
        0
176
     1
290
     0
176
     1
 90
        5
176
     1
 40
0.0
176
     1
 90
        0
176
     1
290
     0
176
     1
290
     1
176
     1
290
     1
176
     1
290
     0
176
     1
290
     0
176
     1
290
     0
176
     1
290
     0
176
     1
290
     0
176
     1
290
     0
176
     1
 90
       50
176
     1
 40
0.0
176
     1
 40
1.0
176
     1
 90
        0
176
     1
 62
    18
420
        0
176
     1
 90
       50
176
     1
 90
        3
176
     1
 62
     5
420
      255
176
     1
290
     0
176
     1
 90
       50
176
     1
 90
       50
176
     1
 90
       50
176
     1
290
     0
176
     1
 90
       50
176
     1
 62
   256
176
     0
 40
1.0
176
     0
 90
        2
176
     1
  1
strokes_ogs.tif
176
     1
290
     0
176
     1
 40
1.0
176
     1
 40
1.0
176
     1
  0
VISUALSTYLE
  5
171331
102
{ACAD_REACTORS
330
171320
102
}
330
171320
100
AcDbVisualStyle
  2

 70
    23
177
     3
291
     0
 70
    58
 90
        2
176
     1
 90
        2
176
     1
 90
        3
176
     1
 90
        0
176
     1
 40
0.6
176
     1
 40
30.0
176
     1
 62
     7
176
     1
 90
        2
176
     1
 90
        2
176
     1
 62
     7
176
     1
 62
     7
176
     1
 90
        1
176
     1
 90
        1
176
     1
 40
40.0
176
     1
 90
        8
176
     1
 62
     7
176
     1
 40
1.0
176
     1
 90
        1
176
     1
 90
        6
176
     1
 90
        2
176
     1
 62
     7
176
     1
 90
        3
176
     1
 90
        0
176
     1
 90
        0
176
     1
290
     0
176
     1
 90
        1
176
     1
 40
0.0
176
     1
 90
        0
176
     1
290
     0
176
     1
290
     1
176
     1
290
     1
176
     1
290
     0
176
     1
290
     0
176
     1
290
     0
176
     1
290
     0
176
     1
290
     0
176
     1
290
     0
176
     1
 90
       50
176
     1
 40
0.0
176
     1
 40
1.0
176
     1
 90
        0
176
     1
 62
    18
420
        0
176
     1
 90
       50
176
     1
 90
        3
176
     1
 62
     5
420
      255
176
     1
290
     0
176
     1
 90
       50
176
     1
 90
       50
176
     1
 90
       50
176
     1
290
     0
176
     1
 90
       50
176
     1
 62
   256
176
     0
 40
1.0
176
     0
 90
        2
176
     1
  1
strokes_ogs.tif
176
     1
290
     0
176
     1
 40
1.0
176
     1
 40
1.0
176
     1
  0
VISUALSTYLE
  5
171332
102
{ACAD_REACTORS
330
171320
102
}
330
171320
100
AcDbVisualStyle
  2

 70
    24
177
     3
291
     0
 70
    58
 90
        1
176
     1
 90
        2
176
     1
 90
        2
176
     1
 90
        0
176
     1
 40
0.6
176
     1
 40
30.0
176
     1
 62
     7
176
     1
 90
        2
176
     1
 90
        2
176
     1
 62
     7
176
     1
 62
     7
176
     1
 90
        1
176
     1
 90
        1
176
     1
 40
40.0
176
     1
 90
       11
176
     1
 62
     7
176
     1
 40
1.0
176
     1
 90
        1
176
     1
 90
        6
176
     1
 90
        2
176
     1
 62
     7
176
     1
 90
        6
176
     1
 90
        0
176
     1
 90
        0
176
     1
290
     0
176
     1
 90
        1
176
     1
 40
0.0
176
     1
 90
        0
176
     1
290
     0
176
     1
290
     1
176
     1
290
     1
176
     1
290
     0
176
     1
290
     0
176
     1
290
     0
176
     1
290
     0
176
     1
290
     0
176
     1
290
     0
176
     1
 90
       50
176
     1
 40
0.0
176
     1
 40
1.0
176
     1
 90
        0
176
     1
 62
    18
420
        0
176
     1
 90
       50
176
     1
 90
        3
176
     1
 62
     5
420
      255
176
     1
290
     0
176
     1
 90
       50
176
     1
 90
       50
176
     1
 90
       50
176
     1
290
     0
176
     1
 90
       50
176
     1
 62
   256
176
     0
 40
1.0
176
     0
 90
        2
176
     1
  1
strokes_ogs.tif
176
     1
290
     0
176
     1
 40
1.0
176
     1
 40
1.0
176
     1
  0
VISUALSTYLE
  5
17132D
102
{ACAD_REACTORS
330
171320
102
}
330
171320
100
AcDbVisualStyle
  2

 70
    13
177
     3
291
     1
 70
    58
 90
        2
176
     1
 90
        2
176
     1
 90
        0
176
     1
 90
        0
176
     1
 40
0.6
176
     1
 40
30.0
176
     1
 62
     7
176
     1
 90
        1
176
     1
 90
        4
176
     1
 62
     7
176
     1
 62
   257
176
     1
 90
        1
176
     1
 90
        1
176
     1
 40
1.0
176
     1
 90
       12
176
     1
 62
     7
176
     1
 40
1.0
176
     1
 90
        1
176
     1
 90
        6
176
     1
 90
        2
176
     1
 62
     7
176
     1
 90
        5
176
     1
 90
        0
176
     1
 90
        0
176
     1
290
     0
176
     1
 90
        1
176
     1
 40
0.0
176
     1
 90
        0
176
     1
290
     0
176
     1
290
     1
176
     1
290
     1
176
     1
290
     0
176
     1
290
     0
176
     1
290
     0
176
     1
290
     0
176
     1
290
     0
176
     1
290
     0
176
     1
 90
       50
176
     1
 40
0.0
176
     1
 40
1.0
176
     1
 90
        0
176
     1
 62
    18
420
        0
176
     1
 90
       50
176
     1
 90
        3
176
     1
 62
     5
420
      255
176
     1
290
     0
176
     1
 90
       50
176
     1
 90
       50
176
     1
 90
       50
176
     1
290
     0
176
     1
 90
       50
176
     1
 62
   256
176
     0
 40
1.0
176
     0
 90
        2
176
     1
  1
strokes_ogs.tif
176
     1
290
     0
176
     1
 40
1.0
176
     1
 40
1.0
176
     1
  0
VISUALSTYLE
  5
171327
102
{ACAD_REACTORS
330
171320
102
}
330
171320
100
AcDbVisualStyle
  2

 70
     5
177
     3
291
     0
 70
    58
 90
        0
176
     1
 90
        2
176
     1
 90
        0
176
     1
 90
        0
176
     1
 40
0.6
176
     1
 40
30.0
176
     1
 62
     7
176
     1
 90
        1
176
     1
 90
        4
176
     1
 62
     7
176
     1
 62
   257
176
     1
 90
        1
176
     1
 90
        1
176
     1
 40
1.0
176
     1
 90
        0
176
     1
 62
   257
176
     1
 40
1.0
176
     1
 90
        1
176
     1
 90
        6
176
     1
 90
        2
176
     1
 62
     7
176
     1
 90
        3
176
     1
 90
        0
176
     1
 90
        0
176
     1
290
     0
176
     1
 90
        1
176
     1
 40
0.0
176
     1
 90
        0
176
     1
290
     0
176
     1
290
     1
176
     1
290
     1
176
     1
290
     0
176
     1
290
     0
176
     1
290
     0
176
     1
290
     0
176
     1
290
     0
176
     1
290
     0
176
     1
 90
       50
176
     1
 40
0.0
176
     1
 40
1.0
176
     1
 90
        0
176
     1
 62
    18
420
        0
176
     1
 90
       50
176
     1
 90
        3
176
     1
 62
     5
420
      255
176
     1
290
     0
176
     1
 90
       50
176
     1
 90
       50
176
     1
 90
       50
176
     1
290
     0
176
     1
 90
       50
176
     1
 62
   256
176
     0
 40
1.0
176
     0
 90
        2
176
     1
  1
strokes_ogs.tif
176
     1
290
     0
176
     1
 40
1.0
176
     1
 40
1.0
176
     1
  0
VISUALSTYLE
  5
171333
102
{ACAD_REACTORS
330
171320
102
}
330
171320
100
AcDbVisualStyle
  2

 70
    25
177
     3
291
     0
 70
    58
 90
        2
176
     1
 90
        2
176
     1
 90
        1
176
     1
 90
        1
176
     1
 40
0.5
176
     1
 40
30.0
176
     1
 62
     7
176
     1
 90
        1
176
     1
 90
        0
176
     1
 62
     7
176
     1
 62
   257
176
     1
 90
        1
176
     1
 90
        1
176
     1
 40
1.0
176
     1
 90
        8
176
     1
 62
     7
176
     1
 40
1.0
176
     1
 90
        1
176
     1
 90
        6
176
     1
 90
        2
176
     1
 62
     7
176
     1
 90
        3
176
     1
 90
        0
176
     1
 90
        0
176
     1
290
     0
176
     1
 90
       13
176
     1
 40
0.0
176
     1
 90
        0
176
     1
290
     0
176
     1
290
     1
176
     1
290
     1
176
     1
290
     0
176
     1
290
     0
176
     1
290
     0
176
     1
290
     0
176
     1
290
     0
176
     1
290
     0
176
     1
 90
       50
176
     1
 40
0.0
176
     1
 40
1.0
176
     1
 90
        0
176
     1
 62
    18
420
        0
176
     1
 90
       50
176
     1
 90
        3
176
     1
 62
     5
420
      255
176
     1
290
     0
176
     1
 90
       50
176
     1
 90
       50
176
     1
 90
       50
176
     1
290
     0
176
     1
 90
       50
176
     1
 62
   256
176
     0
 40
1.0
176
     0
 90
        2
176
     1
  1
strokes_ogs.tif
176
     1
290
     0
176
     1
 40
1.0
176
     1
 40
1.0
176
     1
  0
DICTIONARYVAR
  5
1713C0
102
{ACAD_REACTORS
330
133783
102
}
330
133783
100
DictionaryVariables
280
     0
  1
1:1
  0
DICTIONARYVAR
  5
1713BC
102
{ACAD_REACTORS
330
133783
102
}
330
133783
100
DictionaryVariables
280
     0
  1
STANDARD
  0
DICTIONARYVAR
  5
1713BB
102
{ACAD_REACTORS
330
133783
102
}
330
133783
100
DictionaryVariables
280
     0
  1
STANDARD
  0
DICTIONARYVAR
  5
1713BD
102
{ACAD_REACTORS
330
133783
102
}
330
133783
100
DictionaryVariables
280
     0
  1
Imperial24
  0
DICTIONARYVAR
  5
1713BE
102
{ACAD_REACTORS
330
133783
102
}
330
133783
100
DictionaryVariables
280
     0
  1
Imperial24
  0
DICTIONARYVAR
  5
1ABEE3
102
{ACAD_REACTORS
330
133783
102
}
330
133783
100
DictionaryVariables
280
     0
  1
1
  0
DICTIONARYVAR
  5
1ABEE2
102
{ACAD_REACTORS
330
133783
102
}
330
133783
100
DictionaryVariables
280
     0
  1
0
  0
DICTIONARYVAR
  5
1713C2
102
{ACAD_REACTORS
330
133783
102
}
330
133783
100
DictionaryVariables
280
     0
  1
1
  0
DICTIONARYVAR
  5
1713C3
102
{ACAD_REACTORS
330
133783
102
}
330
133783
100
DictionaryVariables
280
     0
  1
15
  0
DICTIONARYVAR
  5
1713C1
102
{ACAD_REACTORS
330
133783
102
}
330
133783
100
DictionaryVariables
280
     0
  1
0
  0
DICTIONARYVAR
  5
1713BF
102
{ACAD_REACTORS
330
133783
102
}
330
133783
100
DictionaryVariables
280
     0
  1
0
  0
DICTIONARYVAR
  5
1C8F23
102
{ACAD_REACTORS
330
133783
102
}
330
133783
100
DictionaryVariables
280
     0
  1
1
  0
DICTIONARYVAR
  5
133784
102
{ACAD_REACTORS
330
133783
102
}
330
133783
100
DictionaryVariables
280
     0
  1
96
  0
DICTIONARY
  5
2E2CDB
330
171353
100
AcDbDictionary
280
     1
281
     1
  3
ACAD_XREC_ROUNDTRIP
360
2E2CDC
  0
DICTIONARY
  5
2E2CDF
330
1725B0
100
AcDbDictionary
280
     1
281
     1
  3
ACAD_XREC_ROUNDTRIP
360
2E2CE0
  0
DICTIONARY
  5
1C8E39
330
171356
100
AcDbDictionary
280
     1
281
     1
  0
DICTIONARY
  5
1ABED7
330
171357
100
AcDbDictionary
280
     1
281
     1
  0
DICTIONARY
  5
171311
330
171310
100
AcDbDictionary
280
     1
281
     1
  3
BUMPTILE
360
171313
  3
DIFFUSETILE
360
171312
  3
OPACITYTILE
360
171316
  3
REFLECTIONTILE
360
171315
  3
REFRACTIONTILE
360
171317
  3
SPECULARTILE
360
171314
  0
DICTIONARY
  5
171309
330
171308
100
AcDbDictionary
280
     1
281
     1
  3
BUMPTILE
360
17130B
  3
DIFFUSETILE
360
17130A
  3
OPACITYTILE
360
17130E
  3
REFLECTIONTILE
360
17130D
  3
REFRACTIONTILE
360
17130F
  3
SPECULARTILE
360
17130C
  0
DICTIONARY
  5
171319
330
171318
100
AcDbDictionary
280
     1
281
     1
  3
BUMPTILE
360
17131B
  3
DIFFUSETILE
360
17131A
  3
FBXASSET
360
1CFB92
  3
OPACITYTILE
360
17131E
  3
REFLECTIONTILE
360
17131D
  3
REFRACTIONTILE
360
17131F
  3
SPECULARTILE
360
17131C
  0
DICTIONARY
  5
2E2CD9
330
171351
100
AcDbDictionary
280
     1
281
     1
  3
ACAD_XREC_ROUNDTRIP
360
2E2CDA
  0
DICTIONARY
  5
2E2CDD
330
1725AF
100
AcDbDictionary
280
     1
281
     1
  3
ACAD_XREC_ROUNDTRIP
360
2E2CDE
  0
DICTIONARY
  5
1ABE49
330
17133B
100
AcDbDictionary
280
     1
281
     1
  3
ACAD_ROUNDTRIP_2008_TABLESTYLE_CELLSTYLEMAP
360
2E2CD8
  0
XRECORD
  5
2E2CDC
102
{ACAD_REACTORS
330
2E2CDB
102
}
330
2E2CDB
100
AcDbXrecord
280
     1
102
DISPLAYNAME
  1
Imperial24
102
FLAGS
 90
        0
  0
XRECORD
  5
2E2CE0
102
{ACAD_REACTORS
330
2E2CDF
102
}
330
2E2CDF
100
AcDbXrecord
280
     1
102
DISPLAYNAME
  1
Metric50
102
FLAGS
 90
        0
  0
XRECORD
  5
171313
102
{ACAD_REACTORS
330
171311
102
}
330
171311
100
AcDbXrecord
280
     1
270
     1
271
     1
  0
XRECORD
  5
171312
102
{ACAD_REACTORS
330
171311
102
}
330
171311
100
AcDbXrecord
280
     1
270
     1
271
     1
  0
XRECORD
  5
171316
102
{ACAD_REACTORS
330
171311
102
}
330
171311
100
AcDbXrecord
280
     1
270
     1
271
     1
  0
XRECORD
  5
171315
102
{ACAD_REACTORS
330
171311
102
}
330
171311
100
AcDbXrecord
280
     1
270
     1
271
     1
  0
XRECORD
  5
171317
102
{ACAD_REACTORS
330
171311
102
}
330
171311
100
AcDbXrecord
280
     1
270
     1
271
     1
  0
XRECORD
  5
171314
102
{ACAD_REACTORS
330
171311
102
}
330
171311
100
AcDbXrecord
280
     1
270
     1
271
     1
  0
XRECORD
  5
17130B
102
{ACAD_REACTORS
330
171309
102
}
330
171309
100
AcDbXrecord
280
     1
270
     1
271
     1
  0
XRECORD
  5
17130A
102
{ACAD_REACTORS
330
171309
102
}
330
171309
100
AcDbXrecord
280
     1
270
     1
271
     1
  0
XRECORD
  5
17130E
102
{ACAD_REACTORS
330
171309
102
}
330
171309
100
AcDbXrecord
280
     1
270
     1
271
     1
  0
XRECORD
  5
17130D
102
{ACAD_REACTORS
330
171309
102
}
330
171309
100
AcDbXrecord
280
     1
270
     1
271
     1
  0
XRECORD
  5
17130F
102
{ACAD_REACTORS
330
171309
102
}
330
171309
100
AcDbXrecord
280
     1
270
     1
271
     1
  0
XRECORD
  5
17130C
102
{ACAD_REACTORS
330
171309
102
}
330
171309
100
AcDbXrecord
280
     1
270
     1
271
     1
  0
XRECORD
  5
17131B
102
{ACAD_REACTORS
330
171319
102
}
330
171319
100
AcDbXrecord
280
     1
270
     1
271
     1
  0
XRECORD
  5
17131A
102
{ACAD_REACTORS
330
171319
102
}
330
171319
100
AcDbXrecord
280
     1
270
     1
271
     1
  0
XRECORD
  5
1CFB92
102
{ACAD_REACTORS
330
171319
102
}
330
171319
100
AcDbXrecord
280
     1
 70
     1
 90
1959938040
 71
     1
  1
C45DFF61-406E-432B-A473-16952B76F144
311
504B03041400060808002E5FBC487BE5C5C311010000A80100004F00000043303531323738392D313230312D343332332D383841412D4241393230453533313735382F4173736574446174612F446566696E6974696F6E4974657261746F7250726F706572746965732E62696E75504D4FC3300C0D4830714002891FC0816B
311
48F3D1A64542907609272E700765256C95B26E5A5A71DD919FC22FDC159C51A40984A5673BCF8EFDE47784D0E76090A23DC01AFC31C43BD7BA55533FD63337B7E830327E31B1FE0232A9A5AE3263304F2A8305651A2B69246625CF954E656198D987BE1160EC5E6DEFBB38F2BE09B5F3DEB66ED1875320861DE773DBC12EEB
311
2FE3A72384625803D04F21C449D36F4551E41BC0BE2CAF6E6C08AEBB2655925226F3025396502C38E338CF95C2A52A58A2534E659A93071716FDAA768154221D1B93416792E9D85E622524C7342B5256CACC50214837EBE369CEA28C496B1B4F123248785EB653A0FFD8EE2D778BB7F05080CDE8694B7F1C9C6CE37FEEF79C
311
2F504B03041400060808002E5FBC488CAC2EE017010000300200004500000043303531323738392D313230312D343332332D383841412D4241393230453533313735382F4173736574446174612F496E7374616E636550726F706572746965732E62696EEB606060F80F0540260323103700495E20ED9E9A975A94991C9C9C
311
919A9BA802147036317571733333D435313073D535313672D275343137D63534B3343572323773333431614768046931363471713532B5D435353131D635313332D475727372D13534373670367376B67474B5042A03DBCBA019D37FE8ABC6157B20CD04146B0062181F4C03F940F0C11EA29A8141C08141002C0426541C10
311
6CAC2CA046088033B02A030AC2157C6006F21A8018AAF50194E6010A610250382264E08660284CD9E98021862280A91564B406929A0FF62C401E28B6F88038B83CB1243943D7A928312F2535052413F1B1F88926301043BE43E880BF10DA87B9042CEEC109A15DF821B4832884B69186D0168A10DA441D421BE8426800504B
311
03041400060808002E5FBC4888E57597CD3F0000904100006B00000043303531323738392D313230312D343332332D383841412D4241393230453533313735382F5265736F75726365732F43343544464636312D343036452D343332422D413437332D3136393532423736463134342F7468756D626E61696C2F302F67656E
311
657269635F706E67355B773CD4FF1FBF73E71C0E67EF7576C9DEF3EC995D46C6A1EC5046649CBDF79E192942562825CE965D8A868C2842C8DE9FDFD1F7E7F138F7078FCF6B3F5FCFD7EBFDFEC41B196891913091804020321D6D7513FC77D8C5070EC3FFEE51B21F068154CC75D455CC028A3EA68992803810109FDDE5D5CE
311
C5521B28A1B422BF80741695D5B529DA1C2D058AD2388BDA9F476F7C2CADC939304173DBF48A452BF8A700C0C70C3D121C1AA15A5270C22E2B9E28763651F7DA0D12CE11077B2ECD0D560B5E3DE2368B1E65C5E1C87384A4CC5F2D9FB8BE39E9B77C753783A37998F5CEF1B4FEE553463245C9712270880DF339E0B882A6BA
311
713D865F6F384C842D440934EF264F4A304F8DE4EEFA1E2BF5E2D91F5ADD9613D6E31DDB33ED31DB1D7916CAF091286EA3D31B9CFECB78BB0060245B943C4C040119FF780A74DD308BA9D028678674EB5504ECF284EE814DAED07440BAF649BE4B55DA2890F4D73E2D489A59EE54FDB0A85B59F2F52C4858A02705C4815A79
311
2B0C4A996A2023ECB195073E115E3E3647F64243A8338F2000BCB58DA5692C7E7C3D413F963FEDF3CF00FBB0F831A9D51360FECA43819F527B89FA260EB63C5DA676830AA3626A3693B23F1A17A0DFFCE3EE164E31B5365EDF0C89EF64D8E38AB0BA9A1117D7C3A0EC44F44F4023095E80BA610DE336D0F99593A88BFC5306
311
E72DF98F7FD132ED95878DF2964EA7E43071359FD83B2BDF9C6B5BDF768F0F3C0FC351199526F53D9460A34511F75D1B63E488178569472C91A94497807A3FD4A390C6558F26D416365C3656DE6E769DA9D8FC73774E1709812842DD8EF96AED1960F79D21B395CDDFE6F92CB4EB962A4668C76990E2EF29798C8941D67DA5
311
0F4A5F947872460F1F6FDB794E8A29FD7AC0C0D6E0714339CE258FB17AE8535221E3464A10F29A0BE5EEECEFC5675926A89F49EB14E5711894F6586DB5754EB4D5DA9C6437EBA57DB97A24F8B8A8DB295FFD73266CF57E82694DF5166DDF93573AFE9C9C5EB05F8FEF8E89E0A8917B0B3724DB7BEBB53252581EFC3E38166B
311
A131A3A5B42FE2AD00A769BBFA4458D2DE7822F8C4F63D0B8E21B285AE13325F3410A435C648C9D91FDEB109E73CEDA7BC796961AF79175E1A3CE4C5E8B0D009B0C9E29EFD98BC8E97554E3D8D838424E270F7685226E5AC268E021EDE3522D583E8F20C0BDE2959EF5BBFEEDAB32FE9A3ED0E39F211A86AA9DEBFC68182ED
311
ED132AB8BB794442D2D7EA9F4D8BFF52BC4D55BB165124EE90A42D101E67BBBB292FFB4F66DE5BF2300E44546757DA7CEF8932BFC9F92A0707953491A55C5A5ACEDABD9FA1AEA01BAC3DC5A24E22E7C47213493996EFBC369D086ED9397C9BA6C7F9855C7BD5E15BFC8C53DB3D2A4C5901A57ACD2FBDF4D1676E95338B2C2B
311
CE65FDA4C64F5FEFDC7D9CA5AA1FCF11E193F2FDABF0F4916BF13FB916A224380E6462A9815F2300DC49CC4DF8D055CEF76462F4B7A7ACA7365C2707891370BC1D0AA6203C44CCAB47084FEC057F27FFCD57F89B8B9852459798A675C66BD7CE572CAF71FF7E6D7ECF7BF62CAB7B3F1107DCD04DC55A3F9961700286141C94
311
A4F771FEB2BCDA2DDEE0CB0BAE402FF1DB0100F8E475DFFFC074DDB4498AB7D186A7654DDB1CB680D703D47CEB4E72F8CB13D86A4AA68116E26387B93FD6738779B34FEDB8E517EDF2BAF28D9BE93A1D3A164320E07D42E514725C29515FF361754213EDE06B079A2E99EB1CA82A02019EADEEB87B9AF005BD04BBCECB14AA
311
CD6B24EFBE482194A97DD32400685FF1FEF1544D1B14EFB1E7F08E6D2CD2AF52DE757F35F5E62332EE88EA26417AD5C3E0E319D68F25414E6D672BD4522B278C57D18F0113921C71D96527E091F00CEB15AE23D24667369BD3CEFA10C7549D930890BA4366F4EBC55F01F746109F98ABCDD5A3EE06619C6AD78AB33E48E4C9
311
BD21BF7478B385EC05C4F8987E2C1BFA0A60EBEDAA0AE0B015C2720ECE180FB6F2DEFBEB822D96338C9B63822183BBF52FB664A7AE57003AABCE512BF77E7E31BDA2E739AC4C131657DDFE5225E900FB56CC01CDE808FA4A9C9DA16AC679656BB64796283D89812B8F91136AE18EE5EBBAF47A73BE3C153EB5D4CD491B4BFB
311
4FE690A4CF9ABA08C0D8AA64220C438C96EA6CA80B58FE5761E697B3A292EB9FBDA502FA863E49FE694ADDFFF9D62C520BDD1A22014147A0903A05B9B729F54272EF83931FEEC057BFF8C8055C279EAC5C0011804828734024F6CFA319C9CC6867C727184465CD9BB7ED386AFFD96B294A85E3802FAE47244602D827361595
311
2B98C4F23F7EAE4463D9D638EEE374A20959E0FE519C4CFB0FBFE5DD80C2AA3F9DB961D1BDE57E67C9BB47B77FDD74EE3094F5DBBE3EBC1FBDB7393F5116263009E2EFE1AF9A221B2AE234C902BF70E9F280ED23E73908361565964333A3F01D0B006AF32FB21AA1316744B489D5A198E85299241735BE559675130955C902
311
A8ED761FC0DBE337A9F91919AF5CE32AF902ADF9AB2615E00E8A94586BA1A90839B61832FF1BFB76D2EFADE6DB1BA04CCAD3DA649E7E2A0219F592E22F2AD54847EEA8E42271011E9074F8F3DD9FBA6CDF88FFC9FC7E811AD1CA8F4557CE4AFC7BBEDCF0114A48689F20A584520C74DA8127124B767E2FB91A6B186246727B
311
E63C9445BAE02088D58B8EFDC0F1072407CD9B89A13F6303B4A928F593AD489B58E6869325790ADC406036C591729FE14021F94B7796BB11848D463536A092A26F077F94639F7CEEE2A724C66EC885F4A24F8B8A0AC321F8FD149BA529460FAA34E4663C02D41FDF80BCA222D42F0ABFF8490F4FA74C673807C2051D8E467B
311
47B616072860069A9A303ABA9B319D58404461401B0A0F9BE5E1E151C14BC33B32ABE03DDE91708DFAEB15E7C0D593C86BB7D7EC17BE56E57975F077BFD5525F3A1A361D584A75E08CF29FC7B44B2B3085014F3A5A14517377C3F6B8F37E59514C3B12F8AACDEDDA4DFC49BE5710101534CD6FB6DE15B50F11A09472AABA72
311
7F0C49D9CB906B158030065F48EB3625E010CEC1D511D0053474B11E6A4F01C0D6EF1BED3A944FDEC70E0DDCDC756C86545910E0DAE3BE3AA9A404574C2995CD5CAF9549226BC94B4F4F0F5F9086F418F6B32346464610D8BC7391D3C3A3CCF04CFC1FB2A3A3170E369511868F14EEA4E5E438CC73DB1F3248AA94B6B2FF33
311
B222FF3D1E7BF146CAD229770158063BCE4F5391964DF62F7E52A7BE0EEA829C9E13C4C147D6F93FE59E111DAB5E4594D6F3CD1AD375EE039930EFE5AF2BB2D41C83C7DABD8C659BAFBE8FAB392CA634F3D15C1D945DB4588D2B0824A4EC928AAC565557CA2F0DAA588CA5BE30B3A8004F7BF005E96CBF891D7F18112A3619
311
FDF530DC8AA64954258E1811789B5189B49B4EB53F5F89F7D37523894F3EB57B373763C91E502F52CC99EB7BDDF933FC324C4FFC2561DFFA7339FAFDD0A4BFBE6D3A8FF9ED1FC49898139864602458968913181918F719CCF5A68B2EE9C1FF050E34E63107003B8120FA982C21B30A874E4F5E4B38D5A8290C4B8D9BE48A0B
311
E31EA995BDC37AC6DE90BA17D259DEF53605D55922FEB1855D915B659FBEB350EE0DFB2F9F766E1C84CC8964B75D08667445EAB966015F63A18A9E0A325C1B3DC628C0D3CB60F767FA93CC65F25458BD23C3B312716E5F40E5858AC06EBA9AB14F95DB99147B832069201541D09A0D856E12C629CF32683760EE855537D190
311
1988D5EBC156676C7DD51D7207CF3267AF1D76C2AD867315E44618015313A98B19941C696FED3461CAA9B5415F918556D7802EDACEFD6B2E45853A9735DFC9DBF7E440F9319F8B6805A973BCCDC76C069A9144E51F187EDCC12FC31B5DEAAF0A76137199B106EC84ADA6B6EE697D4E6A96E007417F4E880E8B1E89B4BCE9D8
311
1EF611E2ED8F0C1A6C25F620FAFAAB656A7C42D464880E8AFAB0E0FC8EA38CA9A8AEEAEE3E4648BA4680270A89743CDD3E6C6CBF34B7B640EFA285ABC7EA0A1E28F3CC963D114A80123EE66D0AF7D5380EB41909B605AB4765B709B808590458157E69BA1378FEC4B48CAF6A730E3BE3C5EF2DD1A5EAF94B1DDE50CEB55DDF
311
D7EE9A16747FA4B223359FB1FCC69E1194892BABB93A1D5C4E807AC0EA2E30180811E77A2291F6E7F7FAA5E0F60215BC6024E48DE436C511F0628B8CA189982D4D83CCA17D305A7E923C37941CFDFDCD93ACAF735EF5F0E61BBD3E6C41A59B242790D3A3BAC7064DCD89AA2E37214EC839820949D5CAA31E240D2948E48F69
311
0298974A96BA9A8432BC90F5071D6537C9666EA4564796B7AFFFA548077BEEA75F63083435074BA182F3699557397F71548383FDA8CA34D99B981E72835ECDA5DDDC151315173D05A21F651AAF8524E88209E2E7A737ED1045800CE3390050BCFB8BE588DF111617874C62575039CA588EEFDEFEFE319B739DE2EDC147092A
311
262611E159650E787917885EF08F1F51B8F2D8A71D60B58B190FEF9541A1BE94BC19FEA50784DA1419FE4B0FB51B8D36B5FF8E1286FD8AF42B91E59A5F1CC4D60174E764045FD8C57B18209B217F89A62252BD20BE0E63E12B8E8F029FE19E0E8D0870F58721A557082250D5424F7909369376E41666C0EE77CD87CB283F66
311
1D5FB6D0DA023CB67320A20DC7BE661E9E1BFE5463085C557DA1FF9BE835733766C3D139F2CF9E2208873AD0EB4814DE9E6BF2CAF81614D4D43906ED1C05A3265CABBFE192770FC2F64F940CB6B17B5F166F133C9AEEAD2641807C3E69515171DD74C4A85311513D6EC9530B3B601B6BA3EBFF3B5C3D2F7D69765141E345F7
311
5433953D013ADDF8F6AA7DC3F4A7563FE5C7D367937E2900D7EAD0F9FC9A4A1A9B5BDF1FEF08532660C01C5D6DE22199AA774383E306DAB87E301ABB7D213887F9869D4942D0D71E94B27EDF216A318BD488D45DF84529EF575AF3C3938C0AAA0215B01994153E2054A0B894DA5C784980633AAD48576957CF4AEAEAFADC7C
311
587368551C73DBE1E57C58AC713303A8BFC258BD04B51724459FF9E24C03A81E0E0679CEB9B348C0DC998FEB9C6D6EFA77D247CC8F92D3848599ED89A23218D0636465AD1CEEB7DC140D7426F83491C4E8E8281C2FB35240918FFECE880CA2A42D70E8B20B34DF5221C7DB0CF90ECCB9C745B37A47E9B716FF7A97B7A252C1
311
F3814DC7B1E1A7F72B8751D524EF7CAE45B0C73B3BE7D08ED39781B380DDFC9AA4A4749C9493DB5BAD07A6EA6C092FBD0E85DB004DF06B8C9D3089C5320187E4CE1846158C7EA7DDAE8AD9AFFF21AA3A1026BB06A259845E8232DEE62811A4DA9CEAB3A4887320B76E2AE5615EAB7BDF738CBDD01F1E64064BC13D9EC53576
311
751CA8CACD58B3CEB0E6CA585BD089B2A59B9FC101403387AADBDBE70586B93D64BF3AD4453EF9C3B6A93817E8346991798601344F79A83C51F3D50F7BF2683A3605F51A72449489E0EE6169C749C60B1035651103AEE24D24E51A759C840DD3FC6504DA6FE107510E447B43461C79D22970B75DE5E1BD3007D1AFC619A4A4
311
A69B5626AF5E9B8374E20677F77E2F8E73DF868E8BEC7EBA7B6A75EEF7205E1AB9486CB642741D6E03FF13FCCEDB1C4AC129886268B01CDF4B124AF797CF784F3C6DEC97A17D4B558070A0F1C04DA4FF9BDBF34159AEFE958479824B3F58EBD1E19088A2AFDE501B6F2052368A3FD0E650A179EFAB1561E1D27527077136E6
311
52676C3670F42DCB3352F48F6BC86D2C3B0051727E41A0A4DC6CE2BE9D47F5CAA2935A3C0539AF080665997194ABECD723B08129CC5B6B21D2E7D54CD4D12610E7E9FB8306771A89576C7A982002775ED44F3F744CF21EEBB27A631671D921938AAEE3EB0D19CD1E083727F607823E817BF599DCED5394E37EEBC2E88782E6
311
38920CA641EF74D4CDFCDEF06F4278ECB18E31E7E9876F2D783C8BF429C75395F57E98C2B495A3DA077EB3AC3C158608B6B57FE3EA48484D9A480096FCEE0DE880950E7E5A5714131C5C41AAA29FD19AE81AC145FA1B9E85C7169A5AB837B213493DF7E9AA4B5FBF9CDEB36EBD21EF1181B7CF7366AB2A951D01E37AF4EB83
311
5D1BE8C117CFBE7625D2EBCDB0B20C5A4B45CED0BCDE3EE8DA9DA78C2E21DEAAFFD1197E463C33CC6A80FB785669B856EFF7A8CCCA2841B5A5369173320B1170C368B2748D81062EA0296E5E2D95D7667A4A46D98A6FF475C76AAB0A8C8D45E226FAFC9FE0133EA9F60111F99CA81ACE03A1D14C89E8B0D69079C91464FA1D
311
99E651D0EAF606F345C42A8A1AA9BA391031582B96D5B4176A77AADB01F12FD298A75DEEBB2C82F0B8650E880722F8DDD90C56A7A058E5FDEF1AC93545BA27367C76F5D8F9690CB6F8DAE141EDD7971F0FB548A2AE435F224D6E5954CA155512F7332029D5A1230854B79F258EC5FFDB09F5F6343A8EB193229B7F7E79B3E4
311
8F8E183860B38C8269D1B53738FF1E0BACF6AADA6D4869E9DE708E79B5DADCC09B1BC76F649731CFAF59A83FD8BAE4C749D66FA87A3810D4D62FFE826FA400C0F325D2BC0F3CA35F5847B82A2ACC7961745C823E4D863D54460AF792CE6F79B5C7A33B25C3AEA6CDE15A919B6367D781E9D44F61BF828672594A3E1D9EDD6D
311
F179A81F27EAC05B936575D73E05C209DDD2115CFB705DF9BBF3C911589B3640735E9E618FC9C36A7326C82B2205E244C55D56FDB9D5DC93CE958D4BF8174D2B3DA54CB3C09F2C2A6DFF73D23B2197355761AD421EC581284A7EF8DE2CE3497C0C804D49B41DFD6A7360844E5BEFFB495CFCDB97A4595911CDBA623274CE85
311
2B5E278AF0BEB1770E9D37CD977B2766A7DED0E94B840E1E95E8C77DE5CB6354AF7871427C28ADBEEF7BA0A28E19DE9ACD75F379FE373EAE6DDDAE3834692F9C2B03B4FCA8FCA9ABE8EEEBEBB725B88A7C90941E850682CA04061A7DF0CE82ED49BFAFFD42C309818FAE14755CAAE78B0F73243ECCCAD7DF58FCB9CDFAE7A4
311
D3E6671A613639130D056C8383C8F4FCF4808C331E544DD26E4755D09EA05253B3049A1E32587CC25D72E073E2CD96D04A71BBCB0038FEC3F53D254199C3CDC67CD66640269431860225392B2CB3ECD0B4498AAE78BA1994246AE1EE78F2EDFB79F6C6CB6B5E279C4D373FBC21CB2698C9ACBBEB6A4BB6B39E16AB0E421CCB
311
FC7654D81ED86022F9BB522146F9F4772E2D0E4FA70120C95A85A417BF5078B232F4754363EB1750B2AC2148EB46B1EA72AD9B4D23ADCBC589D70106C3EC2ABEEED84DFE28E718C6C83502C28E9FDD3B09DA0A6F6F7B72B706A31C9E2A331EE70DA56A083D2177BFD63C55B11D8D949FAFCF90B23A1E24B9B5018B9A17E99F
311
2890EC302F330FE7936E2C23F0D237EC8916F5166AB84B62A21BB0B950146962D754F92CC2C8877BED8FC7B7B25726DD19545392570B3A2C66B58F027BEF412E552D12A588C4A3CC5C3193FCB3485EFFF700D0B9EEC077754A33DC1FB9E25AF814628F91DDFECB667D3F7690803F38D13F8AE39353523BB08FC6760144AFA2
311
CE28236F65EDBB3D5F59A57D612B99E3D7E5F8A851666BF9B5A6658EFC96EEB37A378ABB0EB3FDDF1303AF32C41BD1C8560745D7BD81066B0D6313359CF488563D3BA3F8E2185D1FAA3EBA1397C9D0E3DD232180A4DCADB6AF25DB3AC3CC26589C8239E66E81547BC7E2F328F9884764CA37EB5DBE390DFC03A5246B456A7C
311
3684C4377D0EEF9A350680FA9A077E8B2957B489E09AB1AD41316944C2254B5984830F691C93CAA767EECF976FA5647538830B5E63236A6F0365C1E0F3E327F24FE35EDDBD7360B0F7374837409F7A6311BECC12B7026D4FA1AE204FA3F5FE904B1F420C7A9044AE58E403E7C4848E7DA25DC9EDAC79DD756FAA26B9EA83AC
311
E8A214A2612A22AFA19DAE7DBAC5F8CDE1292A485F98DAC731A29FE01A3966E96BCB9FB5A4C8830E1B9AF0C54B87FBE221A097036E5D28D1F869F810C06A9BB0AC0612F69AEBAF893C6E7AD59460208BAB3A6B09CA4F6BDDAB8CF0D1F84B72487498395A70DCD754796E271099A567A55CF242BBED64696378BB6CF25EF0FC
311
DB589F3A82F1116D010A9AB9FA4358809EE0C973A2B4229BAA876A70B03AB49CBA7FBE71DB1832FFD32F9BF2C8E98075CACAFB36921235D0F552B6A67E94E094097A5D7DF681B40623DA535ADA7A9AD8E9A62407D7C9A5AE51D62A17A83A23728DE86BB56115804D3F2675F2C6B87541A0FC497BF0CA86420F558C9859EBE9
311
FAD62747E323E3AADC03FDCDDFE7407B09DA90B44E3185723C5381EAEF589765E2F7A099BA46695BAD60CEF3491B8A171F5F56444F7CE9455312C3498C74173AEA0214EC029833B34B650CBB5A5508D5091665309642791708ECF27CF11DB3D797D6CFE474453BD4BFADB768094B2147814D81C7CBAF8228DCAF5564B5891F
311
5EF6A860EB2E323CB82AB868D8EA048880D63B0DE5341F1B3D53297B928A11E15F25E5148990F710747C3509ED14909C552EBE3973246FCE55D00564D8310BC3EBC5085D08D806799B77D6C57FDF5E55837F9E934F09C03C729271B64F12D0A9F9E938107CAF7BF1EC8CF1BB9B42363D33070F4CACB425E605DDB0A34A12BB
311
936DE286B9887A4E2E558F0886498BFF49C311D96C277CF6A9FC0D75AD0ECC5226D7E0E3572012E56D7FDE4410CEC7A6D0F997F225A2055B8B92E3956E875AE4993CB3D4C9063AF98FD45E1BAB165640A43439A2C9181A7C355B297C0A0CCFFAE19B6FA3C2BA238A885FBC98B8F6DAF4B94B97304878DF4D8BFF6A4AEDF79E
311
90ED4E68F00CD7299F4E0D83E35601AF0CBEF18C1E870E74758FA91F5131075004DB3CFCF09AE1DABC11957FD9808C92E8A678CE9DBE40DDA0E0D1D505AAFBCBA208232BFB6FB3704E8985E61ADE53DE74152F5C7DE74B1DEDCD37DC3E8FB30D7EBA8B9EFFC3606BF90B8D438279CB7709FC7C00D327F41817EEA71CD9E49F
311
E9C8C9A81C70915D9F0F15958EC5AA4C3BBFAF46986B90F188BDB24B89DE3C6F29EC3E6F66D84856EE96A35E657CA41B41EFD8DBFA16AD6E91439EA92B40B21C053249F51AE50EB0B24C770FFAF40DF12C8436366819C48E36547D4E7B72FE2BBF10828583057814A668BDF183F6B2E58DFB151103E56303E63D00F39C27C4
311
661605DB644D19175D02E3F0241E8FC3458D17AAAADB117CE9EEA690D0DB01E634878C04C2C9310B69FCAB831151E3AD293BEF6E46B0ABCECB50F5939B39C613D41E81FAE8D34CAE3C4566B761D37185FE864AC32FCB71AEF39DAA5BAB88609BB980CD2F07A8F941653B529567726E2B2A58D079DD57E1E5E31426CF184A04
311
D7B03B985F276D47406AF276FE32E3328BA866EB1FD39BEF57863A317634AA5FE467409B3873F5069EF0D71AF00AD189D17BA1974ECDB2D623E9E14086386A6AAB5807825C37B015BFE892AFD154920EC437EB945D958E18622E1E0FE2FA06557CE4BB9BBD05A2D40E774DA2B65473791E314B7D6C886820B2FCFE4AA272B3
311
B8B15E7344A145E8AF919B5454D89D36D413E87211186BF6F645E5EC94DCCE8E1C799022E4EC9BC86D7A0F2AFB1FC4B2CE48F84B3F49ECE65BAD24CADCC07EFF39AB06BE9E6B27A059938EA7208838455383DDBCFCD967DDE4650EF92A14FF933C975DB20BD7FEEBC4487576485963D757D16340D9599FEB362F775F38CA41
311
85A86F74B629C81B133644A3B18FD056E997E0734F9BE26D11C0AAFC669E2AC9FC41D281F8B2E1C35AE27BCE05F3DA295488096688719D974DF1B5D182DB7792288697F8763CFB43562C1CDEE11C4AABD5C22B6E33F6F389CFC3477C5919DC0D533F8A7A1846B7ADB60ABDC26C43D0CFC8910B7C15EE22675BD02702ED39DB
311
77A87A192CA7A543E6205B979B9F5A6B512A3CA799E198B2D5797C0AF8D1D872CA455D4D431A7879D4DD76110B5FF7F4176B54477A9EB5E4A5D11214FDA585F0382751D8E2582BA5D2075053298FEB8F1537304E32CB22C2E2B693DC0A760B1DFCA751BDC445AFDCBB12820ED85F6D5298933C7EF1211E9E057684056CDA3F
311
EF3BB6052355E162DF27C59E965A8DDB7F9437EB72CDDA3A090DE65A5B2F50326247B7EC67B73ACC7047FC9B353D6EE990F772207C6EC52B39DC2F3C0754821DAB559F7C1809C7D0DD5B0499D0442E0A6E391B3D5DB46D11E731E6794EC77523FBDAA242ED67F9FA1FB684255671F63C9BCFE6E7E896D51001A6113EF2298B
311
A494E0B0980D1FA5B9D60796554C02256B1E0345FB7C6186B6A19D2DCA270416262845FA4F42DB5D9B0A0B6F07FCA2E56C242522E001E0CEB734AF310FC8BFB57E38E03AACE93B3326A2197891E68452B26A6307FDABFEE0223D3C03C3C73D2D5BC054C8311F12004CAE488E5C29287F8156A2CAA4AD0D7BE6B97264E4139F
311
437CE73ADF52E5134C52B819777C18B323A5924E4F67AFD13B1CDC3A61793A79FAF5C0CEB718E441071E797C6DCCB9EFCF7E4A1E9F3DF3C2F9C9E8294E9586868788C972857FB0556D7A26941A7EEB9B580AD78EC40B85DC906B4120A563CA3B87797ED612D3B035962BB75F6515A393F4CB057F564CDF54F2E5A024514E6A
311
1F901DB80C7E70B1FC05E356A7E72FABF4775B3E3FB8F70A2A8E7B6A94542BB304157978CCC999E707A29CC795E67A59CC546A5D47B368954CA7B6E75EC9E1F6FC73CE3B4F71F8CB1A6B15923D61EAAEB14626AAA9D04A26EB9C66CD1BE86CA31A5D8703DE04CD1EBCE4F5CCB62F93909AD11E55799A781A956ED27D3E738F
311
4538CB04ADABC7DAEF20BC35BA6A90BCC1DC61BA05F20D8832FFB9BC9B15E2DB838A0AFBB7E0C82A562127E0446894F427794C3037186F622BF24DE1B00AA10A23BFA47B2A180D6DA5AD6F7326FEB8C100C2D7142EB2A0B2A9D1008A09BA343D70E054AB69E2A7EDB783CBD92537FAF4A44D1296AC2792729104B3276C276C
311
951D0CF3CF3F1E6B017720A7B8505A5FF9589365979678C36F1BAF759EAF57C60F1FF5FE9DCF5F8E764FF25A2D06CF25117A8FED51884C13B2B750DB0E4F5E3D64124FCF11F0AD8F1CC3B3DA4B38ED22BF1CB2585EE6BFEBBA63FBFD44F9537B9B37BDD6B358720F98A8125AED4349CCFEB0E135F19E208A04CA7E2B107111
311
85D72E381F448036EF57C9F874E54A971CA37A639E986AC0226DC5AA00D5B14FEA9192234B3DE617814FC221C92F33F1D392F297731B567FD98FD91D989379AF567A65B8ADF177591DB90FBEA99BF4ED11B16E50A0AB1DBF1156D034BBE04D69D08F939D8E92BF525A1DDAFF80ECBC95D8F45D3FDD289FD23F7D8B452F8EBB
311
34EC082DEEE68E18EDDF072060FAD2AB1504DD4879BF67099FC58F6E9DEFBF645D16334A3E9A127C6F1AF6132CF287E433B43A0EE93812B4AA0B194E03EE3FF91EF9C6ED0074A2F6EB18A96A7C9890B1FCDA1F2095E944DB911ED54C60DF16FB74C8CE9BDC7C54C4F14078CF73C2FFF1F1BBCCD7CF64F71407EA1683DBC410
311
D226627F66E509060D5C0AFD611DE681D509DB8DD12FB1265B03C6F5C55FF4C30BD94187FF692B4F152982502F193098A789526A038AB529A52BC0DC4FB6285CBAC10A8B8DB75DCD9BDABBB221E27D1F8DA9F5EE5926A1C8AA9BA9BC09239C6A7F12914EA3B59EFF7AAEC3FFCCE56F1C5C2980AD072793527565E774F4631D
311
B178CEEC691B1F367BEA0CF2907E1D6B854D527065979DDEF002D8B2ACEA7CE21AE297737EDE1D45B31233B73FEA35BCFDD0B09721FDBAF6432681F2FD10C3E9EFB246FD6E854B344ACC9D8A0EEF876A7314B49B6A499FC650B099D650DBFEC7638ADFD245E2B7839DA5AC5F7D5623FC0ECEEC8653FC9B2BDD1AD4D00A566F
311
BA7186DD3C9CD26512551637498CADB950FEC71ADB9A5524285DE328B8EC7EC75D2345AEC6A27C42AF6D9B92155315C80DBFCABBB7DA0FAE425C4FB896B15C9BFAC4FE67DF5A23D30C93DA4D8F36FB15D100050DA6062E22AEC5F4DAC4F6FEEF97AE05DE63C6D38F9E068A20BC5E3B6BCD75320C5090924E7F93640A7735B1
311
A43451C2D91EE62C6238B797349E59890AF3A520DF4A87095F3ABEC2E61F0593416CE46CDCBE0E00E2523FCCD04408588B5B6C9DB6459C786CE378770B54F51DA3A5E1DF2A3349BEAAC234A6CF8993B598B3B25B4B113E353A4D750FA7534749430F3EBF2512E7EA3FD43C6AB9A1F765A58463B306721A15D224FAFE8C6F5E
311
3432D57EE697DA0DD5A9D4866A8BCCAAA9DFF1F06047851408FEC060471D0E3EB86BFAF46E4B5E60311DC3E3CEA147C75CF971BE74689507154FF2D2E92F15CDB2B9182B11459FD8ACAC5A85F174BC94A7F4EE4C4F5CAFA7C02E37BF0BC77B7DCD0C047BC316F562A01A441AFA7931CC84A28CB9F4AA367EB515778F29BFE6
311
1195FA671F4352E5E46E3A64773F1F76EE5EB36D7BCE9BCEAD837A4D77F8DB8C92AEEF6711920D7C7D0F76B0FD0EB7AB83724CD35BCA7D36DDDF5FBB7FF6F04A91F3E2BB3B8F1A43CD659639507FF6331C5F697BCC782AE57D757A27D97F1AB9E0AEDB43F92F1B2AACDF5FEC8ADBAF9F814E2027003BA2F9E144B1938A7A04
311
050AE5D953B82C45619165C813A10E76DD6906B3C16438064D14CDA713AEC420034613E1AC7241904A49FBF87409AFB1FCB9B72FE7933A87D8FBEDACECE4EDCF6A4FE9FB94D5DEB74FAB7CFEAE17EE965DF980DCCA2D04134994F9A2E94D2265DA4FE6AA7B7AC15FACAC2B5ABBCD7DFF542C5314FDAB2E1B9D8B65220B8E2B
311
638BE008E8DCA22678C820C5053664D15E89F2D735B51A84955E81A443545E9FF787BE0FA700A76D136C27DA179A7C6E8939E01BE756E19CB292798063D8B97F44E8A27BCF3A614FEB8BE974A718E86F7EC99B53CA35FA24F61F2B07266684623A3D4CF073E511F3A10A8FDAFAF0078C577F4DF9D339FE7862E5FA47CF4344
311
209E5BF76D783B1B48E152AD281B15FCB934DCDA49CEC5706B1EE8B460F435324A5CAD154725E21AB8044B75A557A79F6C807B9340AA3D92503E866F4274412926C8C504E4D5EF8C0E68DD0B028781A6B4054F11CF18941F101C57CCC796773ABC8DED9CD91FE5788806C05E548895354AEAC96546D55B0E94A59F148D061F
311
42AA398D822CDECA4CDE79E13469BDCC44FDC990F366BA5978C15F97ED80CBFD73B0CD9B8B83A4F6845BDFBFAF034019473FB9A63BD55D3A4A7284757071574029A4D016DCCBE95DD679EF3C4880BF169422F8C89B68A988D2B13793CAED4F74DE7486C72DC94DF46B8E93D8E02EFCB1FF9B3BA10C8AE7F653DF94F4AF466C
311
DDCEF5776687F7C4C14B63E4EED1719DC2EC482D7DBCC7AE518CDE3D5FF86D39000EC3673C0044E1D308BF05F74D1B5F033A7D1BE7F74BC55BBE3E4A20F920946CA0271EB17BD2B80E5660ACB8A29A79F5E4BBA49D4D945B6EEF4A7EFEAA65E5555BBB57A7E15D2F83C69F30BBB978D2B39F1F26FC097424D39BB33CA3D87A
311
BF64E307938B685BAD44F71556A30B7E712CA4FE600613C3E554B69ADE949A7CFE214DF1FFF05CB82151EC6FC31950239F94CF7AD39DC473F6EA356E5EC2C4EFA04383CEFE985A127484366FBEE3C0EC4FEA363E4F6632AE781392FD45D67B63FB8DF70E82734F431FD3443172A0E30A83D60982D55FA6A2CF86DBA8382502
311
ACC6CDEF3B907982EED1160E14863FA242F9757347E1544275CCDCF71ECD5F8621CBEA326B8BA884AD7F825781923E66971F04010D574C541D8427A438A37EEF8AF88240EED7362C953F5A81DE2D56109CDE2524EA0F5D2F87308C0C47BD97AD605878AB8589E17CA83930CB5E0DCCD75853D68B1AB136594926DE426C3674
311
28E9334AFAFF90ECE221BB5DC9E5BB53D2CDEF954EAA9CD814F0E5725F1965DD458E5F8487683AD86B9D0076BE3EE91EB1CECC5331A67A3F79D8B27587C12EC2A6A70474749F27B4C0BBAFB94B34189E88DC18964BE4121B9137FD516C7755356E50D6714E31ACD222621EBBCD1CFF81D87479056A9DA0E0B8EA19D24CF937
311
DA89F78E8650CCBDC110AAB6C4E46DCBFD0446BA9E2060E81F314AC2031E88135E5476AC0160EF5C0DD2EEF1B8B5CB2D198BE9A554A9093B5F7D7E4B5407DDFCA1D9C152FD97F55BFFFDFE802954DFEC8995B983E28AC92F1971E28F531DC407A1280EB125F64A72E617EFB27DFBCEDCDA2D6F2BDADA36873EE46B9BE17829
311
98C63DA7182BC383FB6FD15DA472B175D7E8B4FC88F38D6E07FEAA3FA3CBB8F6B449ECF14D2175E5C5CCA3A42ABF24CA6C9395AF74535F4DDB38CB84F56614B0FD32D7E19CA5CF988DB4449C40E23DF2B16772594554579094450F56F253CD25EA7F77366FB1CFE79696C428BB64D5A41E986189427E5E4D7E2DAE3D5BB497
311
2B3DC44EAABDDDD63A2264ECFA5C786EB0EE1FDC5BE34FA0F08376869FD1E61EA06CAE15191135445EE8F0394161C3266A596AA035572BB0C8876180D8B9C77D307DF9DCDF7365ABDA6F3A2366436457A4DFC1F259666569A9E4A79C817BDD5610E5200FCE894A358EC72858D50EF67545DA81C6FACE3D457BAF70367E1E6B
311
DD9A952FB4F56247F58F523B97E640246051A72F79BE42FFA0B3187F63097F91C48B868586F714B0EBD5A00A8412C1236E1298F60C72BE6C96B82B404CADAA304AE9F303176B14BA53FBC2D5E86377E35542019E24D97B96A49B2C0E5006E7795954DEAF5DA58958839043C6C70BD3B1B33B6DC5C31316D8A6923F142E26F6
311
711A2258AF977DDF1F970ECC4F1F2B434B96D81BEB6E89BF3BBB3C7C8CC80505070723D6D7D7D3C8CA27CA164A26024FED94B12A86031867241DA53D929636DA600F050BC40CE48B8BA03D69224720DEE2ED2127390BDF5E6EA64527BBD4C4C63FA76BB801FEEC0E61218EC98A8A86CD8313781617877E66692839B9468CF4
311
DB8E50A73986E558E309C0D6F676F921BE02F1185454DC75B111572FF9D27D85EA14C05AD7271225B391C4275659CA4A43759D0BA44639BE4C30A84DB7F67A41399FB95CBF923B1B1672ABC807C1590557FB18D811983FA97F5E609516D62281D38B1281F68FC75528C35E4CD7DF0F7DBB5E5DD69C414EBEA2F4A5B241B996
311
BA77AE6C772E367408C633EA3E438B68563EA8BE7667F3A4C4FDEEA52ABD78A2820F443B7914A15F180018D231E64519C56A12F6CA7C8DAE18F06F6B769DBF92329EF6A5D18FBCE600F36BD8E8198DE5CDAA96181F3A756EBA5501CEE58F497EA4F418A2B82565B9BCC611713C0B708CCA1F398B78C5F7D03B3437CC18F130
311
61F55C7BEDADD5ACB1DB0E36D3CE47FF6EA1A563A57E9649EA5D14D1A50EAA457463381C073777EF1600607BAF6428A7DDC079D47A204EF1E1F1F0589FB054D45E02CE623B3823C317C601E589E22B1E88B448524B86A82828E32345EC18AE17214B42F8C41C6D428016D9BA31DDCB47572561E5A402E5BA4FCE55F78AF726
311
8524AA04130F3A20BA5D1E9F9948EA48FC8F5314FDB35E21898198060034ACE5E3E2BBCA34092518F275190AF65F45867FF0900AA4B81F25427414C372BF51DC29AA855C5428EE1EEDD6B849AD60F6E73475C2D2523F8A2772C840A478DED18A8C5C91B085F255DC4F54EA7AA8947354FD17ECF8FB3B4A0DE7B483CAF3A116
311
5EE05BBA413E5C1FEF3DE1D6B8F2F3F3251C17D9FCAB48A9AAF63AC773A0E413BBC46A9ADF84A566FC920E4D8C52C9769EE3301CADEEEDD92B312E02E2A7E35B7F1E7D203FE5A7D75578B06E99D0E46FFADB8FDA17ED8880390DA29094202D6F645F76F6F96409CDA05495A96E84B04A00D1A6C6C81D7F3DE9376E828CCF14
311
4EE50E364ACCE7237EA0BFB5607ED1AC3CFE73794E5B61739D14DF1743441B1AC98F00ECEDE9E7301FA29755FBEFA68C91EF2B314CF510537EF1ABFC9A762496280B546F5EDAAF8A5B387D469FC9A878A92828C88608453ACEC6094DCA54111E7AD5B2663DFE2DD151B7F123B9F4FEF8EE36AB125FD7AD52A59B1B765B3E3F
311
73E3F73DEA93875004D2AFFE3CDE9493B87A9904DD052028949041A91DC0E1BA47BA714343FD5B25E0A6A09503AFC17C790058A836A324FE31D7893512E28230332F153181C1E018E1124EBE1BA262AA428A518237D1EA7275E48C5C561BD19ED6912EDD8367DA0F31E40EEAE9683DA9257525AEA7B632B97119E17145A902
311
31768A4F3B9120FF32E8319B015E3CBE26F1A754177D8185345817C096B0CE443A955D13AC15E1FB5DEEA0239EC32A3C92241A237B0B02FFCB4F93CF2B02570C8D192E2F2A68CEEB42F12E6F8CEEFF46C251E22B4341C56FB08CCE550E7A9D6F4D6564B9EA52A83D5BF2C6E03FA19D2775E15A8A7ACF30A13C259EE7F5EF2A
311
C3BA354F1500E1A07FC63FB4686E2F12EC69719F9ECF5FE3F35598DF2CE944008CE78F0911BA5BE5D0A34E0098FF038669C26030BA9B300303039852A8F6F496341737CA7E0D2E3AAA36DE0A70AA7D9CA0D54D9AD84B18A44C9E625475E1C97B93BEBB38DCE7D227E67A2D00F531436136355F243D1FC0D712C5765754FA22
311
FCFFAE97919161F46D6E61ACB37D83777B385889770B50765B127768443A5C4D3A4E35A3151111F146B7CA116F918A049F1C272F2CD7976C69A0068773451659A97E0F4A08FE604C3FF6CE7385DB19F4D3ABC8A0D80DA8A42096AC377DB49382B36E270B6FA7570188B4B7D1DDDDA82ACA487CCA5D38BD3BD039ADBAFA4ACF
311
F27809239B722081E2EB9F145320553D183F28471C388BC8814E5045676767AB58A8E72D1CED2CA731379515D2E533E4CF0B39DFC625F97AC4836831A4DE330E87A8126FA17EBE583D614E71E22A8DBF2825599743E0640037303E8E1B1E8EA4E1ABFA4F62907B5E4E0E5DCFDAB417C36C6848A2B8D15F1E505434C0707E16
311
B1CFC2A1C36A42BBF55734F8F4301DDC2A5110CEE8C0747F69519265012A2174BF4E955ECD4FDE095A3ABC70536B7AD0B9D7892F81287D667C108703C9B66A221E9A0929D030008F77FF6F5D2108EF5706FC87A3069B976F7C9FC3239D13D283CDEA83597461079FEEE049B0F392889898B7D87D31F8D60ED7B56B91823A8E
311
4EDDB36C6172ECEE42BD42B12CD67994FA0F0DFAE9389356F4CD4425A4B8AA55CBF7ECD585C6A2C2316791E43D5C06841ADBB226A87FD61515FFBB0167B74E56BD7F3E90A57A97FEDCBDF483A0D6699A8C0849CAEB4947FAA90D8E332D9DEBD9F4738C37DA0CAF9CF3DAA68BCB67C420459C7A64498D6E848E5CADE92BB690
311
1F607AA331104A67F7CD650EE169B1DAE94D2C31C2F993632259B6957E246EFE4C5481107B07118607700040E5812A2A2A38DA0076875258C753F60E0F2662C748EDD5F3F3686B8FC3BD6FE631ECCAA1E8B1C1E565AD117E54893E79F4672E32F9E46B2A183DFDCF3EECB4D4D077DBEA0DA254D256045109670050129E9B9B
311
1A9E4A11344D61497A992778095151510C4BB7EF2009B63AA4360635312E4CF668B7E0D3D85A8688E2BD83B569439892ADB63461930D428E0DE42E4AC57CE48DA5CC1449530D8BD3D6A0F08DF20C8E8F570F2CFFFCEA286E30969B4654D498A58D9DA782E19FE3F002181838925592C4A1EF0B332D88B61A92C644547BED49
311
0D3A42CFFAB70E36D961F694F6307F72FF15A1C79D5B1B5CEFD353D9E2B52566DEC8F8F09CB3E8359C0F68EBBB7898243E34E12A015B2685AB303C04D3A9E00671FF3DFF0A184E4A2ABEB2B666AF5B3A209C73D8EF29DCDB069C9F391EEE9DD0F74C7BCDE16F8F02E3B8816122BBEB50665775B600549D8BB33A54A6BF940C
311
028118BC6878C79958D6784F9DEAA6E26748386FFAF8D0D0101E2847B6563F5D8DC1D78F787BE00E2C941AE12148D4A81599FE8F68D4DA5CDED75530ADE138240300EE13B0FC13A1687FED6774662C05A2B7DFB186732F0D7A93545D8B0A6390AE5054D9CB582DA846D7A061B3358B45E2B52DDE63E114397EDB7E09233A57
311
9155D795BE76102CF277F4DF8B188C4F2879BEAE3C08347124BF9ED23B128259FE107D31E34A652F090B30B39E0D9AF917B76A2806135621A8A60681F16AF216514BBD02711585B5B1AE823F4B2D0369EA5B6BCB863072727FFC871CA6C9AB79A814D989057E9470A3D238BC87CBB4A0EA49AFE2B86F22E499793CAA904708
311
0450166BDC357524561E258C77CB697F1ABB32562CF87C3B7AA12F911EF19FB3E5C02222E887D08202A60A17151F5E053A86B437771088B4FEE14D652C43E8D939995D34545E12E2FF93D4E366EAD25F10CB7DED141563C3D0C447AF06078A91135FD4B9611583CB4BF3BD167F2399CEAB0E0100F8FFC305F00F1711717173
311
138B4B48C83022295DE657EFEDD97F238ECA80F528AFB4F8D67AD4E2594B9A3AA86D7487EFC313BA95745C186F0CDD84CC12DC9CB0424B42203D351FD9C0A3AF10CC7F388E0329279087386421F194F4A29464C1DEF7EF8BE515E4A199DCD5B909342598D8FE6A231F71336248D5CEC5454455C7BE383B3BC7B260FED27F70
311
3FDC39A170F3827239102F59D4DEE7FEF82EAA1A5E4BA94DCC4CC44E7E2EDE20F24244E4454369D2E87C3F823F193FD4FD27E1C23984B01898D15ABC20711A8A558054951A6AE280096BA36CBA439603B7B0B4C45F248C14B2383B4B5CD8ECECE4FF859AD4A6CA2326D020EF090F4041D28DB66E5256B56232CC52829DE806
311
0BAE6BBF37D4B7469B822454FE93210A3E8D15E69FFCF01123222611C51C4FD0A041A0CFA2471CF6BE38D2B20FA4C3525B5B8B586759475CF80ADFE67A284AC24651E52B8E683D24C2622642F27E7C3C22783BCF63648BC398BD6CD0D9C97E7E7E3EACB6126DB7A6C1FD9F1031302EE67ED96F22B77C7CA0239BB324207559
311
B105E4693EB26EC46182A92C9C0DBD24F29B31C5C5AC1F84300E0E17CEEAC15F5736FA4A98971E2F1423BFCD68D4BBD5F86E74B40A369F39507C88FCDB35D2DD8DEBEA4AF999E23CF2816D204200DF6E611781B9884C1AC8888B4DE397320472959434323A5A36B22A8E1F721A270DF3BD65E4A31C11FF048AFB0D8B7B6881
311
423793963A23CFCE935FC189ED36FAE35C46DA3574C979E4394BE52084F3081837BE033396D2EBD80F1F691B273F660D2B32FA27A33B1DE4ADA5F0FA4651511102DFA410DDA86E065272CA314D5249DF91B06BB92807B28EFD54F08F7B525252782CD276DD02E6B0319B13DF87B1F6361AD6B28FC0D711CF445429B9E5A433
311
CD493051C49A9E03DDB1B147D880253514A5DED88009018620EE229101C041950E2D8AA8E1F5F5438E0C0C0C60EEDEE9E3E0C051948C69F84BB7B2A48A1F3C8EB9E6864687F4F4F6F6E2FA87608ADAF9C5E117B7C1A737E710769DA1D15ECE6A84502AA855398712D5FB51BE92E4EF824969CE18278798AC303C2C7980DD25
311
00ADF8FB1E6D6C2FAAFF9987178923334A244758BAA01A9A1B70FA5097D01E1CC2A58DAD0EC94CE6430AA9B0C10D75E3C6BAC670EFBADEE1607739CE0FC18A2587E3EC3058562014C64219C69BC269082D5C2F4A659278D585755912176D78A1B641719C2A394CED495A1AC5D583FD2F5EDD93308EA7EAE8A6DD396598BDBD
311
3D4CFED62D18A5BDFDE0DD5C80D1A89BA62697B131AE7CE9A6594138582F1B37D68F1749AC7CB67A70695D48A4A056AC1FBD4E82358CEAE38F54B95A9016F9000F9879C0D9D131768635CA798895F27D6F1614F11F2838A83611AA51C9A3DDB539D42979C29F10465655C17BEC3E2760B80DCBF609198C7B171A531905F3EC
311
218D696025975E986C6B4C666666787271F202805577DD5A3EF0CAFAF91B62DC4B2DB4217A7606282F31D8DDBC290593BAA93EA6353AFA9939B877978481E15CFC9F2755CDC00C538F63A4BA3E80AE009B73CA0185687D339A507D165B74290D6EE46D5C58148F020C3668ABE9EF2F7549170DC80DB41FFC1D678FF19AEB10
311
C7133832B104B80F691B3138F97A92D26E551F1F110400D45AC71A9B9AC41A1A1B1DAEED0B0810638EFFB511D46B121C6FEA0F38CD00E03CFFEB9713FE1F9C263E4DDEC160D0497FA9A132BA608584057FB15380825DE6C7FC3C667EE947D488A09898D8E939C4953BF4EC9836344D2CC6B2971B2A21A572B06096F4982D2C
311
C7232D46E8EA69DC83722E267754D777F97F96D5DA74E1E75178084D0E70F12AD33E5F71EF2AFA599B2BEBF60A5BE475F444F240CBFE8143C334E7ED9150FEEFEF7EB020C4DBED388DD1D6A167A76F3CBF119B578AE8CFA7736ACAFA4440A1C47185638A0D2F3EB5BDDEFDA958FB13CE4AA4923D5BF840392D455443295257
311
49734866684BF7F8D9D54D892E19BCA9F829A0F8BFCBEEA6CFDFC61D74EA1A645ED7A1FF241739F15694BD835B66FEC5677E40FE69BD3F91AE402F036537218A401CB0828604AD189E575015C6F3F6BBC8AC79CF6C70653847254B31551EFCBEB5978B9DB85D58D0FA41A9DFE9C624834AA04949D24B5AE6D299E072D152D1
311
2097920F14AA92C31C3B97E28B6C2E6E9C23D63043ECBBC0A60FDF5BD0C33C127EA8A3308B8B6AFFEB28B4455BF6E7AF4FC6222728357EB8E46E85053E6A8843AB23295BF838ABDA94658FEF3F832F147046B4ACD6F7D48E8FCC9618582961C898D1C7A253C91BFECBDA6BA18A1FCF70755DCCEE2222F41B76D23CA98D0CB3
311
D95F0CF66D57FFF65E2A90F5DF40FC3187621E981BD0BC1D992787212688976B94A8F0C6EF646624B570B78E068826F87CE27041A95C9A4871FF65CC17FCB1639629AD6A9517000D63AC231F3D741CB8430777E7ECF80CE7A3F73C0F162F7E56AA71F4DA80A33CD6ACEE78E2C11FAC03DAFCE929B106F8F6B3ED2DC71FF994
311
BD9CEF4E9A94896EF1B6E2B7B4978168BCF0847A3D2A4F1B0500B926E634B174548E9FBAD27153FB5FC36799B1E6C7C38A94E1F9E996796D7B485E635D5287A2AE76FBD11A341DB3F8F810385BB7296391973DC6C37C452A9305AEBBE0CDB6C566DB59FE60C8E94B1FD090354BF51439FFD1B48D725228FFA88C84F686F547
311
107A7A235665A4593B7C34D748C1AC8D56DD5DA861EEFBADDECBBD65117E65851F90351AEB65F0EFCFF4BCFEF24CB7A5879699FAC437A7AF9099186CF006BB923A59E37D7A36A29FD8D2CBB914A5E9D0A8FD212FBF796AE9A67958FF1D5D8B85F78F96219D4714EB919929241B6C018AAE0C02069F8D919961EC5DDFBFB757
311
3E3AC8E08BFB7C8534BE6DE045B3CD63DBD71F7638BA2309CAE398EA3A7D8F98BBBC7AEB367EFA5CFA27A9F8F2F52FE878058E6209C026453F8E7E8A237DFC389E9590F6059B397CFD65183BBF936E86896612A5B5FEE49DAC8455D026218AFEBEC12B3523A45B57B82C9C97E02ACFA1184DB18E48CF615DBF39C3CC6F0B4A
311
E6BBEEA2E39D944E290302FA3DE33FA7E40296E2EF7BF1CD855BBECFAD0FD622BEE9746FC4FDFDE545AE6E3BC234CADF83A0FB76DFB145BF3828AE3436368AC24989454F8FF70A177672C711CAA1A76107218CF948CA01F873520E7A2B118EBB161ABAD432932029628B6761590C98AB590C8C8C79798CE9F715BA696E839E
311
9131A4BB68BE923F1747FBFF165331FFDD4D05997ACD168F12CA75348DAC04C7F509FE83898A8B421181AF492861CE81E4A2DD0A30850CFA95E05F097FF70F9E777310D584A75BA7018922E271DAB1D785671157685B7D383D3E074DDB4F1E44EF04B07BAAC75A062077C54B9752C738C9D804D402E02851F3F89605AF1897
311
38C18C021D2139EAF72513824E10DDD3047BACC8521ED7E98B257D1166903B1B08FA6F918FD7E162913FEC7D0EF4787E29C35FBA8C6E2C9C20E9AB30AE42CA2A01A090E7D010C1B5BF9CEE2A304BF3A987FB40D836979B79E18D70F257DA61E808472DD85B82761825779D6B90CAEB0F23360C6F80A7D7D77545E95B3DFF0C
311
F96A827F9B5BCECD2C9698718417EF80FEEDEE938AFF55859D0D540B7FE09435583A6F04874A0C7E8CF234DF4879722000167F5872CEC6BF3EF7E5A8CC8121E6A359227C8A29C95212F9F735BC72A887D56B8F309FC525BFB4FD767AAEC4AEFF249CFBBD2DE1AB9969A6155C7D8DABC307E47324C1F916C7BCFF40ABA5644E
311
9FFB9238D19ADADA49D9610F01ABBA57E4DFCBDCCBB2B93C8953206C91DE01B0E2651A6D6C31721915B31F7B7CBCE55466F6D70402788FA91D73BE4ADCBA99A35F17D6B83383704917D6833F0FA3CD45C926ADB8BC17999A4A0AFBCE2541F7B8CF4C2F5FBA611B3E626D64407CB32C122DFF4EF8674D6EDBB86C8F7C6A16D5
311
0FA685E2CCA34F8F7D1D8265BB0042E9D7F1F666F7BE5FAA5184DF58E12122A42EF02F461B3F369AC746F96528AD208512AB56844CF75B97F352DF7995024FB02855385854F3798670D01CAC771AC3E1889EC25F61A20C1F8CAB46898817F9C47E2CDA1F286BF2F358298709FE567C91133E2638C8B53975E753EA8BFD3578
311
B5F7186B7BF084EBA3F77BAC3132A5779902EC22AF2D2E79F42D324E083386DAEE9810D1B44A5DAA54513C7A71E52A4AB9257D975B621308FE4D2141CC3DCFE946C154A3C1DFCCA7629EC69ACFA831634ADDA93C0388D2A9A2DDAFCF957C6995BCE7FBB6DC4EBAE79E63EB08E9A25F52F67076F7093CA545CA3053B5BF576D
311
EAD4E0017143C5F759F32B2D6F145B52B67B48909B7C7FCA6586EE385A2189C16932CB6DDFD9152AE317C430492A578ED27B72D85D40C7C93C097939E1B50F4D67F05334FE9DC362C30B7FF561B95259138ECFD9274C8D695C31B14D4EAA9F3D7FA8DDF652F8C5DEFA23284C799B7D94416DEE81E05A866302DC70192A5368
311
EA65E1CED8BF107A1E2D3119A71E85DC1A7B0C1E93274CE04DD0F2ABC8AC7C987FDB002B6F81757B43502EF7A0D92E416494FAEEA4C9C090CD9557AA4D532F4996A272B94355C5A0E4974EEA9627476F30809B94D8D8D860062E02204643BEC7D0438AF800FC7E2B26955D595421E83C69E1A07E0E3122285835F014AD5381
311
88CF9737CE76D464A353FA55A001AB2526B84E985083693BC76FE211CA1D000679C889E3C009832C87E1AC2EDD05C302557422DF0800E316FCAC86978A371F025A6C7DAA9F333E7BD160403A1A06EA75AA9888FF01504B03041400060808002E5FBC4828BB58AF800100009E0500003D00000043303531323738392D313230
311
312D343332332D383841412D4241393230453533313735382F536368656D61732F436F6D6D6F6E536368656D612E786D6CBD544D4FC23018BEFB2B96DE15493C78601010A34B880709DEDFB52FD0D8B54BD70DF6EFED3AC0B12E6442E2716BFB3CEFF3D18E26FB440405EA8C2B1992E1C323095052C5B8DC842437EBFB6732
311
19DF8DA659866649B798C078B48AE6410122242F2A4994AC7F93815DF85C049C8564CA0A901499DD886B2EB9B1E02448F358701A9235880C49A0119892A20C89D1B9FD768815CAD268CB5E0355B40B1E47F3E37A2020464BED06AA57CE8FCC20C3C3446D46761A2632A8C1283D07031EFF2AE7CCB1BFEEE916E406DFAC8E36
311
FFD99A9D60A6944090EEDC3B670C7DC13DE86B6B2C5C240D6E503BB85ACD579D513F1B9F9A69DC9CC22AFA80C426D40AF0B21EA168559156B6276F0F726A6BFF04DCD513A87A62CAD41FB24FCB2858B3952E3D852084DA25B9303C15687973CC8E8AAE11DF2836C38C6A9E765E8C1BA1BFB1DC29CDFE518C8B5A7655A4ED7E
311
77291ABEB80DBD82EC866ADE1B8D05AF9E35CF09D7A061F38A986D9EC412B8F0F65E5D81534D9B231D1E5A8FE577A241F3A5FD01504B03041400060808002E5FBC482CCEBD668A040000E01200003E00000043303531323738392D313230312D343332332D383841412D4241393230453533313735382F536368656D61732F
311
47656E65726963536368656D612E786D6CD5586D6FDB380CFE7EBF42F0F7A649B70E1B90744856B4970F450FCD7A5F05459613EDE4174872DADCAF3F522F8ED3B88D2F1D06AC4050DBA2493EE4438AF2F8EB73AEC8466823CB62928C06C384888297A92C5693A4B6D9D9E7E4EBD51FE3A931C22EF85AE4EC6AFC38BF261BA6
311
26C9AD288496DC3F4FCEAFC63366845F7A10452AF41DB320C0D44EC26EAB20918735565582695670811A6A49643A49A6E9069FA4604A64B29016DC4B48552F95E4932463CA888468C1D2B250DB4962750DF7CE273069CE8363F1FF4EDB00E0A21999574AE4A2B00C353B93F3BD4777B8A61ED8F604ABFEDD79CE56A2B7BDFB
311
DBC50996E0ADDE16FED26223C5D30956C29BDF4A55EA686E5E58B112DA45CE67F76F4FA27EFA3FB672FD7372FC388FAECDCA5209E693CAD167BADCD272F943701B3812F8A3D852008B1D2E32DB927B2F833C6EA95879925356D254582695095A3CE982924720BE5774A3CB9CDCDB350427D2DF20DA1B5532EBE2D5D6288D75
311
D4F7E4FD9890A0EF8E3D93EBB8F8BA4758158EF6FB90A6F9520281C93DE7AAC6D24607DA296BB96018123F821A7D6A5C5884050C475DA4865442732C8B95684A50165CBB3A32F25F783A4A480ED59AD7F924B968AEA50131F46303223E6A397B0E52976030DC1DCA81D7E7C1EDEEA42C19FF27635C505E2BD5198A599020DF
311
50A2330FCB3AAF28CB0124108429553EF1B228802E2265D8F7CC2401042B155BCC7070F1E5C55F13B4A9577362CCCE46C32174E010C3C378C44841A4BDA00FE3A12006CE11EE6AEC59894D3526DDE1CD59D503ECC324017F8061B7F162162FA62EDD81AE3308617770796DCBDAD2B2625C5AE8A63DE20B2C8AA5E95E76E573
311
0823955956E33E705425A2187C185D36489A1B44D3DCEC2172F6BA2105C3546287A7194B2331768EBBE64F6E70A9930ABE0ADEA89E9E2C38523B810287AD67A54A039C1606EAFE68F8304610BB9093DBDDABC0B2AE4E290DCDA15376D7E39F72B556F0B32EAB5D3D498B4C41ABADEC3A1434C422D87E8025A84BDCB2B1417E
311
D750FAE4DA8976863974C577C7F902D3F156AD354DEA3540DE6BEAE2BEA52F7A2EB4CA43802ECE5BF2CE2EDC9347179FFB023CE412E60BE16DA0BE29B374988A553F561DC04615DD35F7D2C8979F60E5955CE93DF29DED8AFA1EE6642D53418086C03C47C377910F75F7E8F5EF665F70B60FFB22AEDF897D119E8423C773E8
311
19A3C1E55E550599EE6EDCA34D0C86FD72057DF2CD46F16A470682471C164E4346D5306BF12D7D12D82CFF673D41636C347443FEB51B50D72EA171A8E4A58623A4A16E0FA2B8B10A0D23268D87C33896EE8FB73305A74BF224EDBADFA0BD674AB354D63DB7BD5D83426761C077DE767728235446A552754EB93B755891C3C4
311
CC6CADE37CF0E912A7BB38DBA010F9DE1282EDF470CA69A9CDA482E334C4A6EA4107987980B17E72F31730EBF88BBD39E7C629F56797A3C0009C2C5AE7951D9A05A02773440F02EEB4DE396A3B6A570C72CCFBCD823B0B8ED3F1D5CEDDFED772FA70236C83FB7D86C385D570B87107535572A60A96035F8F7C6A7192F13007
311
246BBE0521855E6AC46F3E27689CEE7D186A6FD679D98CDCAD13333E04EBE7ED6F55FF01504B03041400060808002E5FBC486180134D5F0100006B0300004500000043303531323738392D313230312D343332332D383841412D4241393230453533313735382F536368656D61732F52656E6465724D6174657269616C5363
311
68656D612E786D6CA5934D6FC2300C86EFFB1551EEE343DBA41D1A103009551ADAD40EAE28A4A68D9426284961FCFBE5A340113B2071746D3F765EBF4DC6BFB5407BD0862B49F0B037C0082453059725C18DDD3EBFE3F1E829991803366715D474942CD30FB4A782E00C64017A412D684E454CE3FE28995203B162A6EA5AC9
311
4B66997D225E109CD63B0135484BAD1B3C07E9080CA35DB3119C11BCA5C200461A68A1A438126C75E3E230D40FF81FB3F03C91D1E3A3A0AF79FE28E25BC39EC3E17E4C2A2D94A0833A51AF55BCCA7D88572FCBAC529C4140B020FC3AAFA886621DCED7EAD7664CC86024E806DC297DA1BB393E4156543457A4537DB8817349
311
A70F8ACBF09B3EEE2CB2F33E91B65D60786E4E3B39B77E3FEEEF5650424525DA657FB8B46BE6BF064646F0A0F7327C0BC1BC1B4CBBC1C419FA3CCB23500007872A2580CAAE5461865565294E4EDB4617B62FF579DF9A5B2F54E834076A597573A020912FED777F9B3F504B03041400060808002E5FBC481875454A51000000
311
570000004700000043303531323738392D313230312D343332332D383841412D4241393230453533313735382F4173736574446174612F41737365745461626C654F66436F6E74656E74732E62696E536160607036317571733333D435313073D535313672D275343137D63534B33435723237733334311102AACB4D2C492D
311
CA4CCC492C28484D2C4ACC4B4E050A82012F90744FCD03CA26072767A4E6260200504B03041400060808002E5FBC48F865834058000000680000004500000043303531323738392D313230312D343332332D383841412D4241393230453533313735382F4173736574446174612F53747265616D56657273696F6E5461626C
311
652E696E66558CBD0A80300C06F73E4B117FB66E451741D041DC5BF98480A492E4FDD18EAEC7DD4555D89EF28DF51A0B1BD8340C4DE7DD848B988C0ACF0649566493F2408C508DDEBB99D5129FF8F1AF8CF5B9503E20FAE5A16B5AF702504B03041400060808002E5FBC4860AAFC4537010000A20400003600000043303531
311
323738392D313230312D343332332D383841412D4241393230453533313735382F4173736574446174612F636E782E786D6CCD94314FC3301085FF4A6489317612A95090E30AC1D209242A06B6AB7329561D3BB22F08FE3D769B0154C4D4A1EBE9BBBBE727BF93ABCFC1161F18A2F1AE6535AF58814EFBCEB85DCB26EACB25
311
2B564A06EFE907C60A0703B62C979992BBE0A7712E75D8C36473D51AB79F8BF731226D606BF1A97FF08ED0516485B61063CBA27EC701384CE43B8C7BDE0101AF79C0E8A7A0314D2233E03C490704C28EA9A6AAAFCB6A5136CB4D5DDF2D6EEE9ADB372932A9E4D67B3BF3262D0B7EBC6A2A7DDCCB54254506949C8299A9FC1A
311
A6FE52C9B7C6499148252385E4CADC415F63EA8071B4460325F384D7845426086190E2082B29B20BBFBC78C4DE38935BD6491A900FCF4920063278819EFCA7F6FCDEAC5D24701A2FD991538DE7F7E1E5F08B5E8FB13CE4E6F2D272AA911BD79F212BE2704E5274F27551DF504B03041400060808002E5FBC486B217528E800
311
0000600100006700000043303531323738392D313230312D343332332D383841412D4241393230453533313735382F5265736F75726365732F43343544464636312D343036452D343332422D413437332D3136393532423736463134342F7468756D626E61696C2F302F636E782E786D6C4D90C16EC32010447FC542EAD1C6
311
B694368DD6E42772EA25A278E3A26016C152B57F1F6839E434ABD9A7D5CEC0F96777DD37C664C92F621A46D1A137B45ABF2D22F3AD3F8AEEAC2012F113263AAF775C44B585822D520ECD5AF1A6B3ABAEB3FEDECC0D3D466BAEC16FA2334EA7B48864BE70D783CE4C2BA6FBB06AD6C334444C94A3C17280ED8EED8089A81957
311
A1E6717AEDC7433F1F2FD3743ABC9DE6F70F909554F049E41A6F3D63A4F0328F86CAE8CB3F23C80A28C8D136AA8610EAE9399065A920712CF91BC4BFA1403A04678DE6529324C3C87D8150EF20FF6105B2E62DF25746D1DA8D7A00504B03041400060808002E5FBC48A233C2345D0000008000000065000000433035313237
311
38392D313230312D343332332D383841412D4241393230453533313735382F5265736F75726365732F43343544464636312D343036452D343332422D413437332D3136393532423736463134342F7468756D626E61696C2F636E782E786D6C4D8B490E80201004BF42E6EE76F3C0F216234B883063108CCF170C074F95AE54
311
73F5C4C06E932E4F28601967600677D21E9D8092EDB002539227A2FCCB80E1168D80A6417297A89C5D6963B7129A0D1E8F2EE73AA7B62BBEB8B27DE50B504B03041400060808002E5FBC48BE89762363000000880000005B00000043303531323738392D313230312D343332332D383841412D424139323045353331373538
311
2F5265736F75726365732F43343544464636312D343036452D343332422D413437332D3136393532423736463134342F636E782E786D6C4DCC3B0E80201004D0AB90EDFD75167CCE820A4A845D83603CBE602CAC26799919AEEEE0D965E2E908050C6D0FCCE04C8BC355404EB6198129C92351FAD580A10E464065907C8D94
311
8F8F166375F655BDC3FDC3B4E530A176BE7057BDC43B2A593FE403504B03041400060808002E5FBC482E8D50E77F000000A30000003600000043303531323738392D313230312D343332332D383841412D4241393230453533313735382F5265736F75726365732F636E782E786D6C4D8CD10E822018465F85FDF794E82FD6
311
06B8AC7C0F97E898088DA4F5F841F3A2AB6F3BFBCE11ED67B5E4ADC3CB7827811D0A20DA3DFC68DC2C216E133D01699508DE6F7F37206E58B5848C418939F8F8DCD1A8A721DA4CAD71CB0EAF58DFFA9E338A05BF53ACCA8E5EB0A928E3E7BAEC1ADE33C4641CB392E6D74B9BF3EA0B504B03041400060808002E5FBC48A00D
311
D7F20C010000550300003400000043303531323738392D313230312D343332332D383841412D4241393230453533313735382F536368656D61732F636E782E786D6CCD93CD4E032114855F6542E2726066926A6D18BA70E1CA8DBA728770DB920277C28FD1B7172A8B3671A78BEEE0E4CBCD39072EDF7E3ADB7D408806FD4C
311
463A900EBC426DFC7E2639EDFA35E9B68207C4748691CE4B0733A932117C1F302F4DD2B093D956D51A7F6CE2033A87FE451DC049D2292B639C493C5DA9CC0935C423D532493AD200117350502624E3A04D500164024DC4348CB7FDB0EAA7F5EB386E56779BE9FE8DB34A0AFE8E681B6F7C8280CBCD34282C475F0C0D9C5540
311
F01C4CA36A0A22CEDDD1D2076785103CA6505A6864FA5A0A2997C51A2553298B9DC01F467056C35E447E040FC1A86BCD7C61EFDF423F83D7109ECA4B0523EDB566FFCDE5DF2A60A70D28DFA02E84F806504B03041400060808002E5FBC48E3603EBE7A000000C20000002C00000043303531323738392D313230312D343332
311
332D383841412D4241393230453533313735382F636E782E786D6C6DCD410EC2201085E1AB90D9DBEACE05D09878023D01A1D34A8419C380F1F82DA68B9AB8FDFEC93C3D7C52546FCC12980C9CBA232824CF63A0D9402DD3E10C6AB03A3397DD192872090D3406ABE7CCF5B5D18893ABB1690CF4DCF02282E5EA8A5BB96FFE
311
536F285CB347F95BEFFE81C9ED5AFF9D5B1FB575BB00504B03041400060808002E5FBC48C0852F197D000000A300000007000000636E782E786D6C4D8CDF0AC2201C465F457EF7967F92395087450F329A1B92D361337AFC3476D1D50787EF1C357CD680DE2EBF7C8A1AE8890072F191261F170D659FB10434189553DAFF6E
311
80E2B83A0D0D83514B4E653BD0E4E6B18446838FCF03DE88A0AC933DA68C507CE18C6329ADC557DB3372179C764256E3DC943ABF5EDD96375F504B03041400060808002E5FBC48CA1DF9C9A900000073010000130000005B436F6E74656E745F54797065735D2E786D6CA590410EC2300C04BF12E5DEBA70400835E500FC80
311
0F84E0B411AD13252E2ABF27A55740421CEDDDD9B55CEFA7A117778CC979527255565220197F75D42A39B22DB652EC9BFAFC089844F65252B2630E3B80643A1C742A7D40CA8AF571D09CC7D842D0E6A65B8475556DC07862242E78CE904D7D44ABC79EC569CAEBA537E3521C16DF5CA5A40EA17746733E0B6615DE7217475F
311
386F18B9481C510F1F021CD9FF027EA0E1F5C4E609504B03041400060808002E5FBC483DEE336E64000000790000001B0000006175746F6465736B2D64657369676E2D7061636B6167652E786D6C35CBC10E83200C00D05F21DCA56CA76D41FC96062B120735B69A7DBE268BB7777961F8D5AF396893C2ADB70FE7ADA19678
311
2C2DF776D7A97B5933C430F15651E5469C55D70F80A4992A3ADC954792C525AE70A1E4D6AD9816CC044FEFDF01FE3FDE907802504B03041400060808002E5FBC4835FDDA82F9000000960100003700000043303531323738392D313230312D343332332D383841412D4241393230453533313735382F417373657444617461
311
2F636F72652E786D6C8550CB6E833010FC15B47703860021328E80345FD0536F9671889560233FAA7E7EED40A5F6D4D3DAB333B3BB43CE5FCB33F914C64AAD3AC0690E89505C4F52CD1D7877434748CE9418ADDD2F1A248A2DA283080325B3D17EDD21AE95132AA24A4F620799B5C241C29FE1D181E577B1B094791718F691
311
AE8C3FD82C529C6E3C4ABC97D32E9553709337290CD0B7EA90F7CD58A372E82B7468738C86F2D2A0EB5017E335FCDB6124591453E2E4F2339D1BC19C98801639AE515EA1E2F88EF1A96A4E45FB41B2C8A4C43A136EDE87C6EB80F671EB0B738C645BF78FAB5FA7FF5DBD54AE2C76D74D6181E2B0E4AB414916530AE51561A8
311
3151FA0D504B03041400060808002E5FBC487E1C27AAF40000008E0100006800000043303531323738392D313230312D343332332D383841412D4241393230453533313735382F5265736F75726365732F43343544464636312D343036452D343332422D413437332D3136393532423736463134342F7468756D626E61696C
311
2F302F636F72652E786D6C8550CB6E833010FC15B477830D0142641C05DA7C414FBD59C6A156828DFCA8FAF9B50395DA534FBB3B9E99F50E3D7F2D8FEC535AA78CEE81E41832A98599949E7B08FE868E909D19B5C6F85F34C8345F640F090646676BC2BA43C2682F7542B599E40E72E7A4874C3C62D383131F72E1390F3E32
311
DC3D5FB9B8F359E624DF788C86A0A65DAAA6E8A66E4A5A60AFF5015FDAB141D570A9D1A1C3040DD54B8BAE43538ED73877C3488B2466D4ABE567BBB0927B39012B316910AE51797C23E454B7A7B27BA7456232EABC8D37EF4BD375C0302D36F48F5B58A7FFDD82D2BE2A77B74DE18091F8B9E703A3454A27966774B1A624D9
311
37504B03041400060808002E5FBC485533EB80FA000000960100006600000043303531323738392D313230312D343332332D383841412D4241393230453533313735382F5265736F75726365732F43343544464636312D343036452D343332422D413437332D3136393532423736463134342F7468756D626E61696C2F636F
311
72652E786D6C8550CB6E833010FC15B47703860021328E026DBEA0A7DE5CEC102B60233FAA7E7EED40A5F6D4D3DAB333B3BB43CE5FCB9C7C0A63A5561DE0348744A85173A9A60EBCBBA12324674A8CD6EE170D12C516D141848192C968BFEED0A895132AA24A73B183CC5AE12019E7F0E8C08E77B1B094791718F691AE6C7C
311
B049A438DD7894782FF92E953CB8C99B1406E86B75C82FCD50A3B2BF54E8D0E618F5E54B83AE7D5D0CD7F06FFB8164514C8993CBCFF4D108E604075AE4B84679858AE31BC6A7AA3915ED3BC9229312EB4CB8791F1AAF03EAEE7EF9504CCE24DBBA7F5CFDCAFF77F552B9B2D85D3785058AC392CF0625594C29946784A1C644
311
E937504B03041400060808002E5FBC483C5BC93E0E010000B10100005C00000043303531323738392D313230312D343332332D383841412D4241393230453533313735382F5265736F75726365732F43343544464636312D343036452D343332422D413437332D3136393532423736463134342F636F72652E786D6C855041
311
6EC32010FC8AB5776C83318E234C143BF10B7AEA0DD9244589213250F5F985C495DA534FBB3BCCECB0C30F5FCB3DFB54ABD3D67480F3123265263B6B73ED20F80BDA4176107CB5D6FFA24166E4A23A4830087E5D6D786CD0648D5726A1C6CE6A03A573CA4336DD63D3819B3ED42273197C64B85BFE90D34D5E558EF3174FF0
311
10F4BC49F51CB7E98B562B88734DCB63333054F5C71AD1B6C4A8AF4E0D1A7B468631CE6D3FF0228905F77AF9719F5625BD9A4190123354D688ECDE30DED7CD9EB4EFBC484CC19D5FE3CD9B69BA0EC440EBD338328C68C9CE8856A44747DA5408B3B6267DC3464C292F5EC23F86E131FF6F18B4F115D90C5F0A0702C7FF3F1F
311
042F5280B13CD38D35852DBE01504B03041400060808002E5FBC48A1A1BDDFFB000000960100003700000043303531323738392D313230312D343332332D383841412D4241393230453533313735382F5265736F75726365732F636F72652E786D6C8550CB6EC23010FC9568EF4EE2400820C788D0F201554FBD59F6122C88
311
8DFCA8FAF9B5492AB5A79ED69E9D99DD1D76F89AEEC5273AAFADE98196351468A455DA8C3DC470215B280E9C396BC32F1A14464CD8438681B3D1D9F85820694D40935163152EA0F01E0314F29E1E3D7879C549942286C4F0B7F221E44D8C58D272E67116A3568B54ABE4A62F1A1DF0D7765D1FBBD386AC86634BD6BB9A9261
311
F5D291F3B0694EE7F4DF0D2756653167414F3FD3A5431150016F6ABA21754B9AED3BA5FBB6DB37BB0F566526673EB874F332345F07FC0DBD8D4EA267D5DCFDE31A1FEA7FD7A84D58358BEBACF0C0695AF2D9E0ACCA29A5F28C30D59C28FF06504B03041400060808002E5FBC48F82E3E6EF800000094010000350000004330
311
3531323738392D313230312D343332332D383841412D4241393230453533313735382F536368656D61732F636F72652E786D6C8550CB6E833010FC15B47703860021328E026D7EA03DF5666187580936F2A3EAE7D7062AB5A79ED69E9D99DD1D72FE9A9FC9A730566AD5014E7348841A35976AEAC0BB1B3A4272A6C468ED7E
311
D120516C161D441828998CF6CB0E8D5A39A122AA34173BC8AC150E92F1191E1DD8F12E669632EF02C33ED2858D0F368914A71B8F12EF25DFA59207377993C2007DAD0EF9A5196A54F6970A1DDA1CA3BE7C69D0B5AF8BE11AFE6D3F902C8A297172FE993E1AC19CE0408B1CD728AF50717CC7F85435A7A2FD20596452629D09
311
37EF43E37540DFD63D2DC9B6DE1F4FBFF0FF3DBD54AE2C76CF4D6181E2B0E2DAA0248B1985B206186ACC937E03504B03041400060808002E5FBC48241782C1FF000000D80100002D00000043303531323738392D313230312D343332332D383841412D4241393230453533313735382F636F72652E786D6C9591C14EC42010
311
865F8570A72DD45A7643D954E31B78F28630DB25BB8506A8F1F1055B93F5A627C8CFF7CFF0CF88D3E77C431F10A2F56EC0B46A3002A7BDB16E1AF09ACE8463749222789FEE308C9C9A61C045C6524CC1AFCB2E69EF12B8A23A6F6017558C9030D2B77C1970D4179855A5D6948978AD16A5AF6A828A561B2745B2F38F550750
311
090C96ACA18FA4E908E3AF941EBBFEC80E6FA22EA414AB75A9657B3398DFC120BFA41C29DBA8A8B7E78CADD6EC9035F993F66C2160F9DC7494F5FC4068EE411E5AD612CEC7913C8D07D6BC742DED3B9E8B64B31431853C9ABD4819C25FED9BF157B47531FF8CB639229677A1EA326729EAEF25E4B3EC447E01504B03041400
311
060808002E5FBC48B3A7D2FF08010000B201000008000000636F72652E786D6C8D50C172832010FD1566EFA868D4248364A26DBEA0A7DEA810C344C101CCB47F5F8876A6BDF5B4F0DEDB7D6F979E3EA7113DA475CAE80648920192BA3742E9A181C55FF11ED089516B8CFF2503A4F9241B8830303A58B3CC1BD41BEDA58EA8
311
36426E20774E7A40FD181E0DB8FE26279EF0C50785BB2733EFEF7C900949561DA35E4D3FADBD95DC4B012CCF4885B312E7FB37428E657DCC0FEF348D4A46974589CD4A89E0AEAE4A5A60AFE52E3BD75D858BF65CE2DD2123B82D5E6A7C69ABBCBB84FFA1ED681A9B1975DE869DB72121A7478E3FA22F4D578AD10F63C64D10
311
420964F4F8052CA36924FE845E66F18FD04AFB22DF06AE1D0E1809819E44308E170CE579DE50E3B5D937504B010214001400060808002E5FBC487BE5C5C311010000A80100004F000000000000000000000000000000000043303531323738392D313230312D343332332D383841412D4241393230453533313735382F4173
311
736574446174612F446566696E6974696F6E4974657261746F7250726F706572746965732E62696E504B010214001400060808002E5FBC488CAC2EE0170100003002000045000000000000000000000000007E01000043303531323738392D313230312D343332332D383841412D4241393230453533313735382F41737365
311
74446174612F496E7374616E636550726F706572746965732E62696E504B010214001400060808002E5FBC4888E57597CD3F0000904100006B00000000000000000000000000F802000043303531323738392D313230312D343332332D383841412D4241393230453533313735382F5265736F75726365732F433435444646
311
36312D343036452D343332422D413437332D3136393532423736463134342F7468756D626E61696C2F302F67656E657269635F706E67504B010214001400060808002E5FBC4828BB58AF800100009E0500003D000000000000000000000000004E43000043303531323738392D313230312D343332332D383841412D424139
311
3230453533313735382F536368656D61732F436F6D6D6F6E536368656D612E786D6C504B010214001400060808002E5FBC482CCEBD668A040000E01200003E000000000000000000000000002945000043303531323738392D313230312D343332332D383841412D4241393230453533313735382F536368656D61732F4765
311
6E65726963536368656D612E786D6C504B010214001400060808002E5FBC486180134D5F0100006B03000045000000000000000000000000000F4A000043303531323738392D313230312D343332332D383841412D4241393230453533313735382F536368656D61732F52656E6465724D6174657269616C536368656D612E
311
786D6C504B010214001400060808002E5FBC481875454A51000000570000004700000000000000000000000000D14B000043303531323738392D313230312D343332332D383841412D4241393230453533313735382F4173736574446174612F41737365745461626C654F66436F6E74656E74732E62696E504B0102140014
311
00060808002E5FBC48F865834058000000680000004500000000000000000000000000874C000043303531323738392D313230312D343332332D383841412D4241393230453533313735382F4173736574446174612F53747265616D56657273696F6E5461626C652E696E66504B010214001400060808002E5FBC4860AAFC
311
4537010000A20400003600000000000000000000000000424D000043303531323738392D313230312D343332332D383841412D4241393230453533313735382F4173736574446174612F636E782E786D6C504B010214001400060808002E5FBC486B217528E8000000600100006700000000000000000000000000CD4E0000
311
43303531323738392D313230312D343332332D383841412D4241393230453533313735382F5265736F75726365732F43343544464636312D343036452D343332422D413437332D3136393532423736463134342F7468756D626E61696C2F302F636E782E786D6C504B010214001400060808002E5FBC48A233C2345D000000
311
8000000065000000000000000000000000003A50000043303531323738392D313230312D343332332D383841412D4241393230453533313735382F5265736F75726365732F43343544464636312D343036452D343332422D413437332D3136393532423736463134342F7468756D626E61696C2F636E782E786D6C504B0102
311
14001400060808002E5FBC48BE89762363000000880000005B000000000000000000000000001A51000043303531323738392D313230312D343332332D383841412D4241393230453533313735382F5265736F75726365732F43343544464636312D343036452D343332422D413437332D3136393532423736463134342F63
311
6E782E786D6C504B010214001400060808002E5FBC482E8D50E77F000000A30000003600000000000000000000000000F651000043303531323738392D313230312D343332332D383841412D4241393230453533313735382F5265736F75726365732F636E782E786D6C504B010214001400060808002E5FBC48A00DD7F20C
311
010000550300003400000000000000000000000000C952000043303531323738392D313230312D343332332D383841412D4241393230453533313735382F536368656D61732F636E782E786D6C504B010214001400060808002E5FBC48E3603EBE7A000000C20000002C000000000000000000000000002754000043303531
311
323738392D313230312D343332332D383841412D4241393230453533313735382F636E782E786D6C504B010214001400060808002E5FBC48C0852F197D000000A30000000700000000000000000000000000EB540000636E782E786D6C504B010214001400060808002E5FBC48CA1DF9C9A900000073010000130000000000
311
00000000000000008D5500005B436F6E74656E745F54797065735D2E786D6C504B010214001400060808002E5FBC483DEE336E64000000790000001B00000000000000000000000000675600006175746F6465736B2D64657369676E2D7061636B6167652E786D6C504B010214001400060808002E5FBC4835FDDA82F90000
311
009601000037000000000000000000000000000457000043303531323738392D313230312D343332332D383841412D4241393230453533313735382F4173736574446174612F636F72652E786D6C504B010214001400060808002E5FBC487E1C27AAF40000008E010000680000000000000000000000000052580000433035
311
31323738392D313230312D343332332D383841412D4241393230453533313735382F5265736F75726365732F43343544464636312D343036452D343332422D413437332D3136393532423736463134342F7468756D626E61696C2F302F636F72652E786D6C504B010214001400060808002E5FBC485533EB80FA0000009601
311
00006600000000000000000000000000CC59000043303531323738392D313230312D343332332D383841412D4241393230453533313735382F5265736F75726365732F43343544464636312D343036452D343332422D413437332D3136393532423736463134342F7468756D626E61696C2F636F72652E786D6C504B010214
311
001400060808002E5FBC483C5BC93E0E010000B10100005C000000000000000000000000004A5B000043303531323738392D313230312D343332332D383841412D4241393230453533313735382F5265736F75726365732F43343544464636312D343036452D343332422D413437332D3136393532423736463134342F636F
311
72652E786D6C504B010214001400060808002E5FBC48A1A1BDDFFB000000960100003700000000000000000000000000D25C000043303531323738392D313230312D343332332D383841412D4241393230453533313735382F5265736F75726365732F636F72652E786D6C504B010214001400060808002E5FBC48F82E3E6E
311
F8000000940100003500000000000000000000000000225E000043303531323738392D313230312D343332332D383841412D4241393230453533313735382F536368656D61732F636F72652E786D6C504B010214001400060808002E5FBC48241782C1FF000000D80100002D000000000000000000000000006D5F00004330
311
3531323738392D313230312D343332332D383841412D4241393230453533313735382F636F72652E786D6C504B010214001400060808002E5FBC48B3A7D2FF08010000B20100000800000000000000000000000000B7600000636F72652E786D6C504B0506000000001A001A00210B0000E56100000000
310
504B03041400060808002E5FBC48000000000000000000000000370000006662782F31463730453032382D463543312D344437432D424541452D3644314641364231383332372F617474726962757465732E62696E504B03041400060808002E5FBC48000000000000000000000000350000006662782F3146373045303238
310
2D463543312D344437432D424541452D3644314641364231383332372F76657274696365732E62696E504B03041400060808002E5FBC48F270F1330600000004000000360000006662782F31463730453032382D463543312D344437432D424541452D3644314641364231383332372F747269616E676C65732E62696E6366
310
60600000504B03041400060808002E5FBC4888E57597CD3F000090410000420000006662782F31463730453032382D463543312D344437432D424541452D3644314641364231383332372F7265736F75726365732F322F305F67656E657269632E706E67355B773CD4FF1FBF73E71C0E67EF7576C9DEF3EC995D46C6A1EC50
310
46649CBDF79E192942562825CE965D8A868C2842C8DE9FDFD1F7E7F138F7078FCF6B3F5FCFD7EBFDFEC41B196891913091804020321D6D7513FC77D8C5070EC3FFEE51B21F068154CC75D455CC028A3EA68992803810109FDDE5D5CEC5521B28A1B422BF80741695D5B529DA1C2D058AD2388BDA9F476F7C2CADC939304173
310
DBF48A452BF8A700C0C70C3D121C1AA15A5270C22E2B9E28763651F7DA0D12CE11077B2ECD0D560B5E3DE2368B1E65C5E1C87384A4CC5F2D9FB8BE39E9B77C753783A37998F5CEF1B4FEE553463245C9712270880DF339E0B882A6BA713D865F6F384C842D440934EF264F4A304F8DE4EEFA1E2BF5E2D91F5ADD9613D6E31D
310
DB33ED31DB1D7916CAF091286EA3D31B9CFECB78BB0060245B943C4C040119FF780A74DD308BA9D028678674EB5504ECF284EE814DAED07440BAF649BE4B55DA2890F4D73E2D489A59EE54FDB0A85B59F2F52C4858A02705C4815A792B0C4A996A2023ECB195073E115E3E3647F64243A8338F2000BCB58DA5692C7E7C3D41
310
3F963FEDF3CF00FBB0F831A9D51360FECA43819F527B89FA260EB63C5DA676830AA3626A3693B23F1A17A0DFFCE3EE164E31B5365EDF0C89EF64D8E38AB0BA9A1117D7C3A0EC44F44F4023095E80BA610DE336D0F99593A88BFC5306E72DF98F7FD132ED95878DF2964EA7E43071359FD83B2BDF9C6B5BDF768F0F3C0FC351
310
199526F53D9460A34511F75D1B63E488178569472C91A94497807A3FD4A390C6558F26D416365C3656DE6E769DA9D8FC73774E1709812842DD8EF96AED1960F79D21B395CDDFE6F92CB4EB962A4668C76990E2EF29798C8941D67DA50F4A5F947872460F1F6FDB794E8A29FD7AC0C0D6E0714339CE258FB17AE8535221E346
310
4A10F29A0BE5EEECEFC5675926A89F49EB14E5711894F6586DB5754EB4D5DA9C6437EBA57DB97A24F8B8A8DB295FFD73266CF57E82694DF5166DDF93573AFE9C9C5EB05F8FEF8E89E0A8917B0B3724DB7BEBB53252581EFC3E38166BA131A3A5B42FE2AD00A769BBFA4458D2DE7822F8C4F63D0B8E21B285AE13325F3410A4
310
35C648C9D91FDEB109E73CEDA7BC796961AF79175E1A3CE4C5E8B0D009B0C9E29EFD98BC8E97554E3D8D838424E270F7685226E5AC268E021EDE3522D583E8F20C0BDE2959EF5BBFEEDAB32FE9A3ED0E39F211A86AA9DEBFC68182EDED132AB8BB794442D2D7EA9F4D8BFF52BC4D55BB165124EE90A42D101E67BBBB292FFB
310
4F66DE5BF2300E44546757DA7CEF8932BFC9F92A0707953491A55C5A5ACEDABD9FA1AEA01BAC3DC5A24E22E7C47213493996EFBC369D086ED9397C9BA6C7F9855C7BD5E15BFC8C53DB3D2A4C5901A57ACD2FBDF4D1676E95338B2C2BCE65FDA4C64F5FEFDC7D9CA5AA1FCF11E193F2FDABF0F4916BF13FB916A224380E6462
310
A9815F2300DC49CC4DF8D055CEF76462F4B7A7ACA7365C2707891370BC1D0AA6203C44CCAB47084FEC057F27FFCD57F89B8B9852459798A675C66BD7CE572CAF71FF7E6D7ECF7BF62CAB7B3F1107DCD04DC55A3F9961700286141C94A4F771FEB2BCDA2DDEE0CB0BAE402FF1DB0100F8E475DFFFC074DDB4498AB7D186A765
310
4DDB1CB680D703D47CEB4E72F8CB13D86A4AA68116E26387B93FD6738779B34FEDB8E517EDF2BAF28D9BE93A1D3A164320E07D42E514725C29515FF361754213EDE06B079A2E99EB1CA82A02019EADEEB87B9AF005BD04BBCECB14AACD6B24EFBE482194A97DD32400685FF1FEF1544D1B14EFB1E7F08E6D2CD2AF52DE757F
310
35F5E62332EE88EA26417AD5C3E0E319D68F25414E6D672BD4522B278C57D18F0113921C71D96527E091F00CEB15AE23D24667369BD3CEFA10C7549D930890BA4366F4EBC55F01F746109F98ABCDD5A3EE06619C6AD78AB33E48E4C9BD21BF7478B385EC05C4F8987E2C1BFA0A60EBEDAA0AE0B015C2720ECE180FB6F2DEFB
310
EB822D96338C9B63822183BBF52FB664A7AE57003AABCE512BF77E7E31BDA2E739AC4C131657DDFE5225E900FB56CC01CDE808FA4A9C9DA16AC679656BB64796283D89812B8F91136AE18EE5EBBAF47A73BE3C153EB5D4CD491B4BFB4FE690A4CF9ABA08C0D8AA64220C438C96EA6CA80B58FE5761E697B3A292EB9FBDA502
310
FA863E49FE694ADDFFF9D62C520BDD1A22014147A0903A05B9B729F54272EF83931FEEC057BFF8C8055C279EAC5C0011804828734024F6CFA319C9CC6867C727184465CD9BB7ED386AFFD96B294A85E3802FAE47244602D8273615952B98C4F23F7EAE4463D9D638EEE374A20959E0FE519C4CFB0FBFE5DD80C2AA3F9DB961
310
D1BDE57E67C9BB47B77FDD74EE3094F5DBBE3EBC1FBDB7393F5116263009E2EFE1AF9A221B2AE234C902BF70E9F280ED23E73908361565964333A3F01D0B006AF32FB21AA1316744B489D5A198E85299241735BE559675130955C902A8ED761FC0DBE337A9F91919AF5CE32AF902ADF9AB2615E00E8A94586BA1A90839B618
310
32FF1BFB76D2EFADE6DB1BA04CCAD3DA649E7E2A0219F592E22F2AD54847EEA8E42271011E9074F8F3DD9FBA6CDF88FFC9FC7E811AD1CA8F4557CE4AFC7BBEDCF0114A48689F20A584520C74DA8127124B767E2FB91A6B186246727BE63C9445BAE02088D58B8EFDC0F1072407CD9B89A13F6303B4A928F593AD489B58E686
310
9325790ADC406036C591729FE14021F94B7796BB11848D463536A092A26F077F94639F7CEEE2A724C66EC885F4A24F8B8A0AC321F8FD149BA529460FAA34E4663C02D41FDF80BCA222D42F0ABFF8490F4FA74C673807C2051D8E467B47B616072860069A9A303ABA9B319D58404461401B0A0F9BE5E1E151C14BC33B32ABE0
310
3DDE91708DFAEB15E7C0D593C86BB7D7EC17BE56E57975F077BFD5525F3A1A361D584A75E08CF29FC7B44B2B3085014F3A5A14517377C3F6B8F37E59514C3B12F8AACDEDDA4DFC49BE5710101534CD6FB6DE15B50F11A09472AABA727F0C49D9CB906B158030065F48EB3625E010CEC1D511D0053474B11E6A4F01C0D6EF1B
310
ED3A944FDEC70E0DDCDC756C86545910E0DAE3BE3AA9A404574C2995CD5CAF9549226BC94B4F4F0F5F9086F418F6B32346464610D8BC7391D3C3A3CCF04CFC1FB2A3A3170E369511868F14EEA4E5E438CC73DB1F3248AA94B6B2FF33B222FF3D1E7BF146CAD229770158063BCE4F5391964DF62F7E52A7BE0EEA829C9E13C4
310
C147D6F93FE59E111DAB5E4594D6F3CD1AD375EE039930EFE5AF2BB2D41C83C7DABD8C659BAFBE8FAB392CA634F3D15C1D945DB4588D2B0824A4EC928AAC565557CA2F0DAA588CA5BE30B3A8004F7BF005E96CBF891D7F18112A3619FDF530DC8AA64954258E1811789B5189B49B4EB53F5F89F7D37523894F3EB57B373763
310
C91E502F52CC99EB7BDDF933FC324C4FFC2561DFFA7339FAFDD0A4BFBE6D3A8FF9ED1FC49898139864602458968913181918F719CCF5A68B2EE9C1FF050E34E63107003B8120FA982C21B30A874E4F5E4B38D5A8290C4B8D9BE48A0BE31EA995BDC37AC6DE90BA17D259DEF53605D55922FEB1855D915B659FBEB350EE0DFB
310
2F9F766E1C84CC8964B75D08667445EAB966015F63A18A9E0A325C1B3DC628C0D3CB60F767FA93CC65F25458BD23C3B312716E5F40E5858AC06EBA9AB14F95DB99147B832069201541D09A0D856E12C629CF32683760EE855537D1901988D5EBC156676C7DD51D7207CF3267AF1D76C2AD867315E44618015313A98B19941C
310
696FED3461CAA9B5415F918556D7802EDACEFD6B2E45853A9735DFC9DBF7E440F9319F8B6805A973BCCDC76C069A9144E51F187EDCC12FC31B5DEAAF0A76137199B106EC84ADA6B6EE697D4E6A96E007417F4E880E8B1E89B4BCE9D81EF611E2ED8F0C1A6C25F620FAFAAB656A7C42D464880E8AFAB0E0FC8EA38CA9A8AEEA
310
EE3E4648BA4680270A89743CDD3E6C6CBF34B7B640EFA285ABC7EA0A1E28F3CC963D114A80123EE66D0AF7D5380EB41909B605AB4765B709B808590458157E69BA1378FEC4B48CAF6A730E3BE3C5EF2DD1A5EAF94B1DDE50CEB55DDFD7EE9A16747FA4B223359FB1FCC69E1194892BABB93A1D5C4E807AC0EA2E30180811E7
310
7A2291F6E7F7FAA5E0F60215BC6024E48DE436C511F0628B8CA189982D4D83CCA17D305A7E923C37941CFDFDCD93ACAF735EF5F0E61BBD3E6C41A59B242790D3A3BAC7064DCD89AA2E37214EC839820949D5CAA31E240D2948E48F690298974A96BA9A8432BC90F5071D6537C9666EA4564796B7AFFFA548077BEEA75F6308
310
3435074BA182F3699557397F71548383FDA8CA34D99B981E72835ECDA5DDDC151315173D05A21F651AAF8524E88209E2E7A737ED1045800CE3390050BCFB8BE588DF111617874C62575039CA588EEFDEFEFE319B739DE2EDC147092A262611E159650E787917885EF08F1F51B8F2D8A71D60B58B190FEF9541A1BE94BC19FE
310
A50784DA1419FE4B0FB51B8D36B5FF8E1286FD8AF42B91E59A5F1CC4D60174E764045FD8C57B18209B217F89A62252BD20BE0E63E12B8E8F029FE19E0E8D0870F58721A557082250D5424F7909369376E41666C0EE77CD87CB283F661D5FB6D0DA023CB67320A20DC7BE661E9E1BFE5463085C557DA1FF9BE835733766C3D1
310
39F2CF9E2208873AD0EB4814DE9E6BF2CAF81614D4D43906ED1C05A3265CABBFE192770FC2F64F940CB6B17B5F166F133C9AEEAD2641807C3E69515171DD74C4A85311513D6EC9530B3B601B6BA3EBFF3B5C3D2F7D69765141E345F75433953D013ADDF8F6AA7DC3F4A7563FE5C7D367937E2900D7EAD0F9FC9A4A1A9B5BDF
310
1FEF08532660C01C5D6DE22199AA774383E306DAB87E301ABB7D213887F9869D4942D0D71E94B27EDF216A318BD488D45DF84529EF575AF3C3938C0AAA0215B01994153E2054A0B894DA5C784980633AAD48576957CF4AEAEAFADC7C587368551C73DBE1E57C58AC713303A8BFC258BD04B51724459FF9E24C03A81E0E0679
310
CEB9B348C0DC998FEB9C6D6EFA77D247CC8F92D3848599ED89A23218D0636465AD1CEEB7DC140D7426F83491C4E8E8281C2FB35240918FFECE880CA2A42D70E8B20B34DF5221C7DB0CF90ECCB9C745B37A47E9B716FF7A97B7A252C1F3814DC7B1E1A7F72B8751D524EF7CAE45B0C73B3BE7D08ED39781B380DDFC9AA4A474
310
9C9493DB5BAD07A6EA6C092FBD0E85DB004DF06B8C9D3089C5320187E4CE1846158C7EA7DDAE8AD9AFFF21AA3A1026BB06A259845E8232DEE62811A4DA9CEAB3A4887320B76E2AE5615EAB7BDF738CBDD01F1E64064BC13D9EC53576751CA8CACD58B3CEB0E6CA585BD089B2A59B9FC101403387AADBDBE70586B93D64BF3A
310
D4453EF9C3B6A93817E8346991798601344F79A83C51F3D50F7BF2683A3605F51A72449489E0EE6169C749C60B1035651103AEE24D24E51A759C840DD3FC6504DA6FE107510E447B43461C79D22970B75DE5E1BD3007D1AFC619A4A4A69B5626AF5E9B8374E20677F77E2F8E73DF868E8BEC7EBA7B6A75EEF7205E1AB9486C
310
B642741D6E03FF13FCCEDB1C4AC129886268B01CDF4B124AF797CF784F3C6DEC97A17D4B558070A0F1C04DA4FF9BDBF34159AEFE958479824B3F58EBD1E19088A2AFDE501B6F2052368A3FD0E650A179EFAB1561E1D27527077136E652676C3670F42DCB3352F48F6BC86D2C3B0051727E41A0A4DC6CE2BE9D47F5CAA2935A
310
3C0539AF080665997194ABECD723B08129CC5B6B21D2E7D54CD4D12610E7E9FB8306771A89576C7A982002775ED44F3F744CF21EEBB27A631671D921938AAEE3EB0D19CD1E083727F607823E817BF599DCED5394E37EEBC2E88782E638920CA641EF74D4CDFCDEF06F4278ECB18E31E7E9876F2D783C8BF429C75395F57E98
310
C2B495A3DA077EB3AC3C158608B6B57FE3EA48484D9A480096FCEE0DE880950E7E5A5714131C5C41AAA29FD19AE81AC145FA1B9E85C7169A5AB837B213493DF7E9AA4B5FBF9CDEB36EBD21EF1181B7CF7366AB2A951D01E37AF4EB835D1BE8C117CFBE7625D2EBCDB0B20C5A4B45CED0BCDE3EE8DA9DA78C2E21DEAAFFD119
310
7E463C33CC6A80FB785669B856EFF7A8CCCA2841B5A5369173320B1170C368B2748D81062EA0296E5E2D95D7667A4A46D98A6FF475C76AAB0A8C8D45E226FAFC9FE0133EA9F60111F99CA81ACE03A1D14C89E8B0D69079C91464FA1D99E651D0EAF606F345C42A8A1AA9BA391031582B96D5B4176A77AADB01F12FD298A75D
310
EEBB2C82F0B8650E880722F8DDD90C56A7A058E5FDEF1AC93545BA27367C76F5D8F9690CB6F8DAE141EDD7971F0FB548A2AE435F224D6E5954CA155512F7332029D5A1230854B79F258EC5FFDB09F5F6343A8EB193229B7F7E79B3E48F8E183860B38C8269D1B53738FF1E0BACF6AADA6D4869E9DE708E79B5DADCC09B1BC7
310
6F649731CFAF59A83FD8BAE4C749D66FA87A3810D4D62FFE826FA400C0F325D2BC0F3CA35F5847B82A2ACC7961745C823E4D863D54460AF792CE6F79B5C7A33B25C3AEA6CDE15A919B6367D781E9D44F61BF828672594A3E1D9EDD6DF179A81F27EAC05B936575D73E05C209DDD2115CFB705DF9BBF3C911589B3640735E9E
310
618FC9C36A7326C82B2205E244C55D56FDB9D5DC93CE958D4BF8174D2B3DA54CB3C09F2C2A6DFF73D23B2197355761AD421EC581284A7EF8DE2CE3497C0C804D49B41DFD6A7360844E5BEFFB495CFCDB97A4595911CDBA623274CE852B5E278AF0BEB1770E9D37CD977B2766A7DED0E94B840E1E95E8C77DE5CB6354AF7871
310
427C28ADBEEF7BA0A28E19DE9ACD75F379FE373EAE6DDDAE3834692F9C2B03B4FCA8FCA9ABE8EEEBEBB725B88A7C90941E850682CA04061A7DF0CE82ED49BFAFFD42C309818FAE14755CAAE78B0F73243ECCCAD7DF58FCB9CDFAE7A4D3E6671A613639130D056C8383C8F4FCF4808C331E544DD26E4755D09EA05253B3049A
310
1E32587CC25D72E073E2CD96D04A71BBCB0038FEC3F53D254199C3CDC67CD66640269431860225392B2CB3ECD0B4498AAE78BA1994246AE1EE78F2EDFB79F6C6CB6B5E279C4D373FBC21CB2698C9ACBBEB6A4BB6B39E16AB0E421CCBFC7654D81ED86022F9BB522146F9F4772E2D0E4FA70120C95A85A417BF5078B232F475
310
4363EB1750B2AC2148EB46B1EA72AD9B4D23ADCBC589D70106C3EC2ABEEED84DFE28E718C6C83502C28E9FDD3B09DA0A6F6F7B72B706A31C9E2A331EE70DA56A083D2177BFD63C55B11D8D949FAFCF90B23A1E24B9B5018B9A17E99F2890EC302F330FE7936E2C23F0D237EC8916F5166AB84B62A21BB0B950146962D754F9
310
2CC2C8877BED8FC7B7B25726DD19545392570B3A2C66B58F027BEF412E552D12A588C4A3CC5C3193FCB3485EFFF700D0B9EEC077754A33DC1FB9E25AF814628F91DDFECB667D3F7690803F38D13F8AE39353523BB08FC6760144AFA2CE28236F65EDBB3D5F59A57D612B99E3D7E5F8A851666BF9B5A6658EFC96EEB37A378A
310
BB0EB3FDDF1303AF32C41BD1C8560745D7BD81066B0D6313359CF488563D3BA3F8E2185D1FAA3EBA1397C9D0E3DD232180A4DCADB6AF25DB3AC3CC26589C8239E66E81547BC7E2F328F9884764CA37EB5DBE390DFC03A5246B456A7C3684C4377D0EEF9A350680FA9A077E8B2957B489E09AB1AD41316944C2254B5984830F
310
691C93CAA767EECF976FA5647538830B5E63236A6F0365C1E0F3E327F24FE35EDDBD7360B0F7374837409F7A6311BECC12B7026D4FA1AE204FA3F5FE904B1F420C7A9044AE58E403E7C4848E7DA25DC9EDAC79DD756FAA26B9EA83ACE8A214A2612A22AFA19DAE7DBAC5F8CDE1292A485F98DAC731A29FE01A3966E96BCB9F
310
B5A4C8830E1B9AF0C54B87FBE221A097036E5D28D1F869F810C06A9BB0AC0612F69AEBAF893C6E7AD59460208BAB3A6B09CA4F6BDDAB8CF0D1F84B72487498395A70DCD754796E271099A567A55CF242BBED64696378BB6CF25EF0FCDB589F3A82F1116D010A9AB9FA4358809EE0C973A2B4229BAA876A70B03AB49CBA7FBE
310
71DB1832FFD32F9BF2C8E98075CACAFB36921235D0F552B6A67E94E094097A5D7DF681B40623DA535ADA7A9AD8E9A62407D7C9A5AE51D62A17A83A23728DE86BB56115804D3F2675F2C6B87541A0FC497BF0CA86420F558C9859EBE9FAD62747E323E3AADC03FDCDDFE7407B09DA90B44E3185723C5381EAEF589765E2F7A0
310
99BA46695BAD60CEF3491B8A171F5F56444F7CE9455312C3498C74173AEA0214EC029833B34B650CBB5A5508D5091665309642791708ECF27CF11DB3D797D6CFE474453BD4BFADB768094B2147814D81C7CBAF8228DCAF5564B5891F5EF6A860EB2E323CB82AB868D8EA048880D63B0DE5341F1B3D53297B928A11E15F25E5
310
148990F710747C3509ED14909C552EBE3973246FCE55D00564D8310BC3EBC5085D08D806799B77D6C57FDF5E55837F9E934F09C03C729271B64F12D0A9F9E938107CAF7BF1EC8CF1BB9B42363D33070F4CACB425E605DDB0A34A12BB936DE286B9887A4E2E558F0886498BFF49C311D96C277CF6A9FC0D75AD0ECC5226D7E0
310
E3572012E56D7FDE4410CEC7A6D0F997F225A2055B8B92E3956E875AE4993CB3D4C9063AF98FD45E1BAB165640A43439A2C9181A7C355B297C0A0CCFFAE19B6FA3C2BA238A885FBC98B8F6DAF4B94B97304878DF4D8BFF6A4AEDF79E90ED4E68F00CD7299F4E0D83E35601AF0CBEF18C1E870E74758FA91F5131075004DB3C
310
FCF09AE1DABC11957FD9808C92E8A678CE9DBE40DDA0E0D1D505AAFBCBA208232BFB6FB3704E8985E61ADE53DE74152F5C7DE74B1DEDCD37DC3E8FB30D7EBA8B9EFFC3606BF90B8D438279CB7709FC7C00D327F41817EEA71CD9E49FE9C8C9A81C70915D9F0F15958EC5AA4C3BBFAF46986B90F188BDB24B89DE3C6F29EC3E
310
6F66D84856EE96A35E657CA41B41EFD8DBFA16AD6E91439EA92B40B21C053249F51AE50EB0B24C770FFAF40DF12C8436366819C48E36547D4E7B72FE2BBF10828583057814A668BDF183F6B2E58DFB151103E56303E63D00F39C27C4661605DB644D19175D02E3F0241E8FC3458D17AAAADB117CE9EEA690D0DB01E634878C
310
04C2C9310B69FCAB831151E3AD293BEF6E46B0ABCECB50F5939B39C613D41E81FAE8D34CAE3C4566B761D37185FE864AC32FCB71AEF39DAA5BAB88609BB980CD2F07A8F941653B529567726E2B2A58D079DD57E1E5E31426CF184A04D7B03B985F276D47406AF276FE32E3328BA866EB1FD39BEF57863A317634AA5FE46740
310
9B3873F5069EF0D71AF00AD189D17BA1974ECDB2D623E9E14086386A6AAB5807825C37B015BFE892AFD154920EC437EB945D958E18622E1E0FE2FA06557CE4BB9BBD05A2D40E774DA2B65473791E314B7D6C886820B2FCFE4AA272B3B8B15E7344A145E8AF919B5454D89D36D413E87211186BF6F645E5EC94DCCE8E1C7990
310
22E4EC9BC86D7A0F2AFB1FC4B2CE48F84B3F49ECE65BAD24CADCC07EFF39AB06BE9E6B27A059938EA7208838455383DDBCFCD967DDE4650EF92A14FF933C975DB20BD7FEEBC4487576485963D757D16340D9599FEB362F775F38CA4185A86F74B629C81B133644A3B18FD056E997E0734F9BE26D11C0AAFC669E2AC9FC41D2
310
81F8B2E1C35AE27BCE05F3DA295488096688719D974DF1B5D182DB7792288697F8763CFB43562C1CDEE11C4AABD5C22B6E33F6F389CFC3477C5919DC0D533F8A7A1846B7ADB60ABDC26C43D0CFC8910B7C15EE22675BD02702ED39DB77A87A192CA7A543E6205B979B9F5A6B512A3CA799E198B2D5797C0AF8D1D872CA455D
310
4D431A7879D4DD76110B5FF7F4176B54477A9EB5E4A5D11214FDA585F0382751D8E2582BA5D2075053298FEB8F1537304E32CB22C2E2B693DC0A760B1DFCA751BDC445AFDCBB12820ED85F6D5298933C7EF1211E9E057684056CDA3FEF3BB6052355E162DF27C59E965A8DDB7F9437EB72CDDA3A090DE65A5B2F50326247B7
310
EC67B73ACC7047FC9B353D6EE990F772207C6EC52B39DC2F3C0754821DAB559F7C1809C7D0DD5B0499D0442E0A6E391B3D5DB46D11E731E6794EC77523FBDAA242ED67F9FA1FB684255671F63C9BCFE6E7E896D51001A6113EF2298BA494E0B0980D1FA5B9D60796554C02256B1E0345FB7C6186B6A19D2DCA270416262845
310
FA4F42DB5D9B0A0B6F07FCA2E56C242522E001E0CEB734AF310FC8BFB57E38E03AACE93B3326A2197891E68452B26A6307FDABFEE0223D3C03C3C73D2D5BC054C8311F12004CAE488E5C29287F8156A2CAA4AD0D7BE6B97264E4139F437CE73ADF52E5134C52B819777C18B323A5924E4F67AFD13B1CDC3A61793A79FAF5C0
310
CEB718E441071E797C6DCCB9EFCF7E4A1E9F3DF3C2F9C9E8294E9586868788C972857FB0556D7A26941A7EEB9B580AD78EC40B85DC906B4120A563CA3B87797ED612D3B035962BB75F6515A393F4CB057F564CDF54F2E5A024514E6A1F901DB80C7E70B1FC05E356A7E72FABF4775B3E3FB8F70A2A8E7B6A94542BB3041579
310
78CCC999E707A29CC795E67A59CC546A5D47B368954CA7B6E75EC9E1F6FC73CE3B4F71F8CB1A6B15923D61EAAEB14626AAA9D04A26EB9C66CD1BE86CA31A5D8703DE04CD1EBCE4F5CCB62F93909AD11E55799A781A956ED27D3E738F4538CB04ADABC7DAEF20BC35BA6A90BCC1DC61BA05F20D8832FFB9BC9B15E2DB838A0A
310
FBB7E0C82A562127E0446894F427794C3037186F622BF24DE1B00AA10A23BFA47B2A180D6DA5AD6F7326FEB8C100C2D7142EB2A0B2A9D1008A09BA343D70E054AB69E2A7EDB783CBD92537FAF4A44D1296AC2792729104B3276C276C951D0CF3CF3F1E6B017720A7B8505A5FF9589365979678C36F1BAF759EAF57C60F1FF5
310
FE9DCF5F8E764FF25A2D06CF25117A8FED51884C13B2B750DB0E4F5E3D64124FCF11F0AD8F1CC3B3DA4B38ED22BF1CB2585EE6BFEBBA63FBFD44F9537B9B37BDD6B358720F98A8125AED4349CCFEB0E135F19E208A04CA7E2B10711185D72E381F448036EF57C9F874E54A971CA37A639E986AC0226DC5AA00D5B14FEA9192
310
234B3DE617814FC221C92F33F1D392F297731B567FD98FD91D989379AF567A65B8ADF177591DB90FBEA99BF4ED11B16E50A0AB1DBF1156D034BBE04D69D08F939D8E92BF525A1DDAFF80ECBC95D8F45D3FDD289FD23F7D8B452F8EBB34EC082DEEE68E18EDDF072060FAD2AB1504DD4879BF67099FC58F6E9DEFBF645D1633
310
4A3E9A127C6F1AF6132CF287E433B43A0EE93812B4AA0B194E03EE3FF91EF9C6ED0074A2F6EB18A96A7C9890B1FCDA1F2095E944DB911ED54C60DF16FB74C8CE9BDC7C54C4F14078CF73C2FFF1F1BBCCD7CF64F71407EA1683DBC410D226627F66E509060D5C0AFD611DE681D509DB8DD12FB1265B03C6F5C55FF4C30BD941
310
87FF692B4F152982502F193098A789526A038AB529A52BC0DC4FB6285CBAC10A8B8DB75DCD9BDABBB221E27D1F8DA9F5EE5926A1C8AA9BA9BC09239C6A7F12914EA3B59EFF7AAEC3FFCCE56F1C5C2980AD072793527565E774F4631DB178CEEC691B1F367BEA0CF2907E1D6B854D527065979DDEF002D8B2ACEA7CE21AE297
310
737EDE1D45B31233B73FEA35BCFDD0B09721FDBAF6432681F2FD10C3E9EFB246FD6E854B344ACC9D8A0EEF876A7314B49B6A499FC650B099D650DBFEC7638ADFD245E2B7839DA5AC5F7D5623FC0ECEEC8653FC9B2BDD1AD4D00A566FBA7186DD3C9CD26512551637498CADB950FEC71ADB9A5524285DE328B8EC7EC75D2345
310
AEC6A27C42AF6D9B92155315C80DBFCABBB7DA0FAE425C4FB896B15C9BFAC4FE67DF5A23D30C93DA4D8F36FB15D100050DA6062E22AEC5F4DAC4F6FEEF97AE05DE63C6D38F9E068A20BC5E3B6BCD75320C5090924E7F93640A7735B1A43451C2D91EE62C6238B797349E59890AF3A520DF4A87095F3ABEC2E61F0593416CE4
310
6CDCBE0E00E2523FCCD04408588B5B6C9DB6459C786CE378770B54F51DA3A5E1DF2A3349BEAAC234A6CF8993B598B3B25B4B113E353A4D750FA7534749430F3EBF2512E7EA3FD43C6AB9A1F765A58463B306721A15D224FAFE8C6F5E3432D57EE697DA0DD5A9D4866A8BCCAAA9DFF1F06047851408FEC060471D0E3EB86BFA
310
F46E4B5E60311DC3E3CEA147C75CF971BE74689507154FF2D2E92F15CDB2B9182B11459FD8ACAC5A85F174BC94A7F4EE4C4F5CAFA7C02E37BF0BC77B7DCD0C047BC316F562A01A441AFA7931CC84A28CB9F4AA367EB515778F29BFE61195FA671F4352E5E46E3A64773F1F76EE5EB36D7BCE9BCEAD837A4D77F8DB8C92AEEF
310
6711920D7C7D0F76B0FD0EB7AB83724CD35BCA7D36DDDF5FBB7FF6F04A91F3E2BB3B8F1A43CD659639507FF6331C5F697BCC782AE57D757A27D97F1AB9E0AEDB43F92F1B2AACDF5FEC8ADBAF9F814E2027003BA2F9E144B1938A7A04050AE5D953B82C45619165C813A10E76DD6906B3C16438064D14CDA713AEC420034613
310
E1AC7241904A49FBF87409AFB1FCB9B72FE7933A87D8FBEDACECE4EDCF6A4FE9FB94D5DEB74FAB7CFEAE17EE965DF980DCCA2D04134994F9A2E94D2265DA4FE6AA7B7AC15FACAC2B5ABBCD7DFF542C5314FDAB2E1B9D8B65220B8E2B638BE008E8DCA22678C820C5053664D15E89F2D735B51A84955E81A443545E9FF787BE
310
0FA700A76D136C27DA179A7C6E8939E01BE756E19CB292798063D8B97F44E8A27BCF3A614FEB8BE974A718E86F7EC99B53CA35FA24F61F2B07266684623A3D4CF073E511F3A10A8FDAFAF0078C577F4DF9D339FE7862E5FA47CF4344209E5BF76D783B1B48E152AD281B15FCB934DCDA49CEC5706B1EE8B460F435324A5CAD
310
154725E21AB8044B75A557A79F6C807B9340AA3D92503E866F4274412926C8C504E4D5EF8C0E68DD0B028781A6B4054F11CF18941F101C57CCC796773ABC8DED9CD91FE5788806C05E548895354AEAC96546D55B0E94A59F148D061F42AA398D822CDECA4CDE79E13469BDCC44FDC990F366BA5978C15F97ED80CBFD73B0CD
310
9B8B83A4F6845BDFBFAF034019473FB9A63BD55D3A4A7284757071574029A4D016DCCBE95DD679EF3C4880BF169422F8C89B68A988D2B13793CAED4F74DE7486C72DC94DF46B8E93D8E02EFCB1FF9B3BA10C8AE7F653DF94F4AF466CDDCEF5776687F7C4C14B63E4EED1719DC2EC482D7DBCC7AE518CDE3D5FF86D39000EC3
310
673C0044E1D308BF05F74D1B5F033A7D1BE7F74BC55BBE3E4A20F920946CA0271EB17BD2B80E5660ACB8A29A79F5E4BBA49D4D945B6EEF4A7EFEAA65E5555BBB57A7E15D2F83C69F30BBB978D2B39F1F26FC097424D39BB33CA3D87ABF64E307938B685BAD44F71556A30B7E712CA4FE600613C3E554B69ADE949A7CFE214D
310
F1FFF05CB82151EC6FC31950239F94CF7AD39DC473F6EA356E5EC2C4EFA04383CEFE985A127484366FBEE3C0EC4FEA363E4F6632AE781392FD45D67B63FB8DF70E82734F431FD3443172A0E30A83D60982D55FA6A2CF86DBA8382502ACC6CDEF3B907982EED1160E14863FA242F9757347E1544275CCDCF71ECD5F8621CBEA
310
326B8BA884AD7F825781923E66971F04010D574C541D8427A438A37EEF8AF88240EED7362C953F5A81DE2D56109CDE2524EA0F5D2F87308C0C47BD97AD605878AB8589E17CA83930CB5E0DCCD75853D68B1AB136594926DE426C367428E9334AFAFF90ECE221BB5DC9E5BB53D2CDEF954EAA9CD814F0E5725F1965DD458E5F
310
8487683AD86B9D0076BE3EE91EB1CECC5331A67A3F79D8B27587C12EC2A6A70474749F27B4C0BBAFB94B34189E88DC18964BE4121B9137FD516C7755356E50D6714E31ACD222621EBBCD1CFF81D87479056A9DA0E0B8EA19D24CF937DA89F78E8650CCBDC110AAB6C4E46DCBFD0446BA9E2060E81F314AC2031E88135E5476
310
AC0160EF5C0DD2EEF1B8B5CB2D198BE9A554A9093B5F7D7E4B5407DDFCA1D9C152FD97F55BFFFDFE802954DFEC8995B983E28AC92F1971E28F531DC407A1280EB125F64A72E617EFB27DFBCEDCDA2D6F2BDADA36873EE46B9BE1782998C63DA7182BC383FB6FD15DA472B175D7E8B4FC88F38D6E07FEAA3FA3CBB8F6B449EC
310
F14D2175E5C5CCA3A42ABF24CA6C9395AF74535F4DDB38CB84F56614B0FD32D7E19CA5CF988DB4449C40E23DF2B16772594554579094450F56F253CD25EA7F77366FB1CFE79696C428BB64D5A41E986189427E5E4D7E2DAE3D5BB4972B3DC44EAABDDDD63A2264ECFA5C786EB0EE1FDC5BE34FA0F08376869FD1E61EA06CAE
310
15191135445EE8F0394161C3266A596AA035572BB0C8876180D8B9C77D307DF9DCDF7365ABDA6F3A2366436457A4DFC1F259666569A9E4A79C817BDD5610E5200FCE894A358EC72858D50EF67545DA81C6FACE3D457BAF70367E1E6BDD9A952FB4F56247F58F523B97E640246051A72F79BE42FFA0B3187F63097F91C48B86
310
8586F714B0EBD5A00A8412C1236E1298F60C72BE6C96B82B404CADAA304AE9F303176B14BA53FBC2D5E86377E35542019E24D97B96A49B2C0E5006E7795954DEAF5DA58958839043C6C70BD3B1B33B6DC5C31316D8A6923F142E26F6711A2258AF977DDF1F970ECC4F1F2B434B96D81BEB6E89BF3BBB3C7C8CC80505070723
310
D6D7D7D3C8CA27CA164A26024FED94B12A86031867241DA53D929636DA600F050BC40CE48B8BA03D69224720DEE2ED2127390BDF5E6EA64527BBD4C4C63FA76BB801FEEC0E61218EC98A8A86CD8313781617877E66692839B9468CF4DB8E50A73986E558E309C0D6F676F921BE02F1185454DC75B111572FF9D27D85EA14C0
310
5AD7271225B391C4275659CA4A43759D0BA44639BE4C30A84DB7F67A41399FB95CBF923B1B1672ABC807C1590557FB18D811983FA97F5E609516D62281D38B1281F68FC75528C35E4CD7DF0F7DBB5E5DD69C414EBEA2F4A5B241B996BA77AE6C772E367408C633EA3E438B68563EA8BE7667F3A4C4FDEEA52ABD78A2820F44
310
3B7914A15F180018D231E64519C56A12F6CA7C8DAE18F06F6B769DBF92329EF6A5D18FBCE600F36BD8E8198DE5CDAA96181F3A756EBA5501CEE58F497EA4F418A2B82565B9BCC611713C0B708CCA1F398B78C5F7D03B3437CC18F13061F55C7BEDADD5ACB1DB0E36D3CE47FF6EA1A563A57E9649EA5D14D1A50EAA45746338
310
1C073777EF1600607BAF6428A7DDC079D47A204EF1E1F1F0589FB054D45E02CE623B3823C317C601E589E22B1E88B448524B86A82828E32345EC18AE17214B42F8C41C6D428016D9BA31DDCB47572561E5A402E5BA4FCE55F78AF7268524AA04130F3A20BA5D1E9F9948EA48FC8F5314FDB35E21898198060034ACE5E3E2BB
310
CA34092518F275190AF65F45867FF0900AA4B81F25427414C372BF51DC29AA855C5428EE1EEDD6B849AD60F6E73475C2D2523F8A2772C840A478DED18A8C5C91B085F255DC4F54EA7AA8947354FD17ECF8FB3B4A0DE7B483CAF3A1165EE05BBA413E5C1FEF3DE1D6B8F2F3F3251C17D9FCAB48A9AAF63AC773A0E413BBC46A
310
9ADF84A566FC920E4D8C52C9769EE3301CADEEEDD92B312E02E2A7E35B7F1E7D203FE5A7D75578B06E99D0E46FFADB8FDA17ED8880390DA29094202D6F645F76F6F96409CDA05495A96E84B04A00D1A6C6C81D7F3DE9376E828CCF144EE50E364ACCE7237EA0BFB5607ED1AC3CFE73794E5B61739D14DF1743441B1AC98F00
310
ECEDE9E7301FA29755FBEFA68C91EF2B314CF510537EF1ABFC9A762496280B546F5EDAAF8A5B387D469FC9A878A92828C88608453ACEC6094DCA54111E7AD5B2663DFE2DD151B7F123B9F4FEF8EE36AB125FD7AD52A59B1B765B3E3F73E3F73DEA93875004D2AFFE3CDE9493B87A9904DD052028949041A91DC0E1BA47BA71
310
4343FD5B25E0A6A09503AFC17C790058A836A324FE31D7893512E28230332F153181C1E018E1124EBE1BA262AA428A518237D1EA7275E48C5C561BD19ED6912EDD8367DA0F31E40EEAE9683DA9257525AEA7B632B97119E17145A90231768A4F3B9120FF32E8319B015E3CBE26F1A754177D8185345817C096B0CE443A955D
310
13AC15E1FB5DEEA0239EC32A3C92241A237B0B02FFCB4F93CF2B02570C8D192E2F2A68CEEB42F12E6F8CEEFF46C251E22B4341C56FB08CCE550E7A9D6F4D6564B9EA52A83D5BF2C6E03FA19D2775E15A8A7ACF30A13C259EE7F5EF2AC3BA354F1500E1A07FC63FB4686E2F12EC69719F9ECF5FE3F35598DF2CE944008CE78F
310
0911BA5BE5D0A34E0098FF038669C26030BA9B300303039852A8F6F496341737CA7E0D2E3AAA36DE0A70AA7D9CA0D54D9AD84B18A44C9E625475E1C97B93BEBB38DCE7D227E67A2D00F531436136355F243D1FC0D712C5765754FA22FCFFAE97919161F46D6E61ACB37D83777B385889770B50765B127768443A5C4D3A4E35
310
A3151111F146B7CA116F918A049F1C272F2CD7976C69A0068773451659A97E0F4A08FE604C3FF6CE7385DB19F4D3ABC8A0D80DA8A42096AC377DB49382B36E270B6FA7570188B4B7D1DDDDA82ACA487CCA5D38BD3BD039ADBAFA4ACFF27809239B722081E2EB9F145320553D183F28471C388BC8814E5045676767AB58A8E7
310
2D1CED2CA731379515D2E533E4CF0B39DFC625F97AC4836831A4DE330E87A8126FA17EBE583D614E71E22A8DBF2825599743E0640037303E8E1B1E8EA4E1ABFA4F62907B5E4E0E5DCFDAB417C36C6848A2B8D15F1E505434C0707E16B1CFC2A1C36A42BBF55734F8F4301DDC2A5110CEE8C0747F69519265012A2174BF4E95
310
5ECD4FDE095A3ABC70536B7AD0B9D7892F81287D667C108703C9B66A221E9A0929D030008F77FF6F5D2108EF5706FC87A3069B976F7C9FC3239D13D283CDEA83597461079FEEE049B0F392889898B7D87D31F8D60ED7B56B91823A8E4EDDB36C6172ECEE42BD42B12CD67994FA0F0DFAE9389356F4CD4425A4B8AA55CBF7EC
310
D585C6A2C2316791E43D5C06841ADBB226A87FD61515FFBB0167B74E56BD7F3E90A57A97FEDCBDF483A0D6699A8C0849CAEB4947FAA90D8E332D9DEBD9F4738C37DA0CAF9CF3DAA68BCB67C420459C7A64498D6E848E5CADE92BB6901F607AA331104A67F7CD650EE169B1DAE94D2C31C2F993632259B6957E246EFE4C5481
310
107B07118607700040E5812A2A2A38DA0076875258C753F60E0F2662C748EDD5F3F3686B8FC3BD6FE631ECCAA1E8B1C1E565AD117E54893E79F4672E32F9E46B2A183DFDCF3EECB4D4D077DBEA0DA254D256045109670050129E9B9B1A9E4A11344D61497A992778095151510C4BB7EF2009B63AA4360635312E4CF668B7E0
310
D3D85A8688E2BD83B569439892ADB63461930D428E0DE42E4AC57CE48DA5CC1449530D8BD3D6A0F08DF20C8E8F570F2CFFFCEA286E30969B4654D498A58D9DA782E19FE3F002181838925592C4A1EF0B332D88B61A92C644547BED490D3A42CFFAB70E36D961F694F6307F72FF15A1C79D5B1B5CEFD353D9E2B52566DEC8F8
310
F09CB3E8359C0F68EBBB7898243E34E12A015B2685AB303C04D3A9E00671FF3DFF0A184E4A2ABEB2B666AF5B3A209C73D8EF29DCDB069C9F391EEE9DD0F74C7BCDE16F8F02E3B8816122BBEB50665775B600549D8BB33A54A6BF940C028118BC6878C79958D6784F9DEAA6E26748386FFAF8D0D0101E2847B6563F5D8DC1D7
310
8F787BE00E2C941AE12148D4A81599FE8F68D4DA5CDED75530ADE138240300EE13B0FC13A1687FED6774662C05A2B7DFB186732F0D7A93545D8B0A6390AE5054D9CB582DA846D7A061B3358B45E2B52DDE63E114397EDB7E09233A579155D795BE76102CF277F4DF8B188C4F2879BEAE3C08347124BF9ED23B128259FE107D
310
31E34A652F090B30B39E0D9AF917B76A2806135621A8A60681F16AF216514BBD02711585B5B1AE823F4B2D0369EA5B6BCB863072727FFC871CA6C9AB79A814D989057E9470A3D238BC87CBB4A0EA49AFE2B86F22E499793CAA9047080450166BDC357524561E258C77CB697F1ABB32562CF87C3B7AA12F911EF19FB3E5C022
310
22E887D08202A60A17151F5E053A86B437771088B4FEE14D652C43E8D939995D34545E12E2FF93D4E366EAD25F10CB7DED141563C3D0C447AF06078A91135FD4B9611583CB4BF3BD167F2399CEAB0E0100F8FFC305F00F1711717173138B4B48C83022295DE657EFEDD97F238ECA80F528AFB4F8D67AD4E2594B9A3AA86D74
310
87EFC313BA95745C186F0CDD84CC12DC9CB0424B42203D351FD9C0A3AF10CC7F388E0329279087386421F194F4A29464C1DEF7EF8BE515E4A199DCD5B909342598D8FE6A231F71336248D5CEC5454455C7BE383B3BC7B260FED27F703FDC39A170F3827239102F59D4DEE7FEF82EAA1A5E4BA94DCC4CC44E7E2EDE20F24244
310
E4454369D2E87C3F823F193FD4FD27E1C23984B01898D15ABC20711A8A558054951A6AE280096BA36CBA439603B7B0B4C45F248C14B2383B4B5CD8ECECE4FF859AD4A6CA2326D020EF090F4041D28DB66E5256B56232CC52829DE8060BAE6BBF37D4B7469B822454FE93210A3E8D15E69FFCF01123222611C51C4FD0A041A0
310
CFA2471CF6BE38D2B20FA4C3525B5B8B586759475CF80ADFE67A284AC24651E52B8E683D24C2622642F27E7C3C22783BCF63648BC398BD6CD0D9C97E7E7E3EACB6126DB7A6C1FD9F1031302EE67ED96F22B77C7CA0239BB324207559B105E4693EB26EC46182A92C9C0DBD24F29B31C5C5AC1F84300E0E17CEEAC15F5736FA
310
4A98971E2F1423BFCD68D4BBD5F86E74B40A369F39507C88FCDB35D2DD8DEBEA4AF999E23CF2816D204200DF6E611781B9884C1AC8888B4DE397320472959434323A5A36B22A8E1F721A270DF3BD65E4A31C11FF048AFB0D8B7B6881423793963A23CFCE935FC189ED36FAE35C46DA3574C979E4394BE52084F3081837BE03
310
3396D2EBD80F1F691B273F660D2B32FA27A33B1DE4ADA5F0FA4651511102DFA410DDA86E065272CA314D5249DF91B06BB92807B28EFD54F08F7B525252782CD276DD02E6B0319B13DF87B1F6361AD6B28FC0D711CF445429B9E5A433CD493051C49A9E03DDB1B147D880253514A5DED88009018620EE229101C041950E2D8A
310
A8E1F5F5438E0C0C0C60EEDEE9E3E0C051948C69F84BB7B2A48A1F3C8EB9E6864687F4F4F6F6E2FA87608ADAF9C5E117B7C1A737E710769DA1D15ECE6A84502AA855398712D5FB51BE92E4EF824969CE18278798AC303C2C7980DD2500ADF8FB1E6D6C2FAAFF9987178923334A244758BAA01A9A1B70FA5097D01E1CC2A58D
310
AD0EC94CE6430AA9B0C10D75E3C6BAC670EFBADEE1607739CE0FC18A2587E3EC3058562014C64219C69BC269082D5C2F4A659278D585755912176D78A1B641719C2A394CED495A1AC5D583FD2F5EDD93308EA7EAE8A6DD396598BDBD3D4CFED62D18A5BDFDE0DD5C80D1A89BA62697B131AE7CE9A6594138582F1B37D68F17
310
49AC7CB67A70695D48A4A056AC1FBD4E82358CEAE38F54B95A9016F9000F9879C0D9D131768635CA798895F27D6F1614F11F2838A83611AA51C9A3DDB539D42979C29F10465655C17BEC3E2760B80DCBF609198C7B171A531905F3EC218D696025975E986C6B4C666666787271F202805577DD5A3EF0CAFAF91B62DC4B2DB4
310
217A7606282F31D8DDBC290593BAA93EA6353AFA9939B877978481E15CFC9F2755CDC00C538F63A4BA3E80AE009B73CA0185687D339A507D165B74290D6EE46D5C58148F020C3668ABE9EF2F7549170DC80DB41FFC1D678FF19AEB10C7133832B104B80F691B3138F97A92D26E551F1F110400D45AC71A9B9AC41A1A1B1DAE
310
ED0B0810638EFFB511D46B121C6FEA0F38CD00E03CFFEB9713FE1F9C263E4DDEC160D0497FA9A132BA608584057FB15380825DE6C7FC3C667EE947D488A09898D8E939C4953BF4EC9836344D2CC6B2971B2A21A572B06096F4982D2CC7232D46E8EA69DC83722E267754D777F97F96D5DA74E1E75178084D0E70F12AD33E5F
310
71EF2AFA599B2BEBF60A5BE475F444F240CBFE8143C334E7ED9150FEEFEF7EB020C4DBED388DD1D6A167A76F3CBF119B578AE8CFA7736ACAFA4440A1C47185638A0D2F3EB5BDDEFDA958FB13CE4AA4923D5BF840392D45544329525749734866684BF7F8D9D54D892E19BCA9F829A0F8BFCBEEA6CFDFC61D74EA1A645ED7A1
310
FF241739F15694BD835B66FEC5677E40FE69BD3F91AE402F036537218A401CB0828604AD189E575015C6F3F6BBC8AC79CF6C70653847254B31551EFCBEB5978B9DB85D58D0FA41A9DFE9C624834AA04949D24B5AE6D299E072D152D12097920F14AA92C31C3B97E28B6C2E6E9C23D63043ECBBC0A60FDF5BD0C33C127EA8A3
310
308B8B6AFFEB28B4455BF6E7AF4FC6222728357EB8E46E85053E6A8843AB23295BF838ABDA94658FEF3F832F147046B4ACD6F7D48E8FCC9618582961C898D1C7A253C91BFECBDA6BA18A1FCF70755DCCEE2222F41B76D23CA98D0CB3D95F0CF66D57FFF65E2A90F5DF40FC3187621E981BD0BC1D992787212688976B94A8F0
310
C6EF646624B570B78E068826F87CE27041A95C9A4871FF65CC17FCB1639629AD6A9517000D63AC231F3D741CB8430777E7ECF80CE7A3F73C0F162F7E56AA71F4DA80A33CD6ACEE78E2C11FAC03DAFCE929B106F8F6B3ED2DC71FF994BD9CEF4E9A94896EF1B6E2B7B4978168BCF0847A3D2A4F1B0500B926E634B174548E9F
310
BAD27153FB5FC36799B1E6C7C38A94E1F9E996796D7B485E635D5287A2AE76FBD11A341DB3F8F810385BB7296391973DC6C37C452A9305AEBBE0CDB6C566DB59FE60C8E94B1FD090354BF51439FFD1B48D725228FFA88C84F686F547107A7A235665A4593B7C34D748C1AC8D56DD5DA861EEFBADDECBBD65117E65851F9035
310
1AEB65F0EFCFF4BCFEF24CB7A5879699FAC437A7AF9099186CF006BB923A59E37D7A36A29FD8D2CBB914A5E9D0A8FD212FBF796AE9A67958FF1D5D8B85F78F96219D4714EB919929241B6C018AAE0C02069F8D919961EC5DDFBFB7573E3AC8E08BFB7C8534BE6DE045B3CD63DBD71F7638BA2309CAE398EA3A7D8F98BBBC7A
310
EB367EFA5CFA27A9F8F2F52FE878058E6209C026453F8E7E8A237DFC389E9590F6059B397CFD65183BBF936E86896612A5B5FEE49DAC8455D026218AFEBEC12B3523A45B57B82C9C97E02ACFA1184DB18E48CF615DBF39C3CC6F0B4AE6BBEEA2E39D944E290302FA3DE33FA7E40296E2EF7BF1CD855BBECFAD0FD622BEE974
310
6FC4FDFDE545AE6E3BC234CADF83A0FB76DFB145BF3828AE3436368AC24989454F8FF70A177672C711CAA1A76107218CF948CA01F873520E7A2B118EBB161ABAD432932029628B6761590C98AB590C8C8C79798CE9F715BA696E839E9131A4BB68BE923F1747FBFF165331FFDD4D05997ACD168F12CA75348DAC04C7F509FE
310
83898A8B421181AF492861CE81E4A2DD0A30850CFA95E05F097FF70F9E777310D584A75BA7018922E271DAB1D785671157685B7D383D3E074DDB4F1E44EF04B07BAAC75A062077C54B9752C738C9D804D402E02851F3F89605AF189738C18C021D2139EAF72513824E10DDD3047BACC8521ED7E98B257D1166903B1B08FA6F
310
918FD7E162913FEC7D0EF4787E29C35FBA8C6E2C9C20E9AB30AE42CA2A01A090E7D010C1B5BF9CEE2A304BF3A987FB40D836979B79E18D70F257DA61E808472DD85B82761825779D6B90CAEB0F23360C6F80A7D7D77545E95B3DFF0CF96A827F9B5BCECD2C9698718417EF80FEEDEE938AFF55859D0D540B7FE09435583A6F
310
04874A0C7E8CF234DF4879722000167F5872CEC6BF3EF7E5A8CC8121E6A359227C8A29C95212F9F735BC72A887D56B8F309FC525BFB4FD767AAEC4AEFF249CFBBD2DE1AB9969A6155C7D8DABC307E47324C1F916C7BCFF40ABA5644E9FFB9238D19ADADA49D9610F01ABBA57E4DFCBDCCBB2B93C8953206C91DE01B0E2651A
310
6D6C31721915B31F7B7CBCE55466F6D70402788FA91D73BE4ADCBA99A35F17D6B83383704917D6833F0FA3CD45C926ADB8BC17999A4A0AFBCE2541F7B8CF4C2F5FBA611B3E626D64407CB32C122DFF4EF8674D6EDBB86C8F7C6A16D50FA685E2CCA34F8F7D1D8265BB0042E9D7F1F666F7BE5FAA5184DF58E12122A42EF02F
310
461B3F369AC746F96528AD208512AB56844CF75B97F352DF7995024FB02855385854F3798670D01CAC771AC3E1889EC25F61A20C1F8CAB46898817F9C47E2CDA1F286BF2F358298709FE567C91133E2638C8B53975E753EA8BFD3578B5F7186B7BF084EBA3F77BAC3132A5779902EC22AF2D2E79F42D324E083386DAEE9810
310
D1B44A5DAA54513C7A71E52A4AB9257D975B621308FE4D2141CC3DCFE946C154A3C1DFCCA7629EC69ACFA831634ADDA93C0388D2A9A2DDAFCF957C6995BCE7FBB6DC4EBAE79E63EB08E9A25F52F67076F7093CA545CA3053B5BF576DEAD4E0017143C5F759F32B2D6F145B52B67B48909B7C7FCA6586EE385A2189C16932CB
310
6DDFD9152AE317C430492A578ED27B72D85D40C7C93C097939E1B50F4D67F05334FE9DC362C30B7FF561B95259138ECFD9274C8D695C31B14D4EAA9F3D7FA8DDF652F8C5DEFA23284C799B7D94416DEE81E05A866302DC70192A5368EA65E1CED8BF107A1E2D3119A71E85DC1A7B0C1E93274CE04DD0F2ABC8AC7C987FDB00
310
2B6F81757B43502EF7A0D92E416494FAEEA4C9C090CD9557AA4D532F4996A272B94355C5A0E4974EEA9627476F30809B94D8D8D860062E02204643BEC7D0438AF800FC7E2B26955D595421E83C69E1A07E0E3122285835F014AD538188CF9737CE76D464A353FA55A001AB2526B84E985083693BC76FE211CA1D000679C889
310
E3C009832C87E1AC2EDD05C302557422DF0800E316FCAC86978A371F025A6C7DAA9F333E7BD160403A1A06EA75AA9888FF01504B03041400060808002E5FBC4851464CB48900000043010000360000006662782F31463730453032382D463543312D344437432D424541452D3644314641364231383332372F646972656374
310
6F72792E786D6C9D8F310EC2300C45AF127987122606C71DD918B841D4B851A43646695A717C52A85029031293A5A76FBF6FACEF7DA7264E43906840EF0FA03836E242F406C6DCEE4EA06AC22492573150D1F66C60C640E8938CB705396EEDD86DE9B5042FE27813D640EA63BB001C722AF6E55CB61E4863F58284D5D3F53D
310
D715CE1C3985E63FD7F1B7EBDD617E9F1E504B03041400060808002E5FBC4881E7E52C38070000201C0000340000006662782F31463730453032382D463543312D344437432D424541452D3644314641364231383332372F6F626A656374732E786D6CDD59DB6EDB3810FD1542FBB2FBA09B6F890BC5456CC78551A40D6A74
310
B16F022DD30E37BA81941267BF7E8714294BB26C2BD9162836051A87A686336766CE0C47DEC77D14A267C2384DE21BC3B51C039138483634DEDD1879B635AF0DF471823C962459659F81621C911B432C1B136FC7923C554B1BB2C579D85C5D4CFF423C203131501062CE6F0C1E3C92085B38CF920DE14FD60667D8DA6DF796
310
6B151BEB62770CA78F8DA352CC489C81AAB01E8314A5815BFF134CB2279E2D36D4B6F5BA6DEB9FD9664BC3EB8AD29867380E8EB46AC8E975D3AAEF0EE677BDE1D81C0E067D7330EAB9E674319D9BEE55DF998D66B3F1EDDDD840136F9D2461E98094C41BF0E2AB31713D5B7C539AAF5068D33B48E298040ACDB60D1BA2E452
310
C29B98D48075A569158714B65616FA1D8D3FB1AD132835956A686BE3F4EF6AF426EBBF0104DE254A192722CA79C6C0D70AFB221F1CCF2E566B7EA11C4538238CE2108574CD300307C1D6C2413531225B84282430935ED4F2AABA42605FCEA5362DB779188AFC352632D37CC8479271A919FD87B083F6D5D34027B036A77176
310
AD8CCD5E531031F66CB9587CD7EFA92F0B20D136C43B881630536CEAF71A78CD04172CE7C6E4F362BD5F097E683F3C65494A5826224F26B3CA3BEDC14A6841F07500A5C0B5EEBB032ADF00FA2F807CA90BF2C0738CEE07FB81B69DE1986F1316817790834C07FE7390F878F4C9B3CB872708D5B8F214A690B63F08D39A19B5
310
B32B904EBC6708FA84F59571AB008710D3F73416790E8182C2049680EFB7EBBD31590299C2223C8543B01EFE79B6F888E0572107F8A6E1A136FAEDE0289D30CD3C3BF8EA13C40CA341E9AA9A8DA7F01DFE107C6FE7ABCFAB9C6D7140EE5562CFC996C6348362DAAE500DF45ACA7F5F7E911979644F6D5700E7EC12411C2D7E
310
5929BF20E9185045D4E1C23572E59E42BA87218E499273B5DE4654411226CC5FBFFA450EB79EF5A70E82E230C86F1101AD6406D53D603415A01813655EC984D60127C1832A00778553FD350E9E04BC7E008CF51E3D206A316B0ACDA3D4C75192C782BE8FC3BB699AD577E48FEB8E7BCEB8773D1E6963B914AFB3475343A9BC
310
3827C2E9894366356F29D6D0928B3C1A005BB6591040CF94677E92E28066EDB1D030426528807D56E50DDD6E730EA4DE0A4B4363ABEF0E9153F9BF3CE4BCF6EA109F467847FC2D1615AEF5BC1A40A5706D412B32BB30E19CC684CB0EE588B91AA83816104111B75A6A4B1052EE4724C3EF893F59F21AE1C7C836F4A197CA44
310
377B39FAB482AA7A9E92283AB724F6A5FDAF3EC7511A165DDA250CDC5EE384565C85D2E2886788371F67BEB321B2E9BE24BDE4058D6F27E9E3778B3F010FC33F1D1E7D0485D61B6AE465CFBAD6D01D8B9F6B2095D1D0ED5F69475CC24A1F95891E24CCA16B0A5EFD1742778FDD08ADD3399C845B9F86611EF9453DC848042D
310
18CE72D6295F4743E7C8F98A171A095139694B4368903B93A6EC3D74F70156C9E6E31469568E01A3680C77B44E861C59D11AC2D217F23E2AAE5D97BDFF76A9FF992FABF79427F2FA92B04DABA6F536427760BA611074A92A5C194752F2C4AB265F242F2E97711868218ADF8A5B828A10469EA9184CC81B50EBFD81BFE02C00
310
225DC9DFE61432624336879EA2264E8D398C091CAAA5E93EB57AD301B213E5A3D6782D05A146306DC08267EFC587F01B065743E7C76DD5D5D8C5FA5214360B062B073DCEC8FAFA69D590022B9D9F7E101891978604B53A138DDC1951DF97877EB5214159F47D79E6F1EC318FD631A6A2328AB0C09BF4C3477997BCB1E1A260
310
BB8B2BE7CEE95D9B8BE1CC3507F3AB9939BDBBBD33477377713B9ABAD7FDDE95CD084F7216106EF76CC7D7BD531AEF746014D075B951C054E1F2D54FC773D3C1FFE31B4598ACF1A958FC552F1465BB271AB2462E76BD50B412F5FA6DDDBF7B44D4ED45EC4D9D73312BD0017EBE6C0119E97ADFBDB5D0A27527D1AE73A522BE
310
B1F09EBCADFCF41A5323F4D6FA50DBD146F9752E86D9534B95D2B75BC96BB3C170BE588C80C29CD19D39E8F7A6E6EDE0AA6FBAA3F1B037BD1A2DDC4159C69A6C75A9AEFC121CAA8B60658C06D3609E841486F264837624811B104C1D3AF02B8B0897371B68005419D76F043A3CFD5CCC5433BC0EF5D3C12386C174A82A721E
310
C050146E1D37865A47BFC118544C22E570CA7A82C2A3A2DD4039A33706844046A1BE586B1867C9E1A194DE185742E0E27827EE4CC553E5DF87C7043A102B07BBCA3D5D705196D5A2138603A97C4F006CA71B92F79BAED54138838FEB3C2B8D392C1CAC5120E81702857130F57B52F0EE8178CEDBE55A724F0D924E93F9B371
310
50483533CC7672BC5EC1FB76FE608BC9F8F22B4AC37C27DC79AEDED72499A2CF08F36208E541602833532CEEE1B30FF6034BE015538416148200FDBEBF1EFD61CF92284AE262C9BE552FAAD0EA115E3B6D6C3DF283C6C57147B6EC7BD4581FE6569C5878C39F60015CCBA8988D1610D702A0A4A74A00688F085FC063B5FDCB
310
395245A0D2C2562946C02367FA081249BCCB116953DD501940422E8056F2CBC307BDE0D90C86E0937F01504B03041400060808002E5FBC4835459555E2000000550100003C0000006662782F31463730453032382D463543312D344437432D424541452D3644314641364231383332372F7265736F75726365732F322F636E
310
782E786D6C4D90DD6A032110855F45845EAE3F0B69D3E09A97C8556F82D58995EC3A8B3FA57DFB6A6AA157339CF3319C39EAFCB5ADE413520E18172A99A004A24517A25F682DB7E948C959AB8458FE619444B3C142BB4CB5F209EB3E24073753D7AEAE21DE8728AE1E22A460AF7BF494D8D5E4BCD06C3F6033CCD4820EF29D
310
39530C932C41C69A2CB413256C304ED804A680A37A16F2791287693E5EA43C1D5E4EF3EB9BE29DD4EA1D711D7C880512EE4FB3B0D8D6D81209C53BA0554D6150FD8D66FCC5632D9EE2CDD62A97D43A1858F9DE1B1636E3813F905F572BDE9F6CE3D1409BBD10FD03504B03041400060808002E5FBC48FF15A4A45D00000080
310
0000003A0000006662782F31463730453032382D463543312D344437432D424541452D3644314641364231383332372F7265736F75726365732F636E782E786D6C4D8B3B0E80201005AF42B6F75B59F0390B113044D83508C6E30BC6C26AF226F3B8BA6360974DA7271430F523308B2B198F9B80925DB700539227A2FCCB80
310
A18E5640D320F996A81C9F32D6E9129A0D1EF74FCE750E6D57BC7165FBCA07504B03041400060808002E5FBC482A7FA1194301000056050000300000006662782F31463730453032382D463543312D344437432D424541452D3644314641364231383332372F636E782E786D6CCD944D4EC3301085AF12596219E7472A94CA
310
7125169C800562E738D360EAD8913D46F4F6D8256D41A88245A476678D3F4BEFCD3C0F5B7F0C3A7B07E795350DA968493230D276CAF40D09B8C997245B73E6ACC56F18C98C18A021A94C38EB9D0DE354EA6023824E55ADCC762A0A44A7DA80E04926B5F0BE215EBEC220A808683BF05BDA0914B4A20EBC0D4E427C8F6A80E9
310
BD7420103AC2EBB2BACDCB455E2F9FAA6AB5B85BD5F72FAC482467ADB57AE295417076BCA94B69E3D14439252B12C059706AA29207C24FDA68AB0C2BE23D673EEA35FDC4E16E4CDC386A2505C646155622601E2110032BBE60CE8AE4F887EFC787E7938678EA940389D6ED2ED686EA5C1B8ED2684CC4FFBAB007FF326FDBB7
310
68F972733F6B7812369BDD43727D8CEEEF24C43C09D3EB6BFC004769F3E73F2E1654F21A4D1F94CDE4B9D8AFC038F8B411F927504B03041400060808002E5FBC489833E8EB7F000000A30000000B0000006662782F636E782E786D6C4D8C4D0EC2201805AF42BE3D0A550B0B4AD31FB847636943A460B0188F2F982E5CBD64
310
F26644FBD91C7A9BF8B2C137404F0490F1F7305BBF3690F6057340AD143184FDEF06C84F9B69A06090628D213D0F349B654AAE5067FDE3805433A248C5B1BE0D145F4736E05E750AD723D55DDD537EA95836CE45C9F3EBE52D79F905504B03041400060808002E5FBC48A6D797065F0000008200000007000000636E782E78
310
6D6C4DCB3B0E80201045D1AD90E9FD7516806B51190811670C8A61F982B1B0BAC9C97B72CA7B1037C6D3332918DA1E04D2CAC69353902EDB8C20262D23F3F59B81A079470595414B17391D1F19B4730A5583A7ED43BBE4025D9592775E5ADFFA01504B03041400060808002E5FBC48ECFD112DA80000002601000013000000
310
5B436F6E74656E745F54797065735D2E786D6C7D4F4B0EC22010BD0A61DF525D18634ABB506FE00510A79458060253536F2FD89D5197F3FED3F68B9BD80362B21E25DFD40D6780DADF2C1AC9671AAA3D677DD75E9E0112CB5A4C928F44E12044D22338956A1F003333F8E814E5331A1194BE2B0362DB343BA13D1220555432
310
78D79E6050F344ECBC6478EDCD76CE8EABAE5449AE4298AC56946789C28AAFBEABC53F3EAF09A84A1441B91F0101CD4780756578C173A578FFDDBD00504B03041400060808002E5FBC483DEE336E64000000790000001B0000006175746F6465736B2D64657369676E2D7061636B6167652E786D6C35CBC10E83200C00D05F
310
21DCA56CA76D41FC96062B120735B69A7DBE268BB7777961F8D5AF396893C2ADB70FE7ADA196782C2DF776D7A97B5933C430F15651E5469C55D70F80A4992A3ADC954792C525AE70A1E4D6AD9816CC044FEFDF01FE3FDE907802504B03041400060808002E5FBC48EE4FBE13F50000008E0100003D0000006662782F314637
310
30453032382D463543312D344437432D424541452D3644314641364231383332372F7265736F75726365732F322F636F72652E786D6C8550CB6E833010FC15B477830D098FC8384A0BF9829E7AB38C43AD041BF951F5F36B072AB5A79E76353B33BB3BF4FCB53CB24F699D32BA079263C8A41666527AEE21F81B6A213B336A
310
8DF1BF689069BEC81E120C8CCED684758784D15EEA846A33C91DE4CE490F9978C4A607273EE4C2731E7C64B87BBE7271E7B3CC49BEF1180D414DBB544DD14DDD94B4C0F06518EBAE3DA0A1797D4187A11B513BD6188DDD955CAA0A37DDB5A4451233EAD5F2B35D58C9BD9C809598D4081F51D9BE11723A36A7B27BA7456232
310
EABC8D3FEF4BD377914E8B0DFDE316D6E97FB7A0B4AFCADD6D533860241EF71C305AA474627946176B4A927D03504B03041400060808002E5FBC4855C965EEFA000000960100003B0000006662782F31463730453032382D463543312D344437432D424541452D3644314641364231383332372F7265736F75726365732F63
310
6F72652E786D6C8550CB6E833010FC15B477834D1E40641CA50DF9829E7AB3CC865A0976E447D5CFAF1DA8D49E7ADAD5ECCCECEEF0E3D77C2F3ED1796D4D0FACA450A05176D466EA21862B69A1380AEEAC0DBF68501839630F1906C12767E363859435014D468D1D7105A5F718A050F7D4F4E0D507CEB294312486BF950FA9
310
6E72C292950B4FF018F5B84AF598DCF455A303414FE761DFB55B726E5E5FC8F6DC0DA41DF6940CDD859D361BDA74979A57592C78D0F3CF76E550061C41D494ED09DD91BA7D63ECB06B0E75F7CEABCC14DC07977E5E97E6EF4038F4363A859E57CBF48F6B7C8CFFBB466DC2A65E5D178507C1D291CF81E0554E29956784A9E6
310
44C537504B03041400060808002E5FBC488F75BB2AF2000000B1010000310000006662782F31463730453032382D463543312D344437432D424541452D3644314641364231383332372F636F72652E786D6C8D50C96EC32014FC158B3BD8907A698489B2D85FD0536F0888831283C552F5F30BB12BB5B79C1E9A37C3CC1B7A
310
F89E1FC597725E5BD3038C2A502823ACD466EA410C57D881E2C0A8B336FCA181C2F059F520C380D1C9D9B86C90B02628935163A5DA40EEBD0AA0108FF4E88117373573C463480C7F470B17773E2984D1CA6334E8F9572A9CE24149C048851B58D590741F18EFEB764FDE3F6999998CC6A8E566A56572D757AD1C60786CABA1
310
221D1CEB33866F97F60C4FC37180CD058FC7E684BB1D696999C58CFAE0D2CDDB27F9BA57E5ABF05FE6B8C817326B137664335C153E79A63CCF05A3652E308D67BB69E6B2D90F504B03041400060808002E5FBC48919E0C0855010000DD0200000C0000006662782F636F72652E786D6C8D52CB6EC32010FC158B3B7EE56547
310
98286D9C2FE8A93702C445B1C1C260E5F30B7EC8F5A1696509A3D9DD999D11E8F46CEAA0E7BA134A162009631070491513B22A8035779881E0849156CAFC680381240D2F808701469556B69D20AAA4E1D2A352313E81A4EBB80101ADDDA5001DFDE20D098935AEA37B842DA10F52F13009C73E8CAC156C1A15CCB189BBE01A
310
E0F87C29F779B68597C3FB1BDC5EF21266E53E86657E4DCE9B4D7CC8AF298AFC30464634B33AD59C18CE004EE3640FE31D4CB38F2439EE0EC734FF4491EFC4A833DA799E44BD3B80EFB7278A467CC5675BF6379F15D26CD2896F9CE8004EDC7A4301A3C8E7E37E4378EB0C9DB0CBCF905B3D5B7838A8E7D428BD7515A6EC52
310
EA496DB9A38E83E143D15875CC03C16F3CE90B9ED71C2E28222BB71A31EE7AB3C6ABAF776AB986BD790652E986D4CB72E38ACBB908AD2CCDE354D54AFF677AB63A8719F98789BF01504B03041400060808002E5FBC485BBA565D08010000B201000008000000636F72652E786D6C8D504B6EC32014BC0A628F0D76E24F8489
310
D2C6394157DD51431C141B2C3E517BFB42EC4AEDAEAB8766E6BD19861E3FE7093CA475CAE80E920C4320F56084D2630783BFA2068223A3D618FF4B0681E6B3EC608221A3A33561D9A0C1682F7542B5117203B973D243304CF1D14137DCE4CC331E7C54B87BB6F0E1CE4799916CD531EAD5FCB33A58C9BD149015985408EF51
310
D1BC1172D8D787A27DA77952321A82129B9512D15D5D95B490E1D3B9AFDA6687CEF5EB0BDA9DDB1E357D8551DF5EC8A92C71DD5E0A9AA765469DB7F1CFDB9198D303C71FC997E62BC5E88731D32688A104307AFA8A26344FC49FD06111FF08ADB42F8BEDE0BAE1202331D09388C6A9C1389EF5C699DA66DF504B0102140014
310
00060808002E5FBC480000000000000000000000003700000000000000000000000000000000006662782F31463730453032382D463543312D344437432D424541452D3644314641364231383332372F617474726962757465732E62696E504B010214001400060808002E5FBC480000000000000000000000003500000000
310
000000000000000000550000006662782F31463730453032382D463543312D344437432D424541452D3644314641364231383332372F76657274696365732E62696E504B010214001400060808002E5FBC48F270F13306000000040000003600000000000000000000000000A80000006662782F31463730453032382D4635
310
43312D344437432D424541452D3644314641364231383332372F747269616E676C65732E62696E504B010214001400060808002E5FBC4888E57597CD3F0000904100004200000000000000000000000000020100006662782F31463730453032382D463543312D344437432D424541452D3644314641364231383332372F72
310
65736F75726365732F322F305F67656E657269632E706E67504B010214001400060808002E5FBC4851464CB4890000004301000036000000000000000000000000002F4100006662782F31463730453032382D463543312D344437432D424541452D3644314641364231383332372F6469726563746F72792E786D6C504B01
310
0214001400060808002E5FBC4881E7E52C38070000201C000034000000000000000000000000000C4200006662782F31463730453032382D463543312D344437432D424541452D3644314641364231383332372F6F626A656374732E786D6C504B010214001400060808002E5FBC4835459555E2000000550100003C000000
310
00000000000000000000964900006662782F31463730453032382D463543312D344437432D424541452D3644314641364231383332372F7265736F75726365732F322F636E782E786D6C504B010214001400060808002E5FBC48FF15A4A45D000000800000003A00000000000000000000000000D24A00006662782F314637
310
30453032382D463543312D344437432D424541452D3644314641364231383332372F7265736F75726365732F636E782E786D6C504B010214001400060808002E5FBC482A7FA11943010000560500003000000000000000000000000000874B00006662782F31463730453032382D463543312D344437432D424541452D3644
310
314641364231383332372F636E782E786D6C504B010214001400060808002E5FBC489833E8EB7F000000A30000000B00000000000000000000000000184D00006662782F636E782E786D6C504B010214001400060808002E5FBC48A6D797065F000000820000000700000000000000000000000000C04D0000636E782E786D
310
6C504B010214001400060808002E5FBC48ECFD112DA8000000260100001300000000000000000000000000444E00005B436F6E74656E745F54797065735D2E786D6C504B010214001400060808002E5FBC483DEE336E64000000790000001B000000000000000000000000001D4F00006175746F6465736B2D64657369676E
310
2D7061636B6167652E786D6C504B010214001400060808002E5FBC48EE4FBE13F50000008E0100003D00000000000000000000000000BA4F00006662782F31463730453032382D463543312D344437432D424541452D3644314641364231383332372F7265736F75726365732F322F636F72652E786D6C504B010214001400
310
060808002E5FBC4855C965EEFA000000960100003B000000000000000000000000000A5100006662782F31463730453032382D463543312D344437432D424541452D3644314641364231383332372F7265736F75726365732F636F72652E786D6C504B010214001400060808002E5FBC488F75BB2AF2000000B10100003100
310
0000000000000000000000005D5200006662782F31463730453032382D463543312D344437432D424541452D3644314641364231383332372F636F72652E786D6C504B010214001400060808002E5FBC48919E0C0855010000DD0200000C000000000000000000000000009E5300006662782F636F72652E786D6C504B0102
310
14001400060808002E5FBC485BBA565D08010000B201000008000000000000000000000000001D550000636F72652E786D6C504B050600000000120012002D0600004B5600000000
  0
XRECORD
  5
17131E
102
{ACAD_REACTORS
330
171319
102
}
330
171319
100
AcDbXrecord
280
     1
270
     1
271
     1
  0
XRECORD
  5
17131D
102
{ACAD_REACTORS
330
171319
102
}
330
171319
100
AcDbXrecord
280
     1
270
     1
271
     1
  0
XRECORD
  5
17131F
102
{ACAD_REACTORS
330
171319
102
}
330
171319
100
AcDbXrecord
280
     1
270
     1
271
     1
  0
XRECORD
  5
17131C
102
{ACAD_REACTORS
330
171319
102
}
330
171319
100
AcDbXrecord
280
     1
270
     1
271
     1
  0
XRECORD
  5
2E2CDA
102
{ACAD_REACTORS
330
2E2CD9
102
}
330
2E2CD9
100
AcDbXrecord
280
     1
102
DISPLAYNAME
  1
Imperial24
102
FLAGS
 90
        0
  0
XRECORD
  5
2E2CDE
102
{ACAD_REACTORS
330
2E2CDD
102
}
330
2E2CDD
100
AcDbXrecord
280
     1
102
DISPLAYNAME
  1
Metric50
102
FLAGS
 90
        0
  0
CELLSTYLEMAP
  5
2E2CD8
102
{ACAD_REACTORS
330
1ABE49
102
}
330
1ABE49
100
AcDbCellStyleMap
 90
        3
300
CELLSTYLE
  1
TABLEFORMAT_BEGIN
 90
        5
170
     1
 91
        0
 92
    32768
 62
   257
 93
        1
300
CONTENTFORMAT
  1
CONTENTFORMAT_BEGIN
 90
        0
 91
        0
 92
      512
 93
        0
300

 40
0.0
140
1.0
 94
        5
 62
     0
340
11F68A
144
0.25
309
CONTENTFORMAT_END
171
     1
301
MARGIN
  1
CELLMARGIN_BEGIN
 40
0.06
 40
0.06
 40
0.06
 40
0.06
 40
0.18
 40
0.18
309
CELLMARGIN_END
 94
        6
 95
        1
302
GRIDFORMAT
  1
GRIDFORMAT_BEGIN
 90
        0
 91
        1
 62
     0
 92
       -2
340
0
 93
        0
 40
0.045
309
GRIDFORMAT_END
 95
        2
302
GRIDFORMAT
  1
GRIDFORMAT_BEGIN
 90
        0
 91
        1
 62
     0
 92
       -2
340
0
 93
        0
 40
0.045
309
GRIDFORMAT_END
 95
        4
302
GRIDFORMAT
  1
GRIDFORMAT_BEGIN
 90
        0
 91
        1
 62
     0
 92
       -2
340
0
 93
        0
 40
0.045
309
GRIDFORMAT_END
 95
        8
302
GRIDFORMAT
  1
GRIDFORMAT_BEGIN
 90
        0
 91
        1
 62
     0
 92
       -2
340
0
 93
        0
 40
0.045
309
GRIDFORMAT_END
 95
       16
302
GRIDFORMAT
  1
GRIDFORMAT_BEGIN
 90
        0
 91
        1
 62
     0
 92
       -2
340
0
 93
        0
 40
0.045
309
GRIDFORMAT_END
 95
       32
302
GRIDFORMAT
  1
GRIDFORMAT_BEGIN
 90
        0
 91
        1
 62
     0
 92
       -2
340
0
 93
        0
 40
0.045
309
GRIDFORMAT_END
309
TABLEFORMAT_END
  1
CELLSTYLE_BEGIN
 90
        1
 91
        1
300
_TITLE
309
CELLSTYLE_END
300
CELLSTYLE
  1
TABLEFORMAT_BEGIN
 90
        5
170
     1
 91
        0
 92
        0
 62
   257
 93
        1
300
CONTENTFORMAT
  1
CONTENTFORMAT_BEGIN
 90
        0
 91
        0
 92
      512
 93
        0
300

 40
0.0
140
1.0
 94
        5
 62
     0
340
11F68A
144
0.18
309
CONTENTFORMAT_END
171
     1
301
MARGIN
  1
CELLMARGIN_BEGIN
 40
0.06
 40
0.06
 40
0.06
 40
0.06
 40
0.18
 40
0.18
309
CELLMARGIN_END
 94
        6
 95
        1
302
GRIDFORMAT
  1
GRIDFORMAT_BEGIN
 90
        0
 91
        1
 62
     0
 92
       -2
340
0
 93
        0
 40
0.045
309
GRIDFORMAT_END
 95
        2
302
GRIDFORMAT
  1
GRIDFORMAT_BEGIN
 90
        0
 91
        1
 62
     0
 92
       -2
340
0
 93
        0
 40
0.045
309
GRIDFORMAT_END
 95
        4
302
GRIDFORMAT
  1
GRIDFORMAT_BEGIN
 90
        0
 91
        1
 62
     0
 92
       -2
340
0
 93
        0
 40
0.045
309
GRIDFORMAT_END
 95
        8
302
GRIDFORMAT
  1
GRIDFORMAT_BEGIN
 90
        0
 91
        1
 62
     0
 92
       -2
340
0
 93
        0
 40
0.045
309
GRIDFORMAT_END
 95
       16
302
GRIDFORMAT
  1
GRIDFORMAT_BEGIN
 90
        0
 91
        1
 62
     0
 92
       -2
340
0
 93
        0
 40
0.045
309
GRIDFORMAT_END
 95
       32
302
GRIDFORMAT
  1
GRIDFORMAT_BEGIN
 90
        0
 91
        1
 62
     0
 92
       -2
340
0
 93
        0
 40
0.045
309
GRIDFORMAT_END
309
TABLEFORMAT_END
  1
CELLSTYLE_BEGIN
 90
        2
 91
        1
300
_HEADER
309
CELLSTYLE_END
300
CELLSTYLE
  1
TABLEFORMAT_BEGIN
 90
        5
170
     1
 91
        0
 92
        0
 62
   257
 93
        1
300
CONTENTFORMAT
  1
CONTENTFORMAT_BEGIN
 90
        0
 91
        0
 92
      512
 93
        0
300

 40
0.0
140
1.0
 94
        2
 62
     0
340
11F68A
144
0.18
309
CONTENTFORMAT_END
171
     1
301
MARGIN
  1
CELLMARGIN_BEGIN
 40
0.06
 40
0.06
 40
0.06
 40
0.06
 40
0.18
 40
0.18
309
CELLMARGIN_END
 94
        6
 95
        1
302
GRIDFORMAT
  1
GRIDFORMAT_BEGIN
 90
        0
 91
        1
 62
     0
 92
       -2
340
0
 93
        0
 40
0.045
309
GRIDFORMAT_END
 95
        2
302
GRIDFORMAT
  1
GRIDFORMAT_BEGIN
 90
        0
 91
        1
 62
     0
 92
       -2
340
0
 93
        0
 40
0.045
309
GRIDFORMAT_END
 95
        4
302
GRIDFORMAT
  1
GRIDFORMAT_BEGIN
 90
        0
 91
        1
 62
     0
 92
       -2
340
0
 93
        0
 40
0.045
309
GRIDFORMAT_END
 95
        8
302
GRIDFORMAT
  1
GRIDFORMAT_BEGIN
 90
        0
 91
        1
 62
     0
 92
       -2
340
0
 93
        0
 40
0.045
309
GRIDFORMAT_END
 95
       16
302
GRIDFORMAT
  1
GRIDFORMAT_BEGIN
 90
        0
 91
        1
 62
     0
 92
       -2
340
0
 93
        0
 40
0.045
309
GRIDFORMAT_END
 95
       32
302
GRIDFORMAT
  1
GRIDFORMAT_BEGIN
 90
        0
 91
        1
 62
     0
 92
       -2
340
0
 93
        0
 40
0.045
309
GRIDFORMAT_END
309
TABLEFORMAT_END
  1
CELLSTYLE_BEGIN
 90
        3
 91
        2
300
_DATA
309
CELLSTYLE_END
  0
ENDSEC
  0
SECTION
  2
ACDSDATA
 70
     2
 71
     6
  0
ACDSSCHEMA
 90
        0
  1
AcDb_Thumbnail_Schema
  2
AcDbDs::ID
280
    10
 91
        8
  2
Thumbnail_Data
280
    15
 91
        0
101
ACDSRECORD
 95
        0
 90
        1
  2
AcDbDs::TreatedAsObjectData
280
     1
291
     1
101
ACDSRECORD
 95
        0
 90
        2
  2
AcDbDs::Legacy
280
     1
291
     1
101
ACDSRECORD
  1
AcDbDs::ID
 90
        3
  2
AcDs:Indexable
280
     1
291
     1
101
ACDSRECORD
  1
AcDbDs::ID
 90
        4
  2
AcDbDs::HandleAttribute
280
     7
282
     1
  0
ACDSSCHEMA
 90
        1
  1
AcDbDs::TreatedAsObjectDataSchema
  2
AcDbDs::TreatedAsObjectData
280
     1
 91
        0
  0
ACDSSCHEMA
 90
        2
  1
AcDbDs::LegacySchema
  2
AcDbDs::Legacy
280
     1
 91
        0
  0
ACDSSCHEMA
 90
        3
  1
AcDbDs::IndexedPropertySchema
  2
AcDs:Indexable
280
     1
 91
        0
  0
ACDSSCHEMA
 90
        4
  1
AcDbDs::HandleAttributeSchema
  2
AcDbDs::HandleAttribute
280
     7
 91
        1
284
     1
  0
ACDSRECORD
 90
        0
  2
AcDbDs::ID
280
    10
320
171356
  2
Thumbnail_Data
280
    15
 94
     1649
310
89504E470D0A1A0A0000000D49484452000001000000007408030000005D681C3700000300504C5445212830000000C8C8C80000000000000000000000000000000000000000000000000000330000660000990000CC0000FF0033000033330033660033990033CC0033FF0066000066330066660066990066CC0066FF0099
310
000099330099660099990099CC0099FF00CC0000CC3300CC6600CC9900CCCC00CCFF00FF0000FF3300FF6600FF9900FFCC00FFFF3300003300333300663300993300CC3300FF3333003333333333663333993333CC3333FF3366003366333366663366993366CC3366FF3399003399333399663399993399CC3399FF33CC00
310
33CC3333CC6633CC9933CCCC33CCFF33FF0033FF3333FF6633FF9933FFCC33FFFF6600006600336600666600996600CC6600FF6633006633336633666633996633CC6633FF6666006666336666666666996666CC6666FF6699006699336699666699996699CC6699FF66CC0066CC3366CC6666CC9966CCCC66CCFF66FF0066
310
FF3366FF6666FF9966FFCC66FFFF9900009900339900669900999900CC9900FF9933009933339933669933999933CC9933FF9966009966339966669966999966CC9966FF9999009999339999669999999999CC9999FF99CC0099CC3399CC6699CC9999CCCC99CCFF99FF0099FF3399FF6699FF9999FFCC99FFFFCC0000CC00
310
33CC0066CC0099CC00CCCC00FFCC3300CC3333CC3366CC3399CC33CCCC33FFCC6600CC6633CC6666CC6699CC66CCCC66FFCC9900CC9933CC9966CC9999CC99CCCC99FFCCCC00CCCC33CCCC66CCCC99CCCCCCCCCCFFCCFF00CCFF33CCFF66CCFF99CCFFCCCCFFFFFF0000FF0033FF0066FF0099FF00CCFF00FFFF3300FF3333
310
FF3366FF3399FF33CCFF33FFFF6600FF6633FF6666FF6699FF66CCFF66FFFF9900FF9933FF9966FF9999FF99CCFF99FFFFCC00FFCC33FFCC66FFCC99FFCCCCFFCCFFFFFF00FFFF33FFFF66FFFF99FFFFCCFFFFFF0000000D0D0D1A1A1A2828283535354343435050505D5D5D6B6B6B787878868686939393A1A1A1AEAEAEBB
310
BBBBC9C9C9D6D6D6E4E4E4F1F1F1FFFFFF000000000000000000000000000000000000000000000000000000000000B21171F60000032C4944415478DAED5B419284200CE407BCC45FF22E2FDE78011FC97D858012746676AAA4962CDDB503A2E89216026DD4989E7066728000100002400008000120000480001000024000
310
08000120000480001000023463FDFAA87BE42AC3D8BF12D19EA7E49AAD55C9902040545D5F9C9F125A4766203776DB6A2365C96CB70498BAAA2C89CB14FE8625A06EB9B5AF4BC60A02DE5595A5D119A89BBC2C3799915926E0B6AACCF24575C02E9FCC6909F8C8C3A283804BFFF4DE1F1BC736979800B1FB5A3DFEF9B7FF61
310
5C240BD2CFE42465B998FF3201DE1FD5534A7E1FEC9EAD9704184D04EC26EC3E8BA251C4EE8BB7E38F286DBB73F759DD94EAC7493A09884D2F5B152D2549A9AB6A978AADB99A08A0345925B7955A4DF5B83D1749E7DD75E5F0991CC35C0EF785E7C2C1A74126203B758A2652B594AB6CE71F1997771B9214C5CC8B79BF10A0
310
CB09664716ADE0EDD2FB53CF4E047836340EFB7A7C948EAFD605E6C667E377F3A22594B298C65B1E9D9D632ECA9EE320A959F5FD8685D3BDF9668F77A6717EFE926AC452AF04C53EE9D3DA95E06DD5BB8B8DBE12E4D6F2E23570218852124321240242AE1AF8BC204B215FA69CA7420DE665BB242070295C09082C1E0401A1
310
25A0643AF4703F3134BE5B6CEED0B36248C3B470B6B18318D2352F420CCD28862A5FD6450C695809443DF4420CF97B31E47F2B86361D4E70EB2686366DE20062086268323114C376A9DB4A31648518B26FC4901562C85EC450BCF8A8B141370A866063DEC8D0DD83C107C5903ADB11199A500C119537009E17436A5682538B
310
A1AAB18F8B21854E70C2C810751543AA9E097610430A9C20751643A4E2FE5BDB410CE5B800E9F10085809C853A7B11192A967364C8DA3A32A46714B4BDF62131A46F1A84188218426408AFC94DF79A5CDD58FF9D18A2D9C59031784DEE1F4486E89605F3606448C752B863644845A7B0755CA08821514A265762A8BC1E265F
310
16E33A7ABF18E1A7A38718DA8418DA84188AC74E31B49F5889A1F29055851812CD932D97A5F2F59CFB5C5594C6B67FFA0F275374F8D5DDCA043483C5DD0C9DB53D519C35F697A35F035F8F8300100000000000000000000000000000000000000000000000C09FE307CE188E2E5B872A3F0000000049454E44AE426082
  0
ACDSRECORD
 90
        0
  2
AcDbDs::ID
280
    10
320
171357
  2
Thumbnail_Data
280
    15
 94
     4079
310
89504E470D0A1A0A0000000D4948445200000100000000B5080300000087DCD12600000300504C5445212830000000C8C8C80000000000000000000000000000000000000000000000000000330000660000990000CC0000FF0033000033330033660033990033CC0033FF0066000066330066660066990066CC0066FF0099
310
000099330099660099990099CC0099FF00CC0000CC3300CC6600CC9900CCCC00CCFF00FF0000FF3300FF6600FF9900FFCC00FFFF3300003300333300663300993300CC3300FF3333003333333333663333993333CC3333FF3366003366333366663366993366CC3366FF3399003399333399663399993399CC3399FF33CC00
310
33CC3333CC6633CC9933CCCC33CCFF33FF0033FF3333FF6633FF9933FFCC33FFFF6600006600336600666600996600CC6600FF6633006633336633666633996633CC6633FF6666006666336666666666996666CC6666FF6699006699336699666699996699CC6699FF66CC0066CC3366CC6666CC9966CCCC66CCFF66FF0066
310
FF3366FF6666FF9966FFCC66FFFF9900009900339900669900999900CC9900FF9933009933339933669933999933CC9933FF9966009966339966669966999966CC9966FF9999009999339999669999999999CC9999FF99CC0099CC3399CC6699CC9999CCCC99CCFF99FF0099FF3399FF6699FF9999FFCC99FFFFCC0000CC00
310
33CC0066CC0099CC00CCCC00FFCC3300CC3333CC3366CC3399CC33CCCC33FFCC6600CC6633CC6666CC6699CC66CCCC66FFCC9900CC9933CC9966CC9999CC99CCCC99FFCCCC00CCCC33CCCC66CCCC99CCCCCCCCCCFFCCFF00CCFF33CCFF66CCFF99CCFFCCCCFFFFFF0000FF0033FF0066FF0099FF00CCFF00FFFF3300FF3333
310
FF3366FF3399FF33CCFF33FFFF6600FF6633FF6666FF6699FF66CCFF66FFFF9900FF9933FF9966FF9999FF99CCFF99FFFFCC00FFCC33FFCC66FFCC99FFCCCCFFCCFFFFFF00FFFF33FFFF66FFFF99FFFFCCFFFFFF0000000D0D0D1A1A1A2828283535354343435050505D5D5D6B6B6B787878868686939393A1A1A1AEAEAEBB
310
BBBBC9C9C9D6D6D6E4E4E4F1F1F1FFFFFF000000000000000000000000000000000000000000000000000000000000B21171F600000CAA4944415478DAED5DC995AD2010AD0C4C830D39184C8742507FCF8E0858741AECBFCCF3A00F87EE96D3A79FAF4A54AE45515C4B1EC05BDEF296B7BCE52D5BF9FA0D6595A5B34F1580
310
DF701315009D7D7E3500EAFFBF7FFFFE36000FB50024CB13FCD80100D0B3CA4956D204E041667E0B008FEAE8170260CDED05608A0354DD57FEFD1C00C0B81C34ABFD08260C0597FA007DBDE83923C1D5006804D0634682EB0150E7438F7184770000681600E4870200E8AF03F0D72CA0E87D05124F28F22A460090FB7E0040
310
76B85048C6EE2D396C01AD9A485F4D1F80FA6E0300647620ECC6B215B2D852D8DAADDCB7FFB5004487DBBE2FA12D525B0A32F585E42251138DEEA6CD5F0C98BFA84FA1B7769659B31400480058B82E42E84F2A0D331601F522228C68DB8D4622EE45ED9A9B28A9D9B500DBF769BCDB2400E2FDF9767B06449B8CF3B827EFAF
310
E9643D00E4FECA7012006002003C1D80B8B93C8CB7CE69B69C0816BF9B14C82DB91BC6AE263622255322EC444696B5AF07806E7BE603D0111F90001018C01257C4DBAD5A6CBBAD2CB9A3B2398B14F95DA46CD135AD4CB57A13712F8A4FC845078065C10B3E1B007985719120642248459864A272CD54A46FEA100058969300
310
7007A4974782D4FBB8011F7012004490E02409EAE9274E3EC3AF5DBD3B50D42C85E010008CB1732D2001006F27C4FAD3B40418360A9CE86148CFEC91B233F2310B5063E17C1FC08B006CCD910DC2DB656F9FEA3632A13698105A61F5448A21D533AB17A0F5526EC14801A043009C6301D45E070FFC8D6AB7BA70268CF56D0D
310
561B5A10EA09A87BBB0944510F5E2F2204B88F16EE0480260030E1E65CB2156657E6B721B95A52D587F515801202DF0DBCED5D0E40104D53C4F50627AA60468A45907619D54B23309BDC75803600F1712601E046014A520BB0E392BA85F165D9FBECF5F13058D46771BDED06F6C45BB33ACF09E75B40AB0BD82EACFC418400
310
53BD3AD68700A8AE2E527D0E8141A0DE052E0580A70030E5C4952B532E21BEF05C4F3AFA3E00F456001297247D941AC5CCA8ADB64CC1C642023D2EE8594D1FEED71C06D1D971002ACC057818026ECD08033C15064482FD7AEC4B3710BAD2027839120CE356DB848A9E74F4C5FAFB01981A0A9700C82603A74F86F65A009C0D
310
8099DEE26C2ACB4745784014D41C0660FA741815E60201FB6219216A4FEF447E0AAB380F65D6D43242BA66C40829916684A8E594683AF146192384324244134A0D00D65A2E610780ED9F45202144142364B69C8C721AEFC3152314DA0356A225A8A794B14811228B338034042A58C0729205780428C74901C0B9289791D26E
310
23226ADBBFC80C0BE172168A3E009F06C06210B88D11E28B4FD5A803A0C2EA5300D810E00D46089FCD0871D36C016D004E8A03D46709000C31B3E3A81DCBF840CEF8F4F4506284B8E9F98AA46F02704A24980360FBAC677484A648C0323E9A22727A224CEC17E959565F40428A0500207B35B75800E5C964481543EC084377
310
C48C10338C0F53B341913142BA3E4EEB43448A8516B0394197B6733D0034E503DCB42D9BE9D79C60515FAA1F1881C69DFA74ADEA30381B009400A04ED06184A615E62821AEA7C28B65D16A71C07C462803407682C00284B95DD2A045C2088980E9D15F49479F1516F0012100F51CD67916808A5D80C40030C3E8289F163142
310
CE19867A12E9A5D3ABD5F7FBD966114E280979D46B00685B00D38487E6EE986189656121E363F46A6350EF4A4088C416D001409C05801A06B87F2464191DCBEB29276F19A258AF9F21E0217D8911E2300E8038CD0278C208050FC43424B245414417EB4947EFEB9718A16DEA74B40BA05900E84068490261E83042D06184A0
310
CB08E9338A0C80322D9E3342FB0040F5514003402F6784680E4074837A8CD01100CA16200CC3A1A6E90B5E12E246CEC6331648ED86239647D78C647A2F1CB241F6F836414264C3606E01653EE03300AA4FB328A53A22C26623DCB24AB99BFC2EC319B985B1AB899D121B9151F250597E76B6359DA88F44A7920AF53EE75940
310
9AFCE2EF557003DDED0B18A1C814342384135BC8CDC35382775940E603EE6285F90000633E60244DAE01C0D1F6CF04E0B351609D14075CCB087D1007C0610B80562408E14352FD6CAFC808797D99114AF4B8CC08ED8A04C51573818811D28C071846486F0808192195226318214DFD183DB30F4983FA0904BBE702A785C2F1
310
6C306684ECBCD6A4B8B8EF4CE7BDE8E9B06184127DA17ECA085D3E1B1CE3033CA513CCE14587112AE90BF50323B8C3021EC108910A235403E08C1CA11629EA093C96503AB66B048C51922253D2371921E07758400700DBA3194E927CACF38BF531238445BD7ECE0815E3807B1F8C384648FB2B963219891EB33DFA528A8CB8
310
74181C7C30A2535C7C20631F6EB6F46C401F33227B0160173E1BC48514175CD1938EBE9322C3C52000075264A29C817D4F87137E07D2CBC7D130D8D417EB07673426D003805D951F0070F4797F41D4DCCDE707F401382F4526CB10B1492021234469C608290229668474CD48A6440923640EF6900C913C47C85A2606939823
310
7384ECFB635664727ED4BB6224490372293D2A6FC8271085A2E4064FC8119A9725B63B118C1C4D21DB9525B6E03C9DFA0FE7099E01C05D8C101CC91445703A0021C1830B8C0FEE304255FD710B082241748213AC30428C099F368E75900BD8314555BD0B85CD5B32DB4639470886B3C59B16703451B2F6D2944BF511660E6F
310
5264CC0B112AF7C5BF3405D8E61514F4BE7E8111D2ED9F00C0C43746541126D547541821658D2E412267842AF50B39428A90D90900FA1880F09D219200503C4C3D45C832426D87E7F40923A40C80D09DEF0C4D0020786BCC9EBDC008C9252348F33BD9A58F1921E23CC0DEB7C63E06005A5DC033393923645D814D0562F94B
310
5399BECD0815BB009C6D012100D94B53C07095112AE9A397A6142384F73042AD37476D5F381580C4256188189DF8A5A90EE3838F3042507F7718C5004C8C03A0110835189D8FF4B8C20841FDED7154B380890054D60FE8313AB8F3D2D40823E49A575D3F2002606A280C211F10CF822F9B0B2058ECD588310B9838192A7501
310
9B2253981863682D13421A2B87E0FAC1D0E200E87601D56F664E874B0098A4ADD2D23F0B4D571B0A9EE8F87584163EB0289194F1C402EA2B48204F889CBC8A4CC04F2C908B02D998686037E4445500AC056C382EF41C00EC43019ADDAB826874B1A8BD351B0098B50D54CCDA5B49EA28009515BE0E2C17C677D59422A42BF4
310
1651B18B5ACC0000A50FAFF72F1847772F18D73B18742C40AFFED75B4D6E108013D7135C866A4622E478E6960F086ED9E415254BE634B86824198A039A078B96126D8D029300C857144D96F5BC6329517FE211003E5953B41B985DCE0A03FAECC4693B3B69724F056012023F188070917738FC831B370060DF7646C15AED87
310
00B047F814800F7D003A04C027BF92821E06C08D3F2C33E137676EFCA12532E52891091C7382BF0300F8AB004C18065F008E03F0D14F5DFD64003E1B797E85054CF885A41FDE055E005E005E005E00FE1200055ACCB0D50BBFBAD8B7C8B9B8148064EEBB01A03796CB2DC09C91C2A500A473FF1780FB00C0CBF500E4C9351E
310
0086AF2DCC3E12A13300E8678A965DC086BE0100B18B2D80D9AB986202BB2CA0020013ECC2221E07001CBC8E831620E03E00A26190DE0380F09E88D2EB00B0A340FE6CF0868783C919AF1F064534205CCF08A168EB2A00D09F0720CDB978421740D77581EC6E3FC602E005E005E02642E4A38BB0C4FA6F00001D05E0E03305
310
F438006E7B3AFE0C00EE2C2F002F003F16800F1FACFA8BF8DA53D63597DC0BC0A707D9AE336B828F99BF22BA4B6E7E450C98921C06E011C55EA77E332E9C232B0022EA2F699597AC8700784AC90028B4C1DFF3A2E4B344C9C700202A00449C6F453200C0B72997B56B87634B8AEF072BA48CF75741F25000464D327382810F
310
2839FD0CC0A34EF01A00028BFE8ABFE63BE62CE1D721A4BD9B585B003DC6020AA3C0340002BD34FEEF6FDF11BEA3A2BEC3F7337C4050EC93AFFC8B0B077A5DE0CB3B81B0D12500A63A883D3E60AD064209004742E1A12EF07D7B1700DD03200B840A16E0CD7B1A00CF7082451F5002603D0240D2EFADCDA71E014AC22303E8
310
FD4E700000F886D42140CD4B7C9FE90477CD08BF8C7FF8927FA2110798C3FB40286A128437BB08C05516B0D667B4E5124D997AC3E0FA737C40E0FEA0F9E05484507400588B5DC0DD7763190F0884C2D9500F801D3E602DFA00E700C10110C81F15088D946100BE21EBDD06182B98190DEDF7017E84AFB52A51C4A16EE17CFF
310
D627C401CE90BFD29EAE3FDD05AEAA4BAF81A74B5F9A5EC388497D154D0056F8E100A46E2003403401589F10090E3BC1020050B70018B0806674718672673893555EAB4759CB6758DB8448B3AC2728D71BCEB9A3C56BE39073946BE7AAA79DF30400603E00EB79004C31881BCCF1DE2EF096B7BCE52D7FA1FC074A33A159CA
310
702A680000000049454E44AE426082
  0
ENDSEC
  0
EOF
