  0
SECTION
  2
HEADER
  9
$ACADVER
  1
AC1027
  9
$ACADMAINTVER
 70
    55
  9
$DWGCODEPAGE
  3
ANSI_932
  9
$LASTSAVEDBY
  1
遠藤　健一
  9
$REQUIREDVERSIONS
160
                 0
  9
$INSBASE
 10
0.0
 20
0.0
 30
0.0
  9
$EXTMIN
 10
-698.5
 20
-137.5
 30
0.0
  9
$EXTMAX
 10
-191.5634397280291
 20
244.8983679047803
 30
0.0
  9
$LIMMIN
 10
-848.9208008275772
 20
-397.0141196967682
  9
$LIMMAX
 10
88.35077081494592
 20
227.5
  9
$ORTHOMODE
 70
     1
  9
$REGENMODE
 70
     1
  9
$FILLMODE
 70
     1
  9
$QTEXTMODE
 70
     0
  9
$MIRRTEXT
 70
     1
  9
$LTSCALE
 40
0.45
  9
$ATTMODE
 70
     1
  9
$TEXTSIZE
 40
6.0
  9
$TRACEWID
 40
0.05
  9
$TEXTSTYLE
  7
ROMAND
  9
$CLAYER
  8
DIMENSION
  9
$CELTYPE
  6
BYLAYER
  9
$CECOLOR
 62
   256
  9
$CELTSCALE
 40
1.0
  9
$DISPSILH
 70
     0
  9
$DIMSCALE
 40
1.0
  9
$DIMASZ
 40
6.0
  9
$DIMEXO
 40
2.0
  9
$DIMDLI
 40
5.0
  9
$DIMRND
 40
0.0
  9
$DIMDLE
 40
0.0
  9
$DIMEXE
 40
2.0
  9
$DIMTP
 40
0.0
  9
$DIMTM
 40
0.0
  9
$DIMTXT
 40
6.0
  9
$DIMCEN
 40
0.0
  9
$DIMTSZ
 40
0.0
  9
$DIMTOL
 70
     0
  9
$DIMLIM
 70
     0
  9
$DIMTIH
 70
     0
  9
$DIMTOH
 70
     0
  9
$DIMSE1
 70
     0
  9
$DIMSE2
 70
     0
  9
$DIMTAD
 70
     1
  9
$DIMZIN
 70
     8
  9
$DIMBLK
  1

  9
$DIMASO
 70
     1
  9
$DIMSHO
 70
     1
  9
$DIMPOST
  1

  9
$DIMAPOST
  1

  9
$DIMALT
 70
     0
  9
$DIMALTD
 70
     2
  9
$DIMALTF
 40
25.4
  9
$DIMLFAC
 40
1.0
  9
$DIMTOFL
 70
     0
  9
$DIMTVP
 40
0.0
  9
$DIMTIX
 70
     0
  9
$DIMSOXD
 70
     0
  9
$DIMSAH
 70
     1
  9
$DIMBLK1
  1
ARROWHEAD
  9
$DIMBLK2
  1
ARROWHEAD
  9
$DIMSTYLE
  2
STANDARD
  9
$DIMCLRD
 70
     0
  9
$DIMCLRE
 70
     0
  9
$DIMCLRT
 70
     0
  9
$DIMTFAC
 40
1.0
  9
$DIMGAP
 40
1.0
  9
$DIMJUST
 70
     0
  9
$DIMSD1
 70
     0
  9
$DIMSD2
 70
     0
  9
$DIMTOLJ
 70
     1
  9
$DIMTZIN
 70
     0
  9
$DIMALTZ
 70
     0
  9
$DIMALTTZ
 70
     0
  9
$DIMUPT
 70
     0
  9
$DIMDEC
 70
     4
  9
$DIMTDEC
 70
     4
  9
$DIMALTU
 70
     2
  9
$DIMALTTD
 70
     2
  9
$DIMTXSTY
  7
ROMAND
  9
$DIMAUNIT
 70
     0
  9
$DIMADEC
 70
     4
  9
$DIMALTRND
 40
0.0
  9
$DIMAZIN
 70
     0
  9
$DIMDSEP
 70
    46
  9
$DIMATFIT
 70
     3
  9
$DIMFRAC
 70
     0
  9
$DIMLDRBLK
  1

  9
$DIMLUNIT
 70
     2
  9
$DIMLWD
 70
    -2
  9
$DIMLWE
 70
    -2
  9
$DIMTMOVE
 70
     0
  9
$DIMFXL
 40
1.0
  9
$DIMFXLON
 70
     0
  9
$DIMJOGANG
 40
0.7853981633974483
  9
$DIMTFILL
 70
     0
  9
$DIMTFILLCLR
 70
     0
  9
$DIMARCSYM
 70
     0
  9
$DIMLTYPE
  6

  9
$DIMLTEX1
  6

  9
$DIMLTEX2
  6

  9
$DIMTXTDIRECTION
 70
     0
  9
$LUNITS
 70
     2
  9
$LUPREC
 70
     4
  9
$SKETCHINC
 40
0.1
  9
$FILLETRAD
 40
2.7
  9
$AUNITS
 70
     0
  9
$AUPREC
 70
     0
  9
$MENU
  1
acad
  9
$ELEVATION
 40
0.0
  9
$PELEVATION
 40
0.0
  9
$THICKNESS
 40
0.0
  9
$LIMCHECK
 70
     0
  9
$CHAMFERA
 40
12.0
  9
$CHAMFERB
 40
12.0
  9
$CHAMFERC
 40
16.0
  9
$CHAMFERD
 40
0.7853981633974483
  9
$SKPOLY
 70
     0
  9
$TDCREATE
 40
2450344.708499422
  9
$TDUCREATE
 40
2450344.333499422
  9
$TDUPDATE
 40
2461184.789860683
  9
$TDUUPDATE
 40
2461184.414860683
  9
$TDINDWG
 40
13.1932615625
  9
$TDUSRTIMER
 40
13.1932614468
  9
$USRTIMER
 70
     1
  9
$ANGBASE
 50
0.0
  9
$ANGDIR
 70
     0
  9
$PDMODE
 70
     0
  9
$PDSIZE
 40
0.0
  9
$PLINEWID
 40
0.0
  9
$SPLFRAME
 70
     0
  9
$SPLINETYPE
 70
     6
  9
$SPLINESEGS
 70
     8
  9
$HANDSEED
  5
2D4AC1
  9
$SURFTAB1
 70
     6
  9
$SURFTAB2
 70
     6
  9
$SURFTYPE
 70
     6
  9
$SURFU
 70
     6
  9
$SURFV
 70
     6
  9
$UCSBASE
  2

  9
$UCSNAME
  2

  9
$UCSORG
 10
0.0
 20
0.0
 30
0.0
  9
$UCSXDIR
 10
1.0
 20
0.0
 30
0.0
  9
$UCSYDIR
 10
0.0
 20
1.0
 30
0.0
  9
$UCSORTHOREF
  2

  9
$UCSORTHOVIEW
 70
     0
  9
$UCSORGTOP
 10
0.0
 20
0.0
 30
0.0
  9
$UCSORGBOTTOM
 10
0.0
 20
0.0
 30
0.0
  9
$UCSORGLEFT
 10
0.0
 20
0.0
 30
0.0
  9
$UCSORGRIGHT
 10
0.0
 20
0.0
 30
0.0
  9
$UCSORGFRONT
 10
0.0
 20
0.0
 30
0.0
  9
$UCSORGBACK
 10
0.0
 20
0.0
 30
0.0
  9
$PUCSBASE
  2

  9
$PUCSNAME
  2

  9
$PUCSORG
 10
0.0
 20
0.0
 30
0.0
  9
$PUCSXDIR
 10
1.0
 20
0.0
 30
0.0
  9
$PUCSYDIR
 10
0.0
 20
1.0
 30
0.0
  9
$PUCSORTHOREF
  2

  9
$PUCSORTHOVIEW
 70
     0
  9
$PUCSORGTOP
 10
0.0
 20
0.0
 30
0.0
  9
$PUCSORGBOTTOM
 10
0.0
 20
0.0
 30
0.0
  9
$PUCSORGLEFT
 10
0.0
 20
0.0
 30
0.0
  9
$PUCSORGRIGHT
 10
0.0
 20
0.0
 30
0.0
  9
$PUCSORGFRONT
 10
0.0
 20
0.0
 30
0.0
  9
$PUCSORGBACK
 10
0.0
 20
0.0
 30
0.0
  9
$USERI1
 70
     0
  9
$USERI2
 70
     0
  9
$USERI3
 70
     0
  9
$USERI4
 70
     0
  9
$USERI5
 70
     0
  9
$USERR1
 40
0.0
  9
$USERR2
 40
0.0
  9
$USERR3
 40
0.0
  9
$USERR4
 40
0.0
  9
$USERR5
 40
0.0
  9
$WORLDVIEW
 70
     1
  9
$SHADEDGE
 70
     3
  9
$SHADEDIF
 70
    70
  9
$TILEMODE
 70
     1
  9
$MAXACTVP
 70
    16
  9
$PINSBASE
 10
0.0
 20
0.0
 30
0.0
  9
$PLIMCHECK
 70
     0
  9
$PEXTMIN
 10
-35.51828787331533
 20
-20.78894548855704
 30
-0.0000000000112498
  9
$PEXTMAX
 10
444.7209534977855
 20
316.5819441764011
 30
0.0000000000002956
  9
$PLIMMIN
 10
-47.94511021322647
 20
-29.87630432801071
  9
$PLIMMAX
 10
456.9551693147746
 20
327.167516852185
  9
$UNITMODE
 70
     0
  9
$VISRETAIN
 70
     0
  9
$PLINEGEN
 70
     0
  9
$PSLTSCALE
 70
     0
  9
$TREEDEPTH
 70
  3020
  9
$CMLSTYLE
  2
STANDARD
  9
$CMLJUST
 70
     0
  9
$CMLSCALE
 40
1.0
  9
$PROXYGRAPHICS
 70
     1
  9
$MEASUREMENT
 70
     0
  9
$CELWEIGHT
370
    -1
  9
$ENDCAPS
280
     0
  9
$JOINSTYLE
280
     0
  9
$LWDISPLAY
290
     0
  9
$INSUNITS
 70
     0
  9
$HYPERLINKBASE
  1

  9
$STYLESHEET
  1
monochrome.ctb
  9
$XEDIT
290
     1
  9
$CEPSNTYPE
380
     0
  9
$PSTYLEMODE
290
     1
  9
$FINGERPRINTGUID
  2
{7BF6A820-D835-44A2-8555-ECE8B0D02EBB}
  9
$VERSIONGUID
  2
{CE9C10FA-417F-49C9-8E66-599D25E60800}
  9
$EXTNAMES
290
     1
  9
$PSVPSCALE
 40
0.0
  9
$OLESTARTUP
290
     0
  9
$SORTENTS
280
    96
  9
$INDEXCTL
280
     0
  9
$HIDETEXT
280
     0
  9
$XCLIPFRAME
280
     2
  9
$HALOGAP
280
     0
  9
$OBSCOLOR
 70
   257
  9
$OBSLTYPE
280
     0
  9
$INTERSECTIONDISPLAY
280
     0
  9
$INTERSECTIONCOLOR
 70
   257
  9
$DIMASSOC
280
     1
  9
$PROJECTNAME
  1

  9
$CAMERADISPLAY
290
     0
  9
$LENSLENGTH
 40
50.0
  9
$CAMERAHEIGHT
 40
0.0
  9
$STEPSPERSEC
 40
2.0
  9
$STEPSIZE
 40
6.0
  9
$3DDWFPREC
 40
2.0
  9
$PSOLWIDTH
 40
0.25
  9
$PSOLHEIGHT
 40
4.0
  9
$LOFTANG1
 40
1.570796326794896
  9
$LOFTANG2
 40
1.570796326794896
  9
$LOFTMAG1
 40
0.0
  9
$LOFTMAG2
 40
0.0
  9
$LOFTPARAM
 70
     7
  9
$LOFTNORMALS
280
     1
  9
$LATITUDE
 40
37.795
  9
$LONGITUDE
 40
-122.394
  9
$NORTHDIRECTION
 40
0.0
  9
$TIMEZONE
 70
 -8000
  9
$LIGHTGLYPHDISPLAY
280
     1
  9
$TILEMODELIGHTSYNCH
280
     1
  9
$CMATERIAL
347
171308
  9
$SOLIDHIST
280
     1
  9
$SHOWHIST
280
     1
  9
$DWFFRAME
280
     2
  9
$DGNFRAME
280
     0
  9
$REALWORLDSCALE
290
     1
  9
$INTERFERECOLOR
 62
     1
  9
$INTERFEREOBJVS
345
17132A
  9
$INTERFEREVPVS
346
171526
  9
$CSHADOW
280
     0
  9
$SHADOWPLANELOCATION
 40
0.0
  0
ENDSEC
  0
SECTION
  2
CLASSES
  0
CLASS
  1
DICTIONARYVAR
  2
AcDbDictionaryVar
  3
ObjectDBX Classes
 90
        0
 91
       14
280
     0
281
     0
  0
CLASS
  1
ACDBDICTIONARYWDFLT
  2
AcDbDictionaryWithDefault
  3
ObjectDBX Classes
 90
        0
 91
        1
280
     0
281
     0
  0
CLASS
  1
MATERIAL
  2
AcDbMaterial
  3
ObjectDBX Classes
 90
     1153
 91
        3
280
     0
281
     0
  0
CLASS
  1
VISUALSTYLE
  2
AcDbVisualStyle
  3
ObjectDBX Classes
 90
     4095
 91
       26
280
     0
281
     0
  0
CLASS
  1
TABLESTYLE
  2
AcDbTableStyle
  3
ObjectDBX Classes
 90
     4095
 91
        1
280
     0
281
     0
  0
CLASS
  1
SCALE
  2
AcDbScale
  3
ObjectDBX Classes
 90
     1153
 91
       17
280
     0
281
     0
  0
CLASS
  1
MLEADERSTYLE
  2
AcDbMLeaderStyle
  3
ACDB_MLEADERSTYLE_CLASS
 90
     4095
 91
        1
280
     0
281
     0
  0
CLASS
  1
ACDBSECTIONVIEWSTYLE
  2
AcDbSectionViewStyle
  3
ObjectDBX Classes
 90
     1025
 91
        2
280
     0
281
     0
  0
CLASS
  1
ACDBDETAILVIEWSTYLE
  2
AcDbDetailViewStyle
  3
ObjectDBX Classes
 90
     1025
 91
        2
280
     0
281
     0
  0
CLASS
  1
DIMASSOC
  2
AcDbDimAssoc
  3
"AcDbDimAssoc|Product Desc:     AcDim ARX App For Dimension|Company:          Autodesk, Inc.|WEB Address:      www.autodesk.com"
 90
        0
 91
        0
280
     0
281
     0
  0
CLASS
  1
SORTENTSTABLE
  2
AcDbSortentsTable
  3
ObjectDBX Classes
 90
        0
 91
        1
280
     0
281
     0
  0
CLASS
  1
NPOCOLLECTION
  2
AcDbImpNonPersistentObjectsCollection
  3
ObjectDBX Classes
 90
     1153
 91
        0
280
     0
281
     0
  0
CLASS
  1
CELLSTYLEMAP
  2
AcDbCellStyleMap
  3
ObjectDBX Classes
 90
     1152
 91
        2
280
     0
281
     0
  0
CLASS
  1
EXACXREFPANELOBJECT
  2
ExAcXREFPanelObject
  3
EXAC_ESW
 90
     1025
 91
        0
280
     0
281
     0
  0
CLASS
  1
SOLID_BACKGROUND
  2
AcDbSolidBackground
  3
SCENEOE
 90
     4095
 91
        0
280
     0
281
     0
  0
CLASS
  1
MULTILEADER
  2
AcDbMLeader
  3
ACDB_MLEADER_CLASS
 90
     1025
 91
        0
280
     0
281
     1
  0
CLASS
  1
ACAD_EVALUATION_GRAPH
  2
AcDbEvalGraph
  3
ObjectDBX Classes
 90
     1153
 91
        0
280
     0
281
     0
  0
CLASS
  1
ACAECUSTOBJ
  2
AcAeEditorObj
  3
AcAeEditorObj
 90
     1024
 91
        0
280
     0
281
     0
  0
CLASS
  1
ACDB_DYNAMICBLOCKPURGEPREVENTER_VERSION
  2
AcDbDynamicBlockPurgePreventer
  3
ObjectDBX Classes
 90
     1153
 91
        0
280
     0
281
     0
  0
CLASS
  1
RAPIDRTRENDERSETTINGS
  2
AcDbRapidRTRenderSettings
  3
ObjectDBX Classes
 90
     1024
 91
        0
280
     0
281
     0
  0
ENDSEC
  0
SECTION
  2
TABLES
  0
TABLE
  2
VPORT
  5
11F682
102
{ACAD_XDICTIONARY
360
1ABE7F
102
}
330
0
100
AcDbSymbolTable
 70
     1
  0
VPORT
  5
11F70E
330
11F682
100
AcDbSymbolTableRecord
100
AcDbViewportTableRecord
  2
*ACTIVE
 70
     0
 10
0.0
 20
0.0
 11
1.0
 21
1.0
 12
-1704.614997152317
 22
-510.8188502909709
 13
0.0
 23
0.0
 14
0.5
 24
0.5
 15
0.0
 25
0.0
 16
0.0
 26
0.0
 36
1446.201050328711
 17
1309.059462927271
 27
616.26951099347
 37
0.0
 40
780.0719822328414
 41
1.620029455081001
 42
50.0
 43
0.0
 44
0.0
 50
0.0
 51
0.0
 71
     0
 72
   100
 73
     1
 74
     0
 75
     0
 76
     0
 77
     0
 78
     0
281
     0
 65
     1
110
0.0
120
0.0
130
0.0
111
1.0
121
0.0
131
0.0
112
0.0
122
1.0
132
0.0
 79
     0
146
0.0
348
171326
 60
     3
 61
     5
292
     1
282
     1
141
0.0
142
0.0
 63
   250
421
  3355443
1001
ACAD_NAV_VCDISPLAY
1070
     3
  0
ENDTAB
  0
TABLE
  2
LTYPE
  5
11F67F
330
0
100
AcDbSymbolTable
 70
     2
  0
LTYPE
  5
11F68C
330
11F67F
100
AcDbSymbolTableRecord
100
AcDbLinetypeTableRecord
  2
BYBLOCK
 70
     0
  3

 72
    65
 73
     0
 40
0.0
  0
LTYPE
  5
11F68D
330
11F67F
100
AcDbSymbolTableRecord
100
AcDbLinetypeTableRecord
  2
BYLAYER
 70
     0
  3

 72
    65
 73
     0
 40
0.0
  0
LTYPE
  5
11F68E
330
11F67F
100
AcDbSymbolTableRecord
100
AcDbLinetypeTableRecord
  2
CONTINUOUS
 70
     0
  3
Solid line
 72
    65
 73
     0
 40
0.0
  0
LTYPE
  5
11F6F7
330
11F67F
100
AcDbSymbolTableRecord
100
AcDbLinetypeTableRecord
  2
CENTER2
 70
     0
  3
___ _ ___ _ ___ _ ___ _ ___ _ ___ _ ___ _ ___ _
 72
    65
 73
     4
 40
28.575
 49
19.05
 74
     0
 49
-3.174999999999998
 74
     0
 49
3.174999999999998
 74
     0
 49
-3.174999999999998
 74
     0
  0
ENDTAB
  0
TABLE
  2
LAYER
  5
11F67C
102
{ACAD_XDICTIONARY
360
1713B1
102
}
330
0
100
AcDbSymbolTable
 70
    20
  0
LAYER
  5
11F689
102
{ACAD_XDICTIONARY
360
17136F
102
}
330
11F67C
100
AcDbSymbolTableRecord
100
AcDbLayerTableRecord
  2
0
 70
     0
 62
     7
  6
CONTINUOUS
370
    -3
390
171306
347
171318
348
0
  0
LAYER
  5
11F713
102
{ACAD_XDICTIONARY
360
171371
102
}
330
11F67C
100
AcDbSymbolTableRecord
100
AcDbLayerTableRecord
  2
Z-LS1
 70
     0
 62
    82
  6
CONTINUOUS
370
    -3
390
171306
347
171318
348
0
  0
LAYER
  5
11F714
102
{ACAD_XDICTIONARY
360
171373
102
}
330
11F67C
100
AcDbSymbolTableRecord
100
AcDbLayerTableRecord
  2
Z-LL1
 70
     0
 62
    72
  6
CONTINUOUS
370
    -3
390
171306
347
171318
348
0
  0
LAYER
  5
11F715
102
{ACAD_XDICTIONARY
360
171375
102
}
330
11F67C
100
AcDbSymbolTableRecord
100
AcDbLayerTableRecord
  2
Z-TS1
 70
     0
 62
    82
  6
CONTINUOUS
370
    -3
390
171306
347
171318
348
0
  0
LAYER
  5
11F717
102
{ACAD_XDICTIONARY
360
171377
102
}
330
11F67C
100
AcDbSymbolTableRecord
100
AcDbLayerTableRecord
  2
Z-TL1
 70
     0
 62
    60
  6
CONTINUOUS
370
    -3
390
171306
347
171318
348
0
  0
LAYER
  5
11F71A
102
{ACAD_XDICTIONARY
360
171379
102
}
330
11F67C
100
AcDbSymbolTableRecord
100
AcDbLayerTableRecord
  2
CENTER
 70
     0
 62
   243
  6
CENTER2
370
    -3
390
171306
347
171318
348
0
  0
LAYER
  5
11F71D
102
{ACAD_XDICTIONARY
360
17137B
102
}
330
11F67C
100
AcDbSymbolTableRecord
100
AcDbLayerTableRecord
  2
DIMENSION
 70
     0
 62
     3
  6
CONTINUOUS
370
    -3
390
171306
347
171318
348
0
  0
LAYER
  5
11F720
102
{ACAD_XDICTIONARY
360
171381
102
}
330
11F67C
100
AcDbSymbolTableRecord
100
AcDbLayerTableRecord
  2
VIEWPORT
 70
     1
 62
     7
  6
CONTINUOUS
370
    -3
390
171306
347
171318
348
0
  0
LAYER
  5
1685A9
102
{ACAD_XDICTIONARY
360
1713A5
102
}
330
11F67C
100
AcDbSymbolTableRecord
100
AcDbLayerTableRecord
  2
LINE
 70
     0
 62
     7
  6
CONTINUOUS
370
    -3
390
171306
347
171318
348
0
  0
LAYER
  5
1685AC
330
11F67C
100
AcDbSymbolTableRecord
100
AcDbLayerTableRecord
  2
DEFPOINTS
 70
     0
 62
     7
  6
CONTINUOUS
290
     0
370
    -3
390
171306
347
171318
348
0
  0
LAYER
  5
2D39FB
330
11F67C
100
AcDbSymbolTableRecord
100
AcDbLayerTableRecord
  2
ANA 10
 70
     0
 62
     7
  6
CONTINUOUS
370
    -3
390
171306
347
171318
348
0
1001
AcAecLayerStandard
1000

1000

1001
AcCmTransparency
1071
        0
  0
LAYER
  5
2D39FC
330
11F67C
100
AcDbSymbolTableRecord
100
AcDbLayerTableRecord
  2
ANA 11.5
 70
     0
 62
    60
  6
CONTINUOUS
370
    -3
390
171306
347
171318
348
0
1001
AcAecLayerStandard
1000

1000

1001
AcCmTransparency
1071
        0
  0
LAYER
  5
2D39FD
330
11F67C
100
AcDbSymbolTableRecord
100
AcDbLayerTableRecord
  2
ANA 12
 70
     0
 62
     6
  6
CONTINUOUS
370
    -3
390
171306
347
171318
348
0
1001
AcAecLayerStandard
1000

1000

1001
AcCmTransparency
1071
        0
  0
LAYER
  5
2D39FE
330
11F67C
100
AcDbSymbolTableRecord
100
AcDbLayerTableRecord
  2
ANA 13
 70
     0
 62
   230
  6
CONTINUOUS
370
    -3
390
171306
347
171318
348
0
1001
AcAecLayerStandard
1000

1000

1001
AcCmTransparency
1071
        0
  0
LAYER
  5
2D39FF
330
11F67C
100
AcDbSymbolTableRecord
100
AcDbLayerTableRecord
  2
ANA 18.5
 70
     0
 62
    30
  6
CONTINUOUS
370
    -3
390
171306
347
171318
348
0
1001
AcAecLayerStandard
1000

1000

1001
AcCmTransparency
1071
        0
  0
LAYER
  5
2D3A00
330
11F67C
100
AcDbSymbolTableRecord
100
AcDbLayerTableRecord
  2
ANA 28
 70
     0
 62
   110
  6
CONTINUOUS
370
    -3
390
171306
347
171318
348
0
1001
AcAecLayerStandard
1000

1000

1001
AcCmTransparency
1071
        0
  0
LAYER
  5
2D3A01
330
11F67C
100
AcDbSymbolTableRecord
100
AcDbLayerTableRecord
  2
ANA 33
 70
     0
 62
     4
  6
CONTINUOUS
370
    -3
390
171306
347
171318
348
0
1001
AcAecLayerStandard
1000

1000

1001
AcCmTransparency
1071
        0
  0
LAYER
  5
2D3A02
330
11F67C
100
AcDbSymbolTableRecord
100
AcDbLayerTableRecord
  2
ANA 35
 70
     0
 62
   140
  6
CONTINUOUS
370
    -3
390
171306
347
171318
348
0
1001
AcAecLayerStandard
1000

1000

1001
AcCmTransparency
1071
        0
  0
LAYER
  5
2D3A03
330
11F67C
100
AcDbSymbolTableRecord
100
AcDbLayerTableRecord
  2
ANA NEJI
 70
     0
 62
     1
  6
CONTINUOUS
370
    -3
390
171306
347
171318
348
0
1001
AcAecLayerStandard
1000

1000

1001
AcCmTransparency
1071
        0
  0
LAYER
  5
2D440A
330
11F67C
100
AcDbSymbolTableRecord
100
AcDbLayerTableRecord
  2
ANA 31 Φ8.6x5°U7
 70
     0
 62
     5
  6
CONTINUOUS
370
    -3
390
171306
347
171318
348
0
1001
AcAecLayerStandard
1000

1000

1001
AcCmTransparency
1071
        0
  0
ENDTAB
  0
TABLE
  2
STYLE
  5
11F67D
330
0
100
AcDbSymbolTable
 70
     2
  0
STYLE
  5
11F68A
330
11F67D
100
AcDbSymbolTableRecord
100
AcDbTextStyleTableRecord
  2
STANDARD
 70
     0
 40
0.0
 41
1.0
 50
0.0
 71
     0
 42
6.599999999999999
  3
txt
  4

  0
STYLE
  5
11F6F2
330
11F67D
100
AcDbSymbolTableRecord
100
AcDbTextStyleTableRecord
  2
ROMAND
 70
     0
 40
6.0
 41
1.0
 50
0.0
 71
     0
 42
6.0
  3
romand.shx
  4

  0
ENDTAB
  0
TABLE
  2
VIEW
  5
11F680
330
0
100
AcDbSymbolTable
 70
     4
  0
VIEW
  5
134A50
330
11F680
100
AcDbSymbolTableRecord
100
AcDbViewTableRecord
  2
OLE1
 70
     0
 40
35.85446284363201
 10
327.1372489898108
 20
351.7279520606295
 41
51.94046332746935
 11
0.0
 21
0.0
 31
1.0
 12
0.0
 22
0.0
 32
0.0
 42
50.0
 43
0.0
 44
0.0
 50
0.0
 71
     0
281
     0
 72
     0
 73
     0
348
171326
  0
VIEW
  5
134C12
330
11F680
100
AcDbSymbolTableRecord
100
AcDbViewTableRecord
  2
OLE2
 70
     0
 40
44.40982457712922
 10
328.3638021163767
 20
337.4415240688995
 41
64.3341632222335
 11
0.0
 21
0.0
 31
1.0
 12
0.0
 22
0.0
 32
0.0
 42
50.0
 43
0.0
 44
0.0
 50
0.0
 71
     0
281
     0
 72
     0
 73
     0
348
171326
  0
VIEW
  5
1CC7D9
102
{ACAD_XDICTIONARY
360
1CC7DA
102
}
330
11F680
100
AcDbSymbolTableRecord
100
AcDbViewTableRecord
  2
OLE3
 70
     0
 40
144.0876742434197
 10
2855.635903666467
 20
561.9303055457163
 41
316.6137052454092
 11
0.0
 21
0.0
 31
1.0
 12
0.0
 22
0.0
 32
0.0
 42
50.0
 43
0.0
 44
0.0
 50
0.0
 71
     0
281
     0
 72
     0
 73
     0
348
171326
  0
VIEW
  5
1EDB3F
102
{ACAD_XDICTIONARY
360
1EDB40
102
}
330
11F680
100
AcDbSymbolTableRecord
100
AcDbViewTableRecord
  2
OLE4
 70
     0
 40
181.4561246268264
 10
19464.61864151297
 20
-151.7093029303184
 41
398.7259580615792
 11
0.0
 21
0.0
 31
1446.201050328711
 12
1309.059462927271
 22
616.26951099347
 32
0.0
 42
50.0
 43
0.0
 44
0.0
 50
0.0
 71
     0
281
     0
 72
     0
 73
     0
348
171326
  0
ENDTAB
  0
TABLE
  2
UCS
  5
11F681
330
0
100
AcDbSymbolTable
 70
     0
  0
ENDTAB
  0
TABLE
  2
APPID
  5
11F683
330
0
100
AcDbSymbolTable
 70
    18
  0
APPID
  5
11F68B
330
11F683
100
AcDbSymbolTableRecord
100
AcDbRegAppTableRecord
  2
ACAD
 70
     0
  0
APPID
  5
13D619
330
11F683
100
AcDbSymbolTableRecord
100
AcDbRegAppTableRecord
  2
AcDbBlockRepETag
 70
     0
  0
APPID
  5
17135D
330
11F683
100
AcDbSymbolTableRecord
100
AcDbRegAppTableRecord
  2
ACAD_PSEXT
 70
     0
  0
APPID
  5
171524
330
11F683
100
AcDbSymbolTableRecord
100
AcDbRegAppTableRecord
  2
AcAecLayerStandard
 70
     0
  0
APPID
  5
171525
330
11F683
100
AcDbSymbolTableRecord
100
AcDbRegAppTableRecord
  2
ACAD_NAV_VCDISPLAY
 70
     0
  0
APPID
  5
1A19A3
330
11F683
100
AcDbSymbolTableRecord
100
AcDbRegAppTableRecord
  2
ACAD_EXEMPT_FROM_CAD_STANDARDS
 70
     0
  0
APPID
  5
1ABECA
330
11F683
100
AcDbSymbolTableRecord
100
AcDbRegAppTableRecord
  2
ACAD_MLEADERVER
 70
     0
  0
APPID
  5
1ABEFA
330
11F683
100
AcDbSymbolTableRecord
100
AcDbRegAppTableRecord
  2
AcadAnnoMonitorAlertIconDisabled
 70
     0
  0
APPID
  5
1AC1AE
330
11F683
100
AcDbSymbolTableRecord
100
AcDbRegAppTableRecord
  2
ACAD_DSTYLE_DIMRADIAL_EXTENSION
 70
     0
  0
APPID
  5
1B3827
330
11F683
100
AcDbSymbolTableRecord
100
AcDbRegAppTableRecord
  2
GradientColor1ACI
 70
     0
  0
APPID
  5
1B3828
330
11F683
100
AcDbSymbolTableRecord
100
AcDbRegAppTableRecord
  2
GradientColor2ACI
 70
     0
  0
APPID
  5
1BDC12
330
11F683
100
AcDbSymbolTableRecord
100
AcDbRegAppTableRecord
  2
AcadStringInfo
 70
     0
  0
APPID
  5
1C6A3D
330
11F683
100
AcDbSymbolTableRecord
100
AcDbRegAppTableRecord
  2
AcCmTransparency
 70
     0
  0
APPID
  5
1CFB93
330
11F683
100
AcDbSymbolTableRecord
100
AcDbRegAppTableRecord
  2
ACAD_DSTYLE_DIMJAG
 70
     0
  0
APPID
  5
1CFB94
330
11F683
100
AcDbSymbolTableRecord
100
AcDbRegAppTableRecord
  2
ACAD_DSTYLE_DIMTALN
 70
     0
  0
APPID
  5
219082
330
11F683
100
AcDbSymbolTableRecord
100
AcDbRegAppTableRecord
  2
ACAUTHENVIRON
 70
     0
  0
APPID
  5
219085
330
11F683
100
AcDbSymbolTableRecord
100
AcDbRegAppTableRecord
  2
AcDbDynamicBlockTrueName
 70
     0
  0
APPID
  5
219086
330
11F683
100
AcDbSymbolTableRecord
100
AcDbRegAppTableRecord
  2
AcDbDynamicBlockGUID
 70
     0
  0
ENDTAB
  0
TABLE
  2
DIMSTYLE
  5
11F684
330
0
100
AcDbSymbolTable
 70
     1
100
AcDbDimStyleTable
 71
     1
340
11F726
  0
DIMSTYLE
105
11F726
330
11F684
100
AcDbSymbolTableRecord
100
AcDbDimStyleTableRecord
  2
STANDARD
 70
     0
340
11F68A
  0
ENDTAB
  0
TABLE
  2
BLOCK_RECORD
  5
11F67B
330
0
100
AcDbSymbolTable
 70
     7
  0
BLOCK_RECORD
  5
11F692
102
{ACAD_XDICTIONARY
360
1A18AA
102
}
330
11F67B
100
AcDbSymbolTableRecord
100
AcDbBlockTableRecord
  2
*MODEL_SPACE
340
171356
 70
     0
280
     1
281
     0
  0
BLOCK_RECORD
  5
11F68F
102
{ACAD_XDICTIONARY
360
1ABE83
102
}
330
11F67B
100
AcDbSymbolTableRecord
100
AcDbBlockTableRecord
  2
*PAPER_SPACE
340
171357
 70
     0
280
     1
281
     0
  0
BLOCK_RECORD
  5
11F699
330
11F67B
100
AcDbSymbolTableRecord
100
AcDbBlockTableRecord
  2
ARROWHEAD
340
0
 70
     0
280
     1
281
     0
  0
BLOCK_RECORD
  5
11F69A
330
11F67B
100
AcDbSymbolTableRecord
100
AcDbBlockTableRecord
  2
*X1
340
0
102
{BLKREFS
331
AE94
102
}
 70
     0
280
     1
281
     0
  0
BLOCK_RECORD
  5
11F69B
330
11F67B
100
AcDbSymbolTableRecord
100
AcDbBlockTableRecord
  2
*X2
340
0
102
{BLKREFS
331
AF36
102
}
 70
     0
280
     1
281
     0
  0
BLOCK_RECORD
  5
11F69C
330
11F67B
100
AcDbSymbolTableRecord
100
AcDbBlockTableRecord
  2
*X3
340
0
102
{BLKREFS
331
B13A
102
}
 70
     0
280
     1
281
     0
  0
BLOCK_RECORD
  5
11F69D
330
11F67B
100
AcDbSymbolTableRecord
100
AcDbBlockTableRecord
  2
*X4
340
0
102
{BLKREFS
331
B1FF
102
}
 70
     0
280
     1
281
     0
  0
BLOCK_RECORD
  5
11F69E
330
11F67B
100
AcDbSymbolTableRecord
100
AcDbBlockTableRecord
  2
*X5
340
0
102
{BLKREFS
331
B31E
102
}
 70
     0
280
     1
281
     0
  0
BLOCK_RECORD
  5
11F69F
330
11F67B
100
AcDbSymbolTableRecord
100
AcDbBlockTableRecord
  2
*X6
340
0
102
{BLKREFS
331
B37A
102
}
 70
     0
280
     1
281
     0
  0
ENDTAB
  0
ENDSEC
  0
SECTION
  2
BLOCKS
  0
BLOCK
  5
11F724
330
11F692
100
AcDbEntity
  8
0
100
AcDbBlockBegin
  2
*MODEL_SPACE
 70
     0
 10
0.0
 20
0.0
 30
0.0
  3
*MODEL_SPACE
  1

  0
ENDBLK
  5
11F725
330
11F692
100
AcDbEntity
  8
0
100
AcDbBlockEnd
  0
BLOCK
  5
11F722
330
11F68F
100
AcDbEntity
 67
     1
  8
0
100
AcDbBlockBegin
  2
*PAPER_SPACE
 70
     0
 10
0.0
 20
0.0
 30
0.0
  3
*PAPER_SPACE
  1

  0
ENDBLK
  5
11F723
330
11F68F
100
AcDbEntity
 67
     1
  8
0
100
AcDbBlockEnd
  0
BLOCK
  5
493
330
11F699
100
AcDbEntity
  8
0
100
AcDbBlockBegin
  2
ARROWHEAD
 70
     0
 10
0.0
 20
0.0
 30
0.0
  3
ARROWHEAD
  1

  0
LINE
  5
494
330
11F699
100
AcDbEntity
  8
0
100
AcDbLine
 10
-0.5
 20
-0.25
 30
0.0
 11
0.0
 21
0.0
 31
0.0
  0
LINE
  5
495
330
11F699
100
AcDbEntity
  8
0
100
AcDbLine
 10
-0.5
 20
0.25
 30
0.0
 11
0.0
 21
0.0
 31
0.0
  0
LINE
  5
496
330
11F699
100
AcDbEntity
  8
0
100
AcDbLine
 10
-1.0
 20
0.0
 30
0.0
 11
0.0
 21
0.0
 31
0.0
  0
ENDBLK
  5
497
330
11F699
100
AcDbEntity
  8
0
100
AcDbBlockEnd
  0
BLOCK
  5
AE93
330
11F69A
100
AcDbEntity
  8
0
100
AcDbBlockBegin
  2
*X1
 70
     1
 10
0.0
 20
0.0
 30
0.0
  3
*X1
  1

  0
LINE
  5
AE95
330
11F69A
100
AcDbEntity
  8
0
 62
     0
100
AcDbLine
 10
166.9939823863796
 20
104.1321895388956
 30
0.0
 11
168.9939823863797
 21
106.1321895388956
 31
0.0
  0
LINE
  5
AE96
330
11F69A
100
AcDbEntity
  8
0
 62
     0
100
AcDbLine
 10
174.9939823863796
 20
112.1321895388956
 30
0.0
 11
175.4413829949032
 21
112.5795901474192
 31
0.0
  0
LINE
  5
AE97
330
11F69A
100
AcDbEntity
  8
0
 62
     0
100
AcDbLine
 10
170.9939823863797
 20
108.1321895388956
 30
0.0
 11
172.9939823863797
 21
110.1321895388956
 31
0.0
  0
LINE
  5
AE98
330
11F69A
100
AcDbEntity
  8
0
 62
     0
100
AcDbLine
 10
164.9845170427907
 20
104.3677882255739
 30
0.0
 11
166.7489183561124
 21
106.1321895388956
 31
0.0
  0
LINE
  5
AE99
330
11F69A
100
AcDbEntity
  8
0
 62
     0
100
AcDbLine
 10
172.7489183561123
 20
112.1321895388956
 30
0.0
 11
174.6249960748059
 21
114.0082672575893
 31
0.0
  0
LINE
  5
AE9A
330
11F69A
100
AcDbEntity
  8
0
 62
     0
100
AcDbLine
 10
168.7489183561124
 20
108.1321895388956
 30
0.0
 11
170.7489183561124
 21
110.1321895388956
 31
0.0
  0
LINE
  5
AE9B
330
11F69A
100
AcDbEntity
  8
0
 62
     0
100
AcDbLine
 10
164.0555250302664
 20
105.6838602433169
 30
0.0
 11
164.5038543258451
 21
106.1321895388956
 31
0.0
  0
LINE
  5
AE9C
330
11F69A
100
AcDbEntity
  8
0
 62
     0
100
AcDbLine
 10
170.5038543258451
 20
112.1321895388956
 30
0.0
 11
173.0038543258451
 21
114.6321895388956
 31
0.0
  0
LINE
  5
AE9D
330
11F69A
100
AcDbEntity
  8
0
 62
     0
100
AcDbLine
 10
166.5038543258451
 20
108.1321895388956
 30
0.0
 11
168.5038543258451
 21
110.1321895388956
 31
0.0
  0
LINE
  5
AE9E
330
11F69A
100
AcDbEntity
  8
0
 62
     0
100
AcDbLine
 10
164.2587902955778
 20
108.1321895388956
 30
0.0
 11
166.2587902955778
 21
110.1321895388956
 31
0.0
  0
LINE
  5
AE9F
330
11F69A
100
AcDbEntity
  8
0
 62
     0
100
AcDbLine
 10
174.2587902955778
 20
118.1321895388955
 30
0.0
 11
174.2684690569167
 21
118.1418683002345
 31
0.0
  0
LINE
  5
AEA0
330
11F69A
100
AcDbEntity
  8
0
 62
     0
100
AcDbLine
 10
168.2587902955777
 20
112.1321895388956
 30
0.0
 11
170.7587902955778
 21
114.6321895388956
 31
0.0
  0
LINE
  5
AEA1
330
11F69A
100
AcDbEntity
  8
0
 62
     0
100
AcDbLine
 10
162.1975410052175
 20
108.3160042788027
 30
0.0
 11
164.0137262653105
 21
110.1321895388956
 31
0.0
  0
LINE
  5
AEA2
330
11F69A
100
AcDbEntity
  8
0
 62
     0
100
AcDbLine
 10
171.0137262653105
 20
117.1321895388956
 30
0.0
 11
173.0137262653105
 21
119.1321895388956
 31
0.0
  0
LINE
  5
AEA3
330
11F69A
100
AcDbEntity
  8
0
 62
     0
100
AcDbLine
 10
166.0137262653105
 20
112.1321895388955
 30
0.0
 11
168.5137262653105
 21
114.6321895388956
 31
0.0
  0
LINE
  5
AEA4
330
11F69A
100
AcDbEntity
  8
0
 62
     0
100
AcDbLine
 10
161.2685489926932
 20
109.6320762965455
 30
0.0
 11
161.7686622350432
 21
110.1321895388956
 31
0.0
  0
LINE
  5
AEA5
330
11F69A
100
AcDbEntity
  8
0
 62
     0
100
AcDbLine
 10
173.2686622350432
 20
121.6321895388956
 30
0.0
 11
174.2684690569167
 21
122.6319963607691
 31
0.0
  0
LINE
  5
AEA6
330
11F69A
100
AcDbEntity
  8
0
 62
     0
100
AcDbLine
 10
163.7686622350432
 20
112.1321895388955
 30
0.0
 11
166.2686622350432
 21
114.6321895388956
 31
0.0
  0
LINE
  5
AEA7
330
11F69A
100
AcDbEntity
  8
0
 62
     0
100
AcDbLine
 10
168.7686622350432
 20
117.1321895388956
 30
0.0
 11
170.7686622350432
 21
119.1321895388956
 31
0.0
  0
LINE
  5
AEA8
330
11F69A
100
AcDbEntity
  8
0
 62
     0
100
AcDbLine
 10
161.5235982047759
 20
112.1321895388955
 30
0.0
 11
164.0235982047759
 21
114.6321895388956
 31
0.0
  0
LINE
  5
AEA9
330
11F69A
100
AcDbEntity
  8
0
 62
     0
100
AcDbLine
 10
171.0235982047759
 20
121.6321895388956
 30
0.0
 11
173.0235982047759
 21
123.6321895388956
 31
0.0
  0
LINE
  5
AEAA
330
11F69A
100
AcDbEntity
  8
0
 62
     0
100
AcDbLine
 10
166.5235982047759
 20
117.1321895388956
 30
0.0
 11
168.5235982047759
 21
119.1321895388956
 31
0.0
  0
LINE
  5
AEAB
330
11F69A
100
AcDbEntity
  8
0
 62
     0
100
AcDbLine
 10
159.4105649676444
 20
112.2642203320313
 30
0.0
 11
161.7785341745086
 21
114.6321895388956
 31
0.0
  0
LINE
  5
AEAC
330
11F69A
100
AcDbEntity
  8
0
 62
     0
100
AcDbLine
 10
173.2785341745086
 20
126.1321895388956
 30
0.0
 11
174.2684690569167
 21
127.1221244213036
 31
0.0
  0
LINE
  5
AEAD
330
11F69A
100
AcDbEntity
  8
0
 62
     0
100
AcDbLine
 10
164.2785341745087
 20
117.1321895388956
 30
0.0
 11
166.2785341745087
 21
119.1321895388956
 31
0.0
  0
LINE
  5
AEAE
330
11F69A
100
AcDbEntity
  8
0
 62
     0
100
AcDbLine
 10
168.7785341745086
 20
121.6321895388956
 30
0.0
 11
170.7785341745086
 21
123.6321895388956
 31
0.0
  0
LINE
  5
AEAF
330
11F69A
100
AcDbEntity
  8
0
 62
     0
100
AcDbLine
 10
158.48157295512
 20
113.5802923497742
 30
0.0
 11
159.5334701442413
 21
114.6321895388956
 31
0.0
  0
LINE
  5
AEB0
330
11F69A
100
AcDbEntity
  8
0
 62
     0
100
AcDbLine
 10
171.0334701442413
 20
126.1321895388956
 30
0.0
 11
173.0334701442413
 21
128.1321895388956
 31
0.0
  0
LINE
  5
AEB1
330
11F69A
100
AcDbEntity
  8
0
 62
     0
100
AcDbLine
 10
162.0334701442414
 20
117.1321895388956
 30
0.0
 11
164.0334701442414
 21
119.1321895388956
 31
0.0
  0
LINE
  5
AEB2
330
11F69A
100
AcDbEntity
  8
0
 62
     0
100
AcDbLine
 10
166.5334701442413
 20
121.6321895388956
 30
0.0
 11
168.5334701442413
 21
123.6321895388956
 31
0.0
  0
LINE
  5
AEB3
330
11F69A
100
AcDbEntity
  8
0
 62
     0
100
AcDbLine
 10
159.7884061139741
 20
117.1321895388956
 30
0.0
 11
161.7884061139741
 21
119.1321895388956
 31
0.0
  0
LINE
  5
AEB4
330
11F69A
100
AcDbEntity
  8
0
 62
     0
100
AcDbLine
 10
168.788406113974
 20
126.1321895388956
 30
0.0
 11
170.788406113974
 21
128.1321895388956
 31
0.0
  0
LINE
  5
AEB5
330
11F69A
100
AcDbEntity
  8
0
 62
     0
100
AcDbLine
 10
164.2884061139741
 20
121.6321895388956
 30
0.0
 11
166.2884061139741
 21
123.6321895388956
 31
0.0
  0
LINE
  5
AEB6
330
11F69A
100
AcDbEntity
  8
0
 62
     0
100
AcDbLine
 10
157.5433420837068
 20
117.1321895388956
 30
0.0
 11
159.5433420837068
 21
119.1321895388956
 31
0.0
  0
LINE
  5
AEB7
330
11F69A
100
AcDbEntity
  8
0
 62
     0
100
AcDbLine
 10
166.5433420837066
 20
126.1321895388956
 30
0.0
 11
168.5433420837066
 21
128.1321895388956
 31
0.0
  0
LINE
  5
AEB8
330
11F69A
100
AcDbEntity
  8
0
 62
     0
100
AcDbLine
 10
162.0433420837068
 20
121.6321895388956
 30
0.0
 11
164.0433420837068
 21
123.6321895388956
 31
0.0
  0
LINE
  5
AEB9
330
11F69A
100
AcDbEntity
  8
0
 62
     0
100
AcDbLine
 10
155.6945969175468
 20
117.5285084030029
 30
0.0
 11
157.2982780534395
 21
119.1321895388956
 31
0.0
  0
LINE
  5
AEBA
330
11F69A
100
AcDbEntity
  8
0
 62
     0
100
AcDbLine
 10
164.2982780534395
 20
126.1321895388956
 30
0.0
 11
166.2982780534395
 21
128.1321895388956
 31
0.0
  0
LINE
  5
AEBB
330
11F69A
100
AcDbEntity
  8
0
 62
     0
100
AcDbLine
 10
159.7982780534395
 20
121.6321895388956
 30
0.0
 11
161.7982780534395
 21
123.6321895388956
 31
0.0
  0
LINE
  5
AEBC
330
11F69A
100
AcDbEntity
  8
0
 62
     0
100
AcDbLine
 10
154.0532140231722
 20
118.1321895388956
 30
0.0
 11
155.0532140231721
 21
119.1321895388956
 31
0.0
  0
LINE
  5
AEBD
330
11F69A
100
AcDbEntity
  8
0
 62
     0
100
AcDbLine
 10
162.0532140231722
 20
126.1321895388956
 30
0.0
 11
164.0532140231722
 21
128.1321895388956
 31
0.0
  0
LINE
  5
AEBE
330
11F69A
100
AcDbEntity
  8
0
 62
     0
100
AcDbLine
 10
157.5532140231722
 20
121.6321895388956
 30
0.0
 11
159.5532140231722
 21
123.6321895388956
 31
0.0
  0
LINE
  5
AEBF
330
11F69A
100
AcDbEntity
  8
0
 62
     0
100
AcDbLine
 10
151.8081499929049
 20
118.1321895388956
 30
0.0
 11
152.8081499929049
 21
119.1321895388956
 31
0.0
  0
LINE
  5
AEC0
330
11F69A
100
AcDbEntity
  8
0
 62
     0
100
AcDbLine
 10
159.8081499929049
 20
126.1321895388956
 30
0.0
 11
161.8081499929049
 21
128.1321895388956
 31
0.0
  0
LINE
  5
AEC1
330
11F69A
100
AcDbEntity
  8
0
 62
     0
100
AcDbLine
 10
155.3081499929049
 20
121.6321895388956
 30
0.0
 11
157.3081499929049
 21
123.6321895388956
 31
0.0
  0
LINE
  5
AEC2
330
11F69A
100
AcDbEntity
  8
0
 62
     0
100
AcDbLine
 10
153.0630859626375
 20
121.6321895388956
 30
0.0
 11
155.0630859626376
 21
123.6321895388956
 31
0.0
  0
LINE
  5
AEC3
330
11F69A
100
AcDbEntity
  8
0
 62
     0
100
AcDbLine
 10
157.5630859626376
 20
126.1321895388956
 30
0.0
 11
159.5630859626376
 21
128.1321895388956
 31
0.0
  0
LINE
  5
AEC4
330
11F69A
100
AcDbEntity
  8
0
 62
     0
100
AcDbLine
 10
151.2684690569167
 20
122.082636663442
 30
0.0
 11
152.8180219323703
 21
123.6321895388956
 31
0.0
  0
LINE
  5
AEC5
330
11F69A
100
AcDbEntity
  8
0
 62
     0
100
AcDbLine
 10
155.3180219323703
 20
126.1321895388956
 30
0.0
 11
157.3180219323703
 21
128.1321895388956
 31
0.0
  0
LINE
  5
AEC6
330
11F69A
100
AcDbEntity
  8
0
 62
     0
100
AcDbLine
 10
153.072957902103
 20
126.1321895388956
 30
0.0
 11
155.072957902103
 21
128.1321895388956
 31
0.0
  0
LINE
  5
AEC7
330
11F69A
100
AcDbEntity
  8
0
 62
     0
100
AcDbLine
 10
151.2684690569167
 20
126.5727647239765
 30
0.0
 11
152.8278938718357
 21
128.1321895388956
 31
0.0
  0
LINE
  5
AEC8
330
11F69A
100
AcDbEntity
  8
0
 62
     0
100
AcDbLine
 10
166.8425010678395
 20
101.7356441900882
 30
0.0
 11
167.2390464166469
 21
102.1321895388956
 31
0.0
  0
LINE
  5
AEC9
330
11F69A
100
AcDbEntity
  8
0
 62
     0
100
AcDbLine
 10
173.239046416647
 20
108.1321895388956
 30
0.0
 11
175.2390464166469
 21
110.1321895388956
 31
0.0
  0
LINE
  5
AECA
330
11F69A
100
AcDbEntity
  8
0
 62
     0
100
AcDbLine
 10
169.2390464166469
 20
104.1321895388956
 30
0.0
 11
171.2390464166469
 21
106.1321895388956
 31
0.0
  0
LINE
  5
AECB
330
11F69A
100
AcDbEntity
  8
0
 62
     0
100
AcDbLine
 10
167.4841104469142
 20
100.1321895388956
 30
0.0
 11
169.4841104469142
 21
102.1321895388956
 31
0.0
  0
LINE
  5
AECC
330
11F69A
100
AcDbEntity
  8
0
 62
     0
100
AcDbLine
 10
175.4841104469141
 20
108.1321895388956
 30
0.0
 11
177.4841104469141
 21
110.1321895388956
 31
0.0
  0
LINE
  5
AECD
330
11F69A
100
AcDbEntity
  8
0
 62
     0
100
AcDbLine
 10
171.4841104469142
 20
104.1321895388956
 30
0.0
 11
173.4841104469142
 21
106.1321895388956
 31
0.0
  0
LINE
  5
AECE
330
11F69A
100
AcDbEntity
  8
0
 62
     0
100
AcDbLine
 10
162.2684690569167
 20
92.67148411863077
 30
0.0
 11
162.7291744771815
 21
93.13218953889558
 31
0.0
  0
LINE
  5
AECF
330
11F69A
100
AcDbEntity
  8
0
 62
     0
100
AcDbLine
 10
177.7291744771815
 20
108.1321895388956
 30
0.0
 11
179.7291744771815
 21
110.1321895388956
 31
0.0
  0
LINE
  5
AED0
330
11F69A
100
AcDbEntity
  8
0
 62
     0
100
AcDbLine
 10
167.2684690569167
 20
97.67148411863077
 30
0.0
 11
167.7291744771815
 21
98.13218953889563
 31
0.0
  0
LINE
  5
AED1
330
11F69A
100
AcDbEntity
  8
0
 62
     0
100
AcDbLine
 10
173.7291744771815
 20
104.1321895388956
 30
0.0
 11
175.7291744771815
 21
106.1321895388956
 31
0.0
  0
LINE
  5
AED2
330
11F69A
100
AcDbEntity
  8
0
 62
     0
100
AcDbLine
 10
169.7291744771815
 20
100.1321895388956
 30
0.0
 11
171.7291744771815
 21
102.1321895388956
 31
0.0
  0
LINE
  5
AED3
330
11F69A
100
AcDbEntity
  8
0
 62
     0
100
AcDbLine
 10
163.4742385074488
 20
91.63218953889559
 30
0.0
 11
164.9742385074487
 21
93.13218953889558
 31
0.0
  0
LINE
  5
AED4
330
11F69A
100
AcDbEntity
  8
0
 62
     0
100
AcDbLine
 10
179.9742385074488
 20
108.1321895388956
 30
0.0
 11
181.9742385074488
 21
110.1321895388956
 31
0.0
  0
LINE
  5
AED5
330
11F69A
100
AcDbEntity
  8
0
 62
     0
100
AcDbLine
 10
167.9742385074488
 20
96.13218953889559
 30
0.0
 11
169.9742385074488
 21
98.13218953889563
 31
0.0
  0
LINE
  5
AED6
330
11F69A
100
AcDbEntity
  8
0
 62
     0
100
AcDbLine
 10
175.9742385074488
 20
104.1321895388956
 30
0.0
 11
177.9742385074488
 21
106.1321895388956
 31
0.0
  0
LINE
  5
AED7
330
11F69A
100
AcDbEntity
  8
0
 62
     0
100
AcDbLine
 10
171.9742385074488
 20
100.1321895388956
 30
0.0
 11
173.9742385074488
 21
102.1321895388956
 31
0.0
  0
LINE
  5
AED8
330
11F69A
100
AcDbEntity
  8
0
 62
     0
100
AcDbLine
 10
162.2684690569167
 20
88.1813560580962
 30
0.0
 11
163.7193025377161
 21
89.63218953889564
 31
0.0
  0
LINE
  5
AED9
330
11F69A
100
AcDbEntity
  8
0
 62
     0
100
AcDbLine
 10
182.2193025377161
 20
108.1321895388956
 30
0.0
 11
184.2193025377161
 21
110.1321895388956
 31
0.0
  0
LINE
  5
AEDA
330
11F69A
100
AcDbEntity
  8
0
 62
     0
100
AcDbLine
 10
165.7193025377161
 20
91.63218953889559
 30
0.0
 11
167.219302537716
 21
93.13218953889558
 31
0.0
  0
LINE
  5
AEDB
330
11F69A
100
AcDbEntity
  8
0
 62
     0
100
AcDbLine
 10
178.2193025377161
 20
104.1321895388956
 30
0.0
 11
180.2193025377161
 21
106.1321895388956
 31
0.0
  0
LINE
  5
AEDC
330
11F69A
100
AcDbEntity
  8
0
 62
     0
100
AcDbLine
 10
167.2684690569167
 20
93.1813560580962
 30
0.0
 11
168.2193025377161
 21
94.13218953889559
 31
0.0
  0
LINE
  5
AEDD
330
11F69A
100
AcDbEntity
  8
0
 62
     0
100
AcDbLine
 10
174.2193025377161
 20
100.1321895388956
 30
0.0
 11
176.2193025377161
 21
102.1321895388956
 31
0.0
  0
LINE
  5
AEDE
330
11F69A
100
AcDbEntity
  8
0
 62
     0
100
AcDbLine
 10
170.2193025377161
 20
96.13218953889559
 30
0.0
 11
172.2193025377161
 21
98.13218953889563
 31
0.0
  0
LINE
  5
AEDF
330
11F69A
100
AcDbEntity
  8
0
 62
     0
100
AcDbLine
 10
163.4643665679834
 20
87.13218953889564
 30
0.0
 11
165.9643665679834
 21
89.63218953889564
 31
0.0
  0
LINE
  5
AEE0
330
11F69A
100
AcDbEntity
  8
0
 62
     0
100
AcDbLine
 10
184.4643665679834
 20
108.1321895388956
 30
0.0
 11
186.4643665679834
 21
110.1321895388956
 31
0.0
  0
LINE
  5
AEE1
330
11F69A
100
AcDbEntity
  8
0
 62
     0
100
AcDbLine
 10
167.9643665679834
 20
91.63218953889559
 30
0.0
 11
170.4643665679834
 21
94.13218953889559
 31
0.0
  0
LINE
  5
AEE2
330
11F69A
100
AcDbEntity
  8
0
 62
     0
100
AcDbLine
 10
180.4643665679833
 20
104.1321895388956
 30
0.0
 11
182.4643665679833
 21
106.1321895388956
 31
0.0
  0
LINE
  5
AEE3
330
11F69A
100
AcDbEntity
  8
0
 62
     0
100
AcDbLine
 10
172.4643665679834
 20
96.13218953889559
 30
0.0
 11
174.4643665679834
 21
98.13218953889563
 31
0.0
  0
LINE
  5
AEE4
330
11F69A
100
AcDbEntity
  8
0
 62
     0
100
AcDbLine
 10
176.4643665679834
 20
100.1321895388956
 30
0.0
 11
178.4643665679834
 21
102.1321895388956
 31
0.0
  0
LINE
  5
AEE5
330
11F69A
100
AcDbEntity
  8
0
 62
     0
100
AcDbLine
 10
162.2684690569167
 20
83.69122799756162
 30
0.0
 11
163.7094305982506
 21
85.13218953889561
 31
0.0
  0
LINE
  5
AEE6
330
11F69A
100
AcDbEntity
  8
0
 62
     0
100
AcDbLine
 10
178.7094305982507
 20
100.1321895388956
 30
0.0
 11
179.2684690569165
 21
100.6912279975616
 31
0.0
  0
LINE
  5
AEE7
330
11F69A
100
AcDbEntity
  8
0
 62
     0
100
AcDbLine
 10
165.7094305982507
 20
87.13218953889564
 30
0.0
 11
168.2094305982507
 21
89.63218953889564
 31
0.0
  0
LINE
  5
AEE8
330
11F69A
100
AcDbEntity
  8
0
 62
     0
100
AcDbLine
 10
174.7094305982507
 20
96.13218953889559
 30
0.0
 11
176.7094305982507
 21
98.13218953889563
 31
0.0
  0
LINE
  5
AEE9
330
11F69A
100
AcDbEntity
  8
0
 62
     0
100
AcDbLine
 10
170.2094305982507
 20
91.63218953889559
 30
0.0
 11
172.7094305982507
 21
94.13218953889559
 31
0.0
  0
LINE
  5
AEEA
330
11F69A
100
AcDbEntity
  8
0
 62
     0
100
AcDbLine
 10
163.9544946285179
 20
83.13218953889558
 30
0.0
 11
165.9544946285179
 21
85.13218953889561
 31
0.0
  0
LINE
  5
AEEB
330
11F69A
100
AcDbEntity
  8
0
 62
     0
100
AcDbLine
 10
176.9544946285179
 20
96.13218953889564
 30
0.0
 11
178.954494628518
 21
98.13218953889563
 31
0.0
  0
LINE
  5
AEEC
330
11F69A
100
AcDbEntity
  8
0
 62
     0
100
AcDbLine
 10
167.954494628518
 20
87.13218953889564
 30
0.0
 11
170.454494628518
 21
89.63218953889564
 31
0.0
  0
LINE
  5
AEED
330
11F69A
100
AcDbEntity
  8
0
 62
     0
100
AcDbLine
 10
172.454494628518
 20
91.63218953889559
 30
0.0
 11
174.954494628518
 21
94.13218953889559
 31
0.0
  0
LINE
  5
AEEE
330
11F69A
100
AcDbEntity
  8
0
 62
     0
100
AcDbLine
 10
166.1995586587852
 20
83.13218953889558
 30
0.0
 11
168.1995586587851
 21
85.13218953889561
 31
0.0
  0
LINE
  5
AEEF
330
11F69A
100
AcDbEntity
  8
0
 62
     0
100
AcDbLine
 10
179.1995586587852
 20
96.13218953889564
 30
0.0
 11
179.2684690569167
 21
96.20109993702705
 31
0.0
  0
LINE
  5
AEF0
330
11F69A
100
AcDbEntity
  8
0
 62
     0
100
AcDbLine
 10
170.1995586587852
 20
87.13218953889564
 30
0.0
 11
172.6995586587852
 21
89.63218953889564
 31
0.0
  0
LINE
  5
AEF1
330
11F69A
100
AcDbEntity
  8
0
 62
     0
100
AcDbLine
 10
174.6995586587852
 20
91.63218953889559
 30
0.0
 11
177.1995586587852
 21
94.13218953889559
 31
0.0
  0
LINE
  5
AEF2
330
11F69A
100
AcDbEntity
  8
0
 62
     0
100
AcDbLine
 10
168.4446226890525
 20
83.13218953889558
 30
0.0
 11
170.4446226890525
 21
85.13218953889561
 31
0.0
  0
LINE
  5
AEF3
330
11F69A
100
AcDbEntity
  8
0
 62
     0
100
AcDbLine
 10
176.9446226890525
 20
91.63218953889559
 30
0.0
 11
179.2684690569167
 21
93.95603590675975
 31
0.0
  0
LINE
  5
AEF4
330
11F69A
100
AcDbEntity
  8
0
 62
     0
100
AcDbLine
 10
172.4446226890525
 20
87.13218953889564
 30
0.0
 11
174.9446226890525
 21
89.63218953889564
 31
0.0
  0
LINE
  5
AEF5
330
11F69A
100
AcDbEntity
  8
0
 62
     0
100
AcDbLine
 10
170.6896867193198
 20
83.13218953889558
 30
0.0
 11
172.6896867193198
 21
85.13218953889561
 31
0.0
  0
LINE
  5
AEF6
330
11F69A
100
AcDbEntity
  8
0
 62
     0
100
AcDbLine
 10
179.1896867193198
 20
91.63218953889559
 30
0.0
 11
180.6896867193198
 21
93.13218953889558
 31
0.0
  0
LINE
  5
AEF7
330
11F69A
100
AcDbEntity
  8
0
 62
     0
100
AcDbLine
 10
174.6896867193198
 20
87.13218953889564
 30
0.0
 11
177.1896867193198
 21
89.63218953889564
 31
0.0
  0
LINE
  5
AEF8
330
11F69A
100
AcDbEntity
  8
0
 62
     0
100
AcDbLine
 10
172.9347507495871
 20
83.13218953889558
 30
0.0
 11
174.9347507495871
 21
85.13218953889561
 31
0.0
  0
LINE
  5
AEF9
330
11F69A
100
AcDbEntity
  8
0
 62
     0
100
AcDbLine
 10
181.4347507495871
 20
91.63218953889559
 30
0.0
 11
182.9347507495871
 21
93.13218953889558
 31
0.0
  0
LINE
  5
AEFA
330
11F69A
100
AcDbEntity
  8
0
 62
     0
100
AcDbLine
 10
176.9347507495871
 20
87.13218953889564
 30
0.0
 11
179.4347507495871
 21
89.63218953889564
 31
0.0
  0
LINE
  5
AEFB
330
11F69A
100
AcDbEntity
  8
0
 62
     0
100
AcDbLine
 10
175.1798147798544
 20
83.13218953889558
 30
0.0
 11
177.1798147798544
 21
85.13218953889561
 31
0.0
  0
LINE
  5
AEFC
330
11F69A
100
AcDbEntity
  8
0
 62
     0
100
AcDbLine
 10
183.6798147798544
 20
91.63218953889559
 30
0.0
 11
184.2684690569167
 21
92.2208438159579
 31
0.0
  0
LINE
  5
AEFD
330
11F69A
100
AcDbEntity
  8
0
 62
     0
100
AcDbLine
 10
179.1798147798544
 20
87.13218953889564
 30
0.0
 11
181.6798147798543
 21
89.63218953889564
 31
0.0
  0
LINE
  5
AEFE
330
11F69A
100
AcDbEntity
  8
0
 62
     0
100
AcDbLine
 10
177.4248788101217
 20
83.13218953889558
 30
0.0
 11
179.4248788101217
 21
85.13218953889561
 31
0.0
  0
LINE
  5
AEFF
330
11F69A
100
AcDbEntity
  8
0
 62
     0
100
AcDbLine
 10
181.4248788101217
 20
87.13218953889564
 30
0.0
 11
183.9248788101217
 21
89.63218953889564
 31
0.0
  0
LINE
  5
AF00
330
11F69A
100
AcDbEntity
  8
0
 62
     0
100
AcDbLine
 10
179.669942840389
 20
83.13218953889558
 30
0.0
 11
181.669942840389
 21
85.13218953889561
 31
0.0
  0
LINE
  5
AF01
330
11F69A
100
AcDbEntity
  8
0
 62
     0
100
AcDbLine
 10
183.6699428403889
 20
87.13218953889564
 30
0.0
 11
184.2684690569167
 21
87.73071575542333
 31
0.0
  0
LINE
  5
AF02
330
11F69A
100
AcDbEntity
  8
0
 62
     0
100
AcDbLine
 10
181.9150068706562
 20
83.13218953889558
 30
0.0
 11
183.9150068706562
 21
85.13218953889561
 31
0.0
  0
LINE
  5
AF03
330
11F69A
100
AcDbEntity
  8
0
 62
     0
100
AcDbLine
 10
184.1600709009235
 20
83.13218953889558
 30
0.0
 11
184.2684690569167
 21
83.24058769488873
 31
0.0
  0
ENDBLK
  5
AF04
330
11F69A
100
AcDbEntity
  8
0
100
AcDbBlockEnd
  0
BLOCK
  5
AF35
330
11F69B
100
AcDbEntity
  8
0
100
AcDbBlockBegin
  2
*X2
 70
     1
 10
0.0
 20
0.0
 30
0.0
  3
*X2
  1

  0
LINE
  5
AF37
330
11F69B
100
AcDbEntity
  8
0
 62
     0
100
AcDbLine
 10
177.2390464166469
 20
112.1321895388956
 30
0.0
 11
179.7390464166469
 21
114.6321895388956
 31
0.0
  0
LINE
  5
AF38
330
11F69B
100
AcDbEntity
  8
0
 62
     0
100
AcDbLine
 10
191.2390464166469
 20
126.1321895388956
 30
0.0
 11
193.239046416647
 21
128.1321895388956
 31
0.0
  0
LINE
  5
AF39
330
11F69B
100
AcDbEntity
  8
0
 62
     0
100
AcDbLine
 10
182.2390464166469
 20
117.1321895388956
 30
0.0
 11
184.2390464166469
 21
119.1321895388956
 31
0.0
  0
LINE
  5
AF3A
330
11F69B
100
AcDbEntity
  8
0
 62
     0
100
AcDbLine
 10
186.739046416647
 20
121.6321895388956
 30
0.0
 11
188.7390464166469
 21
123.6321895388956
 31
0.0
  0
LINE
  5
AF3B
330
11F69B
100
AcDbEntity
  8
0
 62
     0
100
AcDbLine
 10
180.9939823863796
 20
118.1321895388956
 30
0.0
 11
181.9939823863797
 21
119.1321895388956
 31
0.0
  0
LINE
  5
AF3C
330
11F69B
100
AcDbEntity
  8
0
 62
     0
100
AcDbLine
 10
188.9939823863796
 20
126.1321895388956
 30
0.0
 11
190.9939823863797
 21
128.1321895388956
 31
0.0
  0
LINE
  5
AF3D
330
11F69B
100
AcDbEntity
  8
0
 62
     0
100
AcDbLine
 10
184.4939823863797
 20
121.6321895388956
 30
0.0
 11
186.4939823863796
 21
123.6321895388956
 31
0.0
  0
LINE
  5
AF3E
330
11F69B
100
AcDbEntity
  8
0
 62
     0
100
AcDbLine
 10
179.2684690569167
 20
118.6517402396999
 30
0.0
 11
179.7489183561124
 21
119.1321895388956
 31
0.0
  0
LINE
  5
AF3F
330
11F69B
100
AcDbEntity
  8
0
 62
     0
100
AcDbLine
 10
186.7489183561124
 20
126.1321895388956
 30
0.0
 11
188.7489183561124
 21
128.1321895388956
 31
0.0
  0
LINE
  5
AF40
330
11F69B
100
AcDbEntity
  8
0
 62
     0
100
AcDbLine
 10
182.2489183561124
 20
121.6321895388956
 30
0.0
 11
184.2489183561124
 21
123.6321895388956
 31
0.0
  0
LINE
  5
AF41
330
11F69B
100
AcDbEntity
  8
0
 62
     0
100
AcDbLine
 10
180.0038543258451
 20
121.6321895388956
 30
0.0
 11
182.0038543258451
 21
123.6321895388956
 31
0.0
  0
LINE
  5
AF42
330
11F69B
100
AcDbEntity
  8
0
 62
     0
100
AcDbLine
 10
184.5038543258451
 20
126.1321895388956
 30
0.0
 11
186.5038543258451
 21
128.1321895388956
 31
0.0
  0
LINE
  5
AF43
330
11F69B
100
AcDbEntity
  8
0
 62
     0
100
AcDbLine
 10
179.2684690569167
 20
123.1418683002345
 30
0.0
 11
179.7587902955778
 21
123.6321895388956
 31
0.0
  0
LINE
  5
AF44
330
11F69B
100
AcDbEntity
  8
0
 62
     0
100
AcDbLine
 10
182.2587902955778
 20
126.1321895388956
 30
0.0
 11
184.2587902955778
 21
128.1321895388956
 31
0.0
  0
LINE
  5
AF45
330
11F69B
100
AcDbEntity
  8
0
 62
     0
100
AcDbLine
 10
180.0137262653105
 20
126.1321895388956
 30
0.0
 11
182.0137262653105
 21
128.1321895388956
 31
0.0
  0
LINE
  5
AF46
330
11F69B
100
AcDbEntity
  8
0
 62
     0
100
AcDbLine
 10
179.2684690569167
 20
127.631996360769
 30
0.0
 11
179.7686622350432
 21
128.1321895388956
 31
0.0
  0
LINE
  5
AF47
330
11F69B
100
AcDbEntity
  8
0
 62
     0
100
AcDbLine
 10
179.4841104469141
 20
112.1321895388956
 30
0.0
 11
181.9841104469142
 21
114.6321895388956
 31
0.0
  0
LINE
  5
AF48
330
11F69B
100
AcDbEntity
  8
0
 62
     0
100
AcDbLine
 10
193.4841104469142
 20
126.1321895388956
 30
0.0
 11
195.4841104469142
 21
128.1321895388956
 31
0.0
  0
LINE
  5
AF49
330
11F69B
100
AcDbEntity
  8
0
 62
     0
100
AcDbLine
 10
184.4841104469141
 20
117.1321895388956
 30
0.0
 11
186.4841104469141
 21
119.1321895388956
 31
0.0
  0
LINE
  5
AF4A
330
11F69B
100
AcDbEntity
  8
0
 62
     0
100
AcDbLine
 10
188.9841104469141
 20
121.6321895388956
 30
0.0
 11
190.9841104469141
 21
123.6321895388956
 31
0.0
  0
LINE
  5
AF4B
330
11F69B
100
AcDbEntity
  8
0
 62
     0
100
AcDbLine
 10
181.7291744771815
 20
112.1321895388956
 30
0.0
 11
184.2291744771815
 21
114.6321895388956
 31
0.0
  0
LINE
  5
AF4C
330
11F69B
100
AcDbEntity
  8
0
 62
     0
100
AcDbLine
 10
195.7291744771815
 20
126.1321895388956
 30
0.0
 11
196.2684690569167
 21
126.6714841186307
 31
0.0
  0
LINE
  5
AF4D
330
11F69B
100
AcDbEntity
  8
0
 62
     0
100
AcDbLine
 10
186.7291744771815
 20
117.1321895388956
 30
0.0
 11
188.7291744771815
 21
119.1321895388956
 31
0.0
  0
LINE
  5
AF4E
330
11F69B
100
AcDbEntity
  8
0
 62
     0
100
AcDbLine
 10
191.2291744771815
 20
121.6321895388956
 30
0.0
 11
193.2291744771815
 21
123.6321895388956
 31
0.0
  0
LINE
  5
AF4F
330
11F69B
100
AcDbEntity
  8
0
 62
     0
100
AcDbLine
 10
183.9742385074488
 20
112.1321895388956
 30
0.0
 11
186.4742385074488
 21
114.6321895388956
 31
0.0
  0
LINE
  5
AF50
330
11F69B
100
AcDbEntity
  8
0
 62
     0
100
AcDbLine
 10
193.4742385074488
 20
121.6321895388956
 30
0.0
 11
195.4742385074488
 21
123.6321895388956
 31
0.0
  0
LINE
  5
AF51
330
11F69B
100
AcDbEntity
  8
0
 62
     0
100
AcDbLine
 10
188.9742385074488
 20
117.1321895388956
 30
0.0
 11
190.9742385074488
 21
119.1321895388956
 31
0.0
  0
LINE
  5
AF52
330
11F69B
100
AcDbEntity
  8
0
 62
     0
100
AcDbLine
 10
186.2193025377161
 20
112.1321895388956
 30
0.0
 11
188.7193025377161
 21
114.6321895388956
 31
0.0
  0
LINE
  5
AF53
330
11F69B
100
AcDbEntity
  8
0
 62
     0
100
AcDbLine
 10
195.7193025377161
 20
121.6321895388956
 30
0.0
 11
196.2684690569167
 21
122.1813560580961
 31
0.0
  0
LINE
  5
AF54
330
11F69B
100
AcDbEntity
  8
0
 62
     0
100
AcDbLine
 10
191.2193025377161
 20
117.1321895388956
 30
0.0
 11
193.2193025377161
 21
119.1321895388956
 31
0.0
  0
LINE
  5
AF55
330
11F69B
100
AcDbEntity
  8
0
 62
     0
100
AcDbLine
 10
194.4643665679834
 20
118.1321895388956
 30
0.0
 11
195.4643665679834
 21
119.1321895388956
 31
0.0
  0
ENDBLK
  5
AF56
330
11F69B
100
AcDbEntity
  8
0
100
AcDbBlockEnd
  0
BLOCK
  5
B139
330
11F69C
100
AcDbEntity
  8
0
100
AcDbBlockBegin
  2
*X3
 70
     1
 10
0.0
 20
0.0
 30
0.0
  3
*X3
  1

  0
LINE
  5
B13B
330
11F69C
100
AcDbEntity
  8
0
 62
     0
100
AcDbLine
 10
241.7684690569167
 20
84.61398693820653
 30
0.0
 11
242.2866716576058
 21
85.13218953889561
 31
0.0
  0
LINE
  5
B13C
330
11F69C
100
AcDbEntity
  8
0
 62
     0
100
AcDbLine
 10
278.7866716576058
 20
121.6321895388956
 30
0.0
 11
280.1502850083775
 21
122.9958028896673
 31
0.0
  0
LINE
  5
B13D
330
11F69C
100
AcDbEntity
  8
0
 62
     0
100
AcDbLine
 10
244.2866716576058
 20
87.13218953889558
 30
0.0
 11
246.7866716576057
 21
89.63218953889558
 31
0.0
  0
LINE
  5
B13E
330
11F69C
100
AcDbEntity
  8
0
 62
     0
100
AcDbLine
 10
274.2866716576058
 20
117.1321895388956
 30
0.0
 11
276.2866716576058
 21
119.1321895388956
 31
0.0
  0
LINE
  5
B13F
330
11F69C
100
AcDbEntity
  8
0
 62
     0
100
AcDbLine
 10
248.7866716576057
 20
91.63218953889559
 30
0.0
 11
251.2866716576057
 21
94.13218953889559
 31
0.0
  0
LINE
  5
B140
330
11F69C
100
AcDbEntity
  8
0
 62
     0
100
AcDbLine
 10
257.2866716576058
 20
100.1321895388956
 30
0.0
 11
259.2866716576057
 21
102.1321895388956
 31
0.0
  0
LINE
  5
B141
330
11F69C
100
AcDbEntity
  8
0
 62
     0
100
AcDbLine
 10
253.2866716576057
 20
96.13218953889559
 30
0.0
 11
255.2866716576057
 21
98.1321895388956
 31
0.0
  0
LINE
  5
B142
330
11F69C
100
AcDbEntity
  8
0
 62
     0
100
AcDbLine
 10
242.0416076273385
 20
87.13218953889558
 30
0.0
 11
244.5416076273385
 21
89.63218953889558
 31
0.0
  0
LINE
  5
B143
330
11F69C
100
AcDbEntity
  8
0
 62
     0
100
AcDbLine
 10
276.5416076273385
 20
121.6321895388956
 30
0.0
 11
278.5416076273385
 21
123.6321895388956
 31
0.0
  0
LINE
  5
B144
330
11F69C
100
AcDbEntity
  8
0
 62
     0
100
AcDbLine
 10
246.5416076273385
 20
91.63218953889559
 30
0.0
 11
249.0416076273385
 21
94.13218953889559
 31
0.0
  0
LINE
  5
B145
330
11F69C
100
AcDbEntity
  8
0
 62
     0
100
AcDbLine
 10
272.0416076273385
 20
117.1321895388956
 30
0.0
 11
274.0416076273385
 21
119.1321895388956
 31
0.0
  0
LINE
  5
B146
330
11F69C
100
AcDbEntity
  8
0
 62
     0
100
AcDbLine
 10
251.0416076273384
 20
96.13218953889559
 30
0.0
 11
253.0416076273384
 21
98.1321895388956
 31
0.0
  0
LINE
  5
B147
330
11F69C
100
AcDbEntity
  8
0
 62
     0
100
AcDbLine
 10
259.0416076273385
 20
104.1321895388956
 30
0.0
 11
260.7684690569168
 21
105.8590509684739
 31
0.0
  0
LINE
  5
B148
330
11F69C
100
AcDbEntity
  8
0
 62
     0
100
AcDbLine
 10
255.0416076273385
 20
100.1321895388956
 30
0.0
 11
257.0416076273385
 21
102.1321895388956
 31
0.0
  0
LINE
  5
B149
330
11F69C
100
AcDbEntity
  8
0
 62
     0
100
AcDbLine
 10
241.7684690569167
 20
89.10411499874106
 30
0.0
 11
242.2965435970712
 21
89.63218953889558
 31
0.0
  0
LINE
  5
B14A
330
11F69C
100
AcDbEntity
  8
0
 62
     0
100
AcDbLine
 10
274.2965435970712
 20
121.6321895388956
 30
0.0
 11
276.2965435970712
 21
123.6321895388956
 31
0.0
  0
LINE
  5
B14B
330
11F69C
100
AcDbEntity
  8
0
 62
     0
100
AcDbLine
 10
244.2965435970712
 20
91.63218953889559
 30
0.0
 11
245.7965435970712
 21
93.13218953889558
 31
0.0
  0
LINE
  5
B14C
330
11F69C
100
AcDbEntity
  8
0
 62
     0
100
AcDbLine
 10
269.7965435970712
 20
117.1321895388956
 30
0.0
 11
271.7965435970712
 21
119.1321895388956
 31
0.0
  0
LINE
  5
B14D
330
11F69C
100
AcDbEntity
  8
0
 62
     0
100
AcDbLine
 10
246.7684690569167
 20
94.10411499874113
 30
0.0
 11
246.7965435970712
 21
94.13218953889559
 31
0.0
  0
LINE
  5
B14E
330
11F69C
100
AcDbEntity
  8
0
 62
     0
100
AcDbLine
 10
256.7965435970712
 20
104.1321895388956
 30
0.0
 11
258.7965435970712
 21
106.1321895388956
 31
0.0
  0
LINE
  5
B14F
330
11F69C
100
AcDbEntity
  8
0
 62
     0
100
AcDbLine
 10
248.7965435970712
 20
96.13218953889559
 30
0.0
 11
250.7965435970712
 21
98.1321895388956
 31
0.0
  0
LINE
  5
B150
330
11F69C
100
AcDbEntity
  8
0
 62
     0
100
AcDbLine
 10
252.7965435970712
 20
100.1321895388956
 30
0.0
 11
254.7965435970712
 21
102.1321895388956
 31
0.0
  0
LINE
  5
B151
330
11F69C
100
AcDbEntity
  8
0
 62
     0
100
AcDbLine
 10
242.0514795668039
 20
91.63218953889559
 30
0.0
 11
243.5514795668038
 21
93.13218953889558
 31
0.0
  0
LINE
  5
B152
330
11F69C
100
AcDbEntity
  8
0
 62
     0
100
AcDbLine
 10
272.0514795668039
 20
121.6321895388956
 30
0.0
 11
274.0514795668039
 21
123.6321895388956
 31
0.0
  0
LINE
  5
B153
330
11F69C
100
AcDbEntity
  8
0
 62
     0
100
AcDbLine
 10
246.7684690569167
 20
96.34917902900841
 30
0.0
 11
248.5514795668039
 21
98.1321895388956
 31
0.0
  0
LINE
  5
B154
330
11F69C
100
AcDbEntity
  8
0
 62
     0
100
AcDbLine
 10
267.551479566804
 20
117.1321895388956
 30
0.0
 11
269.5514795668039
 21
119.1321895388956
 31
0.0
  0
LINE
  5
B155
330
11F69C
100
AcDbEntity
  8
0
 62
     0
100
AcDbLine
 10
250.5514795668039
 20
100.1321895388956
 30
0.0
 11
252.5514795668039
 21
102.1321895388956
 31
0.0
  0
LINE
  5
B156
330
11F69C
100
AcDbEntity
  8
0
 62
     0
100
AcDbLine
 10
258.5514795668039
 20
108.1321895388956
 30
0.0
 11
260.5514795668039
 21
110.1321895388956
 31
0.0
  0
LINE
  5
B157
330
11F69C
100
AcDbEntity
  8
0
 62
     0
100
AcDbLine
 10
254.5514795668039
 20
104.1321895388956
 30
0.0
 11
256.551479566804
 21
106.1321895388956
 31
0.0
  0
LINE
  5
B158
330
11F69C
100
AcDbEntity
  8
0
 62
     0
100
AcDbLine
 10
248.3064155365366
 20
100.1321895388956
 30
0.0
 11
250.3064155365366
 21
102.1321895388956
 31
0.0
  0
LINE
  5
B159
330
11F69C
100
AcDbEntity
  8
0
 62
     0
100
AcDbLine
 10
274.3064155365366
 20
126.1321895388956
 30
0.0
 11
274.6765579075346
 21
126.5023319098936
 31
0.0
  0
LINE
  5
B15A
330
11F69C
100
AcDbEntity
  8
0
 62
     0
100
AcDbLine
 10
252.3064155365366
 20
104.1321895388956
 30
0.0
 11
254.3064155365367
 21
106.1321895388956
 31
0.0
  0
LINE
  5
B15B
330
11F69C
100
AcDbEntity
  8
0
 62
     0
100
AcDbLine
 10
269.8064155365366
 20
121.6321895388956
 30
0.0
 11
271.8064155365366
 21
123.6321895388956
 31
0.0
  0
LINE
  5
B15C
330
11F69C
100
AcDbEntity
  8
0
 62
     0
100
AcDbLine
 10
256.3064155365367
 20
108.1321895388956
 30
0.0
 11
258.3064155365367
 21
110.1321895388956
 31
0.0
  0
LINE
  5
B15D
330
11F69C
100
AcDbEntity
  8
0
 62
     0
100
AcDbLine
 10
265.823489287882
 20
117.649263290241
 30
0.0
 11
267.3064155365366
 21
119.1321895388956
 31
0.0
  0
LINE
  5
B15E
330
11F69C
100
AcDbEntity
  8
0
 62
     0
100
AcDbLine
 10
260.3064155365366
 20
112.1321895388956
 30
0.0
 11
260.7684690569167
 21
112.5942430592757
 31
0.0
  0
LINE
  5
B15F
330
11F69C
100
AcDbEntity
  8
0
 62
     0
100
AcDbLine
 10
246.7684690569167
 20
100.8393070895429
 30
0.0
 11
248.0613515062693
 21
102.1321895388956
 31
0.0
  0
LINE
  5
B160
330
11F69C
100
AcDbEntity
  8
0
 62
     0
100
AcDbLine
 10
272.0613515062693
 20
126.1321895388956
 30
0.0
 11
273.0494775827913
 21
127.1203156154176
 31
0.0
  0
LINE
  5
B161
330
11F69C
100
AcDbEntity
  8
0
 62
     0
100
AcDbLine
 10
250.0613515062693
 20
104.1321895388956
 30
0.0
 11
252.0613515062693
 21
106.1321895388956
 31
0.0
  0
LINE
  5
B162
330
11F69C
100
AcDbEntity
  8
0
 62
     0
100
AcDbLine
 10
267.5613515062694
 20
121.6321895388956
 30
0.0
 11
269.5613515062693
 21
123.6321895388956
 31
0.0
  0
LINE
  5
B163
330
11F69C
100
AcDbEntity
  8
0
 62
     0
100
AcDbLine
 10
254.0613515062693
 20
108.1321895388956
 30
0.0
 11
256.0613515062693
 21
110.1321895388956
 31
0.0
  0
LINE
  5
B164
330
11F69C
100
AcDbEntity
  8
0
 62
     0
100
AcDbLine
 10
264.0251861887201
 20
118.0960242213464
 30
0.0
 11
265.0613515062693
 21
119.1321895388956
 31
0.0
  0
LINE
  5
B165
330
11F69C
100
AcDbEntity
  8
0
 62
     0
100
AcDbLine
 10
258.0613515062693
 20
112.1321895388956
 30
0.0
 11
260.5613515062693
 21
114.6321895388956
 31
0.0
  0
LINE
  5
B166
330
11F69C
100
AcDbEntity
  8
0
 62
     0
100
AcDbLine
 10
247.8162874760021
 20
104.1321895388956
 30
0.0
 11
249.816287476002
 21
106.1321895388956
 31
0.0
  0
LINE
  5
B167
330
11F69C
100
AcDbEntity
  8
0
 62
     0
100
AcDbLine
 10
269.8162874760021
 20
126.1321895388956
 30
0.0
 11
271.296880192522
 21
127.6127822554155
 31
0.0
  0
LINE
  5
B168
330
11F69C
100
AcDbEntity
  8
0
 62
     0
100
AcDbLine
 10
251.816287476002
 20
108.1321895388956
 30
0.0
 11
253.816287476002
 21
110.1321895388956
 31
0.0
  0
LINE
  5
B169
330
11F69C
100
AcDbEntity
  8
0
 62
     0
100
AcDbLine
 10
265.316287476002
 20
121.6321895388956
 30
0.0
 11
267.316287476002
 21
123.6321895388956
 31
0.0
  0
LINE
  5
B16A
330
11F69C
100
AcDbEntity
  8
0
 62
     0
100
AcDbLine
 10
255.816287476002
 20
112.1321895388956
 30
0.0
 11
258.3162874760021
 21
114.6321895388956
 31
0.0
  0
LINE
  5
B16B
330
11F69C
100
AcDbEntity
  8
0
 62
     0
100
AcDbLine
 10
261.816287476002
 20
118.1321895388956
 30
0.0
 11
262.816287476002
 21
119.1321895388956
 31
0.0
  0
LINE
  5
B16C
330
11F69C
100
AcDbEntity
  8
0
 62
     0
100
AcDbLine
 10
246.7684690569167
 20
105.3294351500775
 30
0.0
 11
247.5712234457347
 21
106.1321895388956
 31
0.0
  0
LINE
  5
B16D
330
11F69C
100
AcDbEntity
  8
0
 62
     0
100
AcDbLine
 10
267.5712234457348
 20
126.1321895388956
 30
0.0
 11
269.3976548463799
 21
127.9586209395407
 31
0.0
  0
LINE
  5
B16E
330
11F69C
100
AcDbEntity
  8
0
 62
     0
100
AcDbLine
 10
249.5712234457347
 20
108.1321895388956
 30
0.0
 11
251.5712234457347
 21
110.1321895388956
 31
0.0
  0
LINE
  5
B16F
330
11F69C
100
AcDbEntity
  8
0
 62
     0
100
AcDbLine
 10
263.0712234457348
 20
121.6321895388956
 30
0.0
 11
265.0712234457348
 21
123.6321895388956
 31
0.0
  0
LINE
  5
B170
330
11F69C
100
AcDbEntity
  8
0
 62
     0
100
AcDbLine
 10
253.5712234457347
 20
112.1321895388956
 30
0.0
 11
256.0712234457347
 21
114.6321895388956
 31
0.0
  0
LINE
  5
B171
330
11F69C
100
AcDbEntity
  8
0
 62
     0
100
AcDbLine
 10
258.5712234457347
 20
117.1321895388956
 30
0.0
 11
260.5712234457347
 21
119.1321895388956
 31
0.0
  0
LINE
  5
B172
330
11F69C
100
AcDbEntity
  8
0
 62
     0
100
AcDbLine
 10
247.3261594154675
 20
108.1321895388956
 30
0.0
 11
249.3261594154675
 21
110.1321895388956
 31
0.0
  0
LINE
  5
B173
330
11F69C
100
AcDbEntity
  8
0
 62
     0
100
AcDbLine
 10
265.3261594154675
 20
126.1321895388956
 30
0.0
 11
267.318592099803
 21
128.1246222232311
 31
0.0
  0
LINE
  5
B174
330
11F69C
100
AcDbEntity
  8
0
 62
     0
100
AcDbLine
 10
251.3261594154675
 20
112.1321895388956
 30
0.0
 11
253.8261594154675
 21
114.6321895388956
 31
0.0
  0
LINE
  5
B175
330
11F69C
100
AcDbEntity
  8
0
 62
     0
100
AcDbLine
 10
260.8261594154675
 20
121.6321895388956
 30
0.0
 11
262.8261594154675
 21
123.6321895388956
 31
0.0
  0
LINE
  5
B176
330
11F69C
100
AcDbEntity
  8
0
 62
     0
100
AcDbLine
 10
256.3261594154675
 20
117.1321895388956
 30
0.0
 11
258.3261594154674
 21
119.1321895388956
 31
0.0
  0
LINE
  5
B177
330
11F69C
100
AcDbEntity
  8
0
 62
     0
100
AcDbLine
 10
246.7684690569167
 20
109.8195632106121
 30
0.0
 11
247.0810953852002
 21
110.1321895388956
 31
0.0
  0
LINE
  5
B178
330
11F69C
100
AcDbEntity
  8
0
 62
     0
100
AcDbLine
 10
263.0810953852002
 20
126.1321895388956
 30
0.0
 11
265.0810953852002
 21
128.1321895388956
 31
0.0
  0
LINE
  5
B179
330
11F69C
100
AcDbEntity
  8
0
 62
     0
100
AcDbLine
 10
249.0810953852002
 20
112.1321895388956
 30
0.0
 11
251.5810953852002
 21
114.6321895388956
 31
0.0
  0
LINE
  5
B17A
330
11F69C
100
AcDbEntity
  8
0
 62
     0
100
AcDbLine
 10
258.5810953852002
 20
121.6321895388956
 30
0.0
 11
260.5810953852002
 21
123.6321895388956
 31
0.0
  0
LINE
  5
B17B
330
11F69C
100
AcDbEntity
  8
0
 62
     0
100
AcDbLine
 10
254.0810953852002
 20
117.1321895388956
 30
0.0
 11
256.0810953852002
 21
119.1321895388956
 31
0.0
  0
LINE
  5
B17C
330
11F69C
100
AcDbEntity
  8
0
 62
     0
100
AcDbLine
 10
246.8360313549329
 20
112.1321895388956
 30
0.0
 11
249.3360313549329
 21
114.6321895388956
 31
0.0
  0
LINE
  5
B17D
330
11F69C
100
AcDbEntity
  8
0
 62
     0
100
AcDbLine
 10
260.8360313549329
 20
126.1321895388956
 30
0.0
 11
262.8360313549328
 21
128.1321895388956
 31
0.0
  0
LINE
  5
B17E
330
11F69C
100
AcDbEntity
  8
0
 62
     0
100
AcDbLine
 10
251.8360313549329
 20
117.1321895388956
 30
0.0
 11
253.8360313549329
 21
119.1321895388956
 31
0.0
  0
LINE
  5
B17F
330
11F69C
100
AcDbEntity
  8
0
 62
     0
100
AcDbLine
 10
256.3360313549329
 20
121.6321895388956
 30
0.0
 11
258.3360313549329
 21
123.6321895388956
 31
0.0
  0
LINE
  5
B180
330
11F69C
100
AcDbEntity
  8
0
 62
     0
100
AcDbLine
 10
246.7684690569167
 20
114.3096912711467
 30
0.0
 11
247.0909673246656
 21
114.6321895388956
 31
0.0
  0
LINE
  5
B181
330
11F69C
100
AcDbEntity
  8
0
 62
     0
100
AcDbLine
 10
258.5909673246656
 20
126.1321895388956
 30
0.0
 11
260.5909673246656
 21
128.1321895388956
 31
0.0
  0
LINE
  5
B182
330
11F69C
100
AcDbEntity
  8
0
 62
     0
100
AcDbLine
 10
249.5909673246656
 20
117.1321895388956
 30
0.0
 11
251.5909673246656
 21
119.1321895388956
 31
0.0
  0
LINE
  5
B183
330
11F69C
100
AcDbEntity
  8
0
 62
     0
100
AcDbLine
 10
254.0909673246656
 20
121.6321895388956
 30
0.0
 11
256.0909673246656
 21
123.6321895388956
 31
0.0
  0
LINE
  5
B184
330
11F69C
100
AcDbEntity
  8
0
 62
     0
100
AcDbLine
 10
247.3459032943984
 20
117.1321895388956
 30
0.0
 11
249.3459032943983
 21
119.1321895388956
 31
0.0
  0
LINE
  5
B185
330
11F69C
100
AcDbEntity
  8
0
 62
     0
100
AcDbLine
 10
256.3459032943983
 20
126.1321895388956
 30
0.0
 11
258.3459032943983
 21
128.1321895388956
 31
0.0
  0
LINE
  5
B186
330
11F69C
100
AcDbEntity
  8
0
 62
     0
100
AcDbLine
 10
251.8459032943983
 20
121.6321895388956
 30
0.0
 11
253.8459032943983
 21
123.6321895388956
 31
0.0
  0
LINE
  5
B187
330
11F69C
100
AcDbEntity
  8
0
 62
     0
100
AcDbLine
 10
246.100839264131
 20
118.1321895388956
 30
0.0
 11
247.100839264131
 21
119.1321895388956
 31
0.0
  0
LINE
  5
B188
330
11F69C
100
AcDbEntity
  8
0
 62
     0
100
AcDbLine
 10
254.100839264131
 20
126.1321895388956
 30
0.0
 11
256.100839264131
 21
128.1321895388956
 31
0.0
  0
LINE
  5
B189
330
11F69C
100
AcDbEntity
  8
0
 62
     0
100
AcDbLine
 10
249.6008392641311
 20
121.6321895388956
 30
0.0
 11
251.600839264131
 21
123.6321895388956
 31
0.0
  0
LINE
  5
B18A
330
11F69C
100
AcDbEntity
  8
0
 62
     0
100
AcDbLine
 10
243.8557752338637
 20
118.1321895388956
 30
0.0
 11
244.8557752338637
 21
119.1321895388956
 31
0.0
  0
LINE
  5
B18B
330
11F69C
100
AcDbEntity
  8
0
 62
     0
100
AcDbLine
 10
251.8557752338637
 20
126.1321895388956
 30
0.0
 11
253.8557752338638
 21
128.1321895388956
 31
0.0
  0
LINE
  5
B18C
330
11F69C
100
AcDbEntity
  8
0
 62
     0
100
AcDbLine
 10
247.3557752338638
 20
121.6321895388956
 30
0.0
 11
249.3557752338638
 21
123.6321895388956
 31
0.0
  0
LINE
  5
B18D
330
11F69C
100
AcDbEntity
  8
0
 62
     0
100
AcDbLine
 10
241.7684690569167
 20
118.2899473922159
 30
0.0
 11
242.6107112035964
 21
119.1321895388956
 31
0.0
  0
LINE
  5
B18E
330
11F69C
100
AcDbEntity
  8
0
 62
     0
100
AcDbLine
 10
249.6107112035964
 20
126.1321895388956
 30
0.0
 11
251.6107112035964
 21
128.1321895388956
 31
0.0
  0
LINE
  5
B18F
330
11F69C
100
AcDbEntity
  8
0
 62
     0
100
AcDbLine
 10
245.1107112035965
 20
121.6321895388956
 30
0.0
 11
247.1107112035964
 21
123.6321895388956
 31
0.0
  0
LINE
  5
B190
330
11F69C
100
AcDbEntity
  8
0
 62
     0
100
AcDbLine
 10
242.8656471733292
 20
121.6321895388956
 30
0.0
 11
244.8656471733292
 21
123.6321895388956
 31
0.0
  0
LINE
  5
B191
330
11F69C
100
AcDbEntity
  8
0
 62
     0
100
AcDbLine
 10
247.3656471733292
 20
126.1321895388956
 30
0.0
 11
249.3656471733292
 21
128.1321895388956
 31
0.0
  0
LINE
  5
B192
330
11F69C
100
AcDbEntity
  8
0
 62
     0
100
AcDbLine
 10
241.7684690569167
 20
122.7800754527504
 30
0.0
 11
242.6205831430619
 21
123.6321895388956
 31
0.0
  0
LINE
  5
B193
330
11F69C
100
AcDbEntity
  8
0
 62
     0
100
AcDbLine
 10
245.1205831430618
 20
126.1321895388956
 30
0.0
 11
247.1205831430618
 21
128.1321895388956
 31
0.0
  0
LINE
  5
B194
330
11F69C
100
AcDbEntity
  8
0
 62
     0
100
AcDbLine
 10
242.8755191127946
 20
126.1321895388956
 30
0.0
 11
244.8755191127946
 21
128.1321895388956
 31
0.0
  0
LINE
  5
B195
330
11F69C
100
AcDbEntity
  8
0
 62
     0
100
AcDbLine
 10
241.7684690569167
 20
127.270203513285
 30
0.0
 11
242.6304550825273
 21
128.1321895388956
 31
0.0
  0
LINE
  5
B196
330
11F69C
100
AcDbEntity
  8
0
 62
     0
100
AcDbLine
 10
242.531735687873
 20
83.13218953889558
 30
0.0
 11
244.531735687873
 21
85.13218953889561
 31
0.0
  0
LINE
  5
B197
330
11F69C
100
AcDbEntity
  8
0
 62
     0
100
AcDbLine
 10
281.0317356878731
 20
121.6321895388956
 30
0.0
 11
281.2870877657707
 21
121.8875416167932
 31
0.0
  0
LINE
  5
B198
330
11F69C
100
AcDbEntity
  8
0
 62
     0
100
AcDbLine
 10
246.531735687873
 20
87.13218953889558
 30
0.0
 11
249.031735687873
 21
89.63218953889558
 31
0.0
  0
LINE
  5
B199
330
11F69C
100
AcDbEntity
  8
0
 62
     0
100
AcDbLine
 10
276.5317356878731
 20
117.1321895388956
 30
0.0
 11
278.5317356878731
 21
119.1321895388956
 31
0.0
  0
LINE
  5
B19A
330
11F69C
100
AcDbEntity
  8
0
 62
     0
100
AcDbLine
 10
251.031735687873
 20
91.63218953889559
 30
0.0
 11
253.5317356878731
 21
94.13218953889559
 31
0.0
  0
LINE
  5
B19B
330
11F69C
100
AcDbEntity
  8
0
 62
     0
100
AcDbLine
 10
259.531735687873
 20
100.1321895388956
 30
0.0
 11
260.7684690569167
 21
101.3689229079392
 31
0.0
  0
LINE
  5
B19C
330
11F69C
100
AcDbEntity
  8
0
 62
     0
100
AcDbLine
 10
255.531735687873
 20
96.13218953889559
 30
0.0
 11
257.5317356878731
 21
98.1321895388956
 31
0.0
  0
LINE
  5
B19D
330
11F69C
100
AcDbEntity
  8
0
 62
     0
100
AcDbLine
 10
244.7767997181403
 20
83.13218953889558
 30
0.0
 11
246.7767997181403
 21
85.13218953889561
 31
0.0
  0
LINE
  5
B19E
330
11F69C
100
AcDbEntity
  8
0
 62
     0
100
AcDbLine
 10
278.7767997181404
 20
117.1321895388956
 30
0.0
 11
280.7767997181404
 21
119.1321895388956
 31
0.0
  0
LINE
  5
B19F
330
11F69C
100
AcDbEntity
  8
0
 62
     0
100
AcDbLine
 10
248.7767997181403
 20
87.13218953889558
 30
0.0
 11
251.2767997181403
 21
89.63218953889558
 31
0.0
  0
LINE
  5
B1A0
330
11F69C
100
AcDbEntity
  8
0
 62
     0
100
AcDbLine
 10
257.7767997181403
 20
96.13218953889559
 30
0.0
 11
259.7767997181403
 21
98.1321895388956
 31
0.0
  0
LINE
  5
B1A1
330
11F69C
100
AcDbEntity
  8
0
 62
     0
100
AcDbLine
 10
253.2767997181403
 20
91.63218953889559
 30
0.0
 11
255.7767997181404
 21
94.13218953889559
 31
0.0
  0
LINE
  5
B1A2
330
11F69C
100
AcDbEntity
  8
0
 62
     0
100
AcDbLine
 10
247.0218637484076
 20
83.13218953889558
 30
0.0
 11
249.0218637484076
 21
85.13218953889561
 31
0.0
  0
LINE
  5
B1A3
330
11F69C
100
AcDbEntity
  8
0
 62
     0
100
AcDbLine
 10
281.0218637484076
 20
117.1321895388956
 30
0.0
 11
283.0218637484076
 21
119.1321895388956
 31
0.0
  0
LINE
  5
B1A4
330
11F69C
100
AcDbEntity
  8
0
 62
     0
100
AcDbLine
 10
251.0218637484076
 20
87.13218953889558
 30
0.0
 11
253.5218637484076
 21
89.63218953889558
 31
0.0
  0
LINE
  5
B1A5
330
11F69C
100
AcDbEntity
  8
0
 62
     0
100
AcDbLine
 10
260.0218637484076
 20
96.13218953889559
 30
0.0
 11
260.7684690569167
 21
96.8787948474047
 31
0.0
  0
LINE
  5
B1A6
330
11F69C
100
AcDbEntity
  8
0
 62
     0
100
AcDbLine
 10
255.5218637484077
 20
91.63218953889559
 30
0.0
 11
258.0218637484076
 21
94.13218953889559
 31
0.0
  0
LINE
  5
B1A7
330
11F69C
100
AcDbEntity
  8
0
 62
     0
100
AcDbLine
 10
249.2669277786749
 20
83.13218953889558
 30
0.0
 11
251.2669277786749
 21
85.13218953889561
 31
0.0
  0
LINE
  5
B1A8
330
11F69C
100
AcDbEntity
  8
0
 62
     0
100
AcDbLine
 10
283.2669277786749
 20
117.1321895388956
 30
0.0
 11
284.1538004707846
 21
118.0190622310053
 31
0.0
  0
LINE
  5
B1A9
330
11F69C
100
AcDbEntity
  8
0
 62
     0
100
AcDbLine
 10
253.2669277786749
 20
87.13218953889558
 30
0.0
 11
255.7669277786749
 21
89.63218953889558
 31
0.0
  0
LINE
  5
B1AA
330
11F69C
100
AcDbEntity
  8
0
 62
     0
100
AcDbLine
 10
257.7669277786749
 20
91.63218953889559
 30
0.0
 11
260.2669277786749
 21
94.13218953889559
 31
0.0
  0
LINE
  5
B1AB
330
11F69C
100
AcDbEntity
  8
0
 62
     0
100
AcDbLine
 10
251.5119918089422
 20
83.13218953889558
 30
0.0
 11
253.5119918089422
 21
85.13218953889561
 31
0.0
  0
LINE
  5
B1AC
330
11F69C
100
AcDbEntity
  8
0
 62
     0
100
AcDbLine
 10
260.0119918089422
 20
91.63218953889559
 30
0.0
 11
261.5119918089423
 21
93.13218953889558
 31
0.0
  0
LINE
  5
B1AD
330
11F69C
100
AcDbEntity
  8
0
 62
     0
100
AcDbLine
 10
255.5119918089422
 20
87.13218953889558
 30
0.0
 11
258.0119918089422
 21
89.63218953889558
 31
0.0
  0
LINE
  5
B1AE
330
11F69C
100
AcDbEntity
  8
0
 62
     0
100
AcDbLine
 10
253.7570558392094
 20
83.13218953889558
 30
0.0
 11
255.7570558392095
 21
85.13218953889561
 31
0.0
  0
LINE
  5
B1AF
330
11F69C
100
AcDbEntity
  8
0
 62
     0
100
AcDbLine
 10
262.2570558392095
 20
91.63218953889559
 30
0.0
 11
263.7570558392095
 21
93.13218953889558
 31
0.0
  0
LINE
  5
B1B0
330
11F69C
100
AcDbEntity
  8
0
 62
     0
100
AcDbLine
 10
257.7570558392095
 20
87.13218953889558
 30
0.0
 11
260.2570558392094
 21
89.63218953889558
 31
0.0
  0
LINE
  5
B1B1
330
11F69C
100
AcDbEntity
  8
0
 62
     0
100
AcDbLine
 10
256.0021198694768
 20
83.13218953889558
 30
0.0
 11
258.0021198694768
 21
85.13218953889561
 31
0.0
  0
LINE
  5
B1B2
330
11F69C
100
AcDbEntity
  8
0
 62
     0
100
AcDbLine
 10
264.5021198694768
 20
91.63218953889559
 30
0.0
 11
266.9569559510296
 21
94.08702562044842
 31
0.0
  0
LINE
  5
B1B3
330
11F69C
100
AcDbEntity
  8
0
 62
     0
100
AcDbLine
 10
260.0021198694768
 20
87.13218953889558
 30
0.0
 11
262.5021198694768
 21
89.63218953889558
 31
0.0
  0
LINE
  5
B1B4
330
11F69C
100
AcDbEntity
  8
0
 62
     0
100
AcDbLine
 10
258.247183899744
 20
83.13218953889558
 30
0.0
 11
260.247183899744
 21
85.13218953889561
 31
0.0
  0
LINE
  5
B1B5
330
11F69C
100
AcDbEntity
  8
0
 62
     0
100
AcDbLine
 10
266.7471838997441
 20
91.63218953889559
 30
0.0
 11
269.2471838997441
 21
94.13218953889559
 31
0.0
  0
LINE
  5
B1B6
330
11F69C
100
AcDbEntity
  8
0
 62
     0
100
AcDbLine
 10
262.2471838997441
 20
87.13218953889558
 30
0.0
 11
264.747183899744
 21
89.63218953889558
 31
0.0
  0
LINE
  5
B1B7
330
11F69C
100
AcDbEntity
  8
0
 62
     0
100
AcDbLine
 10
260.4922479300114
 20
83.13218953889558
 30
0.0
 11
262.4922479300114
 21
85.13218953889561
 31
0.0
  0
LINE
  5
B1B8
330
11F69C
100
AcDbEntity
  8
0
 62
     0
100
AcDbLine
 10
268.9922479300113
 20
91.63218953889559
 30
0.0
 11
271.4922479300113
 21
94.13218953889559
 31
0.0
  0
LINE
  5
B1B9
330
11F69C
100
AcDbEntity
  8
0
 62
     0
100
AcDbLine
 10
264.4922479300113
 20
87.13218953889558
 30
0.0
 11
266.9922479300113
 21
89.63218953889558
 31
0.0
  0
LINE
  5
B1BA
330
11F69C
100
AcDbEntity
  8
0
 62
     0
100
AcDbLine
 10
262.7373119602786
 20
83.13218953889558
 30
0.0
 11
264.7373119602786
 21
85.13218953889561
 31
0.0
  0
LINE
  5
B1BB
330
11F69C
100
AcDbEntity
  8
0
 62
     0
100
AcDbLine
 10
271.2373119602787
 20
91.63218953889559
 30
0.0
 11
273.7373119602787
 21
94.13218953889559
 31
0.0
  0
LINE
  5
B1BC
330
11F69C
100
AcDbEntity
  8
0
 62
     0
100
AcDbLine
 10
266.7373119602786
 20
87.13218953889558
 30
0.0
 11
269.2373119602786
 21
89.63218953889558
 31
0.0
  0
LINE
  5
B1BD
330
11F69C
100
AcDbEntity
  8
0
 62
     0
100
AcDbLine
 10
264.9823759905459
 20
83.13218953889558
 30
0.0
 11
266.9823759905459
 21
85.13218953889561
 31
0.0
  0
LINE
  5
B1BE
330
11F69C
100
AcDbEntity
  8
0
 62
     0
100
AcDbLine
 10
273.4823759905459
 20
91.63218953889559
 30
0.0
 11
275.982375990546
 21
94.13218953889559
 31
0.0
  0
LINE
  5
B1BF
330
11F69C
100
AcDbEntity
  8
0
 62
     0
100
AcDbLine
 10
268.9823759905459
 20
87.13218953889558
 30
0.0
 11
271.4823759905459
 21
89.63218953889558
 31
0.0
  0
LINE
  5
B1C0
330
11F69C
100
AcDbEntity
  8
0
 62
     0
100
AcDbLine
 10
267.2328315609087
 20
83.13758107899104
 30
0.0
 11
269.2274400208132
 21
85.13218953889561
 31
0.0
  0
LINE
  5
B1C1
330
11F69C
100
AcDbEntity
  8
0
 62
     0
100
AcDbLine
 10
275.7274400208132
 20
91.63218953889559
 30
0.0
 11
278.2274400208132
 21
94.13218953889559
 31
0.0
  0
LINE
  5
B1C2
330
11F69C
100
AcDbEntity
  8
0
 62
     0
100
AcDbLine
 10
271.2274400208132
 20
87.13218953889558
 30
0.0
 11
273.7274400208132
 21
89.63218953889558
 31
0.0
  0
LINE
  5
B1C3
330
11F69C
100
AcDbEntity
  8
0
 62
     0
100
AcDbLine
 10
269.6865255186401
 20
83.34621100645511
 30
0.0
 11
271.4725040510805
 21
85.13218953889561
 31
0.0
  0
LINE
  5
B1C4
330
11F69C
100
AcDbEntity
  8
0
 62
     0
100
AcDbLine
 10
277.9725040510805
 20
91.63218953889559
 30
0.0
 11
280.4725040510805
 21
94.13218953889559
 31
0.0
  0
LINE
  5
B1C5
330
11F69C
100
AcDbEntity
  8
0
 62
     0
100
AcDbLine
 10
273.4725040510805
 20
87.13218953889558
 30
0.0
 11
275.9725040510805
 21
89.63218953889558
 31
0.0
  0
LINE
  5
B1C6
330
11F69C
100
AcDbEntity
  8
0
 62
     0
100
AcDbLine
 10
272.580765611815
 20
83.99538706936276
 30
0.0
 11
273.7175680813478
 21
85.13218953889561
 31
0.0
  0
LINE
  5
B1C7
330
11F69C
100
AcDbEntity
  8
0
 62
     0
100
AcDbLine
 10
280.2175680813478
 20
91.63218953889559
 30
0.0
 11
282.7175680813478
 21
94.13218953889559
 31
0.0
  0
LINE
  5
B1C8
330
11F69C
100
AcDbEntity
  8
0
 62
     0
100
AcDbLine
 10
275.7175680813478
 20
87.13218953889558
 30
0.0
 11
278.2175680813478
 21
89.63218953889558
 31
0.0
  0
LINE
  5
B1C9
330
11F69C
100
AcDbEntity
  8
0
 62
     0
100
AcDbLine
 10
277.9626321116151
 20
87.13218953889558
 30
0.0
 11
280.462632111615
 21
89.63218953889558
 31
0.0
  0
LINE
  5
B1CA
330
11F69C
100
AcDbEntity
  8
0
 62
     0
100
AcDbLine
 10
282.4626321116152
 20
91.63218953889559
 30
0.0
 11
284.2539144996709
 21
93.42347192695141
 31
0.0
  0
ENDBLK
  5
B1CB
330
11F69C
100
AcDbEntity
  8
0
100
AcDbBlockEnd
  0
BLOCK
  5
B1FE
330
11F69D
100
AcDbEntity
  8
0
100
AcDbBlockBegin
  2
*X4
 70
     1
 10
0.0
 20
0.0
 30
0.0
  3
*X4
  1

  0
LINE
  5
B200
330
11F69D
100
AcDbEntity
  8
0
 62
     0
100
AcDbLine
 10
273.0021198694768
 20
100.1321895388956
 30
0.0
 11
275.0021198694768
 21
102.1321895388956
 31
0.0
  0
LINE
  5
B201
330
11F69D
100
AcDbEntity
  8
0
 62
     0
100
AcDbLine
 10
285.0021198694768
 20
112.1321895388956
 30
0.0
 11
286.1062108010386
 21
113.2362804704574
 31
0.0
  0
LINE
  5
B202
330
11F69D
100
AcDbEntity
  8
0
 62
     0
100
AcDbLine
 10
277.0021198694768
 20
104.1321895388956
 30
0.0
 11
279.0021198694768
 21
106.1321895388956
 31
0.0
  0
LINE
  5
B203
330
11F69D
100
AcDbEntity
  8
0
 62
     0
100
AcDbLine
 10
281.0021198694768
 20
108.1321895388956
 30
0.0
 11
283.0021198694768
 21
110.1321895388956
 31
0.0
  0
LINE
  5
B204
330
11F69D
100
AcDbEntity
  8
0
 62
     0
100
AcDbLine
 10
272.1927153409879
 20
101.567849040674
 30
0.0
 11
272.7570558392095
 21
102.1321895388956
 31
0.0
  0
LINE
  5
B205
330
11F69D
100
AcDbEntity
  8
0
 62
     0
100
AcDbLine
 10
282.7570558392095
 20
112.1321895388956
 30
0.0
 11
285.2570558392094
 21
114.6321895388956
 31
0.0
  0
LINE
  5
B206
330
11F69D
100
AcDbEntity
  8
0
 62
     0
100
AcDbLine
 10
274.7570558392095
 20
104.1321895388956
 30
0.0
 11
276.7570558392095
 21
106.1321895388956
 31
0.0
  0
LINE
  5
B207
330
11F69D
100
AcDbEntity
  8
0
 62
     0
100
AcDbLine
 10
278.7570558392095
 20
108.1321895388956
 30
0.0
 11
280.7570558392095
 21
110.1321895388956
 31
0.0
  0
LINE
  5
B208
330
11F69D
100
AcDbEntity
  8
0
 62
     0
100
AcDbLine
 10
272.5119918089422
 20
104.1321895388956
 30
0.0
 11
274.5119918089422
 21
106.1321895388956
 31
0.0
  0
LINE
  5
B209
330
11F69D
100
AcDbEntity
  8
0
 62
     0
100
AcDbLine
 10
280.5119918089422
 20
112.1321895388956
 30
0.0
 11
283.0119918089422
 21
114.6321895388956
 31
0.0
  0
LINE
  5
B20A
330
11F69D
100
AcDbEntity
  8
0
 62
     0
100
AcDbLine
 10
276.5119918089423
 20
108.1321895388956
 30
0.0
 11
278.5119918089423
 21
110.1321895388956
 31
0.0
  0
LINE
  5
B20B
330
11F69D
100
AcDbEntity
  8
0
 62
     0
100
AcDbLine
 10
272.1927153409879
 20
106.0579771012086
 30
0.0
 11
272.2669277786749
 21
106.1321895388956
 31
0.0
  0
LINE
  5
B20C
330
11F69D
100
AcDbEntity
  8
0
 62
     0
100
AcDbLine
 10
278.2669277786748
 20
112.1321895388956
 30
0.0
 11
280.7669277786749
 21
114.6321895388956
 31
0.0
  0
LINE
  5
B20D
330
11F69D
100
AcDbEntity
  8
0
 62
     0
100
AcDbLine
 10
274.2669277786749
 20
108.1321895388956
 30
0.0
 11
276.2669277786748
 21
110.1321895388956
 31
0.0
  0
LINE
  5
B20E
330
11F69D
100
AcDbEntity
  8
0
 62
     0
100
AcDbLine
 10
272.1927153409879
 20
108.3030411314759
 30
0.0
 11
274.0218637484077
 21
110.1321895388956
 31
0.0
  0
LINE
  5
B20F
330
11F69D
100
AcDbEntity
  8
0
 62
     0
100
AcDbLine
 10
276.0218637484076
 20
112.1321895388956
 30
0.0
 11
278.5218637484076
 21
114.6321895388956
 31
0.0
  0
LINE
  5
B210
330
11F69D
100
AcDbEntity
  8
0
 62
     0
100
AcDbLine
 10
273.7767997181403
 20
112.1321895388956
 30
0.0
 11
276.2767997181403
 21
114.6321895388956
 31
0.0
  0
LINE
  5
B211
330
11F69D
100
AcDbEntity
  8
0
 62
     0
100
AcDbLine
 10
271.7243714404366
 20
112.3248252914591
 30
0.0
 11
274.031735687873
 21
114.6321895388956
 31
0.0
  0
LINE
  5
B212
330
11F69D
100
AcDbEntity
  8
0
 62
     0
100
AcDbLine
 10
270.9097713491817
 20
113.7552892304716
 30
0.0
 11
271.7866716576057
 21
114.6321895388956
 31
0.0
  0
LINE
  5
B213
330
11F69D
100
AcDbEntity
  8
0
 62
     0
100
AcDbLine
 10
271.2471838997441
 20
96.13218953889559
 30
0.0
 11
273.2471838997441
 21
98.1321895388956
 31
0.0
  0
LINE
  5
B214
330
11F69D
100
AcDbEntity
  8
0
 62
     0
100
AcDbLine
 10
283.2471838997441
 20
108.1321895388956
 30
0.0
 11
285.2471838997441
 21
110.1321895388956
 31
0.0
  0
LINE
  5
B215
330
11F69D
100
AcDbEntity
  8
0
 62
     0
100
AcDbLine
 10
275.2471838997441
 20
100.1321895388956
 30
0.0
 11
277.2471838997441
 21
102.1321895388956
 31
0.0
  0
LINE
  5
B216
330
11F69D
100
AcDbEntity
  8
0
 62
     0
100
AcDbLine
 10
279.2471838997441
 20
104.1321895388956
 30
0.0
 11
281.2471838997441
 21
106.1321895388956
 31
0.0
  0
LINE
  5
B217
330
11F69D
100
AcDbEntity
  8
0
 62
     0
100
AcDbLine
 10
273.4922479300114
 20
96.13218953889559
 30
0.0
 11
275.4922479300114
 21
98.1321895388956
 31
0.0
  0
LINE
  5
B218
330
11F69D
100
AcDbEntity
  8
0
 62
     0
100
AcDbLine
 10
285.4922479300114
 20
108.1321895388956
 30
0.0
 11
286.730123876616
 21
109.3700654855002
 31
0.0
  0
LINE
  5
B219
330
11F69D
100
AcDbEntity
  8
0
 62
     0
100
AcDbLine
 10
277.4922479300113
 20
100.1321895388956
 30
0.0
 11
279.4922479300114
 21
102.1321895388956
 31
0.0
  0
LINE
  5
B21A
330
11F69D
100
AcDbEntity
  8
0
 62
     0
100
AcDbLine
 10
281.4922479300114
 20
104.1321895388956
 30
0.0
 11
283.4922479300113
 21
106.1321895388956
 31
0.0
  0
LINE
  5
B21B
330
11F69D
100
AcDbEntity
  8
0
 62
     0
100
AcDbLine
 10
275.7373119602787
 20
96.13218953889559
 30
0.0
 11
277.7373119602787
 21
98.1321895388956
 31
0.0
  0
LINE
  5
B21C
330
11F69D
100
AcDbEntity
  8
0
 62
     0
100
AcDbLine
 10
283.7373119602787
 20
104.1321895388956
 30
0.0
 11
285.7373119602787
 21
106.1321895388956
 31
0.0
  0
LINE
  5
B21D
330
11F69D
100
AcDbEntity
  8
0
 62
     0
100
AcDbLine
 10
279.7373119602787
 20
100.1321895388956
 30
0.0
 11
281.7373119602787
 21
102.1321895388956
 31
0.0
  0
LINE
  5
B21E
330
11F69D
100
AcDbEntity
  8
0
 62
     0
100
AcDbLine
 10
277.982375990546
 20
96.13218953889559
 30
0.0
 11
279.982375990546
 21
98.1321895388956
 31
0.0
  0
LINE
  5
B21F
330
11F69D
100
AcDbEntity
  8
0
 62
     0
100
AcDbLine
 10
285.9823759905459
 20
104.1321895388956
 30
0.0
 11
286.7684690569167
 21
104.9182826052663
 31
0.0
  0
LINE
  5
B220
330
11F69D
100
AcDbEntity
  8
0
 62
     0
100
AcDbLine
 10
281.982375990546
 20
100.1321895388956
 30
0.0
 11
283.982375990546
 21
102.1321895388956
 31
0.0
  0
LINE
  5
B221
330
11F69D
100
AcDbEntity
  8
0
 62
     0
100
AcDbLine
 10
280.2274400208132
 20
96.13218953889559
 30
0.0
 11
282.2274400208132
 21
98.1321895388956
 31
0.0
  0
LINE
  5
B222
330
11F69D
100
AcDbEntity
  8
0
 62
     0
100
AcDbLine
 10
284.2274400208132
 20
100.1321895388956
 30
0.0
 11
286.2274400208132
 21
102.1321895388956
 31
0.0
  0
LINE
  5
B223
330
11F69D
100
AcDbEntity
  8
0
 62
     0
100
AcDbLine
 10
282.4725040510805
 20
96.13218953889559
 30
0.0
 11
284.4725040510805
 21
98.1321895388956
 31
0.0
  0
LINE
  5
B224
330
11F69D
100
AcDbEntity
  8
0
 62
     0
100
AcDbLine
 10
286.4725040510805
 20
100.1321895388956
 30
0.0
 11
286.5544475893572
 21
100.2141330771723
 31
0.0
  0
LINE
  5
B225
330
11F69D
100
AcDbEntity
  8
0
 62
     0
100
AcDbLine
 10
284.7175680813478
 20
96.13218953889559
 30
0.0
 11
285.9052715264495
 21
97.31989298399732
 31
0.0
  0
ENDBLK
  5
B226
330
11F69D
100
AcDbEntity
  8
0
100
AcDbBlockEnd
  0
BLOCK
  5
B31D
330
11F69E
100
AcDbEntity
  8
0
100
AcDbBlockBegin
  2
*X5
 70
     1
 10
0.0
 20
0.0
 30
0.0
  3
*X5
  1

  0
LINE
  5
B31F
330
11F69E
100
AcDbEntity
  8
0
 62
     0
100
AcDbLine
 10
201.6501989614581
 20
96.13218953889559
 30
0.0
 11
203.6501989614582
 21
98.13218953889563
 31
0.0
  0
LINE
  5
B320
330
11F69E
100
AcDbEntity
  8
0
 62
     0
100
AcDbLine
 10
199.4051349311908
 20
96.13218953889557
 30
0.0
 11
201.4051349311908
 21
98.13218953889563
 31
0.0
  0
LINE
  5
B321
330
11F69E
100
AcDbEntity
  8
0
 62
     0
100
AcDbLine
 10
198.7684690569167
 20
97.74058769488876
 30
0.0
 11
199.1600709009236
 21
98.13218953889563
 31
0.0
  0
LINE
  5
B322
330
11F69E
100
AcDbEntity
  8
0
 62
     0
100
AcDbLine
 10
203.8952629917254
 20
96.13218953889559
 30
0.0
 11
205.8952629917254
 21
98.13218953889563
 31
0.0
  0
LINE
  5
B323
330
11F69E
100
AcDbEntity
  8
0
 62
     0
100
AcDbLine
 10
206.1403270219927
 20
96.13218953889559
 30
0.0
 11
208.1403270219927
 21
98.13218953889563
 31
0.0
  0
LINE
  5
B324
330
11F69E
100
AcDbEntity
  8
0
 62
     0
100
AcDbLine
 10
208.38539105226
 20
96.13218953889559
 30
0.0
 11
209.5086301018693
 21
97.25542858850488
 31
0.0
  0
LINE
  5
B325
330
11F69E
100
AcDbEntity
  8
0
 62
     0
100
AcDbLine
 10
210.6304550825273
 20
96.13218953889559
 30
0.0
 11
210.6306076613784
 21
96.13234211774674
 31
0.0
  0
ENDBLK
  5
B326
330
11F69E
100
AcDbEntity
  8
0
100
AcDbBlockEnd
  0
BLOCK
  5
B379
330
11F69F
100
AcDbEntity
  8
0
100
AcDbBlockBegin
  2
*X6
 70
     1
 10
0.0
 20
0.0
 30
0.0
  3
*X6
  1

  0
LINE
  5
B37B
330
11F69F
100
AcDbEntity
  8
0
 62
     0
100
AcDbLine
 10
199.38539105226
 20
87.13218953889564
 30
0.0
 11
201.88539105226
 21
89.63218953889564
 31
0.0
  0
LINE
  5
B37C
330
11F69F
100
AcDbEntity
  8
0
 62
     0
100
AcDbLine
 10
233.88539105226
 20
121.6321895388956
 30
0.0
 11
235.88539105226
 21
123.6321895388956
 31
0.0
  0
LINE
  5
B37D
330
11F69F
100
AcDbEntity
  8
0
 62
     0
100
AcDbLine
 10
203.88539105226
 20
91.63218953889559
 30
0.0
 11
206.38539105226
 21
94.13218953889559
 31
0.0
  0
LINE
  5
B37E
330
11F69F
100
AcDbEntity
  8
0
 62
     0
100
AcDbLine
 10
229.38539105226
 20
117.1321895388956
 30
0.0
 11
231.38539105226
 21
119.1321895388956
 31
0.0
  0
LINE
  5
B37F
330
11F69F
100
AcDbEntity
  8
0
 62
     0
100
AcDbLine
 10
213.0842013413513
 20
100.8309998279869
 30
0.0
 11
214.38539105226
 21
102.1321895388956
 31
0.0
  0
LINE
  5
B380
330
11F69F
100
AcDbEntity
  8
0
 62
     0
100
AcDbLine
 10
220.38539105226
 20
108.1321895388956
 30
0.0
 11
220.8492640317562
 21
108.5960625183918
 31
0.0
  0
LINE
  5
B381
330
11F69F
100
AcDbEntity
  8
0
 62
     0
100
AcDbLine
 10
216.38539105226
 20
104.1321895388956
 30
0.0
 11
218.38539105226
 21
106.1321895388956
 31
0.0
  0
LINE
  5
B382
330
11F69F
100
AcDbEntity
  8
0
 62
     0
100
AcDbLine
 10
198.7684690569167
 20
88.76033157381961
 30
0.0
 11
199.6403270219927
 21
89.63218953889564
 31
0.0
  0
LINE
  5
B383
330
11F69F
100
AcDbEntity
  8
0
 62
     0
100
AcDbLine
 10
231.6403270219927
 20
121.6321895388956
 30
0.0
 11
233.6403270219927
 21
123.6321895388956
 31
0.0
  0
LINE
  5
B384
330
11F69F
100
AcDbEntity
  8
0
 62
     0
100
AcDbLine
 10
201.6403270219927
 20
91.63218953889559
 30
0.0
 11
204.1403270219927
 21
94.13218953889559
 31
0.0
  0
LINE
  5
B385
330
11F69F
100
AcDbEntity
  8
0
 62
     0
100
AcDbLine
 10
227.1403270219927
 20
117.1321895388956
 30
0.0
 11
229.1403270219927
 21
119.1321895388956
 31
0.0
  0
LINE
  5
B386
330
11F69F
100
AcDbEntity
  8
0
 62
     0
100
AcDbLine
 10
211.0865254789898
 20
101.0783879958927
 30
0.0
 11
212.1403270219927
 21
102.1321895388956
 31
0.0
  0
LINE
  5
B387
330
11F69F
100
AcDbEntity
  8
0
 62
     0
100
AcDbLine
 10
218.1403270219927
 20
108.1321895388956
 30
0.0
 11
218.8008091247987
 21
108.7926716417016
 31
0.0
  0
LINE
  5
B388
330
11F69F
100
AcDbEntity
  8
0
 62
     0
100
AcDbLine
 10
214.1403270219927
 20
104.1321895388956
 30
0.0
 11
216.1403270219927
 21
106.1321895388956
 31
0.0
  0
LINE
  5
B389
330
11F69F
100
AcDbEntity
  8
0
 62
     0
100
AcDbLine
 10
199.3952629917254
 20
91.63218953889559
 30
0.0
 11
201.8952629917254
 21
94.13218953889559
 31
0.0
  0
LINE
  5
B38A
330
11F69F
100
AcDbEntity
  8
0
 62
     0
100
AcDbLine
 10
229.3952629917254
 20
121.6321895388956
 30
0.0
 11
231.3952629917254
 21
123.6321895388956
 31
0.0
  0
LINE
  5
B38B
330
11F69F
100
AcDbEntity
  8
0
 62
     0
100
AcDbLine
 10
209.2538047906866
 20
101.4907313378568
 30
0.0
 11
209.8952629917254
 21
102.1321895388956
 31
0.0
  0
LINE
  5
B38C
330
11F69F
100
AcDbEntity
  8
0
 62
     0
100
AcDbLine
 10
224.8952629917254
 20
117.1321895388956
 30
0.0
 11
226.8952629917254
 21
119.1321895388956
 31
0.0
  0
LINE
  5
B38D
330
11F69F
100
AcDbEntity
  8
0
 62
     0
100
AcDbLine
 10
211.8952629917254
 20
104.1321895388956
 30
0.0
 11
213.8952629917254
 21
106.1321895388956
 31
0.0
  0
LINE
  5
B38E
330
11F69F
100
AcDbEntity
  8
0
 62
     0
100
AcDbLine
 10
215.8952629917254
 20
108.1321895388956
 30
0.0
 11
216.8624484465832
 21
109.0993749937533
 31
0.0
  0
LINE
  5
B38F
330
11F69F
100
AcDbEntity
  8
0
 62
     0
100
AcDbLine
 10
198.7684690569167
 20
93.25045963435421
 30
0.0
 11
199.6501989614581
 21
94.13218953889559
 31
0.0
  0
LINE
  5
B390
330
11F69F
100
AcDbEntity
  8
0
 62
     0
100
AcDbLine
 10
227.1501989614581
 20
121.6321895388956
 30
0.0
 11
229.1501989614582
 21
123.6321895388956
 31
0.0
  0
LINE
  5
B391
330
11F69F
100
AcDbEntity
  8
0
 62
     0
100
AcDbLine
 10
207.5584928415855
 20
102.040483419023
 30
0.0
 11
207.6501989614581
 21
102.1321895388956
 31
0.0
  0
LINE
  5
B392
330
11F69F
100
AcDbEntity
  8
0
 62
     0
100
AcDbLine
 10
222.6752624291577
 20
117.1572530065952
 30
0.0
 11
224.6501989614581
 21
119.1321895388956
 31
0.0
  0
LINE
  5
B393
330
11F69F
100
AcDbEntity
  8
0
 62
     0
100
AcDbLine
 10
209.6501989614582
 20
104.1321895388956
 30
0.0
 11
211.6501989614581
 21
106.1321895388956
 31
0.0
  0
LINE
  5
B394
330
11F69F
100
AcDbEntity
  8
0
 62
     0
100
AcDbLine
 10
213.6501989614581
 20
108.1321895388956
 30
0.0
 11
215.0206349055862
 21
109.5026254830237
 31
0.0
  0
LINE
  5
B395
330
11F69F
100
AcDbEntity
  8
0
 62
     0
100
AcDbLine
 10
207.4051349311909
 20
104.1321895388956
 30
0.0
 11
209.4051349311909
 21
106.1321895388956
 31
0.0
  0
LINE
  5
B396
330
11F69F
100
AcDbEntity
  8
0
 62
     0
100
AcDbLine
 10
224.9051349311908
 20
121.6321895388956
 30
0.0
 11
226.9051349311908
 21
123.6321895388956
 31
0.0
  0
LINE
  5
B397
330
11F69F
100
AcDbEntity
  8
0
 62
     0
100
AcDbLine
 10
211.4051349311909
 20
108.1321895388956
 30
0.0
 11
213.2652181424461
 21
109.9922727501508
 31
0.0
  0
LINE
  5
B398
330
11F69F
100
AcDbEntity
  8
0
 62
     0
100
AcDbLine
 10
220.9278059628347
 20
117.6548605705393
 30
0.0
 11
222.4051349311908
 21
119.1321895388956
 31
0.0
  0
LINE
  5
B399
330
11F69F
100
AcDbEntity
  8
0
 62
     0
100
AcDbLine
 10
205.1600709009236
 20
104.1321895388956
 30
0.0
 11
207.1600709009235
 21
106.1321895388956
 31
0.0
  0
LINE
  5
B39A
330
11F69F
100
AcDbEntity
  8
0
 62
     0
100
AcDbLine
 10
222.6600709009236
 20
121.6321895388956
 30
0.0
 11
224.6600709009236
 21
123.6321895388956
 31
0.0
  0
LINE
  5
B39B
330
11F69F
100
AcDbEntity
  8
0
 62
     0
100
AcDbLine
 10
209.1600709009235
 20
108.1321895388956
 30
0.0
 11
211.1600709009235
 21
110.1321895388956
 31
0.0
  0
LINE
  5
B39C
330
11F69F
100
AcDbEntity
  8
0
 62
     0
100
AcDbLine
 10
218.9794572517989
 20
117.9515758897708
 30
0.0
 11
220.1600709009236
 21
119.1321895388956
 31
0.0
  0
LINE
  5
B39D
330
11F69F
100
AcDbEntity
  8
0
 62
     0
100
AcDbLine
 10
203.1457952769785
 20
104.3629779452178
 30
0.0
 11
204.9150068706563
 21
106.1321895388956
 31
0.0
  0
LINE
  5
B39E
330
11F69F
100
AcDbEntity
  8
0
 62
     0
100
AcDbLine
 10
224.9150068706562
 20
126.1321895388956
 30
0.0
 11
225.2071231455151
 21
126.4243058137544
 31
0.0
  0
LINE
  5
B39F
330
11F69F
100
AcDbEntity
  8
0
 62
     0
100
AcDbLine
 10
206.9150068706563
 20
108.1321895388956
 30
0.0
 11
208.9150068706563
 21
110.1321895388956
 31
0.0
  0
LINE
  5
B3A0
330
11F69F
100
AcDbEntity
  8
0
 62
     0
100
AcDbLine
 10
220.4150068706563
 20
121.6321895388956
 30
0.0
 11
222.4150068706563
 21
123.6321895388956
 31
0.0
  0
LINE
  5
B3A1
330
11F69F
100
AcDbEntity
  8
0
 62
     0
100
AcDbLine
 10
210.9150068706563
 20
112.1321895388956
 30
0.0
 11
211.0849586022997
 21
112.302141270539
 31
0.0
  0
LINE
  5
B3A2
330
11F69F
100
AcDbEntity
  8
0
 62
     0
100
AcDbLine
 10
216.759660062162
 20
117.9768427304014
 30
0.0
 11
217.9150068706563
 21
119.1321895388956
 31
0.0
  0
LINE
  5
B3A3
330
11F69F
100
AcDbEntity
  8
0
 62
     0
100
AcDbLine
 10
201.9025070424071
 20
105.3647537409137
 30
0.0
 11
202.669942840389
 21
106.1321895388956
 31
0.0
  0
LINE
  5
B3A4
330
11F69F
100
AcDbEntity
  8
0
 62
     0
100
AcDbLine
 10
222.669942840389
 20
126.1321895388956
 30
0.0
 11
223.5963260974277
 21
127.0585727959343
 31
0.0
  0
LINE
  5
B3A5
330
11F69F
100
AcDbEntity
  8
0
 62
     0
100
AcDbLine
 10
204.669942840389
 20
108.1321895388956
 30
0.0
 11
206.6699428403889
 21
110.1321895388956
 31
0.0
  0
LINE
  5
B3A6
330
11F69F
100
AcDbEntity
  8
0
 62
     0
100
AcDbLine
 10
218.169942840389
 20
121.6321895388956
 30
0.0
 11
220.169942840389
 21
123.6321895388956
 31
0.0
  0
LINE
  5
B3A7
330
11F69F
100
AcDbEntity
  8
0
 62
     0
100
AcDbLine
 10
208.6699428403889
 20
112.1321895388956
 30
0.0
 11
210.9169465921998
 21
114.3791932907064
 31
0.0
  0
LINE
  5
B3A8
330
11F69F
100
AcDbEntity
  8
0
 62
     0
100
AcDbLine
 10
214.1079847301292
 20
117.5702314286358
 30
0.0
 11
215.6699428403889
 21
119.1321895388956
 31
0.0
  0
LINE
  5
B3A9
330
11F69F
100
AcDbEntity
  8
0
 62
     0
100
AcDbLine
 10
202.4248788101217
 20
108.1321895388956
 30
0.0
 11
204.4248788101217
 21
110.1321895388956
 31
0.0
  0
LINE
  5
B3AA
330
11F69F
100
AcDbEntity
  8
0
 62
     0
100
AcDbLine
 10
220.4248788101217
 20
126.1321895388956
 30
0.0
 11
221.8896301587673
 21
127.596940887541
 31
0.0
  0
LINE
  5
B3AB
330
11F69F
100
AcDbEntity
  8
0
 62
     0
100
AcDbLine
 10
206.4248788101217
 20
112.1321895388956
 30
0.0
 11
208.9248788101217
 21
114.6321895388956
 31
0.0
  0
LINE
  5
B3AC
330
11F69F
100
AcDbEntity
  8
0
 62
     0
100
AcDbLine
 10
215.9248788101217
 20
121.6321895388956
 30
0.0
 11
217.9248788101217
 21
123.6321895388956
 31
0.0
  0
LINE
  5
B3AD
330
11F69F
100
AcDbEntity
  8
0
 62
     0
100
AcDbLine
 10
211.4248788101217
 20
117.1321895388956
 30
0.0
 11
213.4248788101217
 21
119.1321895388956
 31
0.0
  0
LINE
  5
B3AE
330
11F69F
100
AcDbEntity
  8
0
 62
     0
100
AcDbLine
 10
200.1798147798544
 20
108.1321895388956
 30
0.0
 11
202.1798147798544
 21
110.1321895388956
 31
0.0
  0
LINE
  5
B3AF
330
11F69F
100
AcDbEntity
  8
0
 62
     0
100
AcDbLine
 10
218.1798147798544
 20
126.1321895388956
 30
0.0
 11
220.0757499236379
 21
128.0281246826791
 31
0.0
  0
LINE
  5
B3B0
330
11F69F
100
AcDbEntity
  8
0
 62
     0
100
AcDbLine
 10
204.1798147798544
 20
112.1321895388956
 30
0.0
 11
206.6798147798544
 21
114.6321895388956
 31
0.0
  0
LINE
  5
B3B1
330
11F69F
100
AcDbEntity
  8
0
 62
     0
100
AcDbLine
 10
213.6798147798544
 20
121.6321895388956
 30
0.0
 11
215.6798147798544
 21
123.6321895388956
 31
0.0
  0
LINE
  5
B3B2
330
11F69F
100
AcDbEntity
  8
0
 62
     0
100
AcDbLine
 10
209.1798147798544
 20
117.1321895388956
 30
0.0
 11
211.1798147798544
 21
119.1321895388956
 31
0.0
  0
LINE
  5
B3B3
330
11F69F
100
AcDbEntity
  8
0
 62
     0
100
AcDbLine
 10
199.5283189382876
 20
109.7257577275961
 30
0.0
 11
199.9347507495871
 21
110.1321895388956
 31
0.0
  0
LINE
  5
B3B4
330
11F69F
100
AcDbEntity
  8
0
 62
     0
100
AcDbLine
 10
215.9347507495871
 20
126.1321895388956
 30
0.0
 11
217.9347507495871
 21
128.1321895388956
 31
0.0
  0
LINE
  5
B3B5
330
11F69F
100
AcDbEntity
  8
0
 62
     0
100
AcDbLine
 10
201.9347507495871
 20
112.1321895388956
 30
0.0
 11
204.4347507495871
 21
114.6321895388956
 31
0.0
  0
LINE
  5
B3B6
330
11F69F
100
AcDbEntity
  8
0
 62
     0
100
AcDbLine
 10
211.4347507495871
 20
121.6321895388956
 30
0.0
 11
213.4347507495871
 21
123.6321895388956
 31
0.0
  0
LINE
  5
B3B7
330
11F69F
100
AcDbEntity
  8
0
 62
     0
100
AcDbLine
 10
206.9347507495871
 20
117.1321895388956
 30
0.0
 11
208.9347507495871
 21
119.1321895388956
 31
0.0
  0
LINE
  5
B3B8
330
11F69F
100
AcDbEntity
  8
0
 62
     0
100
AcDbLine
 10
199.6896867193198
 20
112.1321895388956
 30
0.0
 11
202.1896867193198
 21
114.6321895388956
 31
0.0
  0
LINE
  5
B3B9
330
11F69F
100
AcDbEntity
  8
0
 62
     0
100
AcDbLine
 10
213.6896867193198
 20
126.1321895388956
 30
0.0
 11
215.6896867193198
 21
128.1321895388956
 31
0.0
  0
LINE
  5
B3BA
330
11F69F
100
AcDbEntity
  8
0
 62
     0
100
AcDbLine
 10
204.6896867193198
 20
117.1321895388956
 30
0.0
 11
206.6896867193198
 21
119.1321895388956
 31
0.0
  0
LINE
  5
B3BB
330
11F69F
100
AcDbEntity
  8
0
 62
     0
100
AcDbLine
 10
209.1896867193198
 20
121.6321895388956
 30
0.0
 11
211.1896867193198
 21
123.6321895388956
 31
0.0
  0
LINE
  5
B3BC
330
11F69F
100
AcDbEntity
  8
0
 62
     0
100
AcDbLine
 10
198.8299888791657
 20
113.5175557290088
 30
0.0
 11
199.9446226890525
 21
114.6321895388956
 31
0.0
  0
LINE
  5
B3BD
330
11F69F
100
AcDbEntity
  8
0
 62
     0
100
AcDbLine
 10
211.4446226890525
 20
126.1321895388956
 30
0.0
 11
213.4446226890525
 21
128.1321895388956
 31
0.0
  0
LINE
  5
B3BE
330
11F69F
100
AcDbEntity
  8
0
 62
     0
100
AcDbLine
 10
202.4446226890526
 20
117.1321895388956
 30
0.0
 11
204.4446226890525
 21
119.1321895388956
 31
0.0
  0
LINE
  5
B3BF
330
11F69F
100
AcDbEntity
  8
0
 62
     0
100
AcDbLine
 10
206.9446226890525
 20
121.6321895388956
 30
0.0
 11
208.9446226890526
 21
123.6321895388956
 31
0.0
  0
LINE
  5
B3C0
330
11F69F
100
AcDbEntity
  8
0
 62
     0
100
AcDbLine
 10
200.1995586587852
 20
117.1321895388956
 30
0.0
 11
202.1995586587852
 21
119.1321895388956
 31
0.0
  0
LINE
  5
B3C1
330
11F69F
100
AcDbEntity
  8
0
 62
     0
100
AcDbLine
 10
209.1995586587852
 20
126.1321895388956
 30
0.0
 11
211.0942564333595
 21
128.0268873134698
 31
0.0
  0
LINE
  5
B3C2
330
11F69F
100
AcDbEntity
  8
0
 62
     0
100
AcDbLine
 10
204.6995586587852
 20
121.6321895388956
 30
0.0
 11
206.6995586587852
 21
123.6321895388956
 31
0.0
  0
LINE
  5
B3C3
330
11F69F
100
AcDbEntity
  8
0
 62
     0
100
AcDbLine
 10
199.6143495624781
 20
118.7920444728558
 30
0.0
 11
199.9544946285179
 21
119.1321895388956
 31
0.0
  0
LINE
  5
B3C4
330
11F69F
100
AcDbEntity
  8
0
 62
     0
100
AcDbLine
 10
206.954494628518
 20
126.1321895388956
 30
0.0
 11
208.1576180639713
 21
127.3353129743489
 31
0.0
  0
LINE
  5
B3C5
330
11F69F
100
AcDbEntity
  8
0
 62
     0
100
AcDbLine
 10
202.454494628518
 20
121.6321895388956
 30
0.0
 11
204.454494628518
 21
123.6321895388956
 31
0.0
  0
LINE
  5
B3C6
330
11F69F
100
AcDbEntity
  8
0
 62
     0
100
AcDbLine
 10
201.6304550825273
 20
87.13218953889564
 30
0.0
 11
204.1304550825273
 21
89.63218953889564
 31
0.0
  0
LINE
  5
B3C7
330
11F69F
100
AcDbEntity
  8
0
 62
     0
100
AcDbLine
 10
236.1304550825273
 20
121.6321895388956
 30
0.0
 11
238.1304550825273
 21
123.6321895388956
 31
0.0
  0
LINE
  5
B3C8
330
11F69F
100
AcDbEntity
  8
0
 62
     0
100
AcDbLine
 10
206.1304550825273
 20
91.63218953889559
 30
0.0
 11
208.6304550825273
 21
94.13218953889559
 31
0.0
  0
LINE
  5
B3C9
330
11F69F
100
AcDbEntity
  8
0
 62
     0
100
AcDbLine
 10
231.6304550825273
 20
117.1321895388956
 30
0.0
 11
233.6304550825273
 21
119.1321895388956
 31
0.0
  0
LINE
  5
B3CA
330
11F69F
100
AcDbEntity
  8
0
 62
     0
100
AcDbLine
 10
215.3431798008713
 20
100.8449142572396
 30
0.0
 11
216.6304550825273
 21
102.1321895388956
 31
0.0
  0
LINE
  5
B3CB
330
11F69F
100
AcDbEntity
  8
0
 62
     0
100
AcDbLine
 10
228.2093329594411
 20
113.7110674158094
 30
0.0
 11
229.1304550825273
 21
114.6321895388956
 31
0.0
  0
LINE
  5
B3CC
330
11F69F
100
AcDbEntity
  8
0
 62
     0
100
AcDbLine
 10
218.6304550825273
 20
104.1321895388956
 30
0.0
 11
220.6304550825273
 21
106.1321895388956
 31
0.0
  0
LINE
  5
B3CD
330
11F69F
100
AcDbEntity
  8
0
 62
     0
100
AcDbLine
 10
222.6304550825273
 20
108.1321895388956
 30
0.0
 11
223.0264712268425
 21
108.5282056832107
 31
0.0
  0
LINE
  5
B3CE
330
11F69F
100
AcDbEntity
  8
0
 62
     0
100
AcDbLine
 10
203.8755191127946
 20
87.13218953889564
 30
0.0
 11
206.3755191127946
 21
89.63218953889564
 31
0.0
  0
LINE
  5
B3CF
330
11F69F
100
AcDbEntity
  8
0
 62
     0
100
AcDbLine
 10
238.3755191127946
 20
121.6321895388956
 30
0.0
 11
238.7684690569167
 21
122.0251394830176
 31
0.0
  0
LINE
  5
B3D0
330
11F69F
100
AcDbEntity
  8
0
 62
     0
100
AcDbLine
 10
208.3755191127946
 20
91.63218953889559
 30
0.0
 11
210.8755191127946
 21
94.13218953889559
 31
0.0
  0
LINE
  5
B3D1
330
11F69F
100
AcDbEntity
  8
0
 62
     0
100
AcDbLine
 10
233.8755191127946
 20
117.1321895388956
 30
0.0
 11
235.8755191127946
 21
119.1321895388956
 31
0.0
  0
LINE
  5
B3D2
330
11F69F
100
AcDbEntity
  8
0
 62
     0
100
AcDbLine
 10
217.5803086344741
 20
100.8369790605751
 30
0.0
 11
218.8755191127945
 21
102.1321895388956
 31
0.0
  0
LINE
  5
B3D3
330
11F69F
100
AcDbEntity
  8
0
 62
     0
100
AcDbLine
 10
229.8755191127946
 20
113.1321895388956
 30
0.0
 11
231.3755191127946
 21
114.6321895388956
 31
0.0
  0
LINE
  5
B3D4
330
11F69F
100
AcDbEntity
  8
0
 62
     0
100
AcDbLine
 10
220.8755191127946
 20
104.1321895388956
 30
0.0
 11
222.8755191127946
 21
106.1321895388956
 31
0.0
  0
LINE
  5
B3D5
330
11F69F
100
AcDbEntity
  8
0
 62
     0
100
AcDbLine
 10
224.8755191127946
 20
108.1321895388956
 30
0.0
 11
225.4237833268567
 21
108.6804537529577
 31
0.0
  0
LINE
  5
B3D6
330
11F69F
100
AcDbEntity
  8
0
 62
     0
100
AcDbLine
 10
206.1205831430619
 20
87.13218953889564
 30
0.0
 11
208.6205831430619
 21
89.63218953889564
 31
0.0
  0
LINE
  5
B3D7
330
11F69F
100
AcDbEntity
  8
0
 62
     0
100
AcDbLine
 10
236.1205831430619
 20
117.1321895388956
 30
0.0
 11
238.1205831430619
 21
119.1321895388956
 31
0.0
  0
LINE
  5
B3D8
330
11F69F
100
AcDbEntity
  8
0
 62
     0
100
AcDbLine
 10
210.6205831430619
 20
91.63218953889559
 30
0.0
 11
213.1205831430619
 21
94.13218953889559
 31
0.0
  0
LINE
  5
B3D9
330
11F69F
100
AcDbEntity
  8
0
 62
     0
100
AcDbLine
 10
232.1205831430618
 20
113.1321895388956
 30
0.0
 11
233.6205831430619
 21
114.6321895388956
 31
0.0
  0
LINE
  5
B3DA
330
11F69F
100
AcDbEntity
  8
0
 62
     0
100
AcDbLine
 10
219.6733165088886
 20
100.6849229047223
 30
0.0
 11
221.1205831430619
 21
102.1321895388956
 31
0.0
  0
LINE
  5
B3DB
330
11F69F
100
AcDbEntity
  8
0
 62
     0
100
AcDbLine
 10
227.1205831430619
 20
108.1321895388956
 30
0.0
 11
227.542585199428
 21
108.5541915952617
 31
0.0
  0
LINE
  5
B3DC
330
11F69F
100
AcDbEntity
  8
0
 62
     0
100
AcDbLine
 10
223.1205831430619
 20
104.1321895388956
 30
0.0
 11
225.1205831430619
 21
106.1321895388956
 31
0.0
  0
LINE
  5
B3DD
330
11F69F
100
AcDbEntity
  8
0
 62
     0
100
AcDbLine
 10
208.3656471733292
 20
87.13218953889564
 30
0.0
 11
210.8656471733292
 21
89.63218953889564
 31
0.0
  0
LINE
  5
B3DE
330
11F69F
100
AcDbEntity
  8
0
 62
     0
100
AcDbLine
 10
238.3656471733292
 20
117.1321895388956
 30
0.0
 11
238.7684690569167
 21
117.5350114224831
 31
0.0
  0
LINE
  5
B3DF
330
11F69F
100
AcDbEntity
  8
0
 62
     0
100
AcDbLine
 10
212.8656471733292
 20
91.63218953889559
 30
0.0
 11
214.6719078810428
 21
93.43845024660929
 31
0.0
  0
LINE
  5
B3E0
330
11F69F
100
AcDbEntity
  8
0
 62
     0
100
AcDbLine
 10
234.3656471733291
 20
113.1321895388956
 30
0.0
 11
235.8656471733292
 21
114.6321895388956
 31
0.0
  0
LINE
  5
B3E1
330
11F69F
100
AcDbEntity
  8
0
 62
     0
100
AcDbLine
 10
221.6453484227207
 20
100.411890788287
 30
0.0
 11
223.3656471733291
 21
102.1321895388956
 31
0.0
  0
LINE
  5
B3E2
330
11F69F
100
AcDbEntity
  8
0
 62
     0
100
AcDbLine
 10
229.3656471733292
 20
108.1321895388956
 30
0.0
 11
229.4151676159694
 21
108.1817099815358
 31
0.0
  0
LINE
  5
B3E3
330
11F69F
100
AcDbEntity
  8
0
 62
     0
100
AcDbLine
 10
225.3656471733292
 20
104.1321895388956
 30
0.0
 11
227.3656471733292
 21
106.1321895388956
 31
0.0
  0
LINE
  5
B3E4
330
11F69F
100
AcDbEntity
  8
0
 62
     0
100
AcDbLine
 10
210.6107112035965
 20
87.13218953889564
 30
0.0
 11
213.1107112035965
 21
89.63218953889564
 31
0.0
  0
LINE
  5
B3E5
330
11F69F
100
AcDbEntity
  8
0
 62
     0
100
AcDbLine
 10
236.6107112035964
 20
113.1321895388956
 30
0.0
 11
238.1107112035965
 21
114.6321895388956
 31
0.0
  0
LINE
  5
B3E6
330
11F69F
100
AcDbEntity
  8
0
 62
     0
100
AcDbLine
 10
215.1107112035964
 20
91.63218953889559
 30
0.0
 11
216.2684474429679
 21
92.78992577826706
 31
0.0
  0
LINE
  5
B3E7
330
11F69F
100
AcDbEntity
  8
0
 62
     0
100
AcDbLine
 10
227.6107112035965
 20
104.1321895388956
 30
0.0
 11
229.6107112035964
 21
106.1321895388956
 31
0.0
  0
LINE
  5
B3E8
330
11F69F
100
AcDbEntity
  8
0
 62
     0
100
AcDbLine
 10
223.6107112035964
 20
100.1321895388956
 30
0.0
 11
225.6107112035964
 21
102.1321895388956
 31
0.0
  0
LINE
  5
B3E9
330
11F69F
100
AcDbEntity
  8
0
 62
     0
100
AcDbLine
 10
212.8557752338638
 20
87.13218953889564
 30
0.0
 11
215.3557752338637
 21
89.63218953889564
 31
0.0
  0
LINE
  5
B3EA
330
11F69F
100
AcDbEntity
  8
0
 62
     0
100
AcDbLine
 10
229.8557752338637
 20
104.1321895388956
 30
0.0
 11
231.8557752338637
 21
106.1321895388956
 31
0.0
  0
LINE
  5
B3EB
330
11F69F
100
AcDbEntity
  8
0
 62
     0
100
AcDbLine
 10
217.3557752338637
 20
91.63218953889559
 30
0.0
 11
218.0159785458887
 21
92.29239285092056
 31
0.0
  0
LINE
  5
B3EC
330
11F69F
100
AcDbEntity
  8
0
 62
     0
100
AcDbLine
 10
225.8557752338637
 20
100.1321895388956
 30
0.0
 11
227.8557752338637
 21
102.1321895388956
 31
0.0
  0
LINE
  5
B3ED
330
11F69F
100
AcDbEntity
  8
0
 62
     0
100
AcDbLine
 10
212.4235376203877
 20
84.45488789515225
 30
0.0
 11
213.100839264131
 21
85.13218953889561
 31
0.0
  0
LINE
  5
B3EE
330
11F69F
100
AcDbEntity
  8
0
 62
     0
100
AcDbLine
 10
232.100839264131
 20
104.1321895388956
 30
0.0
 11
234.0173323814449
 21
106.0486826562095
 31
0.0
  0
LINE
  5
B3EF
330
11F69F
100
AcDbEntity
  8
0
 62
     0
100
AcDbLine
 10
215.100839264131
 20
87.13218953889564
 30
0.0
 11
217.600839264131
 21
89.63218953889564
 31
0.0
  0
LINE
  5
B3F0
330
11F69F
100
AcDbEntity
  8
0
 62
     0
100
AcDbLine
 10
228.100839264131
 20
100.1321895388956
 30
0.0
 11
230.100839264131
 21
102.1321895388956
 31
0.0
  0
LINE
  5
B3F1
330
11F69F
100
AcDbEntity
  8
0
 62
     0
100
AcDbLine
 10
219.600839264131
 20
91.63218953889559
 30
0.0
 11
219.9460765331242
 21
91.97742680788874
 31
0.0
  0
LINE
  5
B3F2
330
11F69F
100
AcDbEntity
  8
0
 62
     0
100
AcDbLine
 10
214.0473535718967
 20
83.83363981639403
 30
0.0
 11
215.3459032943983
 21
85.13218953889561
 31
0.0
  0
LINE
  5
B3F3
330
11F69F
100
AcDbEntity
  8
0
 62
     0
100
AcDbLine
 10
234.3459032943983
 20
104.1321895388956
 30
0.0
 11
235.2800503127323
 21
105.0663365572296
 31
0.0
  0
LINE
  5
B3F4
330
11F69F
100
AcDbEntity
  8
0
 62
     0
100
AcDbLine
 10
217.3459032943983
 20
87.13218953889564
 30
0.0
 11
219.8459032943983
 21
89.63218953889564
 31
0.0
  0
LINE
  5
B3F5
330
11F69F
100
AcDbEntity
  8
0
 62
     0
100
AcDbLine
 10
230.3459032943983
 20
100.1321895388956
 30
0.0
 11
232.3459032943983
 21
102.1321895388956
 31
0.0
  0
LINE
  5
B3F6
330
11F69F
100
AcDbEntity
  8
0
 62
     0
100
AcDbLine
 10
221.8459032943983
 20
91.63218953889559
 30
0.0
 11
222.1145010952711
 21
91.90078733976843
 31
0.0
  0
LINE
  5
B3F7
330
11F69F
100
AcDbEntity
  8
0
 62
     0
100
AcDbLine
 10
227.2144537216145
 20
97.0007399661118
 30
0.0
 11
228.3459032943984
 21
98.13218953889563
 31
0.0
  0
LINE
  5
B3F8
330
11F69F
100
AcDbEntity
  8
0
 62
     0
100
AcDbLine
 10
215.805403308653
 20
83.346625522883
 30
0.0
 11
217.5909673246656
 21
85.13218953889561
 31
0.0
  0
LINE
  5
B3F9
330
11F69F
100
AcDbEntity
  8
0
 62
     0
100
AcDbLine
 10
232.5909673246656
 20
100.1321895388956
 30
0.0
 11
234.5909673246656
 21
102.1321895388956
 31
0.0
  0
LINE
  5
B3FA
330
11F69F
100
AcDbEntity
  8
0
 62
     0
100
AcDbLine
 10
219.5909673246656
 20
87.13218953889564
 30
0.0
 11
222.0909673246656
 21
89.63218953889564
 31
0.0
  0
LINE
  5
B3FB
330
11F69F
100
AcDbEntity
  8
0
 62
     0
100
AcDbLine
 10
228.5909673246656
 20
96.13218953889559
 30
0.0
 11
230.5909673246656
 21
98.13218953889563
 31
0.0
  0
LINE
  5
B3FC
330
11F69F
100
AcDbEntity
  8
0
 62
     0
100
AcDbLine
 10
224.0909673246656
 20
91.63218953889559
 30
0.0
 11
224.6643572536838
 21
92.20557946791378
 31
0.0
  0
LINE
  5
B3FD
330
11F69F
100
AcDbEntity
  8
0
 62
     0
100
AcDbLine
 10
217.8360313549329
 20
83.13218953889558
 30
0.0
 11
219.8360313549329
 21
85.13218953889561
 31
0.0
  0
LINE
  5
B3FE
330
11F69F
100
AcDbEntity
  8
0
 62
     0
100
AcDbLine
 10
234.8360313549329
 20
100.1321895388956
 30
0.0
 11
236.8360313549329
 21
102.1321895388956
 31
0.0
  0
LINE
  5
B3FF
330
11F69F
100
AcDbEntity
  8
0
 62
     0
100
AcDbLine
 10
221.8360313549329
 20
87.13218953889564
 30
0.0
 11
224.3360313549329
 21
89.63218953889564
 31
0.0
  0
LINE
  5
B400
330
11F69F
100
AcDbEntity
  8
0
 62
     0
100
AcDbLine
 10
230.8360313549329
 20
96.13218953889559
 30
0.0
 11
232.8360313549329
 21
98.13218953889563
 31
0.0
  0
LINE
  5
B401
330
11F69F
100
AcDbEntity
  8
0
 62
     0
100
AcDbLine
 10
226.3360313549329
 20
91.63218953889559
 30
0.0
 11
228.8360313549329
 21
94.13218953889559
 31
0.0
  0
LINE
  5
B402
330
11F69F
100
AcDbEntity
  8
0
 62
     0
100
AcDbLine
 10
220.0810953852002
 20
83.13218953889558
 30
0.0
 11
222.0810953852002
 21
85.13218953889561
 31
0.0
  0
LINE
  5
B403
330
11F69F
100
AcDbEntity
  8
0
 62
     0
100
AcDbLine
 10
237.0810953852002
 20
100.1321895388956
 30
0.0
 11
238.0356459734753
 21
101.0867401271707
 31
0.0
  0
LINE
  5
B404
330
11F69F
100
AcDbEntity
  8
0
 62
     0
100
AcDbLine
 10
224.0810953852002
 20
87.13218953889564
 30
0.0
 11
226.5810953852002
 21
89.63218953889558
 31
0.0
  0
LINE
  5
B405
330
11F69F
100
AcDbEntity
  8
0
 62
     0
100
AcDbLine
 10
233.0810953852001
 20
96.13218953889559
 30
0.0
 11
235.0810953852002
 21
98.1321895388956
 31
0.0
  0
LINE
  5
B406
330
11F69F
100
AcDbEntity
  8
0
 62
     0
100
AcDbLine
 10
228.5810953852002
 20
91.63218953889559
 30
0.0
 11
231.0810953852002
 21
94.13218953889559
 31
0.0
  0
LINE
  5
B407
330
11F69F
100
AcDbEntity
  8
0
 62
     0
100
AcDbLine
 10
222.3261594154675
 20
83.13218953889558
 30
0.0
 11
224.3261594154674
 21
85.13218953889561
 31
0.0
  0
LINE
  5
B408
330
11F69F
100
AcDbEntity
  8
0
 62
     0
100
AcDbLine
 10
235.3261594154674
 20
96.13218953889559
 30
0.0
 11
237.3261594154675
 21
98.1321895388956
 31
0.0
  0
LINE
  5
B409
330
11F69F
100
AcDbEntity
  8
0
 62
     0
100
AcDbLine
 10
226.3261594154675
 20
87.13218953889564
 30
0.0
 11
228.8261594154675
 21
89.63218953889558
 31
0.0
  0
LINE
  5
B40A
330
11F69F
100
AcDbEntity
  8
0
 62
     0
100
AcDbLine
 10
230.8261594154675
 20
91.63218953889559
 30
0.0
 11
233.3261594154674
 21
94.13218953889559
 31
0.0
  0
LINE
  5
B40B
330
11F69F
100
AcDbEntity
  8
0
 62
     0
100
AcDbLine
 10
224.5712234457347
 20
83.13218953889558
 30
0.0
 11
226.5712234457347
 21
85.13218953889561
 31
0.0
  0
LINE
  5
B40C
330
11F69F
100
AcDbEntity
  8
0
 62
     0
100
AcDbLine
 10
237.5712234457346
 20
96.13218953889559
 30
0.0
 11
238.5822782382603
 21
97.14324433142113
 31
0.0
  0
LINE
  5
B40D
330
11F69F
100
AcDbEntity
  8
0
 62
     0
100
AcDbLine
 10
228.5712234457348
 20
87.13218953889564
 30
0.0
 11
231.0712234457346
 21
89.63218953889558
 31
0.0
  0
LINE
  5
B40E
330
11F69F
100
AcDbEntity
  8
0
 62
     0
100
AcDbLine
 10
233.0712234457346
 20
91.63218953889559
 30
0.0
 11
235.5712234457346
 21
94.13218953889559
 31
0.0
  0
LINE
  5
B40F
330
11F69F
100
AcDbEntity
  8
0
 62
     0
100
AcDbLine
 10
226.8410041073685
 20
83.15690617026204
 30
0.0
 11
228.816287476002
 21
85.13218953889561
 31
0.0
  0
LINE
  5
B410
330
11F69F
100
AcDbEntity
  8
0
 62
     0
100
AcDbLine
 10
235.316287476002
 20
91.63218953889559
 30
0.0
 11
237.816287476002
 21
94.13218953889559
 31
0.0
  0
LINE
  5
B411
330
11F69F
100
AcDbEntity
  8
0
 62
     0
100
AcDbLine
 10
230.816287476002
 20
87.13218953889564
 30
0.0
 11
233.316287476002
 21
89.63218953889558
 31
0.0
  0
LINE
  5
B412
330
11F69F
100
AcDbEntity
  8
0
 62
     0
100
AcDbLine
 10
230.0671457239026
 20
84.13798375652893
 30
0.0
 11
231.0613515062693
 21
85.13218953889561
 31
0.0
  0
LINE
  5
B413
330
11F69F
100
AcDbEntity
  8
0
 62
     0
100
AcDbLine
 10
233.0613515062693
 20
87.13218953889558
 30
0.0
 11
235.5613515062693
 21
89.63218953889558
 31
0.0
  0
ENDBLK
  5
B414
330
11F69F
100
AcDbEntity
  8
0
100
AcDbBlockEnd
  0
ENDSEC
  0
SECTION
  2
ENTITIES
  0
RAY
  5
29BE1B
330
11F692
100
AcDbEntity
  8
LINE
100
AcDbRay
 10
2048.709367905336
 20
-325121.9921320678
 30
0.0
 11
0.0
 21
-1.0
 31
0.0
  0
LINE
  5
2D155D
330
11F692
100
AcDbEntity
  8
CENTER
100
AcDbLine
 10
-500.0
 20
-137.5
 30
0.0
 11
-500.0
 21
244.8983679047803
 31
0.0
  0
LINE
  5
2D155E
330
11F692
100
AcDbEntity
  8
CENTER
100
AcDbLine
 10
-698.5
 20
0.0
 30
0.0
 11
-191.5634397280291
 21
0.0
 31
0.0
  0
CIRCLE
  5
2D4422
330
11F692
100
AcDbEntity
  8
ANA NEJI
100
AcDbCircle
 10
-682.5
 20
-122.5
 30
0.0
 40
2.1
  0
CIRCLE
  5
2D4423
330
11F692
100
AcDbEntity
  8
ANA NEJI
100
AcDbCircle
 10
-317.5
 20
-122.5
 30
0.0
 40
2.1
  0
CIRCLE
  5
2D4424
330
11F692
100
AcDbEntity
  8
ANA NEJI
100
AcDbCircle
 10
-317.5
 20
122.5
 30
0.0
 40
2.1
  0
CIRCLE
  5
2D4425
330
11F692
100
AcDbEntity
  8
ANA NEJI
100
AcDbCircle
 10
-682.5
 20
122.5
 30
0.0
 40
2.1
  0
CIRCLE
  5
2D4426
330
11F692
100
AcDbEntity
  8
ANA 10
100
AcDbCircle
 10
-680.7472338028031
 20
-109.517825694489
 30
0.0
 40
2.1
  0
CIRCLE
  5
2D4427
330
11F692
100
AcDbEntity
  8
ANA 10
100
AcDbCircle
 10
-676.1844552621701
 20
-114.5865620433565
 30
0.0
 40
2.1
  0
CIRCLE
  5
2D4428
330
11F692
100
AcDbEntity
  8
ANA 10
100
AcDbCircle
 10
-670.791295564481
 20
-119.3661133353144
 30
0.0
 40
2.1
  0
CIRCLE
  5
2D4432
330
11F692
100
AcDbEntity
  8
ANA 10
100
AcDbCircle
 10
-680.7472338028031
 20
109.517825694489
 30
0.0
 40
2.1
  0
CIRCLE
  5
2D4433
330
11F692
100
AcDbEntity
  8
ANA 10
100
AcDbCircle
 10
-676.1844552621701
 20
114.5865620433565
 30
0.0
 40
2.1
  0
CIRCLE
  5
2D4434
330
11F692
100
AcDbEntity
  8
ANA 10
100
AcDbCircle
 10
-670.791295564481
 20
119.3661133353142
 30
0.0
 40
2.1
  0
CIRCLE
  5
2D4435
330
11F692
100
AcDbEntity
  8
ANA 10
100
AcDbCircle
 10
-681.105
 20
70.35
 30
0.0
 40
2.1
  0
CIRCLE
  5
2D4436
330
11F692
100
AcDbEntity
  8
ANA 12
100
AcDbCircle
 10
-673.5265476220843
 20
71.0165476220844
 30
0.0
 40
2.1
  0
CIRCLE
  5
2D4437
330
11F692
100
AcDbEntity
  8
ANA 12
100
AcDbCircle
 10
-673.5265476220843
 20
89.78345237791556
 30
0.0
 40
2.1
  0
CIRCLE
  5
2D4438
330
11F692
100
AcDbEntity
  8
ANA 35
100
AcDbCircle
 10
-673.1022835533724
 20
50.49228355337252
 30
0.0
 40
2.1
  0
CIRCLE
  5
2D4439
330
11F692
100
AcDbEntity
  8
ANA 10
100
AcDbCircle
 10
-681.105
 20
-70.35
 30
0.0
 40
2.1
  0
CIRCLE
  5
2D443A
330
11F692
100
AcDbEntity
  8
ANA 12
100
AcDbCircle
 10
-673.5265476220843
 20
-71.0165476220844
 30
0.0
 40
2.1
  0
CIRCLE
  5
2D443B
330
11F692
100
AcDbEntity
  8
ANA 12
100
AcDbCircle
 10
-673.5265476220843
 20
-89.78345237791556
 30
0.0
 40
2.1
  0
CIRCLE
  5
2D443C
330
11F692
100
AcDbEntity
  8
ANA 35
100
AcDbCircle
 10
-673.1022835533724
 20
-50.49228355337252
 30
0.0
 40
2.1
  0
CIRCLE
  5
2D443D
330
11F692
100
AcDbEntity
  8
ANA 10
100
AcDbCircle
 10
-681.105
 20
0.0
 30
0.0
 40
2.1
  0
CIRCLE
  5
2D443E
330
11F692
100
AcDbEntity
  8
ANA 12
100
AcDbCircle
 10
-673.5265476220843
 20
-0.6665476220844085
 30
0.0
 40
2.1
  0
CIRCLE
  5
2D443F
330
11F692
100
AcDbEntity
  8
ANA 12
100
AcDbCircle
 10
-673.5265476220843
 20
-19.43345237791556
 30
0.0
 40
2.1
  0
CIRCLE
  5
2D4440
330
11F692
100
AcDbEntity
  8
ANA 35
100
AcDbCircle
 10
-673.1022835533724
 20
19.85771644662747
 30
0.0
 40
2.1
  0
CIRCLE
  5
2D4441
330
11F692
100
AcDbEntity
  8
ANA 12
100
AcDbCircle
 10
-326.4734523779157
 20
-69.68345237791559
 30
0.0
 40
2.1
  0
CIRCLE
  5
2D4442
330
11F692
100
AcDbEntity
  8
ANA 12
100
AcDbCircle
 10
-326.4734523779157
 20
-50.91654762208444
 30
0.0
 40
2.1
  0
CIRCLE
  5
2D4443
330
11F692
100
AcDbEntity
  8
ANA 35
100
AcDbCircle
 10
-326.8977164466276
 20
-90.20771644662747
 30
0.0
 40
2.1
  0
CIRCLE
  5
2D4444
330
11F692
100
AcDbEntity
  8
ANA 10
100
AcDbCircle
 10
-318.895
 20
-70.35
 30
0.0
 40
2.1
  0
CIRCLE
  5
2D4448
330
11F692
100
AcDbEntity
  8
ANA 33
100
AcDbCircle
 10
-325.3862554159486
 20
-113.3087445840514
 30
0.0
 40
2.1
  0
CIRCLE
  5
2D4449
330
11F692
100
AcDbEntity
  8
ANA 10
100
AcDbCircle
 10
-321.0715981284234
 20
117.6234018715768
 30
0.0
 40
2.1
  0
CIRCLE
  5
2D444A
330
11F692
100
AcDbEntity
  8
ANA 10
100
AcDbCircle
 10
-326.0950000000002
 20
119.8
 30
0.0
 40
2.1
  0
CIRCLE
  5
2D444B
330
11F692
100
AcDbEntity
  8
ANA 10
100
AcDbCircle
 10
-318.895
 20
112.6
 30
0.0
 40
2.1
  0
CIRCLE
  5
2D444C
330
11F692
100
AcDbEntity
  8
ANA 33
100
AcDbCircle
 10
-325.3862554159486
 20
113.3087445840514
 30
0.0
 40
2.1
  0
CIRCLE
  5
2D444D
330
11F692
100
AcDbEntity
  8
ANA 10
100
AcDbCircle
 10
-359.3000000000002
 20
119.8
 30
0.0
 40
2.1
  0
CIRCLE
  5
2D444E
330
11F692
100
AcDbEntity
  8
ANA 10
100
AcDbCircle
 10
-394.4270789734115
 20
118.8003479614938
 30
0.0
 40
2.1
  0
CIRCLE
  5
2D444F
330
11F692
100
AcDbEntity
  8
ANA 10
100
AcDbCircle
 10
-429.65
 20
119.8
 30
0.0
 40
2.1
  0
CIRCLE
  5
2D4450
330
11F692
100
AcDbEntity
  8
ANA 10
100
AcDbCircle
 10
-464.8012968053167
 20
118.8000851285886
 30
0.0
 40
2.1
  0
CIRCLE
  5
2D4451
330
11F692
100
AcDbEntity
  8
ANA 10
100
AcDbCircle
 10
-500.0
 20
119.8
 30
0.0
 40
2.1
  0
CIRCLE
  5
2D4452
330
11F692
100
AcDbEntity
  8
ANA 10
100
AcDbCircle
 10
-535.175
 20
118.7999999999999
 30
0.0
 40
2.1
  0
CIRCLE
  5
2D4453
330
11F692
100
AcDbEntity
  8
ANA 10
100
AcDbCircle
 10
-570.3499999999999
 20
119.8
 30
0.0
 40
2.1
  0
CIRCLE
  5
2D4454
330
11F692
100
AcDbEntity
  8
ANA 10
100
AcDbCircle
 10
-605.5132111655362
 20
118.8000210571304
 30
0.0
 40
2.1
  0
CIRCLE
  5
2D4455
330
11F692
100
AcDbEntity
  8
ANA 10
100
AcDbCircle
 10
-640.6999999999998
 20
119.8
 30
0.0
 40
2.1
  0
CIRCLE
  5
2D4456
330
11F692
100
AcDbEntity
  8
ANA 10
100
AcDbCircle
 10
-680.105
 20
35.17500000000001
 30
0.0
 40
2.1
  0
CIRCLE
  5
2D4457
330
11F692
100
AcDbEntity
  8
ANA 10
100
AcDbCircle
 10
-680.105
 20
-35.17500000000001
 30
0.0
 40
2.1
  0
CIRCLE
  5
2D4458
330
11F692
100
AcDbEntity
  8
ANA 10
100
AcDbCircle
 10
-605.5249999999999
 20
-118.7999999999999
 30
0.0
 40
2.1
  0
CIRCLE
  5
2D4459
330
11F692
100
AcDbEntity
  8
ANA 10
100
AcDbCircle
 10
-640.6999999999998
 20
-119.8
 30
0.0
 40
2.1
  0
CIRCLE
  5
2D445A
330
11F692
100
AcDbEntity
  8
ANA 10
100
AcDbCircle
 10
-570.3499999999999
 20
-119.8
 30
0.0
 40
2.1
  0
CIRCLE
  5
2D445B
330
11F692
100
AcDbEntity
  8
ANA 10
100
AcDbCircle
 10
-535.175
 20
-118.7999999999999
 30
0.0
 40
2.1
  0
CIRCLE
  5
2D445C
330
11F692
100
AcDbEntity
  8
ANA 10
100
AcDbCircle
 10
-499.9999999999999
 20
-119.8
 30
0.0
 40
2.1
  0
CIRCLE
  5
2D445D
330
11F692
100
AcDbEntity
  8
ANA 10
100
AcDbCircle
 10
-464.825
 20
-118.7999999999999
 30
0.0
 40
2.1
  0
CIRCLE
  5
2D445E
330
11F692
100
AcDbEntity
  8
ANA 10
100
AcDbCircle
 10
-429.65
 20
-119.8
 30
0.0
 40
2.1
  0
CIRCLE
  5
2D445F
330
11F692
100
AcDbEntity
  8
ANA 10
100
AcDbCircle
 10
-394.4750000000004
 20
-118.7999999999989
 30
0.0
 40
2.1
  0
CIRCLE
  5
2D4460
330
11F692
100
AcDbEntity
  8
ANA 10
100
AcDbCircle
 10
-359.3000000000002
 20
-119.8
 30
0.0
 40
2.1
  0
CIRCLE
  5
2D4461
330
11F692
100
AcDbEntity
  8
ANA 10
100
AcDbCircle
 10
-319.895
 20
-35.17500000000001
 30
0.0
 40
2.1
  0
CIRCLE
  5
2D4462
330
11F692
100
AcDbEntity
  8
ANA 10
100
AcDbCircle
 10
-318.8950000000001
 20
-0.0000000000000568
 30
0.0
 40
2.1
  0
CIRCLE
  5
2D4463
330
11F692
100
AcDbEntity
  8
ANA 10
100
AcDbCircle
 10
-319.895
 20
35.17500000000001
 30
0.0
 40
2.1
  0
CIRCLE
  5
2D4464
330
11F692
100
AcDbEntity
  8
ANA 10
100
AcDbCircle
 10
-318.8950000000001
 20
70.35
 30
0.0
 40
2.1
  0
CIRCLE
  5
2D4465
330
11F692
100
AcDbEntity
  8
ANA 12
100
AcDbCircle
 10
-621.2665476220841
 20
112.2215476220842
 30
0.0
 40
2.1
  0
CIRCLE
  5
2D4466
330
11F692
100
AcDbEntity
  8
ANA 12
100
AcDbCircle
 10
-640.0334523779153
 20
112.2215476220842
 30
0.0
 40
2.1
  0
CIRCLE
  5
2D4467
330
11F692
100
AcDbEntity
  8
ANA 12
100
AcDbCircle
 10
-660.1334523779152
 20
-112.2215476220842
 30
0.0
 40
2.1
  0
CIRCLE
  5
2D4468
330
11F692
100
AcDbEntity
  8
ANA 12
100
AcDbCircle
 10
-641.3665476220841
 20
-112.2215476220842
 30
0.0
 40
2.1
  0
CIRCLE
  5
2D4469
330
11F692
100
AcDbEntity
  8
ANA 12
100
AcDbCircle
 10
-589.7834523779152
 20
-112.2215476220842
 30
0.0
 40
2.1
  0
CIRCLE
  5
2D446A
330
11F692
100
AcDbEntity
  8
ANA 12
100
AcDbCircle
 10
-571.0165476220842
 20
-112.2215476220842
 30
0.0
 40
2.1
  0
CIRCLE
  5
2D446B
330
11F692
100
AcDbEntity
  8
ANA 12
100
AcDbCircle
 10
-519.4334523779153
 20
-112.2215476220842
 30
0.0
 40
2.1
  0
CIRCLE
  5
2D446C
330
11F692
100
AcDbEntity
  8
ANA 12
100
AcDbCircle
 10
-500.6665476220843
 20
-112.2215476220842
 30
0.0
 40
2.1
  0
CIRCLE
  5
2D446D
330
11F692
100
AcDbEntity
  8
ANA 12
100
AcDbCircle
 10
-428.9834523779155
 20
-112.2215476220842
 30
0.0
 40
2.1
  0
CIRCLE
  5
2D446E
330
11F692
100
AcDbEntity
  8
ANA 12
100
AcDbCircle
 10
-410.2165476220845
 20
-112.2215476220842
 30
0.0
 40
2.1
  0
CIRCLE
  5
2D446F
330
11F692
100
AcDbEntity
  8
ANA 12
100
AcDbCircle
 10
-358.6334523779157
 20
-112.2215476220842
 30
0.0
 40
2.1
  0
CIRCLE
  5
2D4470
330
11F692
100
AcDbEntity
  8
ANA 12
100
AcDbCircle
 10
-339.8665476220846
 20
-112.2215476220842
 30
0.0
 40
2.1
  0
CIRCLE
  5
2D4471
330
11F692
100
AcDbEntity
  8
ANA 12
100
AcDbCircle
 10
-326.4734523779155
 20
-19.43345237791553
 30
0.0
 40
2.1
  0
CIRCLE
  5
2D4472
330
11F692
100
AcDbEntity
  8
ANA 12
100
AcDbCircle
 10
-326.4734523779155
 20
-0.66654762208438
 30
0.0
 40
2.1
  0
CIRCLE
  5
2D4473
330
11F692
100
AcDbEntity
  8
ANA 12
100
AcDbCircle
 10
-326.4734523779155
 20
50.91654762208446
 30
0.0
 40
2.1
  0
CIRCLE
  5
2D4474
330
11F692
100
AcDbEntity
  8
ANA 12
100
AcDbCircle
 10
-326.4734523779155
 20
69.68345237791561
 30
0.0
 40
2.1
  0
CIRCLE
  5
2D4475
330
11F692
100
AcDbEntity
  8
ANA 12
100
AcDbCircle
 10
-359.9665476220845
 20
112.2215476220842
 30
0.0
 40
2.1
  0
CIRCLE
  5
2D4476
330
11F692
100
AcDbEntity
  8
ANA 12
100
AcDbCircle
 10
-378.7334523779156
 20
112.2215476220842
 30
0.0
 40
2.1
  0
CIRCLE
  5
2D4477
330
11F692
100
AcDbEntity
  8
ANA 12
100
AcDbCircle
 10
-430.3165476220843
 20
112.2215476220842
 30
0.0
 40
2.1
  0
CIRCLE
  5
2D4478
330
11F692
100
AcDbEntity
  8
ANA 12
100
AcDbCircle
 10
-449.0834523779154
 20
112.2215476220842
 30
0.0
 40
2.1
  0
CIRCLE
  5
2D4479
330
11F692
100
AcDbEntity
  8
ANA 12
100
AcDbCircle
 10
-500.6665476220843
 20
112.2215476220842
 30
0.0
 40
2.1
  0
CIRCLE
  5
2D447A
330
11F692
100
AcDbEntity
  8
ANA 12
100
AcDbCircle
 10
-519.4334523779153
 20
112.2215476220842
 30
0.0
 40
2.1
  0
CIRCLE
  5
2D447B
330
11F692
100
AcDbEntity
  8
ANA 12
100
AcDbCircle
 10
-550.9165476220842
 20
112.2215476220842
 30
0.0
 40
2.1
  0
CIRCLE
  5
2D447C
330
11F692
100
AcDbEntity
  8
ANA 12
100
AcDbCircle
 10
-569.6834523779154
 20
112.2215476220842
 30
0.0
 40
2.1
  0
CIRCLE
  5
2D447D
330
11F692
100
AcDbEntity
  8
ANA 35
100
AcDbCircle
 10
-326.8977164466276
 20
19.85771644662747
 30
0.0
 40
2.1
  0
CIRCLE
  5
2D447E
330
11F692
100
AcDbEntity
  8
ANA 35
100
AcDbCircle
 10
-326.8977164466276
 20
90.20771644662747
 30
0.0
 40
2.1
  0
CIRCLE
  5
2D447F
330
11F692
100
AcDbEntity
  8
ANA 35
100
AcDbCircle
 10
-339.4422835533725
 20
111.7972835533723
 30
0.0
 40
2.1
  0
CIRCLE
  5
2D4480
330
11F692
100
AcDbEntity
  8
ANA 35
100
AcDbCircle
 10
-409.7922835533724
 20
111.7972835533723
 30
0.0
 40
2.1
  0
CIRCLE
  5
2D4481
330
11F692
100
AcDbEntity
  8
ANA 35
100
AcDbCircle
 10
-480.1422835533726
 20
111.7972835533723
 30
0.0
 40
2.1
  0
CIRCLE
  5
2D4482
330
11F692
100
AcDbEntity
  8
ANA 35
100
AcDbCircle
 10
-590.2077164466273
 20
111.7972835533723
 30
0.0
 40
2.1
  0
CIRCLE
  5
2D4483
330
11F692
100
AcDbEntity
  8
ANA 35
100
AcDbCircle
 10
-660.5577164466275
 20
111.7972835533723
 30
0.0
 40
2.1
  0
CIRCLE
  5
2D4484
330
11F692
100
AcDbEntity
  8
ANA 35
100
AcDbCircle
 10
-620.842283553372
 20
-111.7972835533723
 30
0.0
 40
2.1
  0
CIRCLE
  5
2D4485
330
11F692
100
AcDbEntity
  8
ANA 35
100
AcDbCircle
 10
-550.4922835533724
 20
-111.7972835533723
 30
0.0
 40
2.1
  0
CIRCLE
  5
2D4486
330
11F692
100
AcDbEntity
  8
ANA 35
100
AcDbCircle
 10
-480.1422835533726
 20
-111.7972835533723
 30
0.0
 40
2.1
  0
CIRCLE
  5
2D4487
330
11F692
100
AcDbEntity
  8
ANA 35
100
AcDbCircle
 10
-449.5077164466277
 20
-111.7972835533723
 30
0.0
 40
2.1
  0
CIRCLE
  5
2D4488
330
11F692
100
AcDbEntity
  8
ANA 35
100
AcDbCircle
 10
-379.1577164466279
 20
-111.7972835533723
 30
0.0
 40
2.1
  0
CIRCLE
  5
2D4489
330
11F692
100
AcDbEntity
  8
ANA 10
100
AcDbCircle
 10
-647.3041979231656
 20
68.51850956512291
 30
0.0
 40
2.1
  0
CIRCLE
  5
2D448A
330
11F692
100
AcDbEntity
  8
ANA 11.5
100
AcDbCircle
 10
-640.1749999999999
 20
86.00063899033333
 30
0.0
 40
2.1
  0
CIRCLE
  5
2D448B
330
11F692
100
AcDbEntity
  8
ANA 10
100
AcDbCircle
 10
-643.5586544032708
 20
82.03134559672903
 30
0.0
 40
2.1
  0
CIRCLE
  5
2D448C
330
11F692
100
AcDbEntity
  8
ANA 10
100
AcDbCircle
 10
-636.7913455967291
 20
82.03134559672903
 30
0.0
 40
2.1
  0
CIRCLE
  5
2D448D
330
11F692
100
AcDbEntity
  8
ANA 10
100
AcDbCircle
 10
-636.7913455967291
 20
72.71865440327096
 30
0.0
 40
2.1
  0
CIRCLE
  5
2D448E
330
11F692
100
AcDbEntity
  8
ANA 10
100
AcDbCircle
 10
-643.5586544032708
 20
72.71865440327096
 30
0.0
 40
2.1
  0
CIRCLE
  5
2D448F
330
11F692
100
AcDbEntity
  8
ANA 11.5
100
AcDbCircle
 10
-640.1749999999999
 20
68.74936100966667
 30
0.0
 40
2.1
  0
CIRCLE
  5
2D4490
330
11F692
100
AcDbEntity
  8
ANA 10
100
AcDbCircle
 10
-633.0458020768341
 20
68.51850956512291
 30
0.0
 40
2.1
  0
CIRCLE
  5
2D4491
330
11F692
100
AcDbEntity
  8
ANA 18.5
100
AcDbCircle
 10
-646.7381551554458
 20
58.43942274495791
 30
0.0
 40
2.1
  0
CIRCLE
  5
2D4492
330
11F692
100
AcDbEntity
  8
ANA 18.5
100
AcDbCircle
 10
-631.1086544032709
 20
58.80001506661233
 30
0.0
 40
2.1
  0
CIRCLE
  5
2D4493
330
11F692
100
AcDbEntity
  8
ANA 18.5
100
AcDbCircle
 10
-639.0573371896951
 20
58.36433095683501
 30
0.0
 40
2.1
  0
CIRCLE
  5
2D4494
330
11F692
100
AcDbEntity
  8
ANA 13
100
AcDbCircle
 10
-649.9064150734771
 20
63.98885560383261
 30
0.0
 40
2.1
  0
CIRCLE
  5
2D4495
330
11F692
100
AcDbEntity
  8
ANA 13
100
AcDbCircle
 10
-630.4435849265228
 20
63.98885560383261
 30
0.0
 40
2.1
  0
CIRCLE
  5
2D4496
330
11F692
100
AcDbEntity
  8
ANA 13
100
AcDbCircle
 10
-650.351345596729
 20
93.58634559672905
 30
0.0
 40
2.1
  0
CIRCLE
  5
2D4497
330
11F692
100
AcDbEntity
  8
ANA 13
100
AcDbCircle
 10
-629.9986544032708
 20
93.58634559672905
 30
0.0
 40
2.1
  0
CIRCLE
  5
2D4498
330
11F692
100
AcDbEntity
  8
ANA 13
100
AcDbCircle
 10
-640.1749999999999
 20
94.26
 30
0.0
 40
2.1
  0
CIRCLE
  5
2D4499
330
11F692
100
AcDbEntity
  8
ANA 18.5
100
AcDbCircle
 10
-646.7381551554458
 20
100.8569379183834
 30
0.0
 40
2.1
  0
CIRCLE
  5
2D449A
330
11F692
100
AcDbEntity
  8
ANA 18.5
100
AcDbCircle
 10
-630.9086544032709
 20
100.496345596729
 30
0.0
 40
2.1
  0
CIRCLE
  5
2D449B
330
11F692
100
AcDbEntity
  8
ANA 18.5
100
AcDbCircle
 10
-639.0573371896951
 20
101.17
 30
0.0
 40
2.1
  0
CIRCLE
  5
2D449C
330
11F692
100
AcDbEntity
  8
ANA 13
100
AcDbCircle
 10
-640.1749999999999
 20
63.5344505882415
 30
0.0
 40
2.1
  0
CIRCLE
  5
2D449D
330
11F692
100
AcDbEntity
  8
ANA 10
100
AcDbCircle
 10
-647.3041979231656
 20
15.25850956512293
 30
0.0
 40
2.1
  0
CIRCLE
  5
2D449E
330
11F692
100
AcDbEntity
  8
ANA 11.5
100
AcDbCircle
 10
-640.1749999999999
 20
32.74063899033335
 30
0.0
 40
2.1
  0
CIRCLE
  5
2D449F
330
11F692
100
AcDbEntity
  8
ANA 10
100
AcDbCircle
 10
-643.5586544032708
 20
28.77134559672906
 30
0.0
 40
2.1
  0
CIRCLE
  5
2D44A0
330
11F692
100
AcDbEntity
  8
ANA 10
100
AcDbCircle
 10
-636.7913455967291
 20
28.77134559672906
 30
0.0
 40
2.1
  0
CIRCLE
  5
2D44A1
330
11F692
100
AcDbEntity
  8
ANA 10
100
AcDbCircle
 10
-636.7913455967291
 20
19.45865440327098
 30
0.0
 40
2.1
  0
CIRCLE
  5
2D44A2
330
11F692
100
AcDbEntity
  8
ANA 10
100
AcDbCircle
 10
-643.5586544032708
 20
19.45865440327098
 30
0.0
 40
2.1
  0
CIRCLE
  5
2D44A3
330
11F692
100
AcDbEntity
  8
ANA 11.5
100
AcDbCircle
 10
-640.1749999999999
 20
15.48936100966669
 30
0.0
 40
2.1
  0
CIRCLE
  5
2D44A4
330
11F692
100
AcDbEntity
  8
ANA 10
100
AcDbCircle
 10
-633.0458020768341
 20
15.25850956512293
 30
0.0
 40
2.1
  0
CIRCLE
  5
2D44A5
330
11F692
100
AcDbEntity
  8
ANA 18.5
100
AcDbCircle
 10
-646.7381551554458
 20
5.179422744957925
 30
0.0
 40
2.1
  0
CIRCLE
  5
2D44A6
330
11F692
100
AcDbEntity
  8
ANA 18.5
100
AcDbCircle
 10
-631.1086544032709
 20
5.540015066612347
 30
0.0
 40
2.1
  0
CIRCLE
  5
2D44A7
330
11F692
100
AcDbEntity
  8
ANA 18.5
100
AcDbCircle
 10
-639.0573371896951
 20
5.104330956835021
 30
0.0
 40
2.1
  0
CIRCLE
  5
2D44A8
330
11F692
100
AcDbEntity
  8
ANA 13
100
AcDbCircle
 10
-649.9064150734771
 20
10.72885560383262
 30
0.0
 40
2.1
  0
CIRCLE
  5
2D44A9
330
11F692
100
AcDbEntity
  8
ANA 13
100
AcDbCircle
 10
-630.4435849265228
 20
10.72885560383262
 30
0.0
 40
2.1
  0
CIRCLE
  5
2D44AA
330
11F692
100
AcDbEntity
  8
ANA 13
100
AcDbCircle
 10
-650.351345596729
 20
40.32634559672906
 30
0.0
 40
2.1
  0
CIRCLE
  5
2D44AB
330
11F692
100
AcDbEntity
  8
ANA 13
100
AcDbCircle
 10
-629.9986544032708
 20
40.32634559672906
 30
0.0
 40
2.1
  0
CIRCLE
  5
2D44AC
330
11F692
100
AcDbEntity
  8
ANA 13
100
AcDbCircle
 10
-640.1749999999999
 20
41.0
 30
0.0
 40
2.1
  0
CIRCLE
  5
2D44AD
330
11F692
100
AcDbEntity
  8
ANA 18.5
100
AcDbCircle
 10
-646.7381551554458
 20
47.59693791838345
 30
0.0
 40
2.1
  0
CIRCLE
  5
2D44AE
330
11F692
100
AcDbEntity
  8
ANA 18.5
100
AcDbCircle
 10
-630.9086544032709
 20
47.23634559672905
 30
0.0
 40
2.1
  0
CIRCLE
  5
2D44AF
330
11F692
100
AcDbEntity
  8
ANA 18.5
100
AcDbCircle
 10
-639.0573371896951
 20
47.91
 30
0.0
 40
2.1
  0
CIRCLE
  5
2D44B0
330
11F692
100
AcDbEntity
  8
ANA 13
100
AcDbCircle
 10
-640.1749999999999
 20
10.27445058824151
 30
0.0
 40
2.1
  0
CIRCLE
  5
2D44B1
330
11F692
100
AcDbEntity
  8
ANA 10
100
AcDbCircle
 10
-647.3041979231656
 20
-38.00149043487707
 30
0.0
 40
2.1
  0
CIRCLE
  5
2D44B2
330
11F692
100
AcDbEntity
  8
ANA 11.5
100
AcDbCircle
 10
-640.1749999999999
 20
-20.51936100966665
 30
0.0
 40
2.1
  0
CIRCLE
  5
2D44B3
330
11F692
100
AcDbEntity
  8
ANA 10
100
AcDbCircle
 10
-643.5586544032708
 20
-24.48865440327094
 30
0.0
 40
2.1
  0
CIRCLE
  5
2D44B4
330
11F692
100
AcDbEntity
  8
ANA 10
100
AcDbCircle
 10
-636.7913455967291
 20
-24.48865440327094
 30
0.0
 40
2.1
  0
CIRCLE
  5
2D44B5
330
11F692
100
AcDbEntity
  8
ANA 10
100
AcDbCircle
 10
-636.7913455967291
 20
-33.80134559672902
 30
0.0
 40
2.1
  0
CIRCLE
  5
2D44B6
330
11F692
100
AcDbEntity
  8
ANA 10
100
AcDbCircle
 10
-643.5586544032708
 20
-33.80134559672902
 30
0.0
 40
2.1
  0
CIRCLE
  5
2D44B7
330
11F692
100
AcDbEntity
  8
ANA 11.5
100
AcDbCircle
 10
-640.1749999999999
 20
-37.77063899033331
 30
0.0
 40
2.1
  0
CIRCLE
  5
2D44B8
330
11F692
100
AcDbEntity
  8
ANA 10
100
AcDbCircle
 10
-633.0458020768341
 20
-38.00149043487707
 30
0.0
 40
2.1
  0
CIRCLE
  5
2D44B9
330
11F692
100
AcDbEntity
  8
ANA 18.5
100
AcDbCircle
 10
-646.7381551554458
 20
-48.08057725504207
 30
0.0
 40
2.1
  0
CIRCLE
  5
2D44BA
330
11F692
100
AcDbEntity
  8
ANA 18.5
100
AcDbCircle
 10
-631.1086544032709
 20
-47.71998493338765
 30
0.0
 40
2.1
  0
CIRCLE
  5
2D44BB
330
11F692
100
AcDbEntity
  8
ANA 18.5
100
AcDbCircle
 10
-639.0573371896951
 20
-48.15566904316497
 30
0.0
 40
2.1
  0
CIRCLE
  5
2D44BC
330
11F692
100
AcDbEntity
  8
ANA 13
100
AcDbCircle
 10
-649.9064150734771
 20
-42.53114439616737
 30
0.0
 40
2.1
  0
CIRCLE
  5
2D44BD
330
11F692
100
AcDbEntity
  8
ANA 13
100
AcDbCircle
 10
-630.4435849265228
 20
-42.53114439616737
 30
0.0
 40
2.1
  0
CIRCLE
  5
2D44BE
330
11F692
100
AcDbEntity
  8
ANA 13
100
AcDbCircle
 10
-650.351345596729
 20
-12.93365440327093
 30
0.0
 40
2.1
  0
CIRCLE
  5
2D44BF
330
11F692
100
AcDbEntity
  8
ANA 13
100
AcDbCircle
 10
-629.9986544032708
 20
-12.93365440327093
 30
0.0
 40
2.1
  0
CIRCLE
  5
2D44C0
330
11F692
100
AcDbEntity
  8
ANA 13
100
AcDbCircle
 10
-640.1749999999999
 20
-12.25999999999999
 30
0.0
 40
2.1
  0
CIRCLE
  5
2D44C1
330
11F692
100
AcDbEntity
  8
ANA 18.5
100
AcDbCircle
 10
-646.7381551554458
 20
-5.663062081616544
 30
0.0
 40
2.1
  0
CIRCLE
  5
2D44C2
330
11F692
100
AcDbEntity
  8
ANA 18.5
100
AcDbCircle
 10
-630.9086544032709
 20
-6.023654403270938
 30
0.0
 40
2.1
  0
CIRCLE
  5
2D44C3
330
11F692
100
AcDbEntity
  8
ANA 18.5
100
AcDbCircle
 10
-639.0573371896951
 20
-5.349999999999994
 30
0.0
 40
2.1
  0
CIRCLE
  5
2D44C4
330
11F692
100
AcDbEntity
  8
ANA 13
100
AcDbCircle
 10
-640.1749999999999
 20
-42.98554941175848
 30
0.0
 40
2.1
  0
CIRCLE
  5
2D44C5
330
11F692
100
AcDbEntity
  8
ANA 10
100
AcDbCircle
 10
-647.3041979231656
 20
-91.26149043487705
 30
0.0
 40
2.1
  0
CIRCLE
  5
2D44C6
330
11F692
100
AcDbEntity
  8
ANA 11.5
100
AcDbCircle
 10
-640.1749999999999
 20
-73.77936100966664
 30
0.0
 40
2.1
  0
CIRCLE
  5
2D44C7
330
11F692
100
AcDbEntity
  8
ANA 10
100
AcDbCircle
 10
-643.5586544032708
 20
-77.74865440327094
 30
0.0
 40
2.1
  0
CIRCLE
  5
2D44C8
330
11F692
100
AcDbEntity
  8
ANA 10
100
AcDbCircle
 10
-636.7913455967291
 20
-77.74865440327094
 30
0.0
 40
2.1
  0
CIRCLE
  5
2D44C9
330
11F692
100
AcDbEntity
  8
ANA 10
100
AcDbCircle
 10
-636.7913455967291
 20
-87.06134559672902
 30
0.0
 40
2.1
  0
CIRCLE
  5
2D44CA
330
11F692
100
AcDbEntity
  8
ANA 10
100
AcDbCircle
 10
-643.5586544032708
 20
-87.06134559672902
 30
0.0
 40
2.1
  0
CIRCLE
  5
2D44CB
330
11F692
100
AcDbEntity
  8
ANA 11.5
100
AcDbCircle
 10
-640.1749999999999
 20
-91.0306389903333
 30
0.0
 40
2.1
  0
CIRCLE
  5
2D44CC
330
11F692
100
AcDbEntity
  8
ANA 10
100
AcDbCircle
 10
-633.0458020768341
 20
-91.26149043487705
 30
0.0
 40
2.1
  0
CIRCLE
  5
2D44CD
330
11F692
100
AcDbEntity
  8
ANA 18.5
100
AcDbCircle
 10
-646.7381551554458
 20
-101.340577255042
 30
0.0
 40
2.1
  0
CIRCLE
  5
2D44CE
330
11F692
100
AcDbEntity
  8
ANA 18.5
100
AcDbCircle
 10
-631.1086544032709
 20
-100.9799849333876
 30
0.0
 40
2.1
  0
CIRCLE
  5
2D44CF
330
11F692
100
AcDbEntity
  8
ANA 18.5
100
AcDbCircle
 10
-639.0573371896951
 20
-101.4156690431649
 30
0.0
 40
2.1
  0
CIRCLE
  5
2D44D0
330
11F692
100
AcDbEntity
  8
ANA 13
100
AcDbCircle
 10
-649.9064150734771
 20
-95.79114439616736
 30
0.0
 40
2.1
  0
CIRCLE
  5
2D44D1
330
11F692
100
AcDbEntity
  8
ANA 13
100
AcDbCircle
 10
-630.4435849265228
 20
-95.79114439616736
 30
0.0
 40
2.1
  0
CIRCLE
  5
2D44D2
330
11F692
100
AcDbEntity
  8
ANA 13
100
AcDbCircle
 10
-650.351345596729
 20
-66.19365440327093
 30
0.0
 40
2.1
  0
CIRCLE
  5
2D44D3
330
11F692
100
AcDbEntity
  8
ANA 13
100
AcDbCircle
 10
-629.9986544032708
 20
-66.19365440327093
 30
0.0
 40
2.1
  0
CIRCLE
  5
2D44D4
330
11F692
100
AcDbEntity
  8
ANA 13
100
AcDbCircle
 10
-640.1749999999999
 20
-65.51999999999998
 30
0.0
 40
2.1
  0
CIRCLE
  5
2D44D5
330
11F692
100
AcDbEntity
  8
ANA 18.5
100
AcDbCircle
 10
-646.7381551554458
 20
-58.92306208161653
 30
0.0
 40
2.1
  0
CIRCLE
  5
2D44D6
330
11F692
100
AcDbEntity
  8
ANA 18.5
100
AcDbCircle
 10
-630.9086544032709
 20
-59.28365440327093
 30
0.0
 40
2.1
  0
CIRCLE
  5
2D44D7
330
11F692
100
AcDbEntity
  8
ANA 18.5
100
AcDbCircle
 10
-639.0573371896951
 20
-58.60999999999998
 30
0.0
 40
2.1
  0
CIRCLE
  5
2D44D8
330
11F692
100
AcDbEntity
  8
ANA 13
100
AcDbCircle
 10
-640.1749999999999
 20
-96.24554941175848
 30
0.0
 40
2.1
  0
CIRCLE
  5
2D44E2
330
11F692
100
AcDbEntity
  8
ANA 35
100
AcDbCircle
 10
-640.1749999999999
 20
53.25999999999993
 30
0.0
 40
2.1
  0
CIRCLE
  5
2D44E3
330
11F692
100
AcDbEntity
  8
ANA 35
100
AcDbCircle
 10
-640.175
 20
-0.0000000000000782
 30
0.0
 40
2.1
  0
CIRCLE
  5
2D44E4
330
11F692
100
AcDbEntity
  8
ANA 35
100
AcDbCircle
 10
-640.175
 20
-53.26000000000007
 30
0.0
 40
2.1
  0
CIRCLE
  5
2D44F7
330
11F692
100
AcDbEntity
  8
ANA 10
100
AcDbCircle
 10
-616.1541979231657
 20
68.51850956512293
 30
0.0
 40
2.1
  0
CIRCLE
  5
2D44F8
330
11F692
100
AcDbEntity
  8
ANA 11.5
100
AcDbCircle
 10
-609.025
 20
86.00063899033335
 30
0.0
 40
2.1
  0
CIRCLE
  5
2D44F9
330
11F692
100
AcDbEntity
  8
ANA 10
100
AcDbCircle
 10
-612.4086544032707
 20
82.03134559672905
 30
0.0
 40
2.1
  0
CIRCLE
  5
2D44FA
330
11F692
100
AcDbEntity
  8
ANA 10
100
AcDbCircle
 10
-605.6413455967291
 20
82.03134559672905
 30
0.0
 40
2.1
  0
CIRCLE
  5
2D44FB
330
11F692
100
AcDbEntity
  8
ANA 10
100
AcDbCircle
 10
-605.6413455967291
 20
72.71865440327097
 30
0.0
 40
2.1
  0
CIRCLE
  5
2D44FC
330
11F692
100
AcDbEntity
  8
ANA 10
100
AcDbCircle
 10
-612.4086544032707
 20
72.71865440327097
 30
0.0
 40
2.1
  0
CIRCLE
  5
2D44FD
330
11F692
100
AcDbEntity
  8
ANA 11.5
100
AcDbCircle
 10
-609.025
 20
68.74936100966668
 30
0.0
 40
2.1
  0
CIRCLE
  5
2D44FE
330
11F692
100
AcDbEntity
  8
ANA 10
100
AcDbCircle
 10
-601.8958020768342
 20
68.51850956512293
 30
0.0
 40
2.1
  0
CIRCLE
  5
2D44FF
330
11F692
100
AcDbEntity
  8
ANA 18.5
100
AcDbCircle
 10
-615.5881551554458
 20
58.43942274495793
 30
0.0
 40
2.1
  0
CIRCLE
  5
2D4500
330
11F692
100
AcDbEntity
  8
ANA 18.5
100
AcDbCircle
 10
-599.958654403271
 20
58.80001506661235
 30
0.0
 40
2.1
  0
CIRCLE
  5
2D4501
330
11F692
100
AcDbEntity
  8
ANA 18.5
100
AcDbCircle
 10
-607.9073371896951
 20
58.36433095683503
 30
0.0
 40
2.1
  0
CIRCLE
  5
2D4502
330
11F692
100
AcDbEntity
  8
ANA 13
100
AcDbCircle
 10
-618.7564150734771
 20
63.98885560383263
 30
0.0
 40
2.1
  0
CIRCLE
  5
2D4503
330
11F692
100
AcDbEntity
  8
ANA 13
100
AcDbCircle
 10
-599.2935849265228
 20
63.98885560383263
 30
0.0
 40
2.1
  0
CIRCLE
  5
2D4504
330
11F692
100
AcDbEntity
  8
ANA 13
100
AcDbCircle
 10
-619.201345596729
 20
93.58634559672905
 30
0.0
 40
2.1
  0
CIRCLE
  5
2D4505
330
11F692
100
AcDbEntity
  8
ANA 13
100
AcDbCircle
 10
-598.8486544032708
 20
93.58634559672905
 30
0.0
 40
2.1
  0
CIRCLE
  5
2D4506
330
11F692
100
AcDbEntity
  8
ANA 13
100
AcDbCircle
 10
-609.025
 20
94.26
 30
0.0
 40
2.1
  0
CIRCLE
  5
2D4507
330
11F692
100
AcDbEntity
  8
ANA 18.5
100
AcDbCircle
 10
-615.5881551554458
 20
100.8569379183834
 30
0.0
 40
2.1
  0
CIRCLE
  5
2D4508
330
11F692
100
AcDbEntity
  8
ANA 18.5
100
AcDbCircle
 10
-599.7586544032709
 20
100.496345596729
 30
0.0
 40
2.1
  0
CIRCLE
  5
2D4509
330
11F692
100
AcDbEntity
  8
ANA 18.5
100
AcDbCircle
 10
-607.9073371896951
 20
101.17
 30
0.0
 40
2.1
  0
CIRCLE
  5
2D450A
330
11F692
100
AcDbEntity
  8
ANA 13
100
AcDbCircle
 10
-609.025
 20
63.53445058824152
 30
0.0
 40
2.1
  0
CIRCLE
  5
2D450B
330
11F692
100
AcDbEntity
  8
ANA 10
100
AcDbCircle
 10
-616.1541979231657
 20
15.25850956512294
 30
0.0
 40
2.1
  0
CIRCLE
  5
2D450C
330
11F692
100
AcDbEntity
  8
ANA 11.5
100
AcDbCircle
 10
-609.025
 20
32.74063899033336
 30
0.0
 40
2.1
  0
CIRCLE
  5
2D450D
330
11F692
100
AcDbEntity
  8
ANA 10
100
AcDbCircle
 10
-612.4086544032707
 20
28.77134559672907
 30
0.0
 40
2.1
  0
CIRCLE
  5
2D450E
330
11F692
100
AcDbEntity
  8
ANA 10
100
AcDbCircle
 10
-605.6413455967291
 20
28.77134559672907
 30
0.0
 40
2.1
  0
CIRCLE
  5
2D450F
330
11F692
100
AcDbEntity
  8
ANA 10
100
AcDbCircle
 10
-605.6413455967291
 20
19.45865440327099
 30
0.0
 40
2.1
  0
CIRCLE
  5
2D4510
330
11F692
100
AcDbEntity
  8
ANA 10
100
AcDbCircle
 10
-612.4086544032707
 20
19.45865440327099
 30
0.0
 40
2.1
  0
CIRCLE
  5
2D4511
330
11F692
100
AcDbEntity
  8
ANA 11.5
100
AcDbCircle
 10
-609.025
 20
15.4893610096667
 30
0.0
 40
2.1
  0
CIRCLE
  5
2D4512
330
11F692
100
AcDbEntity
  8
ANA 10
100
AcDbCircle
 10
-601.8958020768342
 20
15.25850956512294
 30
0.0
 40
2.1
  0
CIRCLE
  5
2D4513
330
11F692
100
AcDbEntity
  8
ANA 18.5
100
AcDbCircle
 10
-615.5881551554458
 20
5.179422744957939
 30
0.0
 40
2.1
  0
CIRCLE
  5
2D4514
330
11F692
100
AcDbEntity
  8
ANA 18.5
100
AcDbCircle
 10
-599.958654403271
 20
5.540015066612362
 30
0.0
 40
2.1
  0
CIRCLE
  5
2D4515
330
11F692
100
AcDbEntity
  8
ANA 18.5
100
AcDbCircle
 10
-607.9073371896951
 20
5.104330956835035
 30
0.0
 40
2.1
  0
CIRCLE
  5
2D4516
330
11F692
100
AcDbEntity
  8
ANA 13
100
AcDbCircle
 10
-618.7564150734771
 20
10.72885560383263
 30
0.0
 40
2.1
  0
CIRCLE
  5
2D4517
330
11F692
100
AcDbEntity
  8
ANA 13
100
AcDbCircle
 10
-599.2935849265228
 20
10.72885560383263
 30
0.0
 40
2.1
  0
CIRCLE
  5
2D4518
330
11F692
100
AcDbEntity
  8
ANA 13
100
AcDbCircle
 10
-619.201345596729
 20
40.32634559672907
 30
0.0
 40
2.1
  0
CIRCLE
  5
2D4519
330
11F692
100
AcDbEntity
  8
ANA 13
100
AcDbCircle
 10
-598.8486544032708
 20
40.32634559672907
 30
0.0
 40
2.1
  0
CIRCLE
  5
2D451A
330
11F692
100
AcDbEntity
  8
ANA 13
100
AcDbCircle
 10
-609.025
 20
41.00000000000002
 30
0.0
 40
2.1
  0
CIRCLE
  5
2D451B
330
11F692
100
AcDbEntity
  8
ANA 18.5
100
AcDbCircle
 10
-615.5881551554458
 20
47.59693791838347
 30
0.0
 40
2.1
  0
CIRCLE
  5
2D451C
330
11F692
100
AcDbEntity
  8
ANA 18.5
100
AcDbCircle
 10
-599.7586544032709
 20
47.23634559672907
 30
0.0
 40
2.1
  0
CIRCLE
  5
2D451D
330
11F692
100
AcDbEntity
  8
ANA 18.5
100
AcDbCircle
 10
-607.9073371896951
 20
47.91000000000002
 30
0.0
 40
2.1
  0
CIRCLE
  5
2D451E
330
11F692
100
AcDbEntity
  8
ANA 13
100
AcDbCircle
 10
-609.025
 20
10.27445058824153
 30
0.0
 40
2.1
  0
CIRCLE
  5
2D451F
330
11F692
100
AcDbEntity
  8
ANA 10
100
AcDbCircle
 10
-616.1541979231657
 20
-38.00149043487706
 30
0.0
 40
2.1
  0
CIRCLE
  5
2D4520
330
11F692
100
AcDbEntity
  8
ANA 11.5
100
AcDbCircle
 10
-609.025
 20
-20.51936100966664
 30
0.0
 40
2.1
  0
CIRCLE
  5
2D4521
330
11F692
100
AcDbEntity
  8
ANA 10
100
AcDbCircle
 10
-612.4086544032707
 20
-24.48865440327093
 30
0.0
 40
2.1
  0
CIRCLE
  5
2D4522
330
11F692
100
AcDbEntity
  8
ANA 10
100
AcDbCircle
 10
-605.6413455967291
 20
-24.48865440327093
 30
0.0
 40
2.1
  0
CIRCLE
  5
2D4523
330
11F692
100
AcDbEntity
  8
ANA 10
100
AcDbCircle
 10
-605.6413455967291
 20
-33.80134559672901
 30
0.0
 40
2.1
  0
CIRCLE
  5
2D4524
330
11F692
100
AcDbEntity
  8
ANA 10
100
AcDbCircle
 10
-612.4086544032707
 20
-33.80134559672901
 30
0.0
 40
2.1
  0
CIRCLE
  5
2D4525
330
11F692
100
AcDbEntity
  8
ANA 11.5
100
AcDbCircle
 10
-609.025
 20
-37.7706389903333
 30
0.0
 40
2.1
  0
CIRCLE
  5
2D4526
330
11F692
100
AcDbEntity
  8
ANA 10
100
AcDbCircle
 10
-601.8958020768342
 20
-38.00149043487706
 30
0.0
 40
2.1
  0
CIRCLE
  5
2D4527
330
11F692
100
AcDbEntity
  8
ANA 18.5
100
AcDbCircle
 10
-615.5881551554458
 20
-48.08057725504205
 30
0.0
 40
2.1
  0
CIRCLE
  5
2D4528
330
11F692
100
AcDbEntity
  8
ANA 18.5
100
AcDbCircle
 10
-599.958654403271
 20
-47.71998493338763
 30
0.0
 40
2.1
  0
CIRCLE
  5
2D4529
330
11F692
100
AcDbEntity
  8
ANA 18.5
100
AcDbCircle
 10
-607.9073371896951
 20
-48.15566904316496
 30
0.0
 40
2.1
  0
CIRCLE
  5
2D452A
330
11F692
100
AcDbEntity
  8
ANA 13
100
AcDbCircle
 10
-618.7564150734771
 20
-42.53114439616736
 30
0.0
 40
2.1
  0
CIRCLE
  5
2D452B
330
11F692
100
AcDbEntity
  8
ANA 13
100
AcDbCircle
 10
-599.2935849265228
 20
-42.53114439616736
 30
0.0
 40
2.1
  0
CIRCLE
  5
2D452C
330
11F692
100
AcDbEntity
  8
ANA 13
100
AcDbCircle
 10
-619.201345596729
 20
-12.93365440327092
 30
0.0
 40
2.1
  0
CIRCLE
  5
2D452D
330
11F692
100
AcDbEntity
  8
ANA 13
100
AcDbCircle
 10
-598.8486544032708
 20
-12.93365440327092
 30
0.0
 40
2.1
  0
CIRCLE
  5
2D452E
330
11F692
100
AcDbEntity
  8
ANA 13
100
AcDbCircle
 10
-609.025
 20
-12.25999999999997
 30
0.0
 40
2.1
  0
CIRCLE
  5
2D452F
330
11F692
100
AcDbEntity
  8
ANA 18.5
100
AcDbCircle
 10
-615.5881551554458
 20
-5.66306208161653
 30
0.0
 40
2.1
  0
CIRCLE
  5
2D4530
330
11F692
100
AcDbEntity
  8
ANA 18.5
100
AcDbCircle
 10
-599.7586544032709
 20
-6.023654403270924
 30
0.0
 40
2.1
  0
CIRCLE
  5
2D4531
330
11F692
100
AcDbEntity
  8
ANA 18.5
100
AcDbCircle
 10
-607.9073371896951
 20
-5.34999999999998
 30
0.0
 40
2.1
  0
CIRCLE
  5
2D4532
330
11F692
100
AcDbEntity
  8
ANA 13
100
AcDbCircle
 10
-609.025
 20
-42.98554941175846
 30
0.0
 40
2.1
  0
CIRCLE
  5
2D4533
330
11F692
100
AcDbEntity
  8
ANA 10
100
AcDbCircle
 10
-616.1541979231657
 20
-91.26149043487705
 30
0.0
 40
2.1
  0
CIRCLE
  5
2D4534
330
11F692
100
AcDbEntity
  8
ANA 11.5
100
AcDbCircle
 10
-609.025
 20
-73.77936100966663
 30
0.0
 40
2.1
  0
CIRCLE
  5
2D4535
330
11F692
100
AcDbEntity
  8
ANA 10
100
AcDbCircle
 10
-612.4086544032707
 20
-77.74865440327092
 30
0.0
 40
2.1
  0
CIRCLE
  5
2D4536
330
11F692
100
AcDbEntity
  8
ANA 10
100
AcDbCircle
 10
-605.6413455967291
 20
-77.74865440327092
 30
0.0
 40
2.1
  0
CIRCLE
  5
2D4537
330
11F692
100
AcDbEntity
  8
ANA 10
100
AcDbCircle
 10
-605.6413455967291
 20
-87.061345596729
 30
0.0
 40
2.1
  0
CIRCLE
  5
2D4538
330
11F692
100
AcDbEntity
  8
ANA 10
100
AcDbCircle
 10
-612.4086544032707
 20
-87.061345596729
 30
0.0
 40
2.1
  0
CIRCLE
  5
2D4539
330
11F692
100
AcDbEntity
  8
ANA 11.5
100
AcDbCircle
 10
-609.025
 20
-91.03063899033328
 30
0.0
 40
2.1
  0
CIRCLE
  5
2D453A
330
11F692
100
AcDbEntity
  8
ANA 10
100
AcDbCircle
 10
-601.8958020768342
 20
-91.26149043487705
 30
0.0
 40
2.1
  0
CIRCLE
  5
2D453B
330
11F692
100
AcDbEntity
  8
ANA 18.5
100
AcDbCircle
 10
-615.5881551554458
 20
-101.340577255042
 30
0.0
 40
2.1
  0
CIRCLE
  5
2D453C
330
11F692
100
AcDbEntity
  8
ANA 18.5
100
AcDbCircle
 10
-599.958654403271
 20
-100.9799849333876
 30
0.0
 40
2.1
  0
CIRCLE
  5
2D453D
330
11F692
100
AcDbEntity
  8
ANA 18.5
100
AcDbCircle
 10
-607.9073371896951
 20
-101.4156690431649
 30
0.0
 40
2.1
  0
CIRCLE
  5
2D453E
330
11F692
100
AcDbEntity
  8
ANA 13
100
AcDbCircle
 10
-618.7564150734771
 20
-95.79114439616736
 30
0.0
 40
2.1
  0
CIRCLE
  5
2D453F
330
11F692
100
AcDbEntity
  8
ANA 13
100
AcDbCircle
 10
-599.2935849265228
 20
-95.79114439616736
 30
0.0
 40
2.1
  0
CIRCLE
  5
2D4540
330
11F692
100
AcDbEntity
  8
ANA 13
100
AcDbCircle
 10
-619.201345596729
 20
-66.19365440327091
 30
0.0
 40
2.1
  0
CIRCLE
  5
2D4541
330
11F692
100
AcDbEntity
  8
ANA 13
100
AcDbCircle
 10
-598.8486544032708
 20
-66.19365440327091
 30
0.0
 40
2.1
  0
CIRCLE
  5
2D4542
330
11F692
100
AcDbEntity
  8
ANA 13
100
AcDbCircle
 10
-609.025
 20
-65.51999999999996
 30
0.0
 40
2.1
  0
CIRCLE
  5
2D4543
330
11F692
100
AcDbEntity
  8
ANA 18.5
100
AcDbCircle
 10
-615.5881551554458
 20
-58.92306208161652
 30
0.0
 40
2.1
  0
CIRCLE
  5
2D4544
330
11F692
100
AcDbEntity
  8
ANA 18.5
100
AcDbCircle
 10
-599.7586544032709
 20
-59.28365440327091
 30
0.0
 40
2.1
  0
CIRCLE
  5
2D4545
330
11F692
100
AcDbEntity
  8
ANA 18.5
100
AcDbCircle
 10
-607.9073371896951
 20
-58.60999999999997
 30
0.0
 40
2.1
  0
CIRCLE
  5
2D4546
330
11F692
100
AcDbEntity
  8
ANA 13
100
AcDbCircle
 10
-609.025
 20
-96.24554941175846
 30
0.0
 40
2.1
  0
CIRCLE
  5
2D4547
330
11F692
100
AcDbEntity
  8
ANA 35
100
AcDbCircle
 10
-609.025
 20
53.25999999999994
 30
0.0
 40
2.1
  0
CIRCLE
  5
2D4548
330
11F692
100
AcDbEntity
  8
ANA 35
100
AcDbCircle
 10
-609.0250000000001
 20
-0.0000000000000639
 30
0.0
 40
2.1
  0
CIRCLE
  5
2D4549
330
11F692
100
AcDbEntity
  8
ANA 35
100
AcDbCircle
 10
-609.0250000000001
 20
-53.26000000000005
 30
0.0
 40
2.1
  0
CIRCLE
  5
2D454A
330
11F692
100
AcDbEntity
  8
ANA 10
100
AcDbCircle
 10
-585.0041979231656
 20
68.51850956512291
 30
0.0
 40
2.1
  0
CIRCLE
  5
2D454B
330
11F692
100
AcDbEntity
  8
ANA 11.5
100
AcDbCircle
 10
-577.8749999999998
 20
86.00063899033333
 30
0.0
 40
2.1
  0
CIRCLE
  5
2D454C
330
11F692
100
AcDbEntity
  8
ANA 10
100
AcDbCircle
 10
-581.2586544032707
 20
82.03134559672903
 30
0.0
 40
2.1
  0
CIRCLE
  5
2D454D
330
11F692
100
AcDbEntity
  8
ANA 10
100
AcDbCircle
 10
-574.491345596729
 20
82.03134559672903
 30
0.0
 40
2.1
  0
CIRCLE
  5
2D454E
330
11F692
100
AcDbEntity
  8
ANA 10
100
AcDbCircle
 10
-574.491345596729
 20
72.71865440327096
 30
0.0
 40
2.1
  0
CIRCLE
  5
2D454F
330
11F692
100
AcDbEntity
  8
ANA 10
100
AcDbCircle
 10
-581.2586544032707
 20
72.71865440327096
 30
0.0
 40
2.1
  0
CIRCLE
  5
2D4550
330
11F692
100
AcDbEntity
  8
ANA 11.5
100
AcDbCircle
 10
-577.8749999999998
 20
68.74936100966667
 30
0.0
 40
2.1
  0
CIRCLE
  5
2D4551
330
11F692
100
AcDbEntity
  8
ANA 10
100
AcDbCircle
 10
-570.7458020768341
 20
68.51850956512291
 30
0.0
 40
2.1
  0
CIRCLE
  5
2D4552
330
11F692
100
AcDbEntity
  8
ANA 18.5
100
AcDbCircle
 10
-584.4381551554457
 20
58.43942274495791
 30
0.0
 40
2.1
  0
CIRCLE
  5
2D4553
330
11F692
100
AcDbEntity
  8
ANA 18.5
100
AcDbCircle
 10
-568.8086544032708
 20
58.80001506661233
 30
0.0
 40
2.1
  0
CIRCLE
  5
2D4554
330
11F692
100
AcDbEntity
  8
ANA 18.5
100
AcDbCircle
 10
-576.757337189695
 20
58.36433095683501
 30
0.0
 40
2.1
  0
CIRCLE
  5
2D4555
330
11F692
100
AcDbEntity
  8
ANA 13
100
AcDbCircle
 10
-587.6064150734769
 20
63.98885560383261
 30
0.0
 40
2.1
  0
CIRCLE
  5
2D4556
330
11F692
100
AcDbEntity
  8
ANA 13
100
AcDbCircle
 10
-568.1435849265227
 20
63.98885560383261
 30
0.0
 40
2.1
  0
CIRCLE
  5
2D4557
330
11F692
100
AcDbEntity
  8
ANA 13
100
AcDbCircle
 10
-588.051345596729
 20
93.58634559672905
 30
0.0
 40
2.1
  0
CIRCLE
  5
2D4558
330
11F692
100
AcDbEntity
  8
ANA 13
100
AcDbCircle
 10
-567.6986544032708
 20
93.58634559672905
 30
0.0
 40
2.1
  0
CIRCLE
  5
2D4559
330
11F692
100
AcDbEntity
  8
ANA 13
100
AcDbCircle
 10
-577.8749999999998
 20
94.26
 30
0.0
 40
2.1
  0
CIRCLE
  5
2D455A
330
11F692
100
AcDbEntity
  8
ANA 18.5
100
AcDbCircle
 10
-584.4381551554457
 20
100.8569379183834
 30
0.0
 40
2.1
  0
CIRCLE
  5
2D455B
330
11F692
100
AcDbEntity
  8
ANA 18.5
100
AcDbCircle
 10
-568.6086544032709
 20
100.496345596729
 30
0.0
 40
2.1
  0
CIRCLE
  5
2D455C
330
11F692
100
AcDbEntity
  8
ANA 18.5
100
AcDbCircle
 10
-576.757337189695
 20
101.17
 30
0.0
 40
2.1
  0
CIRCLE
  5
2D455D
330
11F692
100
AcDbEntity
  8
ANA 13
100
AcDbCircle
 10
-577.8749999999998
 20
63.5344505882415
 30
0.0
 40
2.1
  0
CIRCLE
  5
2D455E
330
11F692
100
AcDbEntity
  8
ANA 10
100
AcDbCircle
 10
-585.0041979231656
 20
15.25850956512293
 30
0.0
 40
2.1
  0
CIRCLE
  5
2D455F
330
11F692
100
AcDbEntity
  8
ANA 11.5
100
AcDbCircle
 10
-577.8749999999998
 20
32.74063899033335
 30
0.0
 40
2.1
  0
CIRCLE
  5
2D4560
330
11F692
100
AcDbEntity
  8
ANA 10
100
AcDbCircle
 10
-581.2586544032707
 20
28.77134559672906
 30
0.0
 40
2.1
  0
CIRCLE
  5
2D4561
330
11F692
100
AcDbEntity
  8
ANA 10
100
AcDbCircle
 10
-574.491345596729
 20
28.77134559672906
 30
0.0
 40
2.1
  0
CIRCLE
  5
2D4562
330
11F692
100
AcDbEntity
  8
ANA 10
100
AcDbCircle
 10
-574.491345596729
 20
19.45865440327098
 30
0.0
 40
2.1
  0
CIRCLE
  5
2D4563
330
11F692
100
AcDbEntity
  8
ANA 10
100
AcDbCircle
 10
-581.2586544032707
 20
19.45865440327098
 30
0.0
 40
2.1
  0
CIRCLE
  5
2D4564
330
11F692
100
AcDbEntity
  8
ANA 11.5
100
AcDbCircle
 10
-577.8749999999998
 20
15.48936100966669
 30
0.0
 40
2.1
  0
CIRCLE
  5
2D4565
330
11F692
100
AcDbEntity
  8
ANA 10
100
AcDbCircle
 10
-570.7458020768341
 20
15.25850956512293
 30
0.0
 40
2.1
  0
CIRCLE
  5
2D4566
330
11F692
100
AcDbEntity
  8
ANA 18.5
100
AcDbCircle
 10
-584.4381551554457
 20
5.179422744957925
 30
0.0
 40
2.1
  0
CIRCLE
  5
2D4567
330
11F692
100
AcDbEntity
  8
ANA 18.5
100
AcDbCircle
 10
-568.8086544032708
 20
5.540015066612347
 30
0.0
 40
2.1
  0
CIRCLE
  5
2D4568
330
11F692
100
AcDbEntity
  8
ANA 18.5
100
AcDbCircle
 10
-576.757337189695
 20
5.104330956835021
 30
0.0
 40
2.1
  0
CIRCLE
  5
2D4569
330
11F692
100
AcDbEntity
  8
ANA 13
100
AcDbCircle
 10
-587.6064150734769
 20
10.72885560383262
 30
0.0
 40
2.1
  0
CIRCLE
  5
2D456A
330
11F692
100
AcDbEntity
  8
ANA 13
100
AcDbCircle
 10
-568.1435849265227
 20
10.72885560383262
 30
0.0
 40
2.1
  0
CIRCLE
  5
2D456B
330
11F692
100
AcDbEntity
  8
ANA 13
100
AcDbCircle
 10
-588.051345596729
 20
40.32634559672906
 30
0.0
 40
2.1
  0
CIRCLE
  5
2D456C
330
11F692
100
AcDbEntity
  8
ANA 13
100
AcDbCircle
 10
-567.6986544032708
 20
40.32634559672906
 30
0.0
 40
2.1
  0
CIRCLE
  5
2D456D
330
11F692
100
AcDbEntity
  8
ANA 13
100
AcDbCircle
 10
-577.8749999999998
 20
41.0
 30
0.0
 40
2.1
  0
CIRCLE
  5
2D456E
330
11F692
100
AcDbEntity
  8
ANA 18.5
100
AcDbCircle
 10
-584.4381551554457
 20
47.59693791838345
 30
0.0
 40
2.1
  0
CIRCLE
  5
2D456F
330
11F692
100
AcDbEntity
  8
ANA 18.5
100
AcDbCircle
 10
-568.6086544032709
 20
47.23634559672905
 30
0.0
 40
2.1
  0
CIRCLE
  5
2D4570
330
11F692
100
AcDbEntity
  8
ANA 18.5
100
AcDbCircle
 10
-576.757337189695
 20
47.91
 30
0.0
 40
2.1
  0
CIRCLE
  5
2D4571
330
11F692
100
AcDbEntity
  8
ANA 13
100
AcDbCircle
 10
-577.8749999999998
 20
10.27445058824151
 30
0.0
 40
2.1
  0
CIRCLE
  5
2D4572
330
11F692
100
AcDbEntity
  8
ANA 10
100
AcDbCircle
 10
-585.0041979231656
 20
-38.00149043487707
 30
0.0
 40
2.1
  0
CIRCLE
  5
2D4573
330
11F692
100
AcDbEntity
  8
ANA 11.5
100
AcDbCircle
 10
-577.8749999999998
 20
-20.51936100966665
 30
0.0
 40
2.1
  0
CIRCLE
  5
2D4574
330
11F692
100
AcDbEntity
  8
ANA 10
100
AcDbCircle
 10
-581.2586544032707
 20
-24.48865440327094
 30
0.0
 40
2.1
  0
CIRCLE
  5
2D4575
330
11F692
100
AcDbEntity
  8
ANA 10
100
AcDbCircle
 10
-574.491345596729
 20
-24.48865440327094
 30
0.0
 40
2.1
  0
CIRCLE
  5
2D4576
330
11F692
100
AcDbEntity
  8
ANA 10
100
AcDbCircle
 10
-574.491345596729
 20
-33.80134559672902
 30
0.0
 40
2.1
  0
CIRCLE
  5
2D4577
330
11F692
100
AcDbEntity
  8
ANA 10
100
AcDbCircle
 10
-581.2586544032707
 20
-33.80134559672902
 30
0.0
 40
2.1
  0
CIRCLE
  5
2D4578
330
11F692
100
AcDbEntity
  8
ANA 11.5
100
AcDbCircle
 10
-577.8749999999998
 20
-37.77063899033331
 30
0.0
 40
2.1
  0
CIRCLE
  5
2D4579
330
11F692
100
AcDbEntity
  8
ANA 10
100
AcDbCircle
 10
-570.7458020768341
 20
-38.00149043487707
 30
0.0
 40
2.1
  0
CIRCLE
  5
2D457A
330
11F692
100
AcDbEntity
  8
ANA 18.5
100
AcDbCircle
 10
-584.4381551554457
 20
-48.08057725504207
 30
0.0
 40
2.1
  0
CIRCLE
  5
2D457B
330
11F692
100
AcDbEntity
  8
ANA 18.5
100
AcDbCircle
 10
-568.8086544032708
 20
-47.71998493338765
 30
0.0
 40
2.1
  0
CIRCLE
  5
2D457C
330
11F692
100
AcDbEntity
  8
ANA 18.5
100
AcDbCircle
 10
-576.757337189695
 20
-48.15566904316497
 30
0.0
 40
2.1
  0
CIRCLE
  5
2D457D
330
11F692
100
AcDbEntity
  8
ANA 13
100
AcDbCircle
 10
-587.6064150734769
 20
-42.53114439616737
 30
0.0
 40
2.1
  0
CIRCLE
  5
2D457E
330
11F692
100
AcDbEntity
  8
ANA 13
100
AcDbCircle
 10
-568.1435849265227
 20
-42.53114439616737
 30
0.0
 40
2.1
  0
CIRCLE
  5
2D457F
330
11F692
100
AcDbEntity
  8
ANA 13
100
AcDbCircle
 10
-588.051345596729
 20
-12.93365440327093
 30
0.0
 40
2.1
  0
CIRCLE
  5
2D4580
330
11F692
100
AcDbEntity
  8
ANA 13
100
AcDbCircle
 10
-567.6986544032708
 20
-12.93365440327093
 30
0.0
 40
2.1
  0
CIRCLE
  5
2D4581
330
11F692
100
AcDbEntity
  8
ANA 13
100
AcDbCircle
 10
-577.8749999999998
 20
-12.25999999999999
 30
0.0
 40
2.1
  0
CIRCLE
  5
2D4582
330
11F692
100
AcDbEntity
  8
ANA 18.5
100
AcDbCircle
 10
-584.4381551554457
 20
-5.663062081616544
 30
0.0
 40
2.1
  0
CIRCLE
  5
2D4583
330
11F692
100
AcDbEntity
  8
ANA 18.5
100
AcDbCircle
 10
-568.6086544032709
 20
-6.023654403270938
 30
0.0
 40
2.1
  0
CIRCLE
  5
2D4584
330
11F692
100
AcDbEntity
  8
ANA 18.5
100
AcDbCircle
 10
-576.757337189695
 20
-5.349999999999994
 30
0.0
 40
2.1
  0
CIRCLE
  5
2D4585
330
11F692
100
AcDbEntity
  8
ANA 13
100
AcDbCircle
 10
-577.8749999999998
 20
-42.98554941175848
 30
0.0
 40
2.1
  0
CIRCLE
  5
2D4586
330
11F692
100
AcDbEntity
  8
ANA 10
100
AcDbCircle
 10
-585.0041979231656
 20
-91.26149043487705
 30
0.0
 40
2.1
  0
CIRCLE
  5
2D4587
330
11F692
100
AcDbEntity
  8
ANA 11.5
100
AcDbCircle
 10
-577.8749999999998
 20
-73.77936100966664
 30
0.0
 40
2.1
  0
CIRCLE
  5
2D4588
330
11F692
100
AcDbEntity
  8
ANA 10
100
AcDbCircle
 10
-581.2586544032707
 20
-77.74865440327094
 30
0.0
 40
2.1
  0
CIRCLE
  5
2D4589
330
11F692
100
AcDbEntity
  8
ANA 10
100
AcDbCircle
 10
-574.491345596729
 20
-77.74865440327094
 30
0.0
 40
2.1
  0
CIRCLE
  5
2D458A
330
11F692
100
AcDbEntity
  8
ANA 10
100
AcDbCircle
 10
-574.491345596729
 20
-87.06134559672902
 30
0.0
 40
2.1
  0
CIRCLE
  5
2D458B
330
11F692
100
AcDbEntity
  8
ANA 10
100
AcDbCircle
 10
-581.2586544032707
 20
-87.06134559672902
 30
0.0
 40
2.1
  0
CIRCLE
  5
2D458C
330
11F692
100
AcDbEntity
  8
ANA 11.5
100
AcDbCircle
 10
-577.8749999999998
 20
-91.0306389903333
 30
0.0
 40
2.1
  0
CIRCLE
  5
2D458D
330
11F692
100
AcDbEntity
  8
ANA 10
100
AcDbCircle
 10
-570.7458020768341
 20
-91.26149043487705
 30
0.0
 40
2.1
  0
CIRCLE
  5
2D458E
330
11F692
100
AcDbEntity
  8
ANA 18.5
100
AcDbCircle
 10
-584.4381551554457
 20
-101.340577255042
 30
0.0
 40
2.1
  0
CIRCLE
  5
2D458F
330
11F692
100
AcDbEntity
  8
ANA 18.5
100
AcDbCircle
 10
-568.8086544032708
 20
-100.9799849333876
 30
0.0
 40
2.1
  0
CIRCLE
  5
2D4590
330
11F692
100
AcDbEntity
  8
ANA 18.5
100
AcDbCircle
 10
-576.757337189695
 20
-101.4156690431649
 30
0.0
 40
2.1
  0
CIRCLE
  5
2D4591
330
11F692
100
AcDbEntity
  8
ANA 13
100
AcDbCircle
 10
-587.6064150734769
 20
-95.79114439616736
 30
0.0
 40
2.1
  0
CIRCLE
  5
2D4592
330
11F692
100
AcDbEntity
  8
ANA 13
100
AcDbCircle
 10
-568.1435849265227
 20
-95.79114439616736
 30
0.0
 40
2.1
  0
CIRCLE
  5
2D4593
330
11F692
100
AcDbEntity
  8
ANA 13
100
AcDbCircle
 10
-588.051345596729
 20
-66.19365440327093
 30
0.0
 40
2.1
  0
CIRCLE
  5
2D4594
330
11F692
100
AcDbEntity
  8
ANA 13
100
AcDbCircle
 10
-567.6986544032708
 20
-66.19365440327093
 30
0.0
 40
2.1
  0
CIRCLE
  5
2D4595
330
11F692
100
AcDbEntity
  8
ANA 13
100
AcDbCircle
 10
-577.8749999999998
 20
-65.51999999999998
 30
0.0
 40
2.1
  0
CIRCLE
  5
2D4596
330
11F692
100
AcDbEntity
  8
ANA 18.5
100
AcDbCircle
 10
-584.4381551554457
 20
-58.92306208161653
 30
0.0
 40
2.1
  0
CIRCLE
  5
2D4597
330
11F692
100
AcDbEntity
  8
ANA 18.5
100
AcDbCircle
 10
-568.6086544032709
 20
-59.28365440327093
 30
0.0
 40
2.1
  0
CIRCLE
  5
2D4598
330
11F692
100
AcDbEntity
  8
ANA 18.5
100
AcDbCircle
 10
-576.757337189695
 20
-58.60999999999998
 30
0.0
 40
2.1
  0
CIRCLE
  5
2D4599
330
11F692
100
AcDbEntity
  8
ANA 13
100
AcDbCircle
 10
-577.8749999999998
 20
-96.24554941175848
 30
0.0
 40
2.1
  0
CIRCLE
  5
2D459A
330
11F692
100
AcDbEntity
  8
ANA 35
100
AcDbCircle
 10
-577.8749999999998
 20
53.25999999999993
 30
0.0
 40
2.1
  0
CIRCLE
  5
2D459B
330
11F692
100
AcDbEntity
  8
ANA 35
100
AcDbCircle
 10
-577.875
 20
-0.0000000000000782
 30
0.0
 40
2.1
  0
CIRCLE
  5
2D459C
330
11F692
100
AcDbEntity
  8
ANA 35
100
AcDbCircle
 10
-577.875
 20
-53.26000000000007
 30
0.0
 40
2.1
  0
CIRCLE
  5
2D459D
330
11F692
100
AcDbEntity
  8
ANA 10
100
AcDbCircle
 10
-553.8541979231657
 20
68.51850956512291
 30
0.0
 40
2.1
  0
CIRCLE
  5
2D459E
330
11F692
100
AcDbEntity
  8
ANA 11.5
100
AcDbCircle
 10
-546.7249999999999
 20
86.00063899033333
 30
0.0
 40
2.1
  0
CIRCLE
  5
2D459F
330
11F692
100
AcDbEntity
  8
ANA 10
100
AcDbCircle
 10
-550.1086544032707
 20
82.03134559672903
 30
0.0
 40
2.1
  0
CIRCLE
  5
2D45A0
330
11F692
100
AcDbEntity
  8
ANA 10
100
AcDbCircle
 10
-543.341345596729
 20
82.03134559672903
 30
0.0
 40
2.1
  0
CIRCLE
  5
2D45A1
330
11F692
100
AcDbEntity
  8
ANA 10
100
AcDbCircle
 10
-543.341345596729
 20
72.71865440327096
 30
0.0
 40
2.1
  0
CIRCLE
  5
2D45A2
330
11F692
100
AcDbEntity
  8
ANA 10
100
AcDbCircle
 10
-550.1086544032707
 20
72.71865440327096
 30
0.0
 40
2.1
  0
CIRCLE
  5
2D45A3
330
11F692
100
AcDbEntity
  8
ANA 11.5
100
AcDbCircle
 10
-546.7249999999999
 20
68.74936100966667
 30
0.0
 40
2.1
  0
CIRCLE
  5
2D45A4
330
11F692
100
AcDbEntity
  8
ANA 10
100
AcDbCircle
 10
-539.5958020768341
 20
68.51850956512291
 30
0.0
 40
2.1
  0
CIRCLE
  5
2D45A5
330
11F692
100
AcDbEntity
  8
ANA 18.5
100
AcDbCircle
 10
-553.2881551554457
 20
58.43942274495791
 30
0.0
 40
2.1
  0
CIRCLE
  5
2D45A6
330
11F692
100
AcDbEntity
  8
ANA 18.5
100
AcDbCircle
 10
-537.6586544032709
 20
58.80001506661233
 30
0.0
 40
2.1
  0
CIRCLE
  5
2D45A7
330
11F692
100
AcDbEntity
  8
ANA 18.5
100
AcDbCircle
 10
-545.607337189695
 20
58.36433095683501
 30
0.0
 40
2.1
  0
CIRCLE
  5
2D45A8
330
11F692
100
AcDbEntity
  8
ANA 13
100
AcDbCircle
 10
-556.456415073477
 20
63.98885560383261
 30
0.0
 40
2.1
  0
CIRCLE
  5
2D45A9
330
11F692
100
AcDbEntity
  8
ANA 13
100
AcDbCircle
 10
-536.9935849265227
 20
63.98885560383261
 30
0.0
 40
2.1
  0
CIRCLE
  5
2D45AA
330
11F692
100
AcDbEntity
  8
ANA 13
100
AcDbCircle
 10
-556.901345596729
 20
93.58634559672905
 30
0.0
 40
2.1
  0
CIRCLE
  5
2D45AB
330
11F692
100
AcDbEntity
  8
ANA 13
100
AcDbCircle
 10
-536.5486544032708
 20
93.58634559672905
 30
0.0
 40
2.1
  0
CIRCLE
  5
2D45AC
330
11F692
100
AcDbEntity
  8
ANA 13
100
AcDbCircle
 10
-546.7249999999999
 20
94.26
 30
0.0
 40
2.1
  0
CIRCLE
  5
2D45AD
330
11F692
100
AcDbEntity
  8
ANA 18.5
100
AcDbCircle
 10
-553.2881551554457
 20
100.8569379183834
 30
0.0
 40
2.1
  0
CIRCLE
  5
2D45AE
330
11F692
100
AcDbEntity
  8
ANA 18.5
100
AcDbCircle
 10
-537.4586544032708
 20
100.496345596729
 30
0.0
 40
2.1
  0
CIRCLE
  5
2D45AF
330
11F692
100
AcDbEntity
  8
ANA 18.5
100
AcDbCircle
 10
-545.607337189695
 20
101.17
 30
0.0
 40
2.1
  0
CIRCLE
  5
2D45B0
330
11F692
100
AcDbEntity
  8
ANA 13
100
AcDbCircle
 10
-546.7249999999999
 20
63.5344505882415
 30
0.0
 40
2.1
  0
CIRCLE
  5
2D45B1
330
11F692
100
AcDbEntity
  8
ANA 10
100
AcDbCircle
 10
-553.8541979231657
 20
15.25850956512293
 30
0.0
 40
2.1
  0
CIRCLE
  5
2D45B2
330
11F692
100
AcDbEntity
  8
ANA 11.5
100
AcDbCircle
 10
-546.7249999999999
 20
32.74063899033335
 30
0.0
 40
2.1
  0
CIRCLE
  5
2D45B3
330
11F692
100
AcDbEntity
  8
ANA 10
100
AcDbCircle
 10
-550.1086544032707
 20
28.77134559672906
 30
0.0
 40
2.1
  0
CIRCLE
  5
2D45B4
330
11F692
100
AcDbEntity
  8
ANA 10
100
AcDbCircle
 10
-543.341345596729
 20
28.77134559672906
 30
0.0
 40
2.1
  0
CIRCLE
  5
2D45B5
330
11F692
100
AcDbEntity
  8
ANA 10
100
AcDbCircle
 10
-543.341345596729
 20
19.45865440327098
 30
0.0
 40
2.1
  0
CIRCLE
  5
2D45B6
330
11F692
100
AcDbEntity
  8
ANA 10
100
AcDbCircle
 10
-550.1086544032707
 20
19.45865440327098
 30
0.0
 40
2.1
  0
CIRCLE
  5
2D45B7
330
11F692
100
AcDbEntity
  8
ANA 11.5
100
AcDbCircle
 10
-546.7249999999999
 20
15.48936100966669
 30
0.0
 40
2.1
  0
CIRCLE
  5
2D45B8
330
11F692
100
AcDbEntity
  8
ANA 10
100
AcDbCircle
 10
-539.5958020768341
 20
15.25850956512293
 30
0.0
 40
2.1
  0
CIRCLE
  5
2D45B9
330
11F692
100
AcDbEntity
  8
ANA 18.5
100
AcDbCircle
 10
-553.2881551554457
 20
5.179422744957925
 30
0.0
 40
2.1
  0
CIRCLE
  5
2D45BA
330
11F692
100
AcDbEntity
  8
ANA 18.5
100
AcDbCircle
 10
-537.6586544032709
 20
5.540015066612347
 30
0.0
 40
2.1
  0
CIRCLE
  5
2D45BB
330
11F692
100
AcDbEntity
  8
ANA 18.5
100
AcDbCircle
 10
-545.607337189695
 20
5.104330956835021
 30
0.0
 40
2.1
  0
CIRCLE
  5
2D45BC
330
11F692
100
AcDbEntity
  8
ANA 13
100
AcDbCircle
 10
-556.456415073477
 20
10.72885560383262
 30
0.0
 40
2.1
  0
CIRCLE
  5
2D45BD
330
11F692
100
AcDbEntity
  8
ANA 13
100
AcDbCircle
 10
-536.9935849265227
 20
10.72885560383262
 30
0.0
 40
2.1
  0
CIRCLE
  5
2D45BE
330
11F692
100
AcDbEntity
  8
ANA 13
100
AcDbCircle
 10
-556.901345596729
 20
40.32634559672906
 30
0.0
 40
2.1
  0
CIRCLE
  5
2D45BF
330
11F692
100
AcDbEntity
  8
ANA 13
100
AcDbCircle
 10
-536.5486544032708
 20
40.32634559672906
 30
0.0
 40
2.1
  0
CIRCLE
  5
2D45C0
330
11F692
100
AcDbEntity
  8
ANA 13
100
AcDbCircle
 10
-546.7249999999999
 20
41.0
 30
0.0
 40
2.1
  0
CIRCLE
  5
2D45C1
330
11F692
100
AcDbEntity
  8
ANA 18.5
100
AcDbCircle
 10
-553.2881551554457
 20
47.59693791838345
 30
0.0
 40
2.1
  0
CIRCLE
  5
2D45C2
330
11F692
100
AcDbEntity
  8
ANA 18.5
100
AcDbCircle
 10
-537.4586544032708
 20
47.23634559672905
 30
0.0
 40
2.1
  0
CIRCLE
  5
2D45C3
330
11F692
100
AcDbEntity
  8
ANA 18.5
100
AcDbCircle
 10
-545.607337189695
 20
47.91
 30
0.0
 40
2.1
  0
CIRCLE
  5
2D45C4
330
11F692
100
AcDbEntity
  8
ANA 13
100
AcDbCircle
 10
-546.7249999999999
 20
10.27445058824151
 30
0.0
 40
2.1
  0
CIRCLE
  5
2D45C5
330
11F692
100
AcDbEntity
  8
ANA 10
100
AcDbCircle
 10
-553.8541979231657
 20
-38.00149043487707
 30
0.0
 40
2.1
  0
CIRCLE
  5
2D45C6
330
11F692
100
AcDbEntity
  8
ANA 11.5
100
AcDbCircle
 10
-546.7249999999999
 20
-20.51936100966665
 30
0.0
 40
2.1
  0
CIRCLE
  5
2D45C7
330
11F692
100
AcDbEntity
  8
ANA 10
100
AcDbCircle
 10
-550.1086544032707
 20
-24.48865440327094
 30
0.0
 40
2.1
  0
CIRCLE
  5
2D45C8
330
11F692
100
AcDbEntity
  8
ANA 10
100
AcDbCircle
 10
-543.341345596729
 20
-24.48865440327094
 30
0.0
 40
2.1
  0
CIRCLE
  5
2D45C9
330
11F692
100
AcDbEntity
  8
ANA 10
100
AcDbCircle
 10
-543.341345596729
 20
-33.80134559672902
 30
0.0
 40
2.1
  0
CIRCLE
  5
2D45CA
330
11F692
100
AcDbEntity
  8
ANA 10
100
AcDbCircle
 10
-550.1086544032707
 20
-33.80134559672902
 30
0.0
 40
2.1
  0
CIRCLE
  5
2D45CB
330
11F692
100
AcDbEntity
  8
ANA 11.5
100
AcDbCircle
 10
-546.7249999999999
 20
-37.77063899033331
 30
0.0
 40
2.1
  0
CIRCLE
  5
2D45CC
330
11F692
100
AcDbEntity
  8
ANA 10
100
AcDbCircle
 10
-539.5958020768341
 20
-38.00149043487707
 30
0.0
 40
2.1
  0
CIRCLE
  5
2D45CD
330
11F692
100
AcDbEntity
  8
ANA 18.5
100
AcDbCircle
 10
-553.2881551554457
 20
-48.08057725504207
 30
0.0
 40
2.1
  0
CIRCLE
  5
2D45CE
330
11F692
100
AcDbEntity
  8
ANA 18.5
100
AcDbCircle
 10
-537.6586544032709
 20
-47.71998493338765
 30
0.0
 40
2.1
  0
CIRCLE
  5
2D45CF
330
11F692
100
AcDbEntity
  8
ANA 18.5
100
AcDbCircle
 10
-545.607337189695
 20
-48.15566904316497
 30
0.0
 40
2.1
  0
CIRCLE
  5
2D45D0
330
11F692
100
AcDbEntity
  8
ANA 13
100
AcDbCircle
 10
-556.456415073477
 20
-42.53114439616737
 30
0.0
 40
2.1
  0
CIRCLE
  5
2D45D1
330
11F692
100
AcDbEntity
  8
ANA 13
100
AcDbCircle
 10
-536.9935849265227
 20
-42.53114439616737
 30
0.0
 40
2.1
  0
CIRCLE
  5
2D45D2
330
11F692
100
AcDbEntity
  8
ANA 13
100
AcDbCircle
 10
-556.901345596729
 20
-12.93365440327093
 30
0.0
 40
2.1
  0
CIRCLE
  5
2D45D3
330
11F692
100
AcDbEntity
  8
ANA 13
100
AcDbCircle
 10
-536.5486544032708
 20
-12.93365440327093
 30
0.0
 40
2.1
  0
CIRCLE
  5
2D45D4
330
11F692
100
AcDbEntity
  8
ANA 13
100
AcDbCircle
 10
-546.7249999999999
 20
-12.25999999999999
 30
0.0
 40
2.1
  0
CIRCLE
  5
2D45D5
330
11F692
100
AcDbEntity
  8
ANA 18.5
100
AcDbCircle
 10
-553.2881551554457
 20
-5.663062081616544
 30
0.0
 40
2.1
  0
CIRCLE
  5
2D45D6
330
11F692
100
AcDbEntity
  8
ANA 18.5
100
AcDbCircle
 10
-537.4586544032708
 20
-6.023654403270938
 30
0.0
 40
2.1
  0
CIRCLE
  5
2D45D7
330
11F692
100
AcDbEntity
  8
ANA 18.5
100
AcDbCircle
 10
-545.607337189695
 20
-5.349999999999994
 30
0.0
 40
2.1
  0
CIRCLE
  5
2D45D8
330
11F692
100
AcDbEntity
  8
ANA 13
100
AcDbCircle
 10
-546.7249999999999
 20
-42.98554941175848
 30
0.0
 40
2.1
  0
CIRCLE
  5
2D45D9
330
11F692
100
AcDbEntity
  8
ANA 10
100
AcDbCircle
 10
-553.8541979231657
 20
-91.26149043487705
 30
0.0
 40
2.1
  0
CIRCLE
  5
2D45DA
330
11F692
100
AcDbEntity
  8
ANA 11.5
100
AcDbCircle
 10
-546.7249999999999
 20
-73.77936100966664
 30
0.0
 40
2.1
  0
CIRCLE
  5
2D45DB
330
11F692
100
AcDbEntity
  8
ANA 10
100
AcDbCircle
 10
-550.1086544032707
 20
-77.74865440327094
 30
0.0
 40
2.1
  0
CIRCLE
  5
2D45DC
330
11F692
100
AcDbEntity
  8
ANA 10
100
AcDbCircle
 10
-543.341345596729
 20
-77.74865440327094
 30
0.0
 40
2.1
  0
CIRCLE
  5
2D45DD
330
11F692
100
AcDbEntity
  8
ANA 10
100
AcDbCircle
 10
-543.341345596729
 20
-87.06134559672902
 30
0.0
 40
2.1
  0
CIRCLE
  5
2D45DE
330
11F692
100
AcDbEntity
  8
ANA 10
100
AcDbCircle
 10
-550.1086544032707
 20
-87.06134559672902
 30
0.0
 40
2.1
  0
CIRCLE
  5
2D45DF
330
11F692
100
AcDbEntity
  8
ANA 11.5
100
AcDbCircle
 10
-546.7249999999999
 20
-91.0306389903333
 30
0.0
 40
2.1
  0
CIRCLE
  5
2D45E0
330
11F692
100
AcDbEntity
  8
ANA 10
100
AcDbCircle
 10
-539.5958020768341
 20
-91.26149043487705
 30
0.0
 40
2.1
  0
CIRCLE
  5
2D45E1
330
11F692
100
AcDbEntity
  8
ANA 18.5
100
AcDbCircle
 10
-553.2881551554457
 20
-101.340577255042
 30
0.0
 40
2.1
  0
CIRCLE
  5
2D45E2
330
11F692
100
AcDbEntity
  8
ANA 18.5
100
AcDbCircle
 10
-537.6586544032709
 20
-100.9799849333876
 30
0.0
 40
2.1
  0
CIRCLE
  5
2D45E3
330
11F692
100
AcDbEntity
  8
ANA 18.5
100
AcDbCircle
 10
-545.607337189695
 20
-101.4156690431649
 30
0.0
 40
2.1
  0
CIRCLE
  5
2D45E4
330
11F692
100
AcDbEntity
  8
ANA 13
100
AcDbCircle
 10
-556.456415073477
 20
-95.79114439616736
 30
0.0
 40
2.1
  0
CIRCLE
  5
2D45E5
330
11F692
100
AcDbEntity
  8
ANA 13
100
AcDbCircle
 10
-536.9935849265227
 20
-95.79114439616736
 30
0.0
 40
2.1
  0
CIRCLE
  5
2D45E6
330
11F692
100
AcDbEntity
  8
ANA 13
100
AcDbCircle
 10
-556.901345596729
 20
-66.19365440327093
 30
0.0
 40
2.1
  0
CIRCLE
  5
2D45E7
330
11F692
100
AcDbEntity
  8
ANA 13
100
AcDbCircle
 10
-536.5486544032708
 20
-66.19365440327093
 30
0.0
 40
2.1
  0
CIRCLE
  5
2D45E8
330
11F692
100
AcDbEntity
  8
ANA 13
100
AcDbCircle
 10
-546.7249999999999
 20
-65.51999999999998
 30
0.0
 40
2.1
  0
CIRCLE
  5
2D45E9
330
11F692
100
AcDbEntity
  8
ANA 18.5
100
AcDbCircle
 10
-553.2881551554457
 20
-58.92306208161653
 30
0.0
 40
2.1
  0
CIRCLE
  5
2D45EA
330
11F692
100
AcDbEntity
  8
ANA 18.5
100
AcDbCircle
 10
-537.4586544032708
 20
-59.28365440327093
 30
0.0
 40
2.1
  0
CIRCLE
  5
2D45EB
330
11F692
100
AcDbEntity
  8
ANA 18.5
100
AcDbCircle
 10
-545.607337189695
 20
-58.60999999999998
 30
0.0
 40
2.1
  0
CIRCLE
  5
2D45EC
330
11F692
100
AcDbEntity
  8
ANA 13
100
AcDbCircle
 10
-546.7249999999999
 20
-96.24554941175848
 30
0.0
 40
2.1
  0
CIRCLE
  5
2D45ED
330
11F692
100
AcDbEntity
  8
ANA 35
100
AcDbCircle
 10
-546.7249999999999
 20
53.25999999999993
 30
0.0
 40
2.1
  0
CIRCLE
  5
2D45EE
330
11F692
100
AcDbEntity
  8
ANA 35
100
AcDbCircle
 10
-546.7249999999999
 20
-0.0000000000000782
 30
0.0
 40
2.1
  0
CIRCLE
  5
2D45EF
330
11F692
100
AcDbEntity
  8
ANA 35
100
AcDbCircle
 10
-546.7249999999999
 20
-53.26000000000007
 30
0.0
 40
2.1
  0
CIRCLE
  5
2D45F0
330
11F692
100
AcDbEntity
  8
ANA 10
100
AcDbCircle
 10
-522.7041979231658
 20
68.51850956512297
 30
0.0
 40
2.1
  0
CIRCLE
  5
2D45F1
330
11F692
100
AcDbEntity
  8
ANA 11.5
100
AcDbCircle
 10
-515.575
 20
86.00063899033338
 30
0.0
 40
2.1
  0
CIRCLE
  5
2D45F2
330
11F692
100
AcDbEntity
  8
ANA 10
100
AcDbCircle
 10
-518.9586544032708
 20
82.03134559672909
 30
0.0
 40
2.1
  0
CIRCLE
  5
2D45F3
330
11F692
100
AcDbEntity
  8
ANA 10
100
AcDbCircle
 10
-512.1913455967292
 20
82.03134559672909
 30
0.0
 40
2.1
  0
CIRCLE
  5
2D45F4
330
11F692
100
AcDbEntity
  8
ANA 10
100
AcDbCircle
 10
-512.1913455967292
 20
72.71865440327101
 30
0.0
 40
2.1
  0
CIRCLE
  5
2D45F5
330
11F692
100
AcDbEntity
  8
ANA 10
100
AcDbCircle
 10
-518.9586544032708
 20
72.71865440327101
 30
0.0
 40
2.1
  0
CIRCLE
  5
2D45F6
330
11F692
100
AcDbEntity
  8
ANA 11.5
100
AcDbCircle
 10
-515.575
 20
68.74936100966673
 30
0.0
 40
2.1
  0
CIRCLE
  5
2D45F7
330
11F692
100
AcDbEntity
  8
ANA 10
100
AcDbCircle
 10
-508.4458020768343
 20
68.51850956512297
 30
0.0
 40
2.1
  0
CIRCLE
  5
2D45F8
330
11F692
100
AcDbEntity
  8
ANA 18.5
100
AcDbCircle
 10
-522.1381551554459
 20
58.43942274495797
 30
0.0
 40
2.1
  0
CIRCLE
  5
2D45F9
330
11F692
100
AcDbEntity
  8
ANA 18.5
100
AcDbCircle
 10
-506.508654403271
 20
58.8000150666124
 30
0.0
 40
2.1
  0
CIRCLE
  5
2D45FA
330
11F692
100
AcDbEntity
  8
ANA 18.5
100
AcDbCircle
 10
-514.4573371896951
 20
58.36433095683506
 30
0.0
 40
2.1
  0
CIRCLE
  5
2D45FB
330
11F692
100
AcDbEntity
  8
ANA 13
100
AcDbCircle
 10
-525.3064150734771
 20
63.98885560383266
 30
0.0
 40
2.1
  0
CIRCLE
  5
2D45FC
330
11F692
100
AcDbEntity
  8
ANA 13
100
AcDbCircle
 10
-505.8435849265229
 20
63.98885560383266
 30
0.0
 40
2.1
  0
CIRCLE
  5
2D45FD
330
11F692
100
AcDbEntity
  8
ANA 13
100
AcDbCircle
 10
-525.7513455967291
 20
93.58634559672911
 30
0.0
 40
2.1
  0
CIRCLE
  5
2D45FE
330
11F692
100
AcDbEntity
  8
ANA 13
100
AcDbCircle
 10
-505.3986544032709
 20
93.58634559672911
 30
0.0
 40
2.1
  0
CIRCLE
  5
2D45FF
330
11F692
100
AcDbEntity
  8
ANA 13
100
AcDbCircle
 10
-515.575
 20
94.26000000000005
 30
0.0
 40
2.1
  0
CIRCLE
  5
2D4600
330
11F692
100
AcDbEntity
  8
ANA 18.5
100
AcDbCircle
 10
-522.1381551554459
 20
100.8569379183835
 30
0.0
 40
2.1
  0
CIRCLE
  5
2D4601
330
11F692
100
AcDbEntity
  8
ANA 18.5
100
AcDbCircle
 10
-506.308654403271
 20
100.4963455967291
 30
0.0
 40
2.1
  0
CIRCLE
  5
2D4602
330
11F692
100
AcDbEntity
  8
ANA 18.5
100
AcDbCircle
 10
-514.4573371896951
 20
101.17
 30
0.0
 40
2.1
  0
CIRCLE
  5
2D4603
330
11F692
100
AcDbEntity
  8
ANA 13
100
AcDbCircle
 10
-515.575
 20
63.53445058824156
 30
0.0
 40
2.1
  0
CIRCLE
  5
2D4604
330
11F692
100
AcDbEntity
  8
ANA 10
100
AcDbCircle
 10
-522.7041979231658
 20
15.25850956512298
 30
0.0
 40
2.1
  0
CIRCLE
  5
2D4605
330
11F692
100
AcDbEntity
  8
ANA 11.5
100
AcDbCircle
 10
-515.575
 20
32.7406389903334
 30
0.0
 40
2.1
  0
CIRCLE
  5
2D4606
330
11F692
100
AcDbEntity
  8
ANA 10
100
AcDbCircle
 10
-518.9586544032708
 20
28.77134559672911
 30
0.0
 40
2.1
  0
CIRCLE
  5
2D4607
330
11F692
100
AcDbEntity
  8
ANA 10
100
AcDbCircle
 10
-512.1913455967292
 20
28.77134559672911
 30
0.0
 40
2.1
  0
CIRCLE
  5
2D4608
330
11F692
100
AcDbEntity
  8
ANA 10
100
AcDbCircle
 10
-512.1913455967292
 20
19.45865440327103
 30
0.0
 40
2.1
  0
CIRCLE
  5
2D4609
330
11F692
100
AcDbEntity
  8
ANA 10
100
AcDbCircle
 10
-518.9586544032708
 20
19.45865440327103
 30
0.0
 40
2.1
  0
CIRCLE
  5
2D460A
330
11F692
100
AcDbEntity
  8
ANA 11.5
100
AcDbCircle
 10
-515.575
 20
15.48936100966674
 30
0.0
 40
2.1
  0
CIRCLE
  5
2D460B
330
11F692
100
AcDbEntity
  8
ANA 10
100
AcDbCircle
 10
-508.4458020768343
 20
15.25850956512298
 30
0.0
 40
2.1
  0
CIRCLE
  5
2D460C
330
11F692
100
AcDbEntity
  8
ANA 18.5
100
AcDbCircle
 10
-522.1381551554459
 20
5.179422744957982
 30
0.0
 40
2.1
  0
CIRCLE
  5
2D460D
330
11F692
100
AcDbEntity
  8
ANA 18.5
100
AcDbCircle
 10
-506.508654403271
 20
5.540015066612404
 30
0.0
 40
2.1
  0
CIRCLE
  5
2D460E
330
11F692
100
AcDbEntity
  8
ANA 18.5
100
AcDbCircle
 10
-514.4573371896951
 20
5.104330956835077
 30
0.0
 40
2.1
  0
CIRCLE
  5
2D460F
330
11F692
100
AcDbEntity
  8
ANA 13
100
AcDbCircle
 10
-525.3064150734771
 20
10.72885560383268
 30
0.0
 40
2.1
  0
CIRCLE
  5
2D4610
330
11F692
100
AcDbEntity
  8
ANA 13
100
AcDbCircle
 10
-505.8435849265229
 20
10.72885560383268
 30
0.0
 40
2.1
  0
CIRCLE
  5
2D4611
330
11F692
100
AcDbEntity
  8
ANA 13
100
AcDbCircle
 10
-525.7513455967291
 20
40.32634559672912
 30
0.0
 40
2.1
  0
CIRCLE
  5
2D4612
330
11F692
100
AcDbEntity
  8
ANA 13
100
AcDbCircle
 10
-505.3986544032709
 20
40.32634559672912
 30
0.0
 40
2.1
  0
CIRCLE
  5
2D4613
330
11F692
100
AcDbEntity
  8
ANA 13
100
AcDbCircle
 10
-515.575
 20
41.00000000000006
 30
0.0
 40
2.1
  0
CIRCLE
  5
2D4614
330
11F692
100
AcDbEntity
  8
ANA 18.5
100
AcDbCircle
 10
-522.1381551554459
 20
47.5969379183835
 30
0.0
 40
2.1
  0
CIRCLE
  5
2D4615
330
11F692
100
AcDbEntity
  8
ANA 18.5
100
AcDbCircle
 10
-506.308654403271
 20
47.23634559672912
 30
0.0
 40
2.1
  0
CIRCLE
  5
2D4616
330
11F692
100
AcDbEntity
  8
ANA 18.5
100
AcDbCircle
 10
-514.4573371896951
 20
47.91000000000006
 30
0.0
 40
2.1
  0
CIRCLE
  5
2D4617
330
11F692
100
AcDbEntity
  8
ANA 13
100
AcDbCircle
 10
-515.575
 20
10.27445058824157
 30
0.0
 40
2.1
  0
CIRCLE
  5
2D4618
330
11F692
100
AcDbEntity
  8
ANA 10
100
AcDbCircle
 10
-522.7041979231658
 20
-38.00149043487702
 30
0.0
 40
2.1
  0
CIRCLE
  5
2D4619
330
11F692
100
AcDbEntity
  8
ANA 11.5
100
AcDbCircle
 10
-515.575
 20
-20.5193610096666
 30
0.0
 40
2.1
  0
CIRCLE
  5
2D461A
330
11F692
100
AcDbEntity
  8
ANA 10
100
AcDbCircle
 10
-518.9586544032708
 20
-24.48865440327089
 30
0.0
 40
2.1
  0
CIRCLE
  5
2D461B
330
11F692
100
AcDbEntity
  8
ANA 10
100
AcDbCircle
 10
-512.1913455967292
 20
-24.48865440327089
 30
0.0
 40
2.1
  0
CIRCLE
  5
2D461C
330
11F692
100
AcDbEntity
  8
ANA 10
100
AcDbCircle
 10
-512.1913455967292
 20
-33.80134559672896
 30
0.0
 40
2.1
  0
CIRCLE
  5
2D461D
330
11F692
100
AcDbEntity
  8
ANA 10
100
AcDbCircle
 10
-518.9586544032708
 20
-33.80134559672896
 30
0.0
 40
2.1
  0
CIRCLE
  5
2D461E
330
11F692
100
AcDbEntity
  8
ANA 11.5
100
AcDbCircle
 10
-515.575
 20
-37.77063899033326
 30
0.0
 40
2.1
  0
CIRCLE
  5
2D461F
330
11F692
100
AcDbEntity
  8
ANA 10
100
AcDbCircle
 10
-508.4458020768343
 20
-38.00149043487702
 30
0.0
 40
2.1
  0
CIRCLE
  5
2D4620
330
11F692
100
AcDbEntity
  8
ANA 18.5
100
AcDbCircle
 10
-522.1381551554459
 20
-48.08057725504202
 30
0.0
 40
2.1
  0
CIRCLE
  5
2D4621
330
11F692
100
AcDbEntity
  8
ANA 18.5
100
AcDbCircle
 10
-506.508654403271
 20
-47.71998493338759
 30
0.0
 40
2.1
  0
CIRCLE
  5
2D4622
330
11F692
100
AcDbEntity
  8
ANA 18.5
100
AcDbCircle
 10
-514.4573371896951
 20
-48.15566904316492
 30
0.0
 40
2.1
  0
CIRCLE
  5
2D4623
330
11F692
100
AcDbEntity
  8
ANA 13
100
AcDbCircle
 10
-525.3064150734771
 20
-42.53114439616732
 30
0.0
 40
2.1
  0
CIRCLE
  5
2D4624
330
11F692
100
AcDbEntity
  8
ANA 13
100
AcDbCircle
 10
-505.8435849265229
 20
-42.53114439616732
 30
0.0
 40
2.1
  0
CIRCLE
  5
2D4625
330
11F692
100
AcDbEntity
  8
ANA 13
100
AcDbCircle
 10
-525.7513455967291
 20
-12.93365440327088
 30
0.0
 40
2.1
  0
CIRCLE
  5
2D4626
330
11F692
100
AcDbEntity
  8
ANA 13
100
AcDbCircle
 10
-505.3986544032709
 20
-12.93365440327088
 30
0.0
 40
2.1
  0
CIRCLE
  5
2D4627
330
11F692
100
AcDbEntity
  8
ANA 13
100
AcDbCircle
 10
-515.575
 20
-12.25999999999993
 30
0.0
 40
2.1
  0
CIRCLE
  5
2D4628
330
11F692
100
AcDbEntity
  8
ANA 18.5
100
AcDbCircle
 10
-522.1381551554459
 20
-5.663062081616487
 30
0.0
 40
2.1
  0
CIRCLE
  5
2D4629
330
11F692
100
AcDbEntity
  8
ANA 18.5
100
AcDbCircle
 10
-506.308654403271
 20
-6.023654403270882
 30
0.0
 40
2.1
  0
CIRCLE
  5
2D462A
330
11F692
100
AcDbEntity
  8
ANA 18.5
100
AcDbCircle
 10
-514.4573371896951
 20
-5.349999999999937
 30
0.0
 40
2.1
  0
CIRCLE
  5
2D462B
330
11F692
100
AcDbEntity
  8
ANA 13
100
AcDbCircle
 10
-515.575
 20
-42.98554941175843
 30
0.0
 40
2.1
  0
CIRCLE
  5
2D462C
330
11F692
100
AcDbEntity
  8
ANA 10
100
AcDbCircle
 10
-522.7041979231658
 20
-91.261490434877
 30
0.0
 40
2.1
  0
CIRCLE
  5
2D462D
330
11F692
100
AcDbEntity
  8
ANA 11.5
100
AcDbCircle
 10
-515.575
 20
-73.77936100966659
 30
0.0
 40
2.1
  0
CIRCLE
  5
2D462E
330
11F692
100
AcDbEntity
  8
ANA 10
100
AcDbCircle
 10
-518.9586544032708
 20
-77.74865440327087
 30
0.0
 40
2.1
  0
CIRCLE
  5
2D462F
330
11F692
100
AcDbEntity
  8
ANA 10
100
AcDbCircle
 10
-512.1913455967292
 20
-77.74865440327087
 30
0.0
 40
2.1
  0
CIRCLE
  5
2D4630
330
11F692
100
AcDbEntity
  8
ANA 10
100
AcDbCircle
 10
-512.1913455967292
 20
-87.06134559672895
 30
0.0
 40
2.1
  0
CIRCLE
  5
2D4631
330
11F692
100
AcDbEntity
  8
ANA 10
100
AcDbCircle
 10
-518.9586544032708
 20
-87.06134559672895
 30
0.0
 40
2.1
  0
CIRCLE
  5
2D4632
330
11F692
100
AcDbEntity
  8
ANA 11.5
100
AcDbCircle
 10
-515.575
 20
-91.03063899033324
 30
0.0
 40
2.1
  0
CIRCLE
  5
2D4633
330
11F692
100
AcDbEntity
  8
ANA 10
100
AcDbCircle
 10
-508.4458020768343
 20
-91.261490434877
 30
0.0
 40
2.1
  0
CIRCLE
  5
2D4634
330
11F692
100
AcDbEntity
  8
ANA 18.5
100
AcDbCircle
 10
-522.1381551554459
 20
-101.340577255042
 30
0.0
 40
2.1
  0
CIRCLE
  5
2D4635
330
11F692
100
AcDbEntity
  8
ANA 18.5
100
AcDbCircle
 10
-506.508654403271
 20
-100.9799849333876
 30
0.0
 40
2.1
  0
CIRCLE
  5
2D4636
330
11F692
100
AcDbEntity
  8
ANA 18.5
100
AcDbCircle
 10
-514.4573371896951
 20
-101.4156690431649
 30
0.0
 40
2.1
  0
CIRCLE
  5
2D4637
330
11F692
100
AcDbEntity
  8
ANA 13
100
AcDbCircle
 10
-525.3064150734771
 20
-95.79114439616731
 30
0.0
 40
2.1
  0
CIRCLE
  5
2D4638
330
11F692
100
AcDbEntity
  8
ANA 13
100
AcDbCircle
 10
-505.8435849265229
 20
-95.79114439616731
 30
0.0
 40
2.1
  0
CIRCLE
  5
2D4639
330
11F692
100
AcDbEntity
  8
ANA 13
100
AcDbCircle
 10
-525.7513455967291
 20
-66.19365440327086
 30
0.0
 40
2.1
  0
CIRCLE
  5
2D463A
330
11F692
100
AcDbEntity
  8
ANA 13
100
AcDbCircle
 10
-505.3986544032709
 20
-66.19365440327086
 30
0.0
 40
2.1
  0
CIRCLE
  5
2D463B
330
11F692
100
AcDbEntity
  8
ANA 13
100
AcDbCircle
 10
-515.575
 20
-65.51999999999992
 30
0.0
 40
2.1
  0
CIRCLE
  5
2D463C
330
11F692
100
AcDbEntity
  8
ANA 18.5
100
AcDbCircle
 10
-522.1381551554459
 20
-58.92306208161648
 30
0.0
 40
2.1
  0
CIRCLE
  5
2D463D
330
11F692
100
AcDbEntity
  8
ANA 18.5
100
AcDbCircle
 10
-506.308654403271
 20
-59.28365440327088
 30
0.0
 40
2.1
  0
CIRCLE
  5
2D463E
330
11F692
100
AcDbEntity
  8
ANA 18.5
100
AcDbCircle
 10
-514.4573371896951
 20
-58.60999999999993
 30
0.0
 40
2.1
  0
CIRCLE
  5
2D463F
330
11F692
100
AcDbEntity
  8
ANA 13
100
AcDbCircle
 10
-515.575
 20
-96.24554941175842
 30
0.0
 40
2.1
  0
CIRCLE
  5
2D4640
330
11F692
100
AcDbEntity
  8
ANA 35
100
AcDbCircle
 10
-515.575
 20
53.25999999999998
 30
0.0
 40
2.1
  0
CIRCLE
  5
2D4641
330
11F692
100
AcDbEntity
  8
ANA 35
100
AcDbCircle
 10
-515.5750000000002
 20
-0.0000000000000213
 30
0.0
 40
2.1
  0
CIRCLE
  5
2D4642
330
11F692
100
AcDbEntity
  8
ANA 35
100
AcDbCircle
 10
-515.5750000000002
 20
-53.26000000000001
 30
0.0
 40
2.1
  0
CIRCLE
  5
2D4643
330
11F692
100
AcDbEntity
  8
ANA 10
100
AcDbCircle
 10
-491.5541979231656
 20
68.51850956512291
 30
0.0
 40
2.1
  0
CIRCLE
  5
2D4644
330
11F692
100
AcDbEntity
  8
ANA 11.5
100
AcDbCircle
 10
-484.4249999999999
 20
86.00063899033333
 30
0.0
 40
2.1
  0
CIRCLE
  5
2D4645
330
11F692
100
AcDbEntity
  8
ANA 10
100
AcDbCircle
 10
-487.8086544032708
 20
82.03134559672903
 30
0.0
 40
2.1
  0
CIRCLE
  5
2D4646
330
11F692
100
AcDbEntity
  8
ANA 10
100
AcDbCircle
 10
-481.0413455967291
 20
82.03134559672903
 30
0.0
 40
2.1
  0
CIRCLE
  5
2D4647
330
11F692
100
AcDbEntity
  8
ANA 10
100
AcDbCircle
 10
-481.0413455967291
 20
72.71865440327096
 30
0.0
 40
2.1
  0
CIRCLE
  5
2D4648
330
11F692
100
AcDbEntity
  8
ANA 10
100
AcDbCircle
 10
-487.8086544032708
 20
72.71865440327096
 30
0.0
 40
2.1
  0
CIRCLE
  5
2D4649
330
11F692
100
AcDbEntity
  8
ANA 11.5
100
AcDbCircle
 10
-484.4249999999999
 20
68.74936100966667
 30
0.0
 40
2.1
  0
CIRCLE
  5
2D464A
330
11F692
100
AcDbEntity
  8
ANA 10
100
AcDbCircle
 10
-477.2958020768341
 20
68.51850956512291
 30
0.0
 40
2.1
  0
CIRCLE
  5
2D464B
330
11F692
100
AcDbEntity
  8
ANA 18.5
100
AcDbCircle
 10
-490.9881551554458
 20
58.43942274495791
 30
0.0
 40
2.1
  0
CIRCLE
  5
2D464C
330
11F692
100
AcDbEntity
  8
ANA 18.5
100
AcDbCircle
 10
-475.3586544032709
 20
58.80001506661233
 30
0.0
 40
2.1
  0
CIRCLE
  5
2D464D
330
11F692
100
AcDbEntity
  8
ANA 18.5
100
AcDbCircle
 10
-483.3073371896951
 20
58.36433095683501
 30
0.0
 40
2.1
  0
CIRCLE
  5
2D464E
330
11F692
100
AcDbEntity
  8
ANA 13
100
AcDbCircle
 10
-494.156415073477
 20
63.98885560383261
 30
0.0
 40
2.1
  0
CIRCLE
  5
2D464F
330
11F692
100
AcDbEntity
  8
ANA 13
100
AcDbCircle
 10
-474.6935849265228
 20
63.98885560383261
 30
0.0
 40
2.1
  0
CIRCLE
  5
2D4650
330
11F692
100
AcDbEntity
  8
ANA 13
100
AcDbCircle
 10
-494.601345596729
 20
93.58634559672905
 30
0.0
 40
2.1
  0
CIRCLE
  5
2D4651
330
11F692
100
AcDbEntity
  8
ANA 13
100
AcDbCircle
 10
-474.2486544032708
 20
93.58634559672905
 30
0.0
 40
2.1
  0
CIRCLE
  5
2D4652
330
11F692
100
AcDbEntity
  8
ANA 13
100
AcDbCircle
 10
-484.4249999999999
 20
94.26
 30
0.0
 40
2.1
  0
CIRCLE
  5
2D4653
330
11F692
100
AcDbEntity
  8
ANA 18.5
100
AcDbCircle
 10
-490.9881551554458
 20
100.8569379183834
 30
0.0
 40
2.1
  0
CIRCLE
  5
2D4654
330
11F692
100
AcDbEntity
  8
ANA 18.5
100
AcDbCircle
 10
-475.1586544032709
 20
100.496345596729
 30
0.0
 40
2.1
  0
CIRCLE
  5
2D4655
330
11F692
100
AcDbEntity
  8
ANA 18.5
100
AcDbCircle
 10
-483.3073371896951
 20
101.17
 30
0.0
 40
2.1
  0
CIRCLE
  5
2D4656
330
11F692
100
AcDbEntity
  8
ANA 13
100
AcDbCircle
 10
-484.4249999999999
 20
63.5344505882415
 30
0.0
 40
2.1
  0
CIRCLE
  5
2D4657
330
11F692
100
AcDbEntity
  8
ANA 10
100
AcDbCircle
 10
-491.5541979231656
 20
15.25850956512293
 30
0.0
 40
2.1
  0
CIRCLE
  5
2D4658
330
11F692
100
AcDbEntity
  8
ANA 11.5
100
AcDbCircle
 10
-484.4249999999999
 20
32.74063899033335
 30
0.0
 40
2.1
  0
CIRCLE
  5
2D4659
330
11F692
100
AcDbEntity
  8
ANA 10
100
AcDbCircle
 10
-487.8086544032708
 20
28.77134559672906
 30
0.0
 40
2.1
  0
CIRCLE
  5
2D465A
330
11F692
100
AcDbEntity
  8
ANA 10
100
AcDbCircle
 10
-481.0413455967291
 20
28.77134559672906
 30
0.0
 40
2.1
  0
CIRCLE
  5
2D465B
330
11F692
100
AcDbEntity
  8
ANA 10
100
AcDbCircle
 10
-481.0413455967291
 20
19.45865440327098
 30
0.0
 40
2.1
  0
CIRCLE
  5
2D465C
330
11F692
100
AcDbEntity
  8
ANA 10
100
AcDbCircle
 10
-487.8086544032708
 20
19.45865440327098
 30
0.0
 40
2.1
  0
CIRCLE
  5
2D465D
330
11F692
100
AcDbEntity
  8
ANA 11.5
100
AcDbCircle
 10
-484.4249999999999
 20
15.48936100966669
 30
0.0
 40
2.1
  0
CIRCLE
  5
2D465E
330
11F692
100
AcDbEntity
  8
ANA 10
100
AcDbCircle
 10
-477.2958020768341
 20
15.25850956512293
 30
0.0
 40
2.1
  0
CIRCLE
  5
2D465F
330
11F692
100
AcDbEntity
  8
ANA 18.5
100
AcDbCircle
 10
-490.9881551554458
 20
5.179422744957925
 30
0.0
 40
2.1
  0
CIRCLE
  5
2D4660
330
11F692
100
AcDbEntity
  8
ANA 18.5
100
AcDbCircle
 10
-475.3586544032709
 20
5.540015066612347
 30
0.0
 40
2.1
  0
CIRCLE
  5
2D4661
330
11F692
100
AcDbEntity
  8
ANA 18.5
100
AcDbCircle
 10
-483.3073371896951
 20
5.104330956835021
 30
0.0
 40
2.1
  0
CIRCLE
  5
2D4662
330
11F692
100
AcDbEntity
  8
ANA 13
100
AcDbCircle
 10
-494.156415073477
 20
10.72885560383262
 30
0.0
 40
2.1
  0
CIRCLE
  5
2D4663
330
11F692
100
AcDbEntity
  8
ANA 13
100
AcDbCircle
 10
-474.6935849265228
 20
10.72885560383262
 30
0.0
 40
2.1
  0
CIRCLE
  5
2D4664
330
11F692
100
AcDbEntity
  8
ANA 13
100
AcDbCircle
 10
-494.601345596729
 20
40.32634559672906
 30
0.0
 40
2.1
  0
CIRCLE
  5
2D4665
330
11F692
100
AcDbEntity
  8
ANA 13
100
AcDbCircle
 10
-474.2486544032708
 20
40.32634559672906
 30
0.0
 40
2.1
  0
CIRCLE
  5
2D4666
330
11F692
100
AcDbEntity
  8
ANA 13
100
AcDbCircle
 10
-484.4249999999999
 20
41.0
 30
0.0
 40
2.1
  0
CIRCLE
  5
2D4667
330
11F692
100
AcDbEntity
  8
ANA 18.5
100
AcDbCircle
 10
-490.9881551554458
 20
47.59693791838345
 30
0.0
 40
2.1
  0
CIRCLE
  5
2D4668
330
11F692
100
AcDbEntity
  8
ANA 18.5
100
AcDbCircle
 10
-475.1586544032709
 20
47.23634559672905
 30
0.0
 40
2.1
  0
CIRCLE
  5
2D4669
330
11F692
100
AcDbEntity
  8
ANA 18.5
100
AcDbCircle
 10
-483.3073371896951
 20
47.91
 30
0.0
 40
2.1
  0
CIRCLE
  5
2D466A
330
11F692
100
AcDbEntity
  8
ANA 13
100
AcDbCircle
 10
-484.4249999999999
 20
10.27445058824151
 30
0.0
 40
2.1
  0
CIRCLE
  5
2D466B
330
11F692
100
AcDbEntity
  8
ANA 10
100
AcDbCircle
 10
-491.5541979231656
 20
-38.00149043487707
 30
0.0
 40
2.1
  0
CIRCLE
  5
2D466C
330
11F692
100
AcDbEntity
  8
ANA 11.5
100
AcDbCircle
 10
-484.4249999999999
 20
-20.51936100966665
 30
0.0
 40
2.1
  0
CIRCLE
  5
2D466D
330
11F692
100
AcDbEntity
  8
ANA 10
100
AcDbCircle
 10
-487.8086544032708
 20
-24.48865440327094
 30
0.0
 40
2.1
  0
CIRCLE
  5
2D466E
330
11F692
100
AcDbEntity
  8
ANA 10
100
AcDbCircle
 10
-481.0413455967291
 20
-24.48865440327094
 30
0.0
 40
2.1
  0
CIRCLE
  5
2D466F
330
11F692
100
AcDbEntity
  8
ANA 10
100
AcDbCircle
 10
-481.0413455967291
 20
-33.80134559672902
 30
0.0
 40
2.1
  0
CIRCLE
  5
2D4670
330
11F692
100
AcDbEntity
  8
ANA 10
100
AcDbCircle
 10
-487.8086544032708
 20
-33.80134559672902
 30
0.0
 40
2.1
  0
CIRCLE
  5
2D4671
330
11F692
100
AcDbEntity
  8
ANA 11.5
100
AcDbCircle
 10
-484.4249999999999
 20
-37.77063899033331
 30
0.0
 40
2.1
  0
CIRCLE
  5
2D4672
330
11F692
100
AcDbEntity
  8
ANA 10
100
AcDbCircle
 10
-477.2958020768341
 20
-38.00149043487707
 30
0.0
 40
2.1
  0
CIRCLE
  5
2D4673
330
11F692
100
AcDbEntity
  8
ANA 18.5
100
AcDbCircle
 10
-490.9881551554458
 20
-48.08057725504207
 30
0.0
 40
2.1
  0
CIRCLE
  5
2D4674
330
11F692
100
AcDbEntity
  8
ANA 18.5
100
AcDbCircle
 10
-475.3586544032709
 20
-47.71998493338765
 30
0.0
 40
2.1
  0
CIRCLE
  5
2D4675
330
11F692
100
AcDbEntity
  8
ANA 18.5
100
AcDbCircle
 10
-483.3073371896951
 20
-48.15566904316497
 30
0.0
 40
2.1
  0
CIRCLE
  5
2D4676
330
11F692
100
AcDbEntity
  8
ANA 13
100
AcDbCircle
 10
-494.156415073477
 20
-42.53114439616737
 30
0.0
 40
2.1
  0
CIRCLE
  5
2D4677
330
11F692
100
AcDbEntity
  8
ANA 13
100
AcDbCircle
 10
-474.6935849265228
 20
-42.53114439616737
 30
0.0
 40
2.1
  0
CIRCLE
  5
2D4678
330
11F692
100
AcDbEntity
  8
ANA 13
100
AcDbCircle
 10
-494.601345596729
 20
-12.93365440327093
 30
0.0
 40
2.1
  0
CIRCLE
  5
2D4679
330
11F692
100
AcDbEntity
  8
ANA 13
100
AcDbCircle
 10
-474.2486544032708
 20
-12.93365440327093
 30
0.0
 40
2.1
  0
CIRCLE
  5
2D467A
330
11F692
100
AcDbEntity
  8
ANA 13
100
AcDbCircle
 10
-484.4249999999999
 20
-12.25999999999999
 30
0.0
 40
2.1
  0
CIRCLE
  5
2D467B
330
11F692
100
AcDbEntity
  8
ANA 18.5
100
AcDbCircle
 10
-490.9881551554458
 20
-5.663062081616544
 30
0.0
 40
2.1
  0
CIRCLE
  5
2D467C
330
11F692
100
AcDbEntity
  8
ANA 18.5
100
AcDbCircle
 10
-475.1586544032709
 20
-6.023654403270938
 30
0.0
 40
2.1
  0
CIRCLE
  5
2D467D
330
11F692
100
AcDbEntity
  8
ANA 18.5
100
AcDbCircle
 10
-483.3073371896951
 20
-5.349999999999994
 30
0.0
 40
2.1
  0
CIRCLE
  5
2D467E
330
11F692
100
AcDbEntity
  8
ANA 13
100
AcDbCircle
 10
-484.4249999999999
 20
-42.98554941175848
 30
0.0
 40
2.1
  0
CIRCLE
  5
2D467F
330
11F692
100
AcDbEntity
  8
ANA 10
100
AcDbCircle
 10
-491.5541979231656
 20
-91.26149043487705
 30
0.0
 40
2.1
  0
CIRCLE
  5
2D4680
330
11F692
100
AcDbEntity
  8
ANA 11.5
100
AcDbCircle
 10
-484.4249999999999
 20
-73.77936100966664
 30
0.0
 40
2.1
  0
CIRCLE
  5
2D4681
330
11F692
100
AcDbEntity
  8
ANA 10
100
AcDbCircle
 10
-487.8086544032708
 20
-77.74865440327094
 30
0.0
 40
2.1
  0
CIRCLE
  5
2D4682
330
11F692
100
AcDbEntity
  8
ANA 10
100
AcDbCircle
 10
-481.0413455967291
 20
-77.74865440327094
 30
0.0
 40
2.1
  0
CIRCLE
  5
2D4683
330
11F692
100
AcDbEntity
  8
ANA 10
100
AcDbCircle
 10
-481.0413455967291
 20
-87.06134559672902
 30
0.0
 40
2.1
  0
CIRCLE
  5
2D4684
330
11F692
100
AcDbEntity
  8
ANA 10
100
AcDbCircle
 10
-487.8086544032708
 20
-87.06134559672902
 30
0.0
 40
2.1
  0
CIRCLE
  5
2D4685
330
11F692
100
AcDbEntity
  8
ANA 11.5
100
AcDbCircle
 10
-484.4249999999999
 20
-91.0306389903333
 30
0.0
 40
2.1
  0
CIRCLE
  5
2D4686
330
11F692
100
AcDbEntity
  8
ANA 10
100
AcDbCircle
 10
-477.2958020768341
 20
-91.26149043487705
 30
0.0
 40
2.1
  0
CIRCLE
  5
2D4687
330
11F692
100
AcDbEntity
  8
ANA 18.5
100
AcDbCircle
 10
-490.9881551554458
 20
-101.340577255042
 30
0.0
 40
2.1
  0
CIRCLE
  5
2D4688
330
11F692
100
AcDbEntity
  8
ANA 18.5
100
AcDbCircle
 10
-475.3586544032709
 20
-100.9799849333876
 30
0.0
 40
2.1
  0
CIRCLE
  5
2D4689
330
11F692
100
AcDbEntity
  8
ANA 18.5
100
AcDbCircle
 10
-483.3073371896951
 20
-101.4156690431649
 30
0.0
 40
2.1
  0
CIRCLE
  5
2D468A
330
11F692
100
AcDbEntity
  8
ANA 13
100
AcDbCircle
 10
-494.156415073477
 20
-95.79114439616736
 30
0.0
 40
2.1
  0
CIRCLE
  5
2D468B
330
11F692
100
AcDbEntity
  8
ANA 13
100
AcDbCircle
 10
-474.6935849265228
 20
-95.79114439616736
 30
0.0
 40
2.1
  0
CIRCLE
  5
2D468C
330
11F692
100
AcDbEntity
  8
ANA 13
100
AcDbCircle
 10
-494.601345596729
 20
-66.19365440327093
 30
0.0
 40
2.1
  0
CIRCLE
  5
2D468D
330
11F692
100
AcDbEntity
  8
ANA 13
100
AcDbCircle
 10
-474.2486544032708
 20
-66.19365440327093
 30
0.0
 40
2.1
  0
CIRCLE
  5
2D468E
330
11F692
100
AcDbEntity
  8
ANA 13
100
AcDbCircle
 10
-484.4249999999999
 20
-65.51999999999998
 30
0.0
 40
2.1
  0
CIRCLE
  5
2D468F
330
11F692
100
AcDbEntity
  8
ANA 18.5
100
AcDbCircle
 10
-490.9881551554458
 20
-58.92306208161653
 30
0.0
 40
2.1
  0
CIRCLE
  5
2D4690
330
11F692
100
AcDbEntity
  8
ANA 18.5
100
AcDbCircle
 10
-475.1586544032709
 20
-59.28365440327093
 30
0.0
 40
2.1
  0
CIRCLE
  5
2D4691
330
11F692
100
AcDbEntity
  8
ANA 18.5
100
AcDbCircle
 10
-483.3073371896951
 20
-58.60999999999998
 30
0.0
 40
2.1
  0
CIRCLE
  5
2D4692
330
11F692
100
AcDbEntity
  8
ANA 13
100
AcDbCircle
 10
-484.4249999999999
 20
-96.24554941175848
 30
0.0
 40
2.1
  0
CIRCLE
  5
2D4693
330
11F692
100
AcDbEntity
  8
ANA 35
100
AcDbCircle
 10
-484.4249999999999
 20
53.25999999999993
 30
0.0
 40
2.1
  0
CIRCLE
  5
2D4694
330
11F692
100
AcDbEntity
  8
ANA 35
100
AcDbCircle
 10
-484.425
 20
-0.0000000000000782
 30
0.0
 40
2.1
  0
CIRCLE
  5
2D4695
330
11F692
100
AcDbEntity
  8
ANA 35
100
AcDbCircle
 10
-484.425
 20
-53.26000000000007
 30
0.0
 40
2.1
  0
CIRCLE
  5
2D4696
330
11F692
100
AcDbEntity
  8
ANA 10
100
AcDbCircle
 10
-460.4041979231657
 20
68.51850956512281
 30
0.0
 40
2.1
  0
CIRCLE
  5
2D4697
330
11F692
100
AcDbEntity
  8
ANA 11.5
100
AcDbCircle
 10
-453.2749999999999
 20
86.00063899033322
 30
0.0
 40
2.1
  0
CIRCLE
  5
2D4698
330
11F692
100
AcDbEntity
  8
ANA 10
100
AcDbCircle
 10
-456.6586544032707
 20
82.03134559672895
 30
0.0
 40
2.1
  0
CIRCLE
  5
2D4699
330
11F692
100
AcDbEntity
  8
ANA 10
100
AcDbCircle
 10
-449.891345596729
 20
82.03134559672895
 30
0.0
 40
2.1
  0
CIRCLE
  5
2D469A
330
11F692
100
AcDbEntity
  8
ANA 10
100
AcDbCircle
 10
-449.891345596729
 20
72.71865440327086
 30
0.0
 40
2.1
  0
CIRCLE
  5
2D469B
330
11F692
100
AcDbEntity
  8
ANA 10
100
AcDbCircle
 10
-456.6586544032707
 20
72.71865440327086
 30
0.0
 40
2.1
  0
CIRCLE
  5
2D469C
330
11F692
100
AcDbEntity
  8
ANA 11.5
100
AcDbCircle
 10
-453.2749999999999
 20
68.74936100966657
 30
0.0
 40
2.1
  0
CIRCLE
  5
2D469D
330
11F692
100
AcDbEntity
  8
ANA 10
100
AcDbCircle
 10
-446.1458020768342
 20
68.51850956512281
 30
0.0
 40
2.1
  0
CIRCLE
  5
2D469E
330
11F692
100
AcDbEntity
  8
ANA 18.5
100
AcDbCircle
 10
-459.8381551554457
 20
58.43942274495781
 30
0.0
 40
2.1
  0
CIRCLE
  5
2D469F
330
11F692
100
AcDbEntity
  8
ANA 18.5
100
AcDbCircle
 10
-444.2086544032709
 20
58.80001506661224
 30
0.0
 40
2.1
  0
CIRCLE
  5
2D46A0
330
11F692
100
AcDbEntity
  8
ANA 18.5
100
AcDbCircle
 10
-452.157337189695
 20
58.36433095683491
 30
0.0
 40
2.1
  0
CIRCLE
  5
2D46A1
330
11F692
100
AcDbEntity
  8
ANA 13
100
AcDbCircle
 10
-463.006415073477
 20
63.98885560383251
 30
0.0
 40
2.1
  0
CIRCLE
  5
2D46A2
330
11F692
100
AcDbEntity
  8
ANA 13
100
AcDbCircle
 10
-443.5435849265227
 20
63.98885560383251
 30
0.0
 40
2.1
  0
CIRCLE
  5
2D46A3
330
11F692
100
AcDbEntity
  8
ANA 13
100
AcDbCircle
 10
-463.451345596729
 20
93.58634559672895
 30
0.0
 40
2.1
  0
CIRCLE
  5
2D46A4
330
11F692
100
AcDbEntity
  8
ANA 13
100
AcDbCircle
 10
-443.0986544032708
 20
93.58634559672895
 30
0.0
 40
2.1
  0
CIRCLE
  5
2D46A5
330
11F692
100
AcDbEntity
  8
ANA 13
100
AcDbCircle
 10
-453.2749999999999
 20
94.25999999999989
 30
0.0
 40
2.1
  0
CIRCLE
  5
2D46A6
330
11F692
100
AcDbEntity
  8
ANA 18.5
100
AcDbCircle
 10
-459.8381551554457
 20
100.8569379183833
 30
0.0
 40
2.1
  0
CIRCLE
  5
2D46A7
330
11F692
100
AcDbEntity
  8
ANA 18.5
100
AcDbCircle
 10
-444.0086544032708
 20
100.4963455967289
 30
0.0
 40
2.1
  0
CIRCLE
  5
2D46A8
330
11F692
100
AcDbEntity
  8
ANA 18.5
100
AcDbCircle
 10
-452.157337189695
 20
101.1699999999999
 30
0.0
 40
2.1
  0
CIRCLE
  5
2D46A9
330
11F692
100
AcDbEntity
  8
ANA 13
100
AcDbCircle
 10
-453.2749999999999
 20
63.5344505882414
 30
0.0
 40
2.1
  0
CIRCLE
  5
2D46AA
330
11F692
100
AcDbEntity
  8
ANA 10
100
AcDbCircle
 10
-460.4041979231657
 20
15.25850956512283
 30
0.0
 40
2.1
  0
CIRCLE
  5
2D46AB
330
11F692
100
AcDbEntity
  8
ANA 11.5
100
AcDbCircle
 10
-453.2749999999999
 20
32.74063899033325
 30
0.0
 40
2.1
  0
CIRCLE
  5
2D46AC
330
11F692
100
AcDbEntity
  8
ANA 10
100
AcDbCircle
 10
-456.6586544032707
 20
28.77134559672896
 30
0.0
 40
2.1
  0
CIRCLE
  5
2D46AD
330
11F692
100
AcDbEntity
  8
ANA 10
100
AcDbCircle
 10
-449.891345596729
 20
28.77134559672896
 30
0.0
 40
2.1
  0
CIRCLE
  5
2D46AE
330
11F692
100
AcDbEntity
  8
ANA 10
100
AcDbCircle
 10
-449.891345596729
 20
19.45865440327088
 30
0.0
 40
2.1
  0
CIRCLE
  5
2D46AF
330
11F692
100
AcDbEntity
  8
ANA 10
100
AcDbCircle
 10
-456.6586544032707
 20
19.45865440327088
 30
0.0
 40
2.1
  0
CIRCLE
  5
2D46B0
330
11F692
100
AcDbEntity
  8
ANA 11.5
100
AcDbCircle
 10
-453.2749999999999
 20
15.48936100966659
 30
0.0
 40
2.1
  0
CIRCLE
  5
2D46B1
330
11F692
100
AcDbEntity
  8
ANA 10
100
AcDbCircle
 10
-446.1458020768342
 20
15.25850956512283
 30
0.0
 40
2.1
  0
CIRCLE
  5
2D46B2
330
11F692
100
AcDbEntity
  8
ANA 18.5
100
AcDbCircle
 10
-459.8381551554457
 20
5.179422744957825
 30
0.0
 40
2.1
  0
CIRCLE
  5
2D46B3
330
11F692
100
AcDbEntity
  8
ANA 18.5
100
AcDbCircle
 10
-444.2086544032709
 20
5.540015066612248
 30
0.0
 40
2.1
  0
CIRCLE
  5
2D46B4
330
11F692
100
AcDbEntity
  8
ANA 18.5
100
AcDbCircle
 10
-452.157337189695
 20
5.104330956834921
 30
0.0
 40
2.1
  0
CIRCLE
  5
2D46B5
330
11F692
100
AcDbEntity
  8
ANA 13
100
AcDbCircle
 10
-463.006415073477
 20
10.72885560383252
 30
0.0
 40
2.1
  0
CIRCLE
  5
2D46B6
330
11F692
100
AcDbEntity
  8
ANA 13
100
AcDbCircle
 10
-443.5435849265227
 20
10.72885560383252
 30
0.0
 40
2.1
  0
CIRCLE
  5
2D46B7
330
11F692
100
AcDbEntity
  8
ANA 13
100
AcDbCircle
 10
-463.451345596729
 20
40.32634559672896
 30
0.0
 40
2.1
  0
CIRCLE
  5
2D46B8
330
11F692
100
AcDbEntity
  8
ANA 13
100
AcDbCircle
 10
-443.0986544032708
 20
40.32634559672896
 30
0.0
 40
2.1
  0
CIRCLE
  5
2D46B9
330
11F692
100
AcDbEntity
  8
ANA 13
100
AcDbCircle
 10
-453.2749999999999
 20
40.9999999999999
 30
0.0
 40
2.1
  0
CIRCLE
  5
2D46BA
330
11F692
100
AcDbEntity
  8
ANA 18.5
100
AcDbCircle
 10
-459.8381551554457
 20
47.59693791838335
 30
0.0
 40
2.1
  0
CIRCLE
  5
2D46BB
330
11F692
100
AcDbEntity
  8
ANA 18.5
100
AcDbCircle
 10
-444.0086544032708
 20
47.23634559672896
 30
0.0
 40
2.1
  0
CIRCLE
  5
2D46BC
330
11F692
100
AcDbEntity
  8
ANA 18.5
100
AcDbCircle
 10
-452.157337189695
 20
47.9099999999999
 30
0.0
 40
2.1
  0
CIRCLE
  5
2D46BD
330
11F692
100
AcDbEntity
  8
ANA 13
100
AcDbCircle
 10
-453.2749999999999
 20
10.27445058824141
 30
0.0
 40
2.1
  0
CIRCLE
  5
2D46BE
330
11F692
100
AcDbEntity
  8
ANA 10
100
AcDbCircle
 10
-460.4041979231657
 20
-38.00149043487717
 30
0.0
 40
2.1
  0
CIRCLE
  5
2D46BF
330
11F692
100
AcDbEntity
  8
ANA 11.5
100
AcDbCircle
 10
-453.2749999999999
 20
-20.51936100966675
 30
0.0
 40
2.1
  0
CIRCLE
  5
2D46C0
330
11F692
100
AcDbEntity
  8
ANA 10
100
AcDbCircle
 10
-456.6586544032707
 20
-24.48865440327104
 30
0.0
 40
2.1
  0
CIRCLE
  5
2D46C1
330
11F692
100
AcDbEntity
  8
ANA 10
100
AcDbCircle
 10
-449.891345596729
 20
-24.48865440327104
 30
0.0
 40
2.1
  0
CIRCLE
  5
2D46C2
330
11F692
100
AcDbEntity
  8
ANA 10
100
AcDbCircle
 10
-449.891345596729
 20
-33.80134559672912
 30
0.0
 40
2.1
  0
CIRCLE
  5
2D46C3
330
11F692
100
AcDbEntity
  8
ANA 10
100
AcDbCircle
 10
-456.6586544032707
 20
-33.80134559672912
 30
0.0
 40
2.1
  0
CIRCLE
  5
2D46C4
330
11F692
100
AcDbEntity
  8
ANA 11.5
100
AcDbCircle
 10
-453.2749999999999
 20
-37.77063899033341
 30
0.0
 40
2.1
  0
CIRCLE
  5
2D46C5
330
11F692
100
AcDbEntity
  8
ANA 10
100
AcDbCircle
 10
-446.1458020768342
 20
-38.00149043487717
 30
0.0
 40
2.1
  0
CIRCLE
  5
2D46C6
330
11F692
100
AcDbEntity
  8
ANA 18.5
100
AcDbCircle
 10
-459.8381551554457
 20
-48.08057725504217
 30
0.0
 40
2.1
  0
CIRCLE
  5
2D46C7
330
11F692
100
AcDbEntity
  8
ANA 18.5
100
AcDbCircle
 10
-444.2086544032709
 20
-47.71998493338775
 30
0.0
 40
2.1
  0
CIRCLE
  5
2D46C8
330
11F692
100
AcDbEntity
  8
ANA 18.5
100
AcDbCircle
 10
-452.157337189695
 20
-48.15566904316508
 30
0.0
 40
2.1
  0
CIRCLE
  5
2D46C9
330
11F692
100
AcDbEntity
  8
ANA 13
100
AcDbCircle
 10
-463.006415073477
 20
-42.53114439616747
 30
0.0
 40
2.1
  0
CIRCLE
  5
2D46CA
330
11F692
100
AcDbEntity
  8
ANA 13
100
AcDbCircle
 10
-443.5435849265227
 20
-42.53114439616747
 30
0.0
 40
2.1
  0
CIRCLE
  5
2D46CB
330
11F692
100
AcDbEntity
  8
ANA 13
100
AcDbCircle
 10
-463.451345596729
 20
-12.93365440327103
 30
0.0
 40
2.1
  0
CIRCLE
  5
2D46CC
330
11F692
100
AcDbEntity
  8
ANA 13
100
AcDbCircle
 10
-443.0986544032708
 20
-12.93365440327103
 30
0.0
 40
2.1
  0
CIRCLE
  5
2D46CD
330
11F692
100
AcDbEntity
  8
ANA 13
100
AcDbCircle
 10
-453.2749999999999
 20
-12.26000000000009
 30
0.0
 40
2.1
  0
CIRCLE
  5
2D46CE
330
11F692
100
AcDbEntity
  8
ANA 18.5
100
AcDbCircle
 10
-459.8381551554457
 20
-5.663062081616644
 30
0.0
 40
2.1
  0
CIRCLE
  5
2D46CF
330
11F692
100
AcDbEntity
  8
ANA 18.5
100
AcDbCircle
 10
-444.0086544032708
 20
-6.023654403271038
 30
0.0
 40
2.1
  0
CIRCLE
  5
2D46D0
330
11F692
100
AcDbEntity
  8
ANA 18.5
100
AcDbCircle
 10
-452.157337189695
 20
-5.350000000000093
 30
0.0
 40
2.1
  0
CIRCLE
  5
2D46D1
330
11F692
100
AcDbEntity
  8
ANA 13
100
AcDbCircle
 10
-453.2749999999999
 20
-42.98554941175858
 30
0.0
 40
2.1
  0
CIRCLE
  5
2D46D2
330
11F692
100
AcDbEntity
  8
ANA 10
100
AcDbCircle
 10
-460.4041979231657
 20
-91.26149043487716
 30
0.0
 40
2.1
  0
CIRCLE
  5
2D46D3
330
11F692
100
AcDbEntity
  8
ANA 11.5
100
AcDbCircle
 10
-453.2749999999999
 20
-73.77936100966675
 30
0.0
 40
2.1
  0
CIRCLE
  5
2D46D4
330
11F692
100
AcDbEntity
  8
ANA 10
100
AcDbCircle
 10
-456.6586544032707
 20
-77.74865440327103
 30
0.0
 40
2.1
  0
CIRCLE
  5
2D46D5
330
11F692
100
AcDbEntity
  8
ANA 10
100
AcDbCircle
 10
-449.891345596729
 20
-77.74865440327103
 30
0.0
 40
2.1
  0
CIRCLE
  5
2D46D6
330
11F692
100
AcDbEntity
  8
ANA 10
100
AcDbCircle
 10
-449.891345596729
 20
-87.06134559672911
 30
0.0
 40
2.1
  0
CIRCLE
  5
2D46D7
330
11F692
100
AcDbEntity
  8
ANA 10
100
AcDbCircle
 10
-456.6586544032707
 20
-87.06134559672911
 30
0.0
 40
2.1
  0
CIRCLE
  5
2D46D8
330
11F692
100
AcDbEntity
  8
ANA 11.5
100
AcDbCircle
 10
-453.2749999999999
 20
-91.0306389903334
 30
0.0
 40
2.1
  0
CIRCLE
  5
2D46D9
330
11F692
100
AcDbEntity
  8
ANA 10
100
AcDbCircle
 10
-446.1458020768342
 20
-91.26149043487716
 30
0.0
 40
2.1
  0
CIRCLE
  5
2D46DA
330
11F692
100
AcDbEntity
  8
ANA 18.5
100
AcDbCircle
 10
-459.8381551554457
 20
-101.3405772550421
 30
0.0
 40
2.1
  0
CIRCLE
  5
2D46DB
330
11F692
100
AcDbEntity
  8
ANA 18.5
100
AcDbCircle
 10
-444.2086544032709
 20
-100.9799849333877
 30
0.0
 40
2.1
  0
CIRCLE
  5
2D46DC
330
11F692
100
AcDbEntity
  8
ANA 18.5
100
AcDbCircle
 10
-452.157337189695
 20
-101.4156690431651
 30
0.0
 40
2.1
  0
CIRCLE
  5
2D46DD
330
11F692
100
AcDbEntity
  8
ANA 13
100
AcDbCircle
 10
-463.006415073477
 20
-95.79114439616747
 30
0.0
 40
2.1
  0
CIRCLE
  5
2D46DE
330
11F692
100
AcDbEntity
  8
ANA 13
100
AcDbCircle
 10
-443.5435849265227
 20
-95.79114439616747
 30
0.0
 40
2.1
  0
CIRCLE
  5
2D46DF
330
11F692
100
AcDbEntity
  8
ANA 13
100
AcDbCircle
 10
-463.451345596729
 20
-66.19365440327102
 30
0.0
 40
2.1
  0
CIRCLE
  5
2D46E0
330
11F692
100
AcDbEntity
  8
ANA 13
100
AcDbCircle
 10
-443.0986544032708
 20
-66.19365440327102
 30
0.0
 40
2.1
  0
CIRCLE
  5
2D46E1
330
11F692
100
AcDbEntity
  8
ANA 13
100
AcDbCircle
 10
-453.2749999999999
 20
-65.52000000000008
 30
0.0
 40
2.1
  0
CIRCLE
  5
2D46E2
330
11F692
100
AcDbEntity
  8
ANA 18.5
100
AcDbCircle
 10
-459.8381551554457
 20
-58.92306208161663
 30
0.0
 40
2.1
  0
CIRCLE
  5
2D46E3
330
11F692
100
AcDbEntity
  8
ANA 18.5
100
AcDbCircle
 10
-444.0086544032708
 20
-59.28365440327103
 30
0.0
 40
2.1
  0
CIRCLE
  5
2D46E4
330
11F692
100
AcDbEntity
  8
ANA 18.5
100
AcDbCircle
 10
-452.157337189695
 20
-58.61000000000008
 30
0.0
 40
2.1
  0
CIRCLE
  5
2D46E5
330
11F692
100
AcDbEntity
  8
ANA 13
100
AcDbCircle
 10
-453.2749999999999
 20
-96.24554941175858
 30
0.0
 40
2.1
  0
CIRCLE
  5
2D46E6
330
11F692
100
AcDbEntity
  8
ANA 35
100
AcDbCircle
 10
-453.2749999999999
 20
53.25999999999982
 30
0.0
 40
2.1
  0
CIRCLE
  5
2D46E7
330
11F692
100
AcDbEntity
  8
ANA 35
100
AcDbCircle
 10
-453.275
 20
-0.0000000000001776
 30
0.0
 40
2.1
  0
CIRCLE
  5
2D46E8
330
11F692
100
AcDbEntity
  8
ANA 35
100
AcDbCircle
 10
-453.275
 20
-53.26000000000017
 30
0.0
 40
2.1
  0
CIRCLE
  5
2D46E9
330
11F692
100
AcDbEntity
  8
ANA 10
100
AcDbCircle
 10
-429.2541979231657
 20
68.51850956512291
 30
0.0
 40
2.1
  0
CIRCLE
  5
2D46EA
330
11F692
100
AcDbEntity
  8
ANA 11.5
100
AcDbCircle
 10
-422.125
 20
86.00063899033333
 30
0.0
 40
2.1
  0
CIRCLE
  5
2D46EB
330
11F692
100
AcDbEntity
  8
ANA 10
100
AcDbCircle
 10
-425.5086544032708
 20
82.03134559672903
 30
0.0
 40
2.1
  0
CIRCLE
  5
2D46EC
330
11F692
100
AcDbEntity
  8
ANA 10
100
AcDbCircle
 10
-418.7413455967291
 20
82.03134559672903
 30
0.0
 40
2.1
  0
CIRCLE
  5
2D46ED
330
11F692
100
AcDbEntity
  8
ANA 10
100
AcDbCircle
 10
-418.7413455967291
 20
72.71865440327096
 30
0.0
 40
2.1
  0
CIRCLE
  5
2D46EE
330
11F692
100
AcDbEntity
  8
ANA 10
100
AcDbCircle
 10
-425.5086544032708
 20
72.71865440327096
 30
0.0
 40
2.1
  0
CIRCLE
  5
2D46EF
330
11F692
100
AcDbEntity
  8
ANA 11.5
100
AcDbCircle
 10
-422.125
 20
68.74936100966667
 30
0.0
 40
2.1
  0
CIRCLE
  5
2D46F0
330
11F692
100
AcDbEntity
  8
ANA 10
100
AcDbCircle
 10
-414.9958020768342
 20
68.51850956512291
 30
0.0
 40
2.1
  0
CIRCLE
  5
2D46F1
330
11F692
100
AcDbEntity
  8
ANA 18.5
100
AcDbCircle
 10
-428.6881551554459
 20
58.43942274495791
 30
0.0
 40
2.1
  0
CIRCLE
  5
2D46F2
330
11F692
100
AcDbEntity
  8
ANA 18.5
100
AcDbCircle
 10
-413.058654403271
 20
58.80001506661233
 30
0.0
 40
2.1
  0
CIRCLE
  5
2D46F3
330
11F692
100
AcDbEntity
  8
ANA 18.5
100
AcDbCircle
 10
-421.0073371896951
 20
58.36433095683501
 30
0.0
 40
2.1
  0
CIRCLE
  5
2D46F4
330
11F692
100
AcDbEntity
  8
ANA 13
100
AcDbCircle
 10
-431.8564150734771
 20
63.98885560383261
 30
0.0
 40
2.1
  0
CIRCLE
  5
2D46F5
330
11F692
100
AcDbEntity
  8
ANA 13
100
AcDbCircle
 10
-412.3935849265228
 20
63.98885560383261
 30
0.0
 40
2.1
  0
CIRCLE
  5
2D46F6
330
11F692
100
AcDbEntity
  8
ANA 13
100
AcDbCircle
 10
-432.3013455967291
 20
93.58634559672905
 30
0.0
 40
2.1
  0
CIRCLE
  5
2D46F7
330
11F692
100
AcDbEntity
  8
ANA 13
100
AcDbCircle
 10
-411.9486544032708
 20
93.58634559672905
 30
0.0
 40
2.1
  0
CIRCLE
  5
2D46F8
330
11F692
100
AcDbEntity
  8
ANA 13
100
AcDbCircle
 10
-422.125
 20
94.26
 30
0.0
 40
2.1
  0
CIRCLE
  5
2D46F9
330
11F692
100
AcDbEntity
  8
ANA 18.5
100
AcDbCircle
 10
-428.6881551554459
 20
100.8569379183834
 30
0.0
 40
2.1
  0
CIRCLE
  5
2D46FA
330
11F692
100
AcDbEntity
  8
ANA 18.5
100
AcDbCircle
 10
-412.8586544032709
 20
100.496345596729
 30
0.0
 40
2.1
  0
CIRCLE
  5
2D46FB
330
11F692
100
AcDbEntity
  8
ANA 18.5
100
AcDbCircle
 10
-421.0073371896951
 20
101.17
 30
0.0
 40
2.1
  0
CIRCLE
  5
2D46FC
330
11F692
100
AcDbEntity
  8
ANA 13
100
AcDbCircle
 10
-422.125
 20
63.5344505882415
 30
0.0
 40
2.1
  0
CIRCLE
  5
2D46FD
330
11F692
100
AcDbEntity
  8
ANA 10
100
AcDbCircle
 10
-429.2541979231657
 20
15.25850956512293
 30
0.0
 40
2.1
  0
CIRCLE
  5
2D46FE
330
11F692
100
AcDbEntity
  8
ANA 11.5
100
AcDbCircle
 10
-422.125
 20
32.74063899033335
 30
0.0
 40
2.1
  0
CIRCLE
  5
2D46FF
330
11F692
100
AcDbEntity
  8
ANA 10
100
AcDbCircle
 10
-425.5086544032708
 20
28.77134559672906
 30
0.0
 40
2.1
  0
CIRCLE
  5
2D4700
330
11F692
100
AcDbEntity
  8
ANA 10
100
AcDbCircle
 10
-418.7413455967291
 20
28.77134559672906
 30
0.0
 40
2.1
  0
CIRCLE
  5
2D4701
330
11F692
100
AcDbEntity
  8
ANA 10
100
AcDbCircle
 10
-418.7413455967291
 20
19.45865440327098
 30
0.0
 40
2.1
  0
CIRCLE
  5
2D4702
330
11F692
100
AcDbEntity
  8
ANA 10
100
AcDbCircle
 10
-425.5086544032708
 20
19.45865440327098
 30
0.0
 40
2.1
  0
CIRCLE
  5
2D4703
330
11F692
100
AcDbEntity
  8
ANA 11.5
100
AcDbCircle
 10
-422.125
 20
15.48936100966669
 30
0.0
 40
2.1
  0
CIRCLE
  5
2D4704
330
11F692
100
AcDbEntity
  8
ANA 10
100
AcDbCircle
 10
-414.9958020768342
 20
15.25850956512293
 30
0.0
 40
2.1
  0
CIRCLE
  5
2D4705
330
11F692
100
AcDbEntity
  8
ANA 18.5
100
AcDbCircle
 10
-428.6881551554459
 20
5.179422744957925
 30
0.0
 40
2.1
  0
CIRCLE
  5
2D4706
330
11F692
100
AcDbEntity
  8
ANA 18.5
100
AcDbCircle
 10
-413.058654403271
 20
5.540015066612347
 30
0.0
 40
2.1
  0
CIRCLE
  5
2D4707
330
11F692
100
AcDbEntity
  8
ANA 18.5
100
AcDbCircle
 10
-421.0073371896951
 20
5.104330956835021
 30
0.0
 40
2.1
  0
CIRCLE
  5
2D4708
330
11F692
100
AcDbEntity
  8
ANA 13
100
AcDbCircle
 10
-431.8564150734771
 20
10.72885560383262
 30
0.0
 40
2.1
  0
CIRCLE
  5
2D4709
330
11F692
100
AcDbEntity
  8
ANA 13
100
AcDbCircle
 10
-412.3935849265228
 20
10.72885560383262
 30
0.0
 40
2.1
  0
CIRCLE
  5
2D470A
330
11F692
100
AcDbEntity
  8
ANA 13
100
AcDbCircle
 10
-432.3013455967291
 20
40.32634559672906
 30
0.0
 40
2.1
  0
CIRCLE
  5
2D470B
330
11F692
100
AcDbEntity
  8
ANA 13
100
AcDbCircle
 10
-411.9486544032708
 20
40.32634559672906
 30
0.0
 40
2.1
  0
CIRCLE
  5
2D470C
330
11F692
100
AcDbEntity
  8
ANA 13
100
AcDbCircle
 10
-422.125
 20
41.0
 30
0.0
 40
2.1
  0
CIRCLE
  5
2D470D
330
11F692
100
AcDbEntity
  8
ANA 18.5
100
AcDbCircle
 10
-428.6881551554459
 20
47.59693791838345
 30
0.0
 40
2.1
  0
CIRCLE
  5
2D470E
330
11F692
100
AcDbEntity
  8
ANA 18.5
100
AcDbCircle
 10
-412.8586544032709
 20
47.23634559672905
 30
0.0
 40
2.1
  0
CIRCLE
  5
2D470F
330
11F692
100
AcDbEntity
  8
ANA 18.5
100
AcDbCircle
 10
-421.0073371896951
 20
47.91
 30
0.0
 40
2.1
  0
CIRCLE
  5
2D4710
330
11F692
100
AcDbEntity
  8
ANA 13
100
AcDbCircle
 10
-422.125
 20
10.27445058824151
 30
0.0
 40
2.1
  0
CIRCLE
  5
2D4711
330
11F692
100
AcDbEntity
  8
ANA 10
100
AcDbCircle
 10
-429.2541979231657
 20
-38.00149043487707
 30
0.0
 40
2.1
  0
CIRCLE
  5
2D4712
330
11F692
100
AcDbEntity
  8
ANA 11.5
100
AcDbCircle
 10
-422.125
 20
-20.51936100966665
 30
0.0
 40
2.1
  0
CIRCLE
  5
2D4713
330
11F692
100
AcDbEntity
  8
ANA 10
100
AcDbCircle
 10
-425.5086544032708
 20
-24.48865440327094
 30
0.0
 40
2.1
  0
CIRCLE
  5
2D4714
330
11F692
100
AcDbEntity
  8
ANA 10
100
AcDbCircle
 10
-418.7413455967291
 20
-24.48865440327094
 30
0.0
 40
2.1
  0
CIRCLE
  5
2D4715
330
11F692
100
AcDbEntity
  8
ANA 10
100
AcDbCircle
 10
-418.7413455967291
 20
-33.80134559672902
 30
0.0
 40
2.1
  0
CIRCLE
  5
2D4716
330
11F692
100
AcDbEntity
  8
ANA 10
100
AcDbCircle
 10
-425.5086544032708
 20
-33.80134559672902
 30
0.0
 40
2.1
  0
CIRCLE
  5
2D4717
330
11F692
100
AcDbEntity
  8
ANA 11.5
100
AcDbCircle
 10
-422.125
 20
-37.77063899033331
 30
0.0
 40
2.1
  0
CIRCLE
  5
2D4718
330
11F692
100
AcDbEntity
  8
ANA 10
100
AcDbCircle
 10
-414.9958020768342
 20
-38.00149043487707
 30
0.0
 40
2.1
  0
CIRCLE
  5
2D4719
330
11F692
100
AcDbEntity
  8
ANA 18.5
100
AcDbCircle
 10
-428.6881551554459
 20
-48.08057725504207
 30
0.0
 40
2.1
  0
CIRCLE
  5
2D471A
330
11F692
100
AcDbEntity
  8
ANA 18.5
100
AcDbCircle
 10
-413.058654403271
 20
-47.71998493338765
 30
0.0
 40
2.1
  0
CIRCLE
  5
2D471B
330
11F692
100
AcDbEntity
  8
ANA 18.5
100
AcDbCircle
 10
-421.0073371896951
 20
-48.15566904316497
 30
0.0
 40
2.1
  0
CIRCLE
  5
2D471C
330
11F692
100
AcDbEntity
  8
ANA 13
100
AcDbCircle
 10
-431.8564150734771
 20
-42.53114439616737
 30
0.0
 40
2.1
  0
CIRCLE
  5
2D471D
330
11F692
100
AcDbEntity
  8
ANA 13
100
AcDbCircle
 10
-412.3935849265228
 20
-42.53114439616737
 30
0.0
 40
2.1
  0
CIRCLE
  5
2D471E
330
11F692
100
AcDbEntity
  8
ANA 13
100
AcDbCircle
 10
-432.3013455967291
 20
-12.93365440327093
 30
0.0
 40
2.1
  0
CIRCLE
  5
2D471F
330
11F692
100
AcDbEntity
  8
ANA 13
100
AcDbCircle
 10
-411.9486544032708
 20
-12.93365440327093
 30
0.0
 40
2.1
  0
CIRCLE
  5
2D4720
330
11F692
100
AcDbEntity
  8
ANA 13
100
AcDbCircle
 10
-422.125
 20
-12.25999999999999
 30
0.0
 40
2.1
  0
CIRCLE
  5
2D4721
330
11F692
100
AcDbEntity
  8
ANA 18.5
100
AcDbCircle
 10
-428.6881551554459
 20
-5.663062081616544
 30
0.0
 40
2.1
  0
CIRCLE
  5
2D4722
330
11F692
100
AcDbEntity
  8
ANA 18.5
100
AcDbCircle
 10
-412.8586544032709
 20
-6.023654403270938
 30
0.0
 40
2.1
  0
CIRCLE
  5
2D4723
330
11F692
100
AcDbEntity
  8
ANA 18.5
100
AcDbCircle
 10
-421.0073371896951
 20
-5.349999999999994
 30
0.0
 40
2.1
  0
CIRCLE
  5
2D4724
330
11F692
100
AcDbEntity
  8
ANA 13
100
AcDbCircle
 10
-422.125
 20
-42.98554941175848
 30
0.0
 40
2.1
  0
CIRCLE
  5
2D4725
330
11F692
100
AcDbEntity
  8
ANA 10
100
AcDbCircle
 10
-429.2541979231657
 20
-91.26149043487705
 30
0.0
 40
2.1
  0
CIRCLE
  5
2D4726
330
11F692
100
AcDbEntity
  8
ANA 11.5
100
AcDbCircle
 10
-422.125
 20
-73.77936100966664
 30
0.0
 40
2.1
  0
CIRCLE
  5
2D4727
330
11F692
100
AcDbEntity
  8
ANA 10
100
AcDbCircle
 10
-425.5086544032708
 20
-77.74865440327094
 30
0.0
 40
2.1
  0
CIRCLE
  5
2D4728
330
11F692
100
AcDbEntity
  8
ANA 10
100
AcDbCircle
 10
-418.7413455967291
 20
-77.74865440327094
 30
0.0
 40
2.1
  0
CIRCLE
  5
2D4729
330
11F692
100
AcDbEntity
  8
ANA 10
100
AcDbCircle
 10
-418.7413455967291
 20
-87.06134559672902
 30
0.0
 40
2.1
  0
CIRCLE
  5
2D472A
330
11F692
100
AcDbEntity
  8
ANA 10
100
AcDbCircle
 10
-425.5086544032708
 20
-87.06134559672902
 30
0.0
 40
2.1
  0
CIRCLE
  5
2D472B
330
11F692
100
AcDbEntity
  8
ANA 11.5
100
AcDbCircle
 10
-422.125
 20
-91.0306389903333
 30
0.0
 40
2.1
  0
CIRCLE
  5
2D472C
330
11F692
100
AcDbEntity
  8
ANA 10
100
AcDbCircle
 10
-414.9958020768342
 20
-91.26149043487705
 30
0.0
 40
2.1
  0
CIRCLE
  5
2D472D
330
11F692
100
AcDbEntity
  8
ANA 18.5
100
AcDbCircle
 10
-428.6881551554459
 20
-101.340577255042
 30
0.0
 40
2.1
  0
CIRCLE
  5
2D472E
330
11F692
100
AcDbEntity
  8
ANA 18.5
100
AcDbCircle
 10
-413.058654403271
 20
-100.9799849333876
 30
0.0
 40
2.1
  0
CIRCLE
  5
2D472F
330
11F692
100
AcDbEntity
  8
ANA 18.5
100
AcDbCircle
 10
-421.0073371896951
 20
-101.4156690431649
 30
0.0
 40
2.1
  0
CIRCLE
  5
2D4730
330
11F692
100
AcDbEntity
  8
ANA 13
100
AcDbCircle
 10
-431.8564150734771
 20
-95.79114439616736
 30
0.0
 40
2.1
  0
CIRCLE
  5
2D4731
330
11F692
100
AcDbEntity
  8
ANA 13
100
AcDbCircle
 10
-412.3935849265228
 20
-95.79114439616736
 30
0.0
 40
2.1
  0
CIRCLE
  5
2D4732
330
11F692
100
AcDbEntity
  8
ANA 13
100
AcDbCircle
 10
-432.3013455967291
 20
-66.19365440327093
 30
0.0
 40
2.1
  0
CIRCLE
  5
2D4733
330
11F692
100
AcDbEntity
  8
ANA 13
100
AcDbCircle
 10
-411.9486544032708
 20
-66.19365440327093
 30
0.0
 40
2.1
  0
CIRCLE
  5
2D4734
330
11F692
100
AcDbEntity
  8
ANA 13
100
AcDbCircle
 10
-422.125
 20
-65.51999999999998
 30
0.0
 40
2.1
  0
CIRCLE
  5
2D4735
330
11F692
100
AcDbEntity
  8
ANA 18.5
100
AcDbCircle
 10
-428.6881551554459
 20
-58.92306208161653
 30
0.0
 40
2.1
  0
CIRCLE
  5
2D4736
330
11F692
100
AcDbEntity
  8
ANA 18.5
100
AcDbCircle
 10
-412.8586544032709
 20
-59.28365440327093
 30
0.0
 40
2.1
  0
CIRCLE
  5
2D4737
330
11F692
100
AcDbEntity
  8
ANA 18.5
100
AcDbCircle
 10
-421.0073371896951
 20
-58.60999999999998
 30
0.0
 40
2.1
  0
CIRCLE
  5
2D4738
330
11F692
100
AcDbEntity
  8
ANA 13
100
AcDbCircle
 10
-422.125
 20
-96.24554941175848
 30
0.0
 40
2.1
  0
CIRCLE
  5
2D4739
330
11F692
100
AcDbEntity
  8
ANA 35
100
AcDbCircle
 10
-422.125
 20
53.25999999999993
 30
0.0
 40
2.1
  0
CIRCLE
  5
2D473A
330
11F692
100
AcDbEntity
  8
ANA 35
100
AcDbCircle
 10
-422.1250000000001
 20
-0.0000000000000782
 30
0.0
 40
2.1
  0
CIRCLE
  5
2D473B
330
11F692
100
AcDbEntity
  8
ANA 35
100
AcDbCircle
 10
-422.1250000000001
 20
-53.26000000000007
 30
0.0
 40
2.1
  0
CIRCLE
  5
2D473C
330
11F692
100
AcDbEntity
  8
ANA 10
100
AcDbCircle
 10
-398.1041979231659
 20
68.51850956512291
 30
0.0
 40
2.1
  0
CIRCLE
  5
2D473D
330
11F692
100
AcDbEntity
  8
ANA 11.5
100
AcDbCircle
 10
-390.9750000000002
 20
86.00063899033333
 30
0.0
 40
2.1
  0
CIRCLE
  5
2D473E
330
11F692
100
AcDbEntity
  8
ANA 10
100
AcDbCircle
 10
-394.358654403271
 20
82.03134559672903
 30
0.0
 40
2.1
  0
CIRCLE
  5
2D473F
330
11F692
100
AcDbEntity
  8
ANA 10
100
AcDbCircle
 10
-387.5913455967293
 20
82.03134559672903
 30
0.0
 40
2.1
  0
CIRCLE
  5
2D4740
330
11F692
100
AcDbEntity
  8
ANA 10
100
AcDbCircle
 10
-387.5913455967293
 20
72.71865440327096
 30
0.0
 40
2.1
  0
CIRCLE
  5
2D4741
330
11F692
100
AcDbEntity
  8
ANA 10
100
AcDbCircle
 10
-394.358654403271
 20
72.71865440327096
 30
0.0
 40
2.1
  0
CIRCLE
  5
2D4742
330
11F692
100
AcDbEntity
  8
ANA 11.5
100
AcDbCircle
 10
-390.9750000000002
 20
68.74936100966667
 30
0.0
 40
2.1
  0
CIRCLE
  5
2D4743
330
11F692
100
AcDbEntity
  8
ANA 10
100
AcDbCircle
 10
-383.8458020768344
 20
68.51850956512291
 30
0.0
 40
2.1
  0
CIRCLE
  5
2D4744
330
11F692
100
AcDbEntity
  8
ANA 18.5
100
AcDbCircle
 10
-397.538155155446
 20
58.43942274495791
 30
0.0
 40
2.1
  0
CIRCLE
  5
2D4745
330
11F692
100
AcDbEntity
  8
ANA 18.5
100
AcDbCircle
 10
-381.9086544032712
 20
58.80001506661233
 30
0.0
 40
2.1
  0
CIRCLE
  5
2D4746
330
11F692
100
AcDbEntity
  8
ANA 18.5
100
AcDbCircle
 10
-389.8573371896953
 20
58.36433095683501
 30
0.0
 40
2.1
  0
CIRCLE
  5
2D4747
330
11F692
100
AcDbEntity
  8
ANA 13
100
AcDbCircle
 10
-400.7064150734772
 20
63.98885560383261
 30
0.0
 40
2.1
  0
CIRCLE
  5
2D4748
330
11F692
100
AcDbEntity
  8
ANA 13
100
AcDbCircle
 10
-381.243584926523
 20
63.98885560383261
 30
0.0
 40
2.1
  0
CIRCLE
  5
2D4749
330
11F692
100
AcDbEntity
  8
ANA 13
100
AcDbCircle
 10
-401.1513455967292
 20
93.58634559672905
 30
0.0
 40
2.1
  0
CIRCLE
  5
2D474A
330
11F692
100
AcDbEntity
  8
ANA 13
100
AcDbCircle
 10
-380.798654403271
 20
93.58634559672905
 30
0.0
 40
2.1
  0
CIRCLE
  5
2D474B
330
11F692
100
AcDbEntity
  8
ANA 13
100
AcDbCircle
 10
-390.9750000000002
 20
94.26
 30
0.0
 40
2.1
  0
CIRCLE
  5
2D474C
330
11F692
100
AcDbEntity
  8
ANA 18.5
100
AcDbCircle
 10
-397.538155155446
 20
100.8569379183834
 30
0.0
 40
2.1
  0
CIRCLE
  5
2D474D
330
11F692
100
AcDbEntity
  8
ANA 18.5
100
AcDbCircle
 10
-381.7086544032711
 20
100.496345596729
 30
0.0
 40
2.1
  0
CIRCLE
  5
2D474E
330
11F692
100
AcDbEntity
  8
ANA 18.5
100
AcDbCircle
 10
-389.8573371896953
 20
101.17
 30
0.0
 40
2.1
  0
CIRCLE
  5
2D474F
330
11F692
100
AcDbEntity
  8
ANA 13
100
AcDbCircle
 10
-390.9750000000002
 20
63.5344505882415
 30
0.0
 40
2.1
  0
CIRCLE
  5
2D4750
330
11F692
100
AcDbEntity
  8
ANA 10
100
AcDbCircle
 10
-398.1041979231659
 20
15.25850956512293
 30
0.0
 40
2.1
  0
CIRCLE
  5
2D4751
330
11F692
100
AcDbEntity
  8
ANA 11.5
100
AcDbCircle
 10
-390.9750000000002
 20
32.74063899033335
 30
0.0
 40
2.1
  0
CIRCLE
  5
2D4752
330
11F692
100
AcDbEntity
  8
ANA 10
100
AcDbCircle
 10
-394.358654403271
 20
28.77134559672906
 30
0.0
 40
2.1
  0
CIRCLE
  5
2D4753
330
11F692
100
AcDbEntity
  8
ANA 10
100
AcDbCircle
 10
-387.5913455967293
 20
28.77134559672906
 30
0.0
 40
2.1
  0
CIRCLE
  5
2D4754
330
11F692
100
AcDbEntity
  8
ANA 10
100
AcDbCircle
 10
-387.5913455967293
 20
19.45865440327098
 30
0.0
 40
2.1
  0
CIRCLE
  5
2D4755
330
11F692
100
AcDbEntity
  8
ANA 10
100
AcDbCircle
 10
-394.358654403271
 20
19.45865440327098
 30
0.0
 40
2.1
  0
CIRCLE
  5
2D4756
330
11F692
100
AcDbEntity
  8
ANA 11.5
100
AcDbCircle
 10
-390.9750000000002
 20
15.48936100966669
 30
0.0
 40
2.1
  0
CIRCLE
  5
2D4757
330
11F692
100
AcDbEntity
  8
ANA 10
100
AcDbCircle
 10
-383.8458020768344
 20
15.25850956512293
 30
0.0
 40
2.1
  0
CIRCLE
  5
2D4758
330
11F692
100
AcDbEntity
  8
ANA 18.5
100
AcDbCircle
 10
-397.538155155446
 20
5.179422744957925
 30
0.0
 40
2.1
  0
CIRCLE
  5
2D4759
330
11F692
100
AcDbEntity
  8
ANA 18.5
100
AcDbCircle
 10
-381.9086544032712
 20
5.540015066612347
 30
0.0
 40
2.1
  0
CIRCLE
  5
2D475A
330
11F692
100
AcDbEntity
  8
ANA 18.5
100
AcDbCircle
 10
-389.8573371896953
 20
5.104330956835021
 30
0.0
 40
2.1
  0
CIRCLE
  5
2D475B
330
11F692
100
AcDbEntity
  8
ANA 13
100
AcDbCircle
 10
-400.7064150734772
 20
10.72885560383262
 30
0.0
 40
2.1
  0
CIRCLE
  5
2D475C
330
11F692
100
AcDbEntity
  8
ANA 13
100
AcDbCircle
 10
-381.243584926523
 20
10.72885560383262
 30
0.0
 40
2.1
  0
CIRCLE
  5
2D475D
330
11F692
100
AcDbEntity
  8
ANA 13
100
AcDbCircle
 10
-401.1513455967292
 20
40.32634559672906
 30
0.0
 40
2.1
  0
CIRCLE
  5
2D475E
330
11F692
100
AcDbEntity
  8
ANA 13
100
AcDbCircle
 10
-380.798654403271
 20
40.32634559672906
 30
0.0
 40
2.1
  0
CIRCLE
  5
2D475F
330
11F692
100
AcDbEntity
  8
ANA 13
100
AcDbCircle
 10
-390.9750000000002
 20
41.0
 30
0.0
 40
2.1
  0
CIRCLE
  5
2D4760
330
11F692
100
AcDbEntity
  8
ANA 18.5
100
AcDbCircle
 10
-397.538155155446
 20
47.59693791838345
 30
0.0
 40
2.1
  0
CIRCLE
  5
2D4761
330
11F692
100
AcDbEntity
  8
ANA 18.5
100
AcDbCircle
 10
-381.7086544032711
 20
47.23634559672905
 30
0.0
 40
2.1
  0
CIRCLE
  5
2D4762
330
11F692
100
AcDbEntity
  8
ANA 18.5
100
AcDbCircle
 10
-389.8573371896953
 20
47.91
 30
0.0
 40
2.1
  0
CIRCLE
  5
2D4763
330
11F692
100
AcDbEntity
  8
ANA 13
100
AcDbCircle
 10
-390.9750000000002
 20
10.27445058824151
 30
0.0
 40
2.1
  0
CIRCLE
  5
2D4764
330
11F692
100
AcDbEntity
  8
ANA 10
100
AcDbCircle
 10
-398.1041979231659
 20
-38.00149043487707
 30
0.0
 40
2.1
  0
CIRCLE
  5
2D4765
330
11F692
100
AcDbEntity
  8
ANA 11.5
100
AcDbCircle
 10
-390.9750000000002
 20
-20.51936100966665
 30
0.0
 40
2.1
  0
CIRCLE
  5
2D4766
330
11F692
100
AcDbEntity
  8
ANA 10
100
AcDbCircle
 10
-394.358654403271
 20
-24.48865440327094
 30
0.0
 40
2.1
  0
CIRCLE
  5
2D4767
330
11F692
100
AcDbEntity
  8
ANA 10
100
AcDbCircle
 10
-387.5913455967293
 20
-24.48865440327094
 30
0.0
 40
2.1
  0
CIRCLE
  5
2D4768
330
11F692
100
AcDbEntity
  8
ANA 10
100
AcDbCircle
 10
-387.5913455967293
 20
-33.80134559672902
 30
0.0
 40
2.1
  0
CIRCLE
  5
2D4769
330
11F692
100
AcDbEntity
  8
ANA 10
100
AcDbCircle
 10
-394.358654403271
 20
-33.80134559672902
 30
0.0
 40
2.1
  0
CIRCLE
  5
2D476A
330
11F692
100
AcDbEntity
  8
ANA 11.5
100
AcDbCircle
 10
-390.9750000000002
 20
-37.77063899033331
 30
0.0
 40
2.1
  0
CIRCLE
  5
2D476B
330
11F692
100
AcDbEntity
  8
ANA 10
100
AcDbCircle
 10
-383.8458020768344
 20
-38.00149043487707
 30
0.0
 40
2.1
  0
CIRCLE
  5
2D476C
330
11F692
100
AcDbEntity
  8
ANA 18.5
100
AcDbCircle
 10
-397.538155155446
 20
-48.08057725504207
 30
0.0
 40
2.1
  0
CIRCLE
  5
2D476D
330
11F692
100
AcDbEntity
  8
ANA 18.5
100
AcDbCircle
 10
-381.9086544032712
 20
-47.71998493338765
 30
0.0
 40
2.1
  0
CIRCLE
  5
2D476E
330
11F692
100
AcDbEntity
  8
ANA 18.5
100
AcDbCircle
 10
-389.8573371896953
 20
-48.15566904316497
 30
0.0
 40
2.1
  0
CIRCLE
  5
2D476F
330
11F692
100
AcDbEntity
  8
ANA 13
100
AcDbCircle
 10
-400.7064150734772
 20
-42.53114439616737
 30
0.0
 40
2.1
  0
CIRCLE
  5
2D4770
330
11F692
100
AcDbEntity
  8
ANA 13
100
AcDbCircle
 10
-381.243584926523
 20
-42.53114439616737
 30
0.0
 40
2.1
  0
CIRCLE
  5
2D4771
330
11F692
100
AcDbEntity
  8
ANA 13
100
AcDbCircle
 10
-401.1513455967292
 20
-12.93365440327093
 30
0.0
 40
2.1
  0
CIRCLE
  5
2D4772
330
11F692
100
AcDbEntity
  8
ANA 13
100
AcDbCircle
 10
-380.798654403271
 20
-12.93365440327093
 30
0.0
 40
2.1
  0
CIRCLE
  5
2D4773
330
11F692
100
AcDbEntity
  8
ANA 13
100
AcDbCircle
 10
-390.9750000000002
 20
-12.25999999999999
 30
0.0
 40
2.1
  0
CIRCLE
  5
2D4774
330
11F692
100
AcDbEntity
  8
ANA 18.5
100
AcDbCircle
 10
-397.538155155446
 20
-5.663062081616544
 30
0.0
 40
2.1
  0
CIRCLE
  5
2D4775
330
11F692
100
AcDbEntity
  8
ANA 18.5
100
AcDbCircle
 10
-381.7086544032711
 20
-6.023654403270938
 30
0.0
 40
2.1
  0
CIRCLE
  5
2D4776
330
11F692
100
AcDbEntity
  8
ANA 18.5
100
AcDbCircle
 10
-389.8573371896953
 20
-5.349999999999994
 30
0.0
 40
2.1
  0
CIRCLE
  5
2D4777
330
11F692
100
AcDbEntity
  8
ANA 13
100
AcDbCircle
 10
-390.9750000000002
 20
-42.98554941175848
 30
0.0
 40
2.1
  0
CIRCLE
  5
2D4778
330
11F692
100
AcDbEntity
  8
ANA 10
100
AcDbCircle
 10
-398.1041979231659
 20
-91.26149043487705
 30
0.0
 40
2.1
  0
CIRCLE
  5
2D4779
330
11F692
100
AcDbEntity
  8
ANA 11.5
100
AcDbCircle
 10
-390.9750000000002
 20
-73.77936100966664
 30
0.0
 40
2.1
  0
CIRCLE
  5
2D477A
330
11F692
100
AcDbEntity
  8
ANA 10
100
AcDbCircle
 10
-394.358654403271
 20
-77.74865440327094
 30
0.0
 40
2.1
  0
CIRCLE
  5
2D477B
330
11F692
100
AcDbEntity
  8
ANA 10
100
AcDbCircle
 10
-387.5913455967293
 20
-77.74865440327094
 30
0.0
 40
2.1
  0
CIRCLE
  5
2D477C
330
11F692
100
AcDbEntity
  8
ANA 10
100
AcDbCircle
 10
-387.5913455967293
 20
-87.06134559672902
 30
0.0
 40
2.1
  0
CIRCLE
  5
2D477D
330
11F692
100
AcDbEntity
  8
ANA 10
100
AcDbCircle
 10
-394.358654403271
 20
-87.06134559672902
 30
0.0
 40
2.1
  0
CIRCLE
  5
2D477E
330
11F692
100
AcDbEntity
  8
ANA 11.5
100
AcDbCircle
 10
-390.9750000000002
 20
-91.0306389903333
 30
0.0
 40
2.1
  0
CIRCLE
  5
2D477F
330
11F692
100
AcDbEntity
  8
ANA 10
100
AcDbCircle
 10
-383.8458020768344
 20
-91.26149043487705
 30
0.0
 40
2.1
  0
CIRCLE
  5
2D4780
330
11F692
100
AcDbEntity
  8
ANA 18.5
100
AcDbCircle
 10
-397.538155155446
 20
-101.340577255042
 30
0.0
 40
2.1
  0
CIRCLE
  5
2D4781
330
11F692
100
AcDbEntity
  8
ANA 18.5
100
AcDbCircle
 10
-381.9086544032712
 20
-100.9799849333876
 30
0.0
 40
2.1
  0
CIRCLE
  5
2D4782
330
11F692
100
AcDbEntity
  8
ANA 18.5
100
AcDbCircle
 10
-389.8573371896953
 20
-101.4156690431649
 30
0.0
 40
2.1
  0
CIRCLE
  5
2D4783
330
11F692
100
AcDbEntity
  8
ANA 13
100
AcDbCircle
 10
-400.7064150734772
 20
-95.79114439616736
 30
0.0
 40
2.1
  0
CIRCLE
  5
2D4784
330
11F692
100
AcDbEntity
  8
ANA 13
100
AcDbCircle
 10
-381.243584926523
 20
-95.79114439616736
 30
0.0
 40
2.1
  0
CIRCLE
  5
2D4785
330
11F692
100
AcDbEntity
  8
ANA 13
100
AcDbCircle
 10
-401.1513455967292
 20
-66.19365440327093
 30
0.0
 40
2.1
  0
CIRCLE
  5
2D4786
330
11F692
100
AcDbEntity
  8
ANA 13
100
AcDbCircle
 10
-380.798654403271
 20
-66.19365440327093
 30
0.0
 40
2.1
  0
CIRCLE
  5
2D4787
330
11F692
100
AcDbEntity
  8
ANA 13
100
AcDbCircle
 10
-390.9750000000002
 20
-65.51999999999998
 30
0.0
 40
2.1
  0
CIRCLE
  5
2D4788
330
11F692
100
AcDbEntity
  8
ANA 18.5
100
AcDbCircle
 10
-397.538155155446
 20
-58.92306208161653
 30
0.0
 40
2.1
  0
CIRCLE
  5
2D4789
330
11F692
100
AcDbEntity
  8
ANA 18.5
100
AcDbCircle
 10
-381.7086544032711
 20
-59.28365440327093
 30
0.0
 40
2.1
  0
CIRCLE
  5
2D478A
330
11F692
100
AcDbEntity
  8
ANA 18.5
100
AcDbCircle
 10
-389.8573371896953
 20
-58.60999999999998
 30
0.0
 40
2.1
  0
CIRCLE
  5
2D478B
330
11F692
100
AcDbEntity
  8
ANA 13
100
AcDbCircle
 10
-390.9750000000002
 20
-96.24554941175848
 30
0.0
 40
2.1
  0
CIRCLE
  5
2D478C
330
11F692
100
AcDbEntity
  8
ANA 35
100
AcDbCircle
 10
-390.9750000000002
 20
53.25999999999993
 30
0.0
 40
2.1
  0
CIRCLE
  5
2D478D
330
11F692
100
AcDbEntity
  8
ANA 35
100
AcDbCircle
 10
-390.9750000000002
 20
-0.0000000000000782
 30
0.0
 40
2.1
  0
CIRCLE
  5
2D478E
330
11F692
100
AcDbEntity
  8
ANA 35
100
AcDbCircle
 10
-390.9750000000002
 20
-53.26000000000007
 30
0.0
 40
2.1
  0
CIRCLE
  5
2D478F
330
11F692
100
AcDbEntity
  8
ANA 10
100
AcDbCircle
 10
-366.9541979231658
 20
68.51850956512291
 30
0.0
 40
2.1
  0
CIRCLE
  5
2D4790
330
11F692
100
AcDbEntity
  8
ANA 11.5
100
AcDbCircle
 10
-359.8250000000001
 20
86.00063899033333
 30
0.0
 40
2.1
  0
CIRCLE
  5
2D4791
330
11F692
100
AcDbEntity
  8
ANA 10
100
AcDbCircle
 10
-363.2086544032709
 20
82.03134559672903
 30
0.0
 40
2.1
  0
CIRCLE
  5
2D4792
330
11F692
100
AcDbEntity
  8
ANA 10
100
AcDbCircle
 10
-356.4413455967292
 20
82.03134559672903
 30
0.0
 40
2.1
  0
CIRCLE
  5
2D4793
330
11F692
100
AcDbEntity
  8
ANA 10
100
AcDbCircle
 10
-356.4413455967292
 20
72.71865440327096
 30
0.0
 40
2.1
  0
CIRCLE
  5
2D4794
330
11F692
100
AcDbEntity
  8
ANA 10
100
AcDbCircle
 10
-363.2086544032709
 20
72.71865440327096
 30
0.0
 40
2.1
  0
CIRCLE
  5
2D4795
330
11F692
100
AcDbEntity
  8
ANA 11.5
100
AcDbCircle
 10
-359.8250000000001
 20
68.74936100966667
 30
0.0
 40
2.1
  0
CIRCLE
  5
2D4796
330
11F692
100
AcDbEntity
  8
ANA 10
100
AcDbCircle
 10
-352.6958020768343
 20
68.51850956512291
 30
0.0
 40
2.1
  0
CIRCLE
  5
2D4797
330
11F692
100
AcDbEntity
  8
ANA 18.5
100
AcDbCircle
 10
-366.3881551554459
 20
58.43942274495791
 30
0.0
 40
2.1
  0
CIRCLE
  5
2D4798
330
11F692
100
AcDbEntity
  8
ANA 18.5
100
AcDbCircle
 10
-350.7586544032711
 20
58.80001506661233
 30
0.0
 40
2.1
  0
CIRCLE
  5
2D4799
330
11F692
100
AcDbEntity
  8
ANA 18.5
100
AcDbCircle
 10
-358.7073371896952
 20
58.36433095683501
 30
0.0
 40
2.1
  0
CIRCLE
  5
2D479A
330
11F692
100
AcDbEntity
  8
ANA 13
100
AcDbCircle
 10
-369.5564150734772
 20
63.98885560383261
 30
0.0
 40
2.1
  0
CIRCLE
  5
2D479B
330
11F692
100
AcDbEntity
  8
ANA 13
100
AcDbCircle
 10
-350.0935849265229
 20
63.98885560383261
 30
0.0
 40
2.1
  0
CIRCLE
  5
2D479C
330
11F692
100
AcDbEntity
  8
ANA 13
100
AcDbCircle
 10
-370.0013455967292
 20
93.58634559672905
 30
0.0
 40
2.1
  0
CIRCLE
  5
2D479D
330
11F692
100
AcDbEntity
  8
ANA 13
100
AcDbCircle
 10
-349.6486544032709
 20
93.58634559672905
 30
0.0
 40
2.1
  0
CIRCLE
  5
2D479E
330
11F692
100
AcDbEntity
  8
ANA 13
100
AcDbCircle
 10
-359.8250000000001
 20
94.26
 30
0.0
 40
2.1
  0
CIRCLE
  5
2D479F
330
11F692
100
AcDbEntity
  8
ANA 18.5
100
AcDbCircle
 10
-366.3881551554459
 20
100.8569379183834
 30
0.0
 40
2.1
  0
CIRCLE
  5
2D47A0
330
11F692
100
AcDbEntity
  8
ANA 18.5
100
AcDbCircle
 10
-350.558654403271
 20
100.496345596729
 30
0.0
 40
2.1
  0
CIRCLE
  5
2D47A1
330
11F692
100
AcDbEntity
  8
ANA 18.5
100
AcDbCircle
 10
-358.7073371896952
 20
101.17
 30
0.0
 40
2.1
  0
CIRCLE
  5
2D47A2
330
11F692
100
AcDbEntity
  8
ANA 13
100
AcDbCircle
 10
-359.8250000000001
 20
63.5344505882415
 30
0.0
 40
2.1
  0
CIRCLE
  5
2D47A3
330
11F692
100
AcDbEntity
  8
ANA 10
100
AcDbCircle
 10
-366.9541979231658
 20
15.25850956512293
 30
0.0
 40
2.1
  0
CIRCLE
  5
2D47A4
330
11F692
100
AcDbEntity
  8
ANA 11.5
100
AcDbCircle
 10
-359.8250000000001
 20
32.74063899033335
 30
0.0
 40
2.1
  0
CIRCLE
  5
2D47A5
330
11F692
100
AcDbEntity
  8
ANA 10
100
AcDbCircle
 10
-363.2086544032709
 20
28.77134559672906
 30
0.0
 40
2.1
  0
CIRCLE
  5
2D47A6
330
11F692
100
AcDbEntity
  8
ANA 10
100
AcDbCircle
 10
-356.4413455967292
 20
28.77134559672906
 30
0.0
 40
2.1
  0
CIRCLE
  5
2D47A7
330
11F692
100
AcDbEntity
  8
ANA 10
100
AcDbCircle
 10
-356.4413455967292
 20
19.45865440327098
 30
0.0
 40
2.1
  0
CIRCLE
  5
2D47A8
330
11F692
100
AcDbEntity
  8
ANA 10
100
AcDbCircle
 10
-363.2086544032709
 20
19.45865440327098
 30
0.0
 40
2.1
  0
CIRCLE
  5
2D47A9
330
11F692
100
AcDbEntity
  8
ANA 11.5
100
AcDbCircle
 10
-359.8250000000001
 20
15.48936100966669
 30
0.0
 40
2.1
  0
CIRCLE
  5
2D47AA
330
11F692
100
AcDbEntity
  8
ANA 10
100
AcDbCircle
 10
-352.6958020768343
 20
15.25850956512293
 30
0.0
 40
2.1
  0
CIRCLE
  5
2D47AB
330
11F692
100
AcDbEntity
  8
ANA 18.5
100
AcDbCircle
 10
-366.3881551554459
 20
5.179422744957925
 30
0.0
 40
2.1
  0
CIRCLE
  5
2D47AC
330
11F692
100
AcDbEntity
  8
ANA 18.5
100
AcDbCircle
 10
-350.7586544032711
 20
5.540015066612347
 30
0.0
 40
2.1
  0
CIRCLE
  5
2D47AD
330
11F692
100
AcDbEntity
  8
ANA 18.5
100
AcDbCircle
 10
-358.7073371896952
 20
5.104330956835021
 30
0.0
 40
2.1
  0
CIRCLE
  5
2D47AE
330
11F692
100
AcDbEntity
  8
ANA 13
100
AcDbCircle
 10
-369.5564150734772
 20
10.72885560383262
 30
0.0
 40
2.1
  0
CIRCLE
  5
2D47AF
330
11F692
100
AcDbEntity
  8
ANA 13
100
AcDbCircle
 10
-350.0935849265229
 20
10.72885560383262
 30
0.0
 40
2.1
  0
CIRCLE
  5
2D47B0
330
11F692
100
AcDbEntity
  8
ANA 13
100
AcDbCircle
 10
-370.0013455967292
 20
40.32634559672906
 30
0.0
 40
2.1
  0
CIRCLE
  5
2D47B1
330
11F692
100
AcDbEntity
  8
ANA 13
100
AcDbCircle
 10
-349.6486544032709
 20
40.32634559672906
 30
0.0
 40
2.1
  0
CIRCLE
  5
2D47B2
330
11F692
100
AcDbEntity
  8
ANA 13
100
AcDbCircle
 10
-359.8250000000001
 20
41.0
 30
0.0
 40
2.1
  0
CIRCLE
  5
2D47B3
330
11F692
100
AcDbEntity
  8
ANA 18.5
100
AcDbCircle
 10
-366.3881551554459
 20
47.59693791838345
 30
0.0
 40
2.1
  0
CIRCLE
  5
2D47B4
330
11F692
100
AcDbEntity
  8
ANA 18.5
100
AcDbCircle
 10
-350.558654403271
 20
47.23634559672905
 30
0.0
 40
2.1
  0
CIRCLE
  5
2D47B5
330
11F692
100
AcDbEntity
  8
ANA 18.5
100
AcDbCircle
 10
-358.7073371896952
 20
47.91
 30
0.0
 40
2.1
  0
CIRCLE
  5
2D47B6
330
11F692
100
AcDbEntity
  8
ANA 13
100
AcDbCircle
 10
-359.8250000000001
 20
10.27445058824151
 30
0.0
 40
2.1
  0
CIRCLE
  5
2D47B7
330
11F692
100
AcDbEntity
  8
ANA 10
100
AcDbCircle
 10
-366.9541979231658
 20
-38.00149043487707
 30
0.0
 40
2.1
  0
CIRCLE
  5
2D47B8
330
11F692
100
AcDbEntity
  8
ANA 11.5
100
AcDbCircle
 10
-359.8250000000001
 20
-20.51936100966665
 30
0.0
 40
2.1
  0
CIRCLE
  5
2D47B9
330
11F692
100
AcDbEntity
  8
ANA 10
100
AcDbCircle
 10
-363.2086544032709
 20
-24.48865440327094
 30
0.0
 40
2.1
  0
CIRCLE
  5
2D47BA
330
11F692
100
AcDbEntity
  8
ANA 10
100
AcDbCircle
 10
-356.4413455967292
 20
-24.48865440327094
 30
0.0
 40
2.1
  0
CIRCLE
  5
2D47BB
330
11F692
100
AcDbEntity
  8
ANA 10
100
AcDbCircle
 10
-356.4413455967292
 20
-33.80134559672902
 30
0.0
 40
2.1
  0
CIRCLE
  5
2D47BC
330
11F692
100
AcDbEntity
  8
ANA 10
100
AcDbCircle
 10
-363.2086544032709
 20
-33.80134559672902
 30
0.0
 40
2.1
  0
CIRCLE
  5
2D47BD
330
11F692
100
AcDbEntity
  8
ANA 11.5
100
AcDbCircle
 10
-359.8250000000001
 20
-37.77063899033331
 30
0.0
 40
2.1
  0
CIRCLE
  5
2D47BE
330
11F692
100
AcDbEntity
  8
ANA 10
100
AcDbCircle
 10
-352.6958020768343
 20
-38.00149043487707
 30
0.0
 40
2.1
  0
CIRCLE
  5
2D47BF
330
11F692
100
AcDbEntity
  8
ANA 18.5
100
AcDbCircle
 10
-366.3881551554459
 20
-48.08057725504207
 30
0.0
 40
2.1
  0
CIRCLE
  5
2D47C0
330
11F692
100
AcDbEntity
  8
ANA 18.5
100
AcDbCircle
 10
-350.7586544032711
 20
-47.71998493338765
 30
0.0
 40
2.1
  0
CIRCLE
  5
2D47C1
330
11F692
100
AcDbEntity
  8
ANA 18.5
100
AcDbCircle
 10
-358.7073371896952
 20
-48.15566904316497
 30
0.0
 40
2.1
  0
CIRCLE
  5
2D47C2
330
11F692
100
AcDbEntity
  8
ANA 13
100
AcDbCircle
 10
-369.5564150734772
 20
-42.53114439616737
 30
0.0
 40
2.1
  0
CIRCLE
  5
2D47C3
330
11F692
100
AcDbEntity
  8
ANA 13
100
AcDbCircle
 10
-350.0935849265229
 20
-42.53114439616737
 30
0.0
 40
2.1
  0
CIRCLE
  5
2D47C4
330
11F692
100
AcDbEntity
  8
ANA 13
100
AcDbCircle
 10
-370.0013455967292
 20
-12.93365440327093
 30
0.0
 40
2.1
  0
CIRCLE
  5
2D47C5
330
11F692
100
AcDbEntity
  8
ANA 13
100
AcDbCircle
 10
-349.6486544032709
 20
-12.93365440327093
 30
0.0
 40
2.1
  0
CIRCLE
  5
2D47C6
330
11F692
100
AcDbEntity
  8
ANA 13
100
AcDbCircle
 10
-359.8250000000001
 20
-12.25999999999999
 30
0.0
 40
2.1
  0
CIRCLE
  5
2D47C7
330
11F692
100
AcDbEntity
  8
ANA 18.5
100
AcDbCircle
 10
-366.3881551554459
 20
-5.663062081616544
 30
0.0
 40
2.1
  0
CIRCLE
  5
2D47C8
330
11F692
100
AcDbEntity
  8
ANA 18.5
100
AcDbCircle
 10
-350.558654403271
 20
-6.023654403270938
 30
0.0
 40
2.1
  0
CIRCLE
  5
2D47C9
330
11F692
100
AcDbEntity
  8
ANA 18.5
100
AcDbCircle
 10
-358.7073371896952
 20
-5.349999999999994
 30
0.0
 40
2.1
  0
CIRCLE
  5
2D47CA
330
11F692
100
AcDbEntity
  8
ANA 13
100
AcDbCircle
 10
-359.8250000000001
 20
-42.98554941175848
 30
0.0
 40
2.1
  0
CIRCLE
  5
2D47CB
330
11F692
100
AcDbEntity
  8
ANA 10
100
AcDbCircle
 10
-366.9541979231658
 20
-91.26149043487705
 30
0.0
 40
2.1
  0
CIRCLE
  5
2D47CC
330
11F692
100
AcDbEntity
  8
ANA 11.5
100
AcDbCircle
 10
-359.8250000000001
 20
-73.77936100966664
 30
0.0
 40
2.1
  0
CIRCLE
  5
2D47CD
330
11F692
100
AcDbEntity
  8
ANA 10
100
AcDbCircle
 10
-363.2086544032709
 20
-77.74865440327094
 30
0.0
 40
2.1
  0
CIRCLE
  5
2D47CE
330
11F692
100
AcDbEntity
  8
ANA 10
100
AcDbCircle
 10
-356.4413455967292
 20
-77.74865440327094
 30
0.0
 40
2.1
  0
CIRCLE
  5
2D47CF
330
11F692
100
AcDbEntity
  8
ANA 10
100
AcDbCircle
 10
-356.4413455967292
 20
-87.06134559672902
 30
0.0
 40
2.1
  0
CIRCLE
  5
2D47D0
330
11F692
100
AcDbEntity
  8
ANA 10
100
AcDbCircle
 10
-363.2086544032709
 20
-87.06134559672902
 30
0.0
 40
2.1
  0
CIRCLE
  5
2D47D1
330
11F692
100
AcDbEntity
  8
ANA 11.5
100
AcDbCircle
 10
-359.8250000000001
 20
-91.0306389903333
 30
0.0
 40
2.1
  0
CIRCLE
  5
2D47D2
330
11F692
100
AcDbEntity
  8
ANA 10
100
AcDbCircle
 10
-352.6958020768343
 20
-91.26149043487705
 30
0.0
 40
2.1
  0
CIRCLE
  5
2D47D3
330
11F692
100
AcDbEntity
  8
ANA 18.5
100
AcDbCircle
 10
-366.3881551554459
 20
-101.340577255042
 30
0.0
 40
2.1
  0
CIRCLE
  5
2D47D4
330
11F692
100
AcDbEntity
  8
ANA 18.5
100
AcDbCircle
 10
-350.7586544032711
 20
-100.9799849333876
 30
0.0
 40
2.1
  0
CIRCLE
  5
2D47D5
330
11F692
100
AcDbEntity
  8
ANA 18.5
100
AcDbCircle
 10
-358.7073371896952
 20
-101.4156690431649
 30
0.0
 40
2.1
  0
CIRCLE
  5
2D47D6
330
11F692
100
AcDbEntity
  8
ANA 13
100
AcDbCircle
 10
-369.5564150734772
 20
-95.79114439616736
 30
0.0
 40
2.1
  0
CIRCLE
  5
2D47D7
330
11F692
100
AcDbEntity
  8
ANA 13
100
AcDbCircle
 10
-350.0935849265229
 20
-95.79114439616736
 30
0.0
 40
2.1
  0
CIRCLE
  5
2D47D8
330
11F692
100
AcDbEntity
  8
ANA 13
100
AcDbCircle
 10
-370.0013455967292
 20
-66.19365440327093
 30
0.0
 40
2.1
  0
CIRCLE
  5
2D47D9
330
11F692
100
AcDbEntity
  8
ANA 13
100
AcDbCircle
 10
-349.6486544032709
 20
-66.19365440327093
 30
0.0
 40
2.1
  0
CIRCLE
  5
2D47DA
330
11F692
100
AcDbEntity
  8
ANA 13
100
AcDbCircle
 10
-359.8250000000001
 20
-65.51999999999998
 30
0.0
 40
2.1
  0
CIRCLE
  5
2D47DB
330
11F692
100
AcDbEntity
  8
ANA 18.5
100
AcDbCircle
 10
-366.3881551554459
 20
-58.92306208161653
 30
0.0
 40
2.1
  0
CIRCLE
  5
2D47DC
330
11F692
100
AcDbEntity
  8
ANA 18.5
100
AcDbCircle
 10
-350.558654403271
 20
-59.28365440327093
 30
0.0
 40
2.1
  0
CIRCLE
  5
2D47DD
330
11F692
100
AcDbEntity
  8
ANA 18.5
100
AcDbCircle
 10
-358.7073371896952
 20
-58.60999999999998
 30
0.0
 40
2.1
  0
CIRCLE
  5
2D47DE
330
11F692
100
AcDbEntity
  8
ANA 13
100
AcDbCircle
 10
-359.8250000000001
 20
-96.24554941175848
 30
0.0
 40
2.1
  0
CIRCLE
  5
2D47DF
330
11F692
100
AcDbEntity
  8
ANA 35
100
AcDbCircle
 10
-359.8250000000001
 20
53.25999999999993
 30
0.0
 40
2.1
  0
CIRCLE
  5
2D47E0
330
11F692
100
AcDbEntity
  8
ANA 35
100
AcDbCircle
 10
-359.8250000000001
 20
-0.0000000000000782
 30
0.0
 40
2.1
  0
CIRCLE
  5
2D47E1
330
11F692
100
AcDbEntity
  8
ANA 35
100
AcDbCircle
 10
-359.8250000000001
 20
-53.26000000000007
 30
0.0
 40
2.1
  0
CIRCLE
  5
2D47E2
330
11F692
100
AcDbEntity
  8
ANA 10
100
AcDbCircle
 10
-662.4363455967291
 20
83.03134559672903
 30
0.0
 40
2.1
  0
CIRCLE
  5
2D47E3
330
11F692
100
AcDbEntity
  8
ANA 10
100
AcDbCircle
 10
-662.4363455967291
 20
68.70865440327094
 30
0.0
 40
2.1
  0
CIRCLE
  5
2D47E5
330
11F692
100
AcDbEntity
  8
ANA 28
100
AcDbCircle
 10
-624.5999999999999
 20
102.6940070944034
 30
0.0
 40
2.1
  0
CIRCLE
  5
2D47E6
330
11F692
100
AcDbEntity
  8
ANA 28
100
AcDbCircle
 10
-624.5999999999999
 20
57.0859929055965
 30
0.0
 40
2.1
  0
CIRCLE
  5
2D47E7
330
11F692
100
AcDbEntity
  8
ANA 28
100
AcDbCircle
 10
-653.0684523779155
 20
57.08599290559654
 30
0.0
 40
2.1
  0
CIRCLE
  5
2D47E8
330
11F692
100
AcDbEntity
  8
ANA 33
100
AcDbCircle
 10
-664.4110001629374
 20
90.82695526217003
 30
0.0
 40
2.1
  0
CIRCLE
  5
2D47E9
330
11F692
100
AcDbEntity
  8
ANA 28
100
AcDbCircle
 10
-624.5999999999999
 20
94.23530095187045
 30
0.0
 40
2.1
  0
CIRCLE
  5
2D47EA
330
11F692
100
AcDbEntity
  8
ANA 10
100
AcDbCircle
 10
-624.5999999999997
 20
68.03500000000001
 30
0.0
 40
2.1
  0
CIRCLE
  5
2D47EB
330
11F692
100
AcDbEntity
  8
ANA 10
100
AcDbCircle
 10
-624.5999999999997
 20
83.70499999999998
 30
0.0
 40
2.1
  0
CIRCLE
  5
2D47EC
330
11F692
100
AcDbEntity
  8
ANA 10
100
AcDbCircle
 10
-624.5999999999997
 20
14.77500000000002
 30
0.0
 40
2.1
  0
CIRCLE
  5
2D47ED
330
11F692
100
AcDbEntity
  8
ANA 10
100
AcDbCircle
 10
-624.5999999999997
 20
30.44499999999998
 30
0.0
 40
2.1
  0
CIRCLE
  5
2D47EE
330
11F692
100
AcDbEntity
  8
ANA 10
100
AcDbCircle
 10
-624.5999999999997
 20
-38.48499999999997
 30
0.0
 40
2.1
  0
CIRCLE
  5
2D47EF
330
11F692
100
AcDbEntity
  8
ANA 10
100
AcDbCircle
 10
-624.5999999999997
 20
-22.81500000000001
 30
0.0
 40
2.1
  0
CIRCLE
  5
2D47F0
330
11F692
100
AcDbEntity
  8
ANA 10
100
AcDbCircle
 10
-624.5999999999997
 20
-91.74499999999996
 30
0.0
 40
2.1
  0
CIRCLE
  5
2D47F1
330
11F692
100
AcDbEntity
  8
ANA 10
100
AcDbCircle
 10
-624.5999999999997
 20
-76.075
 30
0.0
 40
2.1
  0
CIRCLE
  5
2D47F2
330
11F692
100
AcDbEntity
  8
ANA 28
100
AcDbCircle
 10
-624.5999999999999
 20
49.43400709440339
 30
0.0
 40
2.1
  0
CIRCLE
  5
2D47F3
330
11F692
100
AcDbEntity
  8
ANA 28
100
AcDbCircle
 10
-624.5999999999999
 20
3.825992905596514
 30
0.0
 40
2.1
  0
CIRCLE
  5
2D47F4
330
11F692
100
AcDbEntity
  8
ANA 28
100
AcDbCircle
 10
-624.5999999999999
 20
40.97530095187045
 30
0.0
 40
2.1
  0
CIRCLE
  5
2D47F5
330
11F692
100
AcDbEntity
  8
ANA 28
100
AcDbCircle
 10
-624.5999999999999
 20
-3.825992905596592
 30
0.0
 40
2.1
  0
CIRCLE
  5
2D47F6
330
11F692
100
AcDbEntity
  8
ANA 28
100
AcDbCircle
 10
-624.5999999999999
 20
-49.43400709440347
 30
0.0
 40
2.1
  0
CIRCLE
  5
2D47F7
330
11F692
100
AcDbEntity
  8
ANA 28
100
AcDbCircle
 10
-624.5999999999999
 20
-12.28469904812954
 30
0.0
 40
2.1
  0
CIRCLE
  5
2D47F8
330
11F692
100
AcDbEntity
  8
ANA 28
100
AcDbCircle
 10
-624.5999999999999
 20
-57.08599290559658
 30
0.0
 40
2.1
  0
CIRCLE
  5
2D47F9
330
11F692
100
AcDbEntity
  8
ANA 28
100
AcDbCircle
 10
-624.5999999999999
 20
-102.6940070944035
 30
0.0
 40
2.1
  0
CIRCLE
  5
2D47FA
330
11F692
100
AcDbEntity
  8
ANA 28
100
AcDbCircle
 10
-624.5999999999999
 20
-65.54469904812953
 30
0.0
 40
2.1
  0
CIRCLE
  5
2D47FC
330
11F692
100
AcDbEntity
  8
ANA 28
100
AcDbCircle
 10
-593.4499999999998
 20
57.08599290559652
 30
0.0
 40
2.1
  0
CIRCLE
  5
2D47FD
330
11F692
100
AcDbEntity
  8
ANA 28
100
AcDbCircle
 10
-593.4499999999998
 20
94.23530095187045
 30
0.0
 40
2.1
  0
CIRCLE
  5
2D47FE
330
11F692
100
AcDbEntity
  8
ANA 10
100
AcDbCircle
 10
-593.4499999999998
 20
68.03500000000003
 30
0.0
 40
2.1
  0
CIRCLE
  5
2D47FF
330
11F692
100
AcDbEntity
  8
ANA 10
100
AcDbCircle
 10
-593.4499999999998
 20
83.70499999999998
 30
0.0
 40
2.1
  0
CIRCLE
  5
2D4800
330
11F692
100
AcDbEntity
  8
ANA 10
100
AcDbCircle
 10
-593.4499999999998
 20
14.77500000000003
 30
0.0
 40
2.1
  0
CIRCLE
  5
2D4801
330
11F692
100
AcDbEntity
  8
ANA 10
100
AcDbCircle
 10
-593.4499999999998
 20
30.44499999999999
 30
0.0
 40
2.1
  0
CIRCLE
  5
2D4802
330
11F692
100
AcDbEntity
  8
ANA 10
100
AcDbCircle
 10
-593.4499999999998
 20
-38.48499999999996
 30
0.0
 40
2.1
  0
CIRCLE
  5
2D4803
330
11F692
100
AcDbEntity
  8
ANA 10
100
AcDbCircle
 10
-593.4499999999998
 20
-22.815
 30
0.0
 40
2.1
  0
CIRCLE
  5
2D4804
330
11F692
100
AcDbEntity
  8
ANA 10
100
AcDbCircle
 10
-593.4499999999998
 20
-91.74499999999994
 30
0.0
 40
2.1
  0
CIRCLE
  5
2D4805
330
11F692
100
AcDbEntity
  8
ANA 10
100
AcDbCircle
 10
-593.4499999999998
 20
-76.07499999999999
 30
0.0
 40
2.1
  0
CIRCLE
  5
2D4807
330
11F692
100
AcDbEntity
  8
ANA 28
100
AcDbCircle
 10
-593.4499999999998
 20
3.825992905596528
 30
0.0
 40
2.1
  0
CIRCLE
  5
2D4808
330
11F692
100
AcDbEntity
  8
ANA 28
100
AcDbCircle
 10
-593.4499999999998
 20
40.97530095187046
 30
0.0
 40
2.1
  0
CIRCLE
  5
2D480B
330
11F692
100
AcDbEntity
  8
ANA 28
100
AcDbCircle
 10
-593.4499999999998
 20
-12.28469904812952
 30
0.0
 40
2.1
  0
CIRCLE
  5
2D480C
330
11F692
100
AcDbEntity
  8
ANA 28
100
AcDbCircle
 10
-593.4499999999998
 20
-57.08599290559657
 30
0.0
 40
2.1
  0
CIRCLE
  5
2D480E
330
11F692
100
AcDbEntity
  8
ANA 28
100
AcDbCircle
 10
-593.4499999999998
 20
-65.54469904812951
 30
0.0
 40
2.1
  0
CIRCLE
  5
2D480F
330
11F692
100
AcDbEntity
  8
ANA 28
100
AcDbCircle
 10
-562.2999999999998
 20
102.6940070944034
 30
0.0
 40
2.1
  0
CIRCLE
  5
2D4810
330
11F692
100
AcDbEntity
  8
ANA 28
100
AcDbCircle
 10
-562.2999999999998
 20
57.0859929055965
 30
0.0
 40
2.1
  0
CIRCLE
  5
2D4811
330
11F692
100
AcDbEntity
  8
ANA 28
100
AcDbCircle
 10
-562.2999999999998
 20
94.23530095187045
 30
0.0
 40
2.1
  0
CIRCLE
  5
2D4812
330
11F692
100
AcDbEntity
  8
ANA 10
100
AcDbCircle
 10
-562.2999999999997
 20
68.03500000000001
 30
0.0
 40
2.1
  0
CIRCLE
  5
2D4813
330
11F692
100
AcDbEntity
  8
ANA 10
100
AcDbCircle
 10
-562.2999999999997
 20
83.70499999999998
 30
0.0
 40
2.1
  0
CIRCLE
  5
2D4814
330
11F692
100
AcDbEntity
  8
ANA 10
100
AcDbCircle
 10
-562.2999999999997
 20
14.77500000000002
 30
0.0
 40
2.1
  0
CIRCLE
  5
2D4815
330
11F692
100
AcDbEntity
  8
ANA 10
100
AcDbCircle
 10
-562.2999999999997
 20
30.44499999999998
 30
0.0
 40
2.1
  0
CIRCLE
  5
2D4816
330
11F692
100
AcDbEntity
  8
ANA 10
100
AcDbCircle
 10
-562.2999999999997
 20
-38.48499999999997
 30
0.0
 40
2.1
  0
CIRCLE
  5
2D4817
330
11F692
100
AcDbEntity
  8
ANA 10
100
AcDbCircle
 10
-562.2999999999997
 20
-22.81500000000001
 30
0.0
 40
2.1
  0
CIRCLE
  5
2D4818
330
11F692
100
AcDbEntity
  8
ANA 10
100
AcDbCircle
 10
-562.2999999999997
 20
-91.74499999999996
 30
0.0
 40
2.1
  0
CIRCLE
  5
2D4819
330
11F692
100
AcDbEntity
  8
ANA 10
100
AcDbCircle
 10
-562.2999999999997
 20
-76.075
 30
0.0
 40
2.1
  0
CIRCLE
  5
2D481A
330
11F692
100
AcDbEntity
  8
ANA 28
100
AcDbCircle
 10
-562.2999999999998
 20
49.43400709440339
 30
0.0
 40
2.1
  0
CIRCLE
  5
2D481B
330
11F692
100
AcDbEntity
  8
ANA 28
100
AcDbCircle
 10
-562.2999999999998
 20
3.825992905596514
 30
0.0
 40
2.1
  0
CIRCLE
  5
2D481C
330
11F692
100
AcDbEntity
  8
ANA 28
100
AcDbCircle
 10
-562.2999999999998
 20
40.97530095187045
 30
0.0
 40
2.1
  0
CIRCLE
  5
2D481D
330
11F692
100
AcDbEntity
  8
ANA 28
100
AcDbCircle
 10
-562.2999999999998
 20
-3.825992905596592
 30
0.0
 40
2.1
  0
CIRCLE
  5
2D481E
330
11F692
100
AcDbEntity
  8
ANA 28
100
AcDbCircle
 10
-562.2999999999998
 20
-49.43400709440347
 30
0.0
 40
2.1
  0
CIRCLE
  5
2D481F
330
11F692
100
AcDbEntity
  8
ANA 28
100
AcDbCircle
 10
-562.2999999999998
 20
-12.28469904812954
 30
0.0
 40
2.1
  0
CIRCLE
  5
2D4820
330
11F692
100
AcDbEntity
  8
ANA 28
100
AcDbCircle
 10
-562.2999999999998
 20
-57.08599290559658
 30
0.0
 40
2.1
  0
CIRCLE
  5
2D4821
330
11F692
100
AcDbEntity
  8
ANA 28
100
AcDbCircle
 10
-562.2999999999998
 20
-102.6940070944035
 30
0.0
 40
2.1
  0
CIRCLE
  5
2D4822
330
11F692
100
AcDbEntity
  8
ANA 28
100
AcDbCircle
 10
-562.2999999999998
 20
-65.54469904812953
 30
0.0
 40
2.1
  0
CIRCLE
  5
2D4824
330
11F692
100
AcDbEntity
  8
ANA 28
100
AcDbCircle
 10
-531.1499999999998
 20
57.0859929055965
 30
0.0
 40
2.1
  0
CIRCLE
  5
2D4825
330
11F692
100
AcDbEntity
  8
ANA 28
100
AcDbCircle
 10
-531.1499999999998
 20
94.23530095187045
 30
0.0
 40
2.1
  0
CIRCLE
  5
2D4826
330
11F692
100
AcDbEntity
  8
ANA 10
100
AcDbCircle
 10
-531.1499999999997
 20
68.03500000000001
 30
0.0
 40
2.1
  0
CIRCLE
  5
2D4827
330
11F692
100
AcDbEntity
  8
ANA 10
100
AcDbCircle
 10
-531.1499999999997
 20
83.70499999999998
 30
0.0
 40
2.1
  0
CIRCLE
  5
2D4828
330
11F692
100
AcDbEntity
  8
ANA 10
100
AcDbCircle
 10
-531.1499999999997
 20
14.77500000000002
 30
0.0
 40
2.1
  0
CIRCLE
  5
2D4829
330
11F692
100
AcDbEntity
  8
ANA 10
100
AcDbCircle
 10
-531.1499999999997
 20
30.44499999999998
 30
0.0
 40
2.1
  0
CIRCLE
  5
2D482A
330
11F692
100
AcDbEntity
  8
ANA 10
100
AcDbCircle
 10
-531.1499999999997
 20
-38.48499999999997
 30
0.0
 40
2.1
  0
CIRCLE
  5
2D482B
330
11F692
100
AcDbEntity
  8
ANA 10
100
AcDbCircle
 10
-531.1499999999997
 20
-22.81500000000001
 30
0.0
 40
2.1
  0
CIRCLE
  5
2D482C
330
11F692
100
AcDbEntity
  8
ANA 10
100
AcDbCircle
 10
-531.1499999999997
 20
-91.74499999999996
 30
0.0
 40
2.1
  0
CIRCLE
  5
2D482D
330
11F692
100
AcDbEntity
  8
ANA 10
100
AcDbCircle
 10
-531.1499999999997
 20
-76.075
 30
0.0
 40
2.1
  0
CIRCLE
  5
2D482F
330
11F692
100
AcDbEntity
  8
ANA 28
100
AcDbCircle
 10
-531.1499999999998
 20
3.825992905596514
 30
0.0
 40
2.1
  0
CIRCLE
  5
2D4830
330
11F692
100
AcDbEntity
  8
ANA 28
100
AcDbCircle
 10
-531.1499999999998
 20
40.97530095187045
 30
0.0
 40
2.1
  0
CIRCLE
  5
2D4833
330
11F692
100
AcDbEntity
  8
ANA 28
100
AcDbCircle
 10
-531.1499999999998
 20
-12.28469904812954
 30
0.0
 40
2.1
  0
CIRCLE
  5
2D4834
330
11F692
100
AcDbEntity
  8
ANA 28
100
AcDbCircle
 10
-531.1499999999998
 20
-57.08599290559658
 30
0.0
 40
2.1
  0
CIRCLE
  5
2D4836
330
11F692
100
AcDbEntity
  8
ANA 28
100
AcDbCircle
 10
-531.1499999999998
 20
-65.54469904812953
 30
0.0
 40
2.1
  0
CIRCLE
  5
2D4837
330
11F692
100
AcDbEntity
  8
ANA 28
100
AcDbCircle
 10
-500.0
 20
102.6940070944034
 30
0.0
 40
2.1
  0
CIRCLE
  5
2D4838
330
11F692
100
AcDbEntity
  8
ANA 28
100
AcDbCircle
 10
-500.0
 20
57.08599290559657
 30
0.0
 40
2.1
  0
CIRCLE
  5
2D4839
330
11F692
100
AcDbEntity
  8
ANA 28
100
AcDbCircle
 10
-500.0
 20
94.23530095187052
 30
0.0
 40
2.1
  0
CIRCLE
  5
2D483A
330
11F692
100
AcDbEntity
  8
ANA 10
100
AcDbCircle
 10
-499.9999999999999
 20
68.03500000000008
 30
0.0
 40
2.1
  0
CIRCLE
  5
2D483B
330
11F692
100
AcDbEntity
  8
ANA 10
100
AcDbCircle
 10
-499.9999999999999
 20
83.70500000000005
 30
0.0
 40
2.1
  0
CIRCLE
  5
2D483C
330
11F692
100
AcDbEntity
  8
ANA 10
100
AcDbCircle
 10
-499.9999999999999
 20
14.77500000000009
 30
0.0
 40
2.1
  0
CIRCLE
  5
2D483D
330
11F692
100
AcDbEntity
  8
ANA 10
100
AcDbCircle
 10
-499.9999999999999
 20
30.44500000000005
 30
0.0
 40
2.1
  0
CIRCLE
  5
2D483E
330
11F692
100
AcDbEntity
  8
ANA 10
100
AcDbCircle
 10
-499.9999999999999
 20
-38.4849999999999
 30
0.0
 40
2.1
  0
CIRCLE
  5
2D483F
330
11F692
100
AcDbEntity
  8
ANA 10
100
AcDbCircle
 10
-499.9999999999999
 20
-22.81499999999994
 30
0.0
 40
2.1
  0
CIRCLE
  5
2D4840
330
11F692
100
AcDbEntity
  8
ANA 10
100
AcDbCircle
 10
-499.9999999999999
 20
-91.74499999999989
 30
0.0
 40
2.1
  0
CIRCLE
  5
2D4841
330
11F692
100
AcDbEntity
  8
ANA 10
100
AcDbCircle
 10
-499.9999999999999
 20
-76.07499999999993
 30
0.0
 40
2.1
  0
CIRCLE
  5
2D4842
330
11F692
100
AcDbEntity
  8
ANA 28
100
AcDbCircle
 10
-500.0
 20
49.43400709440346
 30
0.0
 40
2.1
  0
CIRCLE
  5
2D4843
330
11F692
100
AcDbEntity
  8
ANA 28
100
AcDbCircle
 10
-500.0
 20
3.825992905596585
 30
0.0
 40
2.1
  0
CIRCLE
  5
2D4844
330
11F692
100
AcDbEntity
  8
ANA 28
100
AcDbCircle
 10
-500.0
 20
40.97530095187052
 30
0.0
 40
2.1
  0
CIRCLE
  5
2D4845
330
11F692
100
AcDbEntity
  8
ANA 28
100
AcDbCircle
 10
-500.0
 20
-3.825992905596521
 30
0.0
 40
2.1
  0
CIRCLE
  5
2D4846
330
11F692
100
AcDbEntity
  8
ANA 28
100
AcDbCircle
 10
-500.0
 20
-49.4340070944034
 30
0.0
 40
2.1
  0
CIRCLE
  5
2D4847
330
11F692
100
AcDbEntity
  8
ANA 28
100
AcDbCircle
 10
-500.0
 20
-12.28469904812947
 30
0.0
 40
2.1
  0
CIRCLE
  5
2D4848
330
11F692
100
AcDbEntity
  8
ANA 28
100
AcDbCircle
 10
-500.0
 20
-57.08599290559651
 30
0.0
 40
2.1
  0
CIRCLE
  5
2D4849
330
11F692
100
AcDbEntity
  8
ANA 28
100
AcDbCircle
 10
-500.0
 20
-102.6940070944034
 30
0.0
 40
2.1
  0
CIRCLE
  5
2D484A
330
11F692
100
AcDbEntity
  8
ANA 28
100
AcDbCircle
 10
-500.0
 20
-65.54469904812946
 30
0.0
 40
2.1
  0
CIRCLE
  5
2D484C
330
11F692
100
AcDbEntity
  8
ANA 28
100
AcDbCircle
 10
-468.8499999999999
 20
57.0859929055965
 30
0.0
 40
2.1
  0
CIRCLE
  5
2D484D
330
11F692
100
AcDbEntity
  8
ANA 28
100
AcDbCircle
 10
-468.8499999999999
 20
94.23530095187045
 30
0.0
 40
2.1
  0
CIRCLE
  5
2D484E
330
11F692
100
AcDbEntity
  8
ANA 10
100
AcDbCircle
 10
-468.8499999999997
 20
68.03500000000001
 30
0.0
 40
2.1
  0
CIRCLE
  5
2D484F
330
11F692
100
AcDbEntity
  8
ANA 10
100
AcDbCircle
 10
-468.8499999999997
 20
83.70499999999998
 30
0.0
 40
2.1
  0
CIRCLE
  5
2D4850
330
11F692
100
AcDbEntity
  8
ANA 10
100
AcDbCircle
 10
-468.8499999999997
 20
14.77500000000002
 30
0.0
 40
2.1
  0
CIRCLE
  5
2D4851
330
11F692
100
AcDbEntity
  8
ANA 10
100
AcDbCircle
 10
-468.8499999999997
 20
30.44499999999998
 30
0.0
 40
2.1
  0
CIRCLE
  5
2D4852
330
11F692
100
AcDbEntity
  8
ANA 10
100
AcDbCircle
 10
-468.8499999999997
 20
-38.48499999999997
 30
0.0
 40
2.1
  0
CIRCLE
  5
2D4853
330
11F692
100
AcDbEntity
  8
ANA 10
100
AcDbCircle
 10
-468.8499999999997
 20
-22.81500000000001
 30
0.0
 40
2.1
  0
CIRCLE
  5
2D4854
330
11F692
100
AcDbEntity
  8
ANA 10
100
AcDbCircle
 10
-468.8499999999997
 20
-91.74499999999996
 30
0.0
 40
2.1
  0
CIRCLE
  5
2D4855
330
11F692
100
AcDbEntity
  8
ANA 10
100
AcDbCircle
 10
-468.8499999999997
 20
-76.075
 30
0.0
 40
2.1
  0
CIRCLE
  5
2D4857
330
11F692
100
AcDbEntity
  8
ANA 28
100
AcDbCircle
 10
-468.8499999999999
 20
3.825992905596514
 30
0.0
 40
2.1
  0
CIRCLE
  5
2D4858
330
11F692
100
AcDbEntity
  8
ANA 28
100
AcDbCircle
 10
-468.8499999999999
 20
40.97530095187045
 30
0.0
 40
2.1
  0
CIRCLE
  5
2D485B
330
11F692
100
AcDbEntity
  8
ANA 28
100
AcDbCircle
 10
-468.8499999999999
 20
-12.28469904812954
 30
0.0
 40
2.1
  0
CIRCLE
  5
2D485C
330
11F692
100
AcDbEntity
  8
ANA 28
100
AcDbCircle
 10
-468.8499999999999
 20
-57.08599290559658
 30
0.0
 40
2.1
  0
CIRCLE
  5
2D485E
330
11F692
100
AcDbEntity
  8
ANA 28
100
AcDbCircle
 10
-468.8499999999999
 20
-65.54469904812953
 30
0.0
 40
2.1
  0
CIRCLE
  5
2D485F
330
11F692
100
AcDbEntity
  8
ANA 28
100
AcDbCircle
 10
-437.6999999999998
 20
102.6940070944033
 30
0.0
 40
2.1
  0
CIRCLE
  5
2D4860
330
11F692
100
AcDbEntity
  8
ANA 28
100
AcDbCircle
 10
-437.6999999999998
 20
57.0859929055964
 30
0.0
 40
2.1
  0
CIRCLE
  5
2D4861
330
11F692
100
AcDbEntity
  8
ANA 28
100
AcDbCircle
 10
-437.6999999999998
 20
94.23530095187034
 30
0.0
 40
2.1
  0
CIRCLE
  5
2D4862
330
11F692
100
AcDbEntity
  8
ANA 10
100
AcDbCircle
 10
-437.6999999999998
 20
68.03499999999991
 30
0.0
 40
2.1
  0
CIRCLE
  5
2D4863
330
11F692
100
AcDbEntity
  8
ANA 10
100
AcDbCircle
 10
-437.6999999999998
 20
83.70499999999987
 30
0.0
 40
2.1
  0
CIRCLE
  5
2D4864
330
11F692
100
AcDbEntity
  8
ANA 10
100
AcDbCircle
 10
-437.6999999999998
 20
14.77499999999992
 30
0.0
 40
2.1
  0
CIRCLE
  5
2D4865
330
11F692
100
AcDbEntity
  8
ANA 10
100
AcDbCircle
 10
-437.6999999999998
 20
30.44499999999988
 30
0.0
 40
2.1
  0
CIRCLE
  5
2D4866
330
11F692
100
AcDbEntity
  8
ANA 10
100
AcDbCircle
 10
-437.6999999999998
 20
-38.48500000000007
 30
0.0
 40
2.1
  0
CIRCLE
  5
2D4867
330
11F692
100
AcDbEntity
  8
ANA 10
100
AcDbCircle
 10
-437.6999999999998
 20
-22.81500000000011
 30
0.0
 40
2.1
  0
CIRCLE
  5
2D4868
330
11F692
100
AcDbEntity
  8
ANA 10
100
AcDbCircle
 10
-437.6999999999998
 20
-91.74500000000007
 30
0.0
 40
2.1
  0
CIRCLE
  5
2D4869
330
11F692
100
AcDbEntity
  8
ANA 10
100
AcDbCircle
 10
-437.6999999999998
 20
-76.0750000000001
 30
0.0
 40
2.1
  0
CIRCLE
  5
2D486A
330
11F692
100
AcDbEntity
  8
ANA 28
100
AcDbCircle
 10
-437.6999999999998
 20
49.4340070944033
 30
0.0
 40
2.1
  0
CIRCLE
  5
2D486B
330
11F692
100
AcDbEntity
  8
ANA 28
100
AcDbCircle
 10
-437.6999999999998
 20
3.825992905596415
 30
0.0
 40
2.1
  0
CIRCLE
  5
2D486C
330
11F692
100
AcDbEntity
  8
ANA 28
100
AcDbCircle
 10
-437.6999999999998
 20
40.97530095187035
 30
0.0
 40
2.1
  0
CIRCLE
  5
2D486D
330
11F692
100
AcDbEntity
  8
ANA 28
100
AcDbCircle
 10
-437.6999999999998
 20
-3.825992905596692
 30
0.0
 40
2.1
  0
CIRCLE
  5
2D486E
330
11F692
100
AcDbEntity
  8
ANA 28
100
AcDbCircle
 10
-437.6999999999998
 20
-49.43400709440357
 30
0.0
 40
2.1
  0
CIRCLE
  5
2D486F
330
11F692
100
AcDbEntity
  8
ANA 28
100
AcDbCircle
 10
-437.6999999999998
 20
-12.28469904812964
 30
0.0
 40
2.1
  0
CIRCLE
  5
2D4870
330
11F692
100
AcDbEntity
  8
ANA 28
100
AcDbCircle
 10
-437.6999999999998
 20
-57.08599290559668
 30
0.0
 40
2.1
  0
CIRCLE
  5
2D4871
330
11F692
100
AcDbEntity
  8
ANA 28
100
AcDbCircle
 10
-437.6999999999998
 20
-102.6940070944035
 30
0.0
 40
2.1
  0
CIRCLE
  5
2D4872
330
11F692
100
AcDbEntity
  8
ANA 28
100
AcDbCircle
 10
-437.6999999999998
 20
-65.54469904812963
 30
0.0
 40
2.1
  0
CIRCLE
  5
2D4874
330
11F692
100
AcDbEntity
  8
ANA 28
100
AcDbCircle
 10
-406.5499999999999
 20
57.0859929055965
 30
0.0
 40
2.1
  0
CIRCLE
  5
2D4875
330
11F692
100
AcDbEntity
  8
ANA 28
100
AcDbCircle
 10
-406.5499999999999
 20
94.23530095187045
 30
0.0
 40
2.1
  0
CIRCLE
  5
2D4876
330
11F692
100
AcDbEntity
  8
ANA 10
100
AcDbCircle
 10
-406.5499999999998
 20
68.03500000000001
 30
0.0
 40
2.1
  0
CIRCLE
  5
2D4877
330
11F692
100
AcDbEntity
  8
ANA 10
100
AcDbCircle
 10
-406.5499999999998
 20
83.70499999999998
 30
0.0
 40
2.1
  0
CIRCLE
  5
2D4878
330
11F692
100
AcDbEntity
  8
ANA 10
100
AcDbCircle
 10
-406.5499999999998
 20
14.77500000000002
 30
0.0
 40
2.1
  0
CIRCLE
  5
2D4879
330
11F692
100
AcDbEntity
  8
ANA 10
100
AcDbCircle
 10
-406.5499999999998
 20
30.44499999999998
 30
0.0
 40
2.1
  0
CIRCLE
  5
2D487A
330
11F692
100
AcDbEntity
  8
ANA 10
100
AcDbCircle
 10
-406.5499999999998
 20
-38.48499999999997
 30
0.0
 40
2.1
  0
CIRCLE
  5
2D487B
330
11F692
100
AcDbEntity
  8
ANA 10
100
AcDbCircle
 10
-406.5499999999998
 20
-22.81500000000001
 30
0.0
 40
2.1
  0
CIRCLE
  5
2D487C
330
11F692
100
AcDbEntity
  8
ANA 10
100
AcDbCircle
 10
-406.5499999999998
 20
-91.74499999999996
 30
0.0
 40
2.1
  0
CIRCLE
  5
2D487D
330
11F692
100
AcDbEntity
  8
ANA 10
100
AcDbCircle
 10
-406.5499999999998
 20
-76.075
 30
0.0
 40
2.1
  0
CIRCLE
  5
2D487F
330
11F692
100
AcDbEntity
  8
ANA 28
100
AcDbCircle
 10
-406.5499999999999
 20
3.825992905596514
 30
0.0
 40
2.1
  0
CIRCLE
  5
2D4880
330
11F692
100
AcDbEntity
  8
ANA 28
100
AcDbCircle
 10
-406.5499999999999
 20
40.97530095187045
 30
0.0
 40
2.1
  0
CIRCLE
  5
2D4883
330
11F692
100
AcDbEntity
  8
ANA 28
100
AcDbCircle
 10
-406.5499999999999
 20
-12.28469904812954
 30
0.0
 40
2.1
  0
CIRCLE
  5
2D4884
330
11F692
100
AcDbEntity
  8
ANA 28
100
AcDbCircle
 10
-406.5499999999999
 20
-57.08599290559658
 30
0.0
 40
2.1
  0
CIRCLE
  5
2D4886
330
11F692
100
AcDbEntity
  8
ANA 28
100
AcDbCircle
 10
-406.5499999999999
 20
-65.54469904812953
 30
0.0
 40
2.1
  0
CIRCLE
  5
2D4887
330
11F692
100
AcDbEntity
  8
ANA 28
100
AcDbCircle
 10
-375.4000000000001
 20
102.6940070944034
 30
0.0
 40
2.1
  0
CIRCLE
  5
2D4888
330
11F692
100
AcDbEntity
  8
ANA 28
100
AcDbCircle
 10
-375.4000000000001
 20
57.0859929055965
 30
0.0
 40
2.1
  0
CIRCLE
  5
2D4889
330
11F692
100
AcDbEntity
  8
ANA 28
100
AcDbCircle
 10
-375.4000000000001
 20
94.23530095187045
 30
0.0
 40
2.1
  0
CIRCLE
  5
2D488A
330
11F692
100
AcDbEntity
  8
ANA 10
100
AcDbCircle
 10
-375.4
 20
68.03500000000001
 30
0.0
 40
2.1
  0
CIRCLE
  5
2D488B
330
11F692
100
AcDbEntity
  8
ANA 10
100
AcDbCircle
 10
-375.4
 20
83.70499999999998
 30
0.0
 40
2.1
  0
CIRCLE
  5
2D488C
330
11F692
100
AcDbEntity
  8
ANA 10
100
AcDbCircle
 10
-375.4
 20
14.77500000000002
 30
0.0
 40
2.1
  0
CIRCLE
  5
2D488D
330
11F692
100
AcDbEntity
  8
ANA 10
100
AcDbCircle
 10
-375.4
 20
30.44499999999998
 30
0.0
 40
2.1
  0
CIRCLE
  5
2D488E
330
11F692
100
AcDbEntity
  8
ANA 10
100
AcDbCircle
 10
-375.4
 20
-38.48499999999997
 30
0.0
 40
2.1
  0
CIRCLE
  5
2D488F
330
11F692
100
AcDbEntity
  8
ANA 10
100
AcDbCircle
 10
-375.4
 20
-22.81500000000001
 30
0.0
 40
2.1
  0
CIRCLE
  5
2D4890
330
11F692
100
AcDbEntity
  8
ANA 10
100
AcDbCircle
 10
-375.4
 20
-91.74499999999996
 30
0.0
 40
2.1
  0
CIRCLE
  5
2D4891
330
11F692
100
AcDbEntity
  8
ANA 10
100
AcDbCircle
 10
-375.4
 20
-76.075
 30
0.0
 40
2.1
  0
CIRCLE
  5
2D4892
330
11F692
100
AcDbEntity
  8
ANA 28
100
AcDbCircle
 10
-375.4000000000001
 20
49.43400709440339
 30
0.0
 40
2.1
  0
CIRCLE
  5
2D4893
330
11F692
100
AcDbEntity
  8
ANA 28
100
AcDbCircle
 10
-375.4000000000001
 20
3.825992905596514
 30
0.0
 40
2.1
  0
CIRCLE
  5
2D4894
330
11F692
100
AcDbEntity
  8
ANA 28
100
AcDbCircle
 10
-375.4000000000001
 20
40.97530095187045
 30
0.0
 40
2.1
  0
CIRCLE
  5
2D4895
330
11F692
100
AcDbEntity
  8
ANA 28
100
AcDbCircle
 10
-375.4000000000001
 20
-3.825992905596592
 30
0.0
 40
2.1
  0
CIRCLE
  5
2D4896
330
11F692
100
AcDbEntity
  8
ANA 28
100
AcDbCircle
 10
-375.4000000000001
 20
-49.43400709440347
 30
0.0
 40
2.1
  0
CIRCLE
  5
2D4897
330
11F692
100
AcDbEntity
  8
ANA 28
100
AcDbCircle
 10
-375.4000000000001
 20
-12.28469904812954
 30
0.0
 40
2.1
  0
CIRCLE
  5
2D4898
330
11F692
100
AcDbEntity
  8
ANA 28
100
AcDbCircle
 10
-375.4000000000001
 20
-57.08599290559658
 30
0.0
 40
2.1
  0
CIRCLE
  5
2D4899
330
11F692
100
AcDbEntity
  8
ANA 28
100
AcDbCircle
 10
-375.4000000000001
 20
-102.6940070944035
 30
0.0
 40
2.1
  0
CIRCLE
  5
2D489A
330
11F692
100
AcDbEntity
  8
ANA 28
100
AcDbCircle
 10
-375.4000000000001
 20
-65.54469904812953
 30
0.0
 40
2.1
  0
CIRCLE
  5
2D48AF
330
11F692
100
AcDbEntity
  8
ANA 10
100
AcDbCircle
 10
-337.5636544032709
 20
83.03134559672903
 30
0.0
 40
2.1
  0
CIRCLE
  5
2D48B0
330
11F692
100
AcDbEntity
  8
ANA 10
100
AcDbCircle
 10
-337.5636544032709
 20
68.70865440327094
 30
0.0
 40
2.1
  0
CIRCLE
  5
2D48B1
330
11F692
100
AcDbEntity
  8
ANA 33
100
AcDbCircle
 10
-335.5889998370626
 20
90.82695526217003
 30
0.0
 40
2.1
  0
CIRCLE
  5
2D48B2
330
11F692
100
AcDbEntity
  8
ANA 10
100
AcDbCircle
 10
-662.4363455967291
 20
29.77134559672905
 30
0.0
 40
2.1
  0
CIRCLE
  5
2D48B3
330
11F692
100
AcDbEntity
  8
ANA 10
100
AcDbCircle
 10
-662.4363455967291
 20
15.44865440327095
 30
0.0
 40
2.1
  0
CIRCLE
  5
2D48B4
330
11F692
100
AcDbEntity
  8
ANA 33
100
AcDbCircle
 10
-664.4110001629374
 20
37.56695526217004
 30
0.0
 40
2.1
  0
CIRCLE
  5
2D48B5
330
11F692
100
AcDbEntity
  8
ANA 10
100
AcDbCircle
 10
-337.5636544032709
 20
29.77134559672905
 30
0.0
 40
2.1
  0
CIRCLE
  5
2D48B6
330
11F692
100
AcDbEntity
  8
ANA 10
100
AcDbCircle
 10
-337.5636544032709
 20
15.44865440327095
 30
0.0
 40
2.1
  0
CIRCLE
  5
2D48B7
330
11F692
100
AcDbEntity
  8
ANA 33
100
AcDbCircle
 10
-335.5889998370626
 20
37.56695526217004
 30
0.0
 40
2.1
  0
CIRCLE
  5
2D48B8
330
11F692
100
AcDbEntity
  8
ANA 10
100
AcDbCircle
 10
-662.4363455967291
 20
-23.48865440327094
 30
0.0
 40
2.1
  0
CIRCLE
  5
2D48B9
330
11F692
100
AcDbEntity
  8
ANA 10
100
AcDbCircle
 10
-662.4363455967291
 20
-37.81134559672904
 30
0.0
 40
2.1
  0
CIRCLE
  5
2D48BA
330
11F692
100
AcDbEntity
  8
ANA 33
100
AcDbCircle
 10
-664.4110001629374
 20
-15.69304473782995
 30
0.0
 40
2.1
  0
CIRCLE
  5
2D48BB
330
11F692
100
AcDbEntity
  8
ANA 10
100
AcDbCircle
 10
-337.5636544032709
 20
-23.48865440327094
 30
0.0
 40
2.1
  0
CIRCLE
  5
2D48BC
330
11F692
100
AcDbEntity
  8
ANA 10
100
AcDbCircle
 10
-337.5636544032709
 20
-37.81134559672904
 30
0.0
 40
2.1
  0
CIRCLE
  5
2D48BD
330
11F692
100
AcDbEntity
  8
ANA 33
100
AcDbCircle
 10
-335.5889998370626
 20
-15.69304473782995
 30
0.0
 40
2.1
  0
CIRCLE
  5
2D48BE
330
11F692
100
AcDbEntity
  8
ANA 10
100
AcDbCircle
 10
-662.4363455967291
 20
-76.74865440327093
 30
0.0
 40
2.1
  0
CIRCLE
  5
2D48BF
330
11F692
100
AcDbEntity
  8
ANA 10
100
AcDbCircle
 10
-662.4363455967291
 20
-91.07134559672903
 30
0.0
 40
2.1
  0
CIRCLE
  5
2D48C0
330
11F692
100
AcDbEntity
  8
ANA 33
100
AcDbCircle
 10
-664.4110001629374
 20
-68.95304473782994
 30
0.0
 40
2.1
  0
CIRCLE
  5
2D48C1
330
11F692
100
AcDbEntity
  8
ANA 10
100
AcDbCircle
 10
-337.5636544032709
 20
-76.74865440327093
 30
0.0
 40
2.1
  0
CIRCLE
  5
2D48C2
330
11F692
100
AcDbEntity
  8
ANA 10
100
AcDbCircle
 10
-337.5636544032709
 20
-91.07134559672903
 30
0.0
 40
2.1
  0
CIRCLE
  5
2D48C3
330
11F692
100
AcDbEntity
  8
ANA 33
100
AcDbCircle
 10
-335.5889998370626
 20
-68.95304473782994
 30
0.0
 40
2.1
  0
CIRCLE
  5
2D48D2
330
11F692
100
AcDbEntity
  8
ANA 31 Φ8.6x5°U7
100
AcDbCircle
 10
-593.5924197390964
 20
51.86983291422532
 30
0.0
 40
2.1
  0
CIRCLE
  5
2D48D3
330
11F692
100
AcDbEntity
  8
ANA 31 Φ8.6x5°U7
100
AcDbCircle
 10
-655.8924197390965
 20
51.86983291422532
 30
0.0
 40
2.1
  0
CIRCLE
  5
2D48D4
330
11F692
100
AcDbEntity
  8
ANA 31 Φ8.6x5°U7
100
AcDbCircle
 10
-655.8924197390965
 20
105.1298329142253
 30
0.0
 40
2.1
  0
CIRCLE
  5
2D48D5
330
11F692
100
AcDbEntity
  8
ANA 28
100
AcDbCircle
 10
-652.0684523779155
 20
-58.1465476220844
 30
0.0
 40
2.1
  0
CIRCLE
  5
2D48D6
330
11F692
100
AcDbEntity
  8
ANA 31 Φ8.6x5°U7
100
AcDbCircle
 10
-593.5924197390964
 20
-1.390167085774663
 30
0.0
 40
2.1
  0
CIRCLE
  5
2D48D7
330
11F692
100
AcDbEntity
  8
ANA 31 Φ8.6x5°U7
100
AcDbCircle
 10
-655.8924197390965
 20
-1.390167085774663
 30
0.0
 40
2.1
  0
CIRCLE
  5
2D48D8
330
11F692
100
AcDbEntity
  8
ANA 31 Φ8.6x5°U7
100
AcDbCircle
 10
-593.5924197390964
 20
105.1298329142253
 30
0.0
 40
2.1
  0
CIRCLE
  5
2D48D9
330
11F692
100
AcDbEntity
  8
ANA 31 Φ8.6x5°U7
100
AcDbCircle
 10
-531.2924197390964
 20
51.86983291422532
 30
0.0
 40
2.1
  0
CIRCLE
  5
2D48DA
330
11F692
100
AcDbEntity
  8
ANA 31 Φ8.6x5°U7
100
AcDbCircle
 10
-531.2924197390964
 20
-1.390167085774663
 30
0.0
 40
2.1
  0
CIRCLE
  5
2D48DB
330
11F692
100
AcDbEntity
  8
ANA 31 Φ8.6x5°U7
100
AcDbCircle
 10
-531.2924197390964
 20
105.1298329142253
 30
0.0
 40
2.1
  0
CIRCLE
  5
2D48DC
330
11F692
100
AcDbEntity
  8
ANA 31 Φ8.6x5°U7
100
AcDbCircle
 10
-468.7075802609036
 20
51.86983291422532
 30
0.0
 40
2.1
  0
CIRCLE
  5
2D48DD
330
11F692
100
AcDbEntity
  8
ANA 31 Φ8.6x5°U7
100
AcDbCircle
 10
-468.7075802609036
 20
-1.390167085774663
 30
0.0
 40
2.1
  0
CIRCLE
  5
2D48DE
330
11F692
100
AcDbEntity
  8
ANA 31 Φ8.6x5°U7
100
AcDbCircle
 10
-468.7075802609036
 20
105.1298329142253
 30
0.0
 40
2.1
  0
CIRCLE
  5
2D48DF
330
11F692
100
AcDbEntity
  8
ANA 31 Φ8.6x5°U7
100
AcDbCircle
 10
-406.4075802609036
 20
51.86983291422532
 30
0.0
 40
2.1
  0
CIRCLE
  5
2D48E0
330
11F692
100
AcDbEntity
  8
ANA 31 Φ8.6x5°U7
100
AcDbCircle
 10
-406.4075802609036
 20
-1.390167085774663
 30
0.0
 40
2.1
  0
CIRCLE
  5
2D48E1
330
11F692
100
AcDbEntity
  8
ANA 31 Φ8.6x5°U7
100
AcDbCircle
 10
-406.4075802609036
 20
105.1298329142253
 30
0.0
 40
2.1
  0
CIRCLE
  5
2D48E2
330
11F692
100
AcDbEntity
  8
ANA 31 Φ8.6x5°U7
100
AcDbCircle
 10
-344.1075802609037
 20
51.86983291422532
 30
0.0
 40
2.1
  0
CIRCLE
  5
2D48E3
330
11F692
100
AcDbEntity
  8
ANA 31 Φ8.6x5°U7
100
AcDbCircle
 10
-344.1075802609037
 20
-1.390167085774663
 30
0.0
 40
2.1
  0
CIRCLE
  5
2D48E4
330
11F692
100
AcDbEntity
  8
ANA 31 Φ8.6x5°U7
100
AcDbCircle
 10
-344.1075802609037
 20
105.1298329142253
 30
0.0
 40
2.1
  0
CIRCLE
  5
2D48EE
330
11F692
100
AcDbEntity
  8
ANA 31 Φ8.6x5°U7
100
AcDbCircle
 10
-344.1075802609037
 20
-51.86983291422537
 30
0.0
 40
2.1
  0
CIRCLE
  5
2D48EF
330
11F692
100
AcDbEntity
  8
ANA 31 Φ8.6x5°U7
100
AcDbCircle
 10
-344.1075802609037
 20
-105.1298329142253
 30
0.0
 40
2.1
  0
CIRCLE
  5
2D48F0
330
11F692
100
AcDbEntity
  8
ANA 31 Φ8.6x5°U7
100
AcDbCircle
 10
-406.4075802609036
 20
-51.86983291422537
 30
0.0
 40
2.1
  0
CIRCLE
  5
2D48F1
330
11F692
100
AcDbEntity
  8
ANA 31 Φ8.6x5°U7
100
AcDbCircle
 10
-406.4075802609036
 20
-105.1298329142253
 30
0.0
 40
2.1
  0
CIRCLE
  5
2D48F2
330
11F692
100
AcDbEntity
  8
ANA 31 Φ8.6x5°U7
100
AcDbCircle
 10
-468.7075802609036
 20
-51.86983291422537
 30
0.0
 40
2.1
  0
CIRCLE
  5
2D48F3
330
11F692
100
AcDbEntity
  8
ANA 31 Φ8.6x5°U7
100
AcDbCircle
 10
-468.7075802609036
 20
-105.1298329142253
 30
0.0
 40
2.1
  0
CIRCLE
  5
2D48F4
330
11F692
100
AcDbEntity
  8
ANA 31 Φ8.6x5°U7
100
AcDbCircle
 10
-531.2924197390964
 20
-51.86983291422537
 30
0.0
 40
2.1
  0
CIRCLE
  5
2D48F5
330
11F692
100
AcDbEntity
  8
ANA 31 Φ8.6x5°U7
100
AcDbCircle
 10
-531.2924197390964
 20
-105.1298329142253
 30
0.0
 40
2.1
  0
CIRCLE
  5
2D48F6
330
11F692
100
AcDbEntity
  8
ANA 31 Φ8.6x5°U7
100
AcDbCircle
 10
-593.5924197390963
 20
-51.86983291422537
 30
0.0
 40
2.1
  0
CIRCLE
  5
2D48F7
330
11F692
100
AcDbEntity
  8
ANA 31 Φ8.6x5°U7
100
AcDbCircle
 10
-593.5924197390963
 20
-105.1298329142253
 30
0.0
 40
2.1
  0
CIRCLE
  5
2D48F8
330
11F692
100
AcDbEntity
  8
ANA 31 Φ8.6x5°U7
100
AcDbCircle
 10
-655.8924197390965
 20
-51.86983291422537
 30
0.0
 40
2.1
  0
CIRCLE
  5
2D48F9
330
11F692
100
AcDbEntity
  8
ANA 31 Φ8.6x5°U7
100
AcDbCircle
 10
-655.8924197390965
 20
-105.1298329142253
 30
0.0
 40
2.1
  0
CIRCLE
  5
2D48FA
330
11F692
100
AcDbEntity
  8
ANA 10
100
AcDbCircle
 10
-321.0715981284234
 20
-117.6234018715768
 30
0.0
 40
2.1
  0
CIRCLE
  5
2D48FB
330
11F692
100
AcDbEntity
  8
ANA 10
100
AcDbCircle
 10
-326.0950000000002
 20
-119.8
 30
0.0
 40
2.1
  0
CIRCLE
  5
2D48FC
330
11F692
100
AcDbEntity
  8
ANA 10
100
AcDbCircle
 10
-318.895
 20
-112.6
 30
0.0
 40
2.1
  0
VIEWPORT
  5
1
330
11F68F
100
AcDbEntity
 67
     1
  8
0
348
171326
100
AcDbViewport
 10
204.6013328122351
 20
147.896499343922
 30
0.0
 40
744.4506054567114
 41
339.8854553022125
 68
     1
 69
     1
 12
204.6013328122351
 22
147.896499343922
 13
0.0
 23
0.0
 14
0.5
 24
0.5
 15
0.0
 25
0.0
 16
0.0
 26
0.0
 36
1.0
 17
0.0
 27
0.0
 37
0.0
 42
50.0
 43
0.0
 44
0.0
 45
339.8854553022125
 50
0.0
 51
0.0
 72
   100
 90
    32800
  1

281
     0
 71
     1
 74
     0
110
0.0
120
0.0
130
0.0
111
1.0
121
0.0
131
0.0
112
0.0
122
1.0
132
0.0
 79
     0
146
0.0
170
     0
 61
     5
348
171326
292
     1
282
     1
141
0.0
142
0.0
 63
   250
421
  3355443
  0
VIEWPORT
  5
49B
330
11F68F
100
AcDbEntity
 67
     1
  8
VIEWPORT
348
171326
100
AcDbViewport
 10
203.9012545471234
 20
148.6456055034608
 30
0.0
 40
483.6579575755401
 41
337.0269429488731
 68
     2
 69
     2
 12
-380.2850150063157
 22
-84.75705984838407
 13
0.0
 23
0.0
 14
0.5
 24
0.5
 15
0.0
 25
0.0
 16
0.0
 26
0.0
 36
1.0
 17
0.0
 27
0.0
 37
0.0
 42
50.0
 43
0.0
 44
0.0
 45
658.6124192016697
 50
0.0
 51
0.0
 72
   100
 90
    32800
  1

281
     0
 71
     1
 74
     0
110
0.0
120
0.0
130
0.0
111
1.0
121
0.0
131
0.0
112
0.0
122
1.0
132
0.0
 79
     0
146
0.0
170
     0
 61
     5
348
171326
292
     1
282
     1
141
0.0
142
0.0
 63
   250
421
  3355443
  0
LINE
  5
AA30
330
11F68F
100
AcDbEntity
 67
     1
  8
Z-LL1
100
AcDbLine
 10
-27.0991076585015
 20
-12.36937324314609
 30
0.0
 11
436.2830854134476
 21
-12.36937324314609
 31
0.0
  0
LINE
  5
AA31
330
11F68F
100
AcDbEntity
 67
     1
  8
Z-LL1
100
AcDbLine
 10
436.2830854134476
 20
-12.36937324314609
 30
0.0
 11
436.2830854134476
 21
316.5588324095825
 31
0.0
  0
LINE
  5
AA32
330
11F68F
100
AcDbEntity
 67
     1
  8
Z-LL1
100
AcDbLine
 10
436.2830854134476
 20
316.5588324095825
 30
0.0
 11
-27.0991076585015
 21
316.5588324095825
 31
0.0
  0
LINE
  5
AA33
330
11F68F
100
AcDbEntity
 67
     1
  8
Z-LL1
100
AcDbLine
 10
-27.0991076585015
 20
-12.36937324314609
 30
0.0
 11
-27.0991076585015
 21
316.5588324095825
 31
0.0
  0
LINE
  5
AA34
330
11F68F
100
AcDbEntity
 67
     1
  8
Z-LL1
100
AcDbLine
 10
-27.0991076585015
 20
2.665309889196326
 30
0.0
 11
-12.06442452615914
 21
2.665309889196326
 31
0.0
  0
LINE
  5
AA35
330
11F68F
100
AcDbEntity
 67
     1
  8
Z-LL1
100
AcDbLine
 10
-27.0991076585015
 20
17.69999302153869
 30
0.0
 11
-12.06442452615914
 21
17.69999302153869
 31
0.0
  0
LINE
  5
AA36
330
11F68F
100
AcDbEntity
 67
     1
  8
Z-LL1
100
AcDbLine
 10
-12.06442452615914
 20
-12.36937324314609
 30
0.0
 11
-12.06442452615914
 21
17.69999302153869
 31
0.0
  0
LINE
  5
AA37
330
11F68F
100
AcDbEntity
 67
     1
  8
Z-LL1
100
AcDbLine
 10
308.9853031568261
 20
-12.36937324314609
 30
0.0
 11
308.9853031568261
 21
32.28372941950962
 31
0.0
  0
LINE
  5
AA38
330
11F68F
100
AcDbEntity
 67
     1
  8
Z-LL1
100
AcDbLine
 10
308.9853031568261
 20
32.28372941950962
 30
0.0
 11
436.2830854134476
 21
32.28372941950962
 31
0.0
  0
LINE
  5
AA39
330
11F68F
100
AcDbEntity
 67
     1
  8
Z-LL1
100
AcDbLine
 10
308.9853031568261
 20
5.49192407767544
 30
0.0
 11
436.2830854134476
 21
5.49192407767544
 31
0.0
  0
LINE
  5
AA3A
330
11F68F
100
AcDbEntity
 67
     1
  8
Z-LL1
100
AcDbLine
 10
364.8378961301616
 20
5.49192407767544
 30
0.0
 11
364.8378961301616
 21
32.28372941950962
 31
0.0
  0
LINE
  5
AA3B
330
11F68F
100
AcDbEntity
 67
     1
  8
Z-LL1
100
AcDbLine
 10
364.8378961301616
 20
20.37626037869443
 30
0.0
 11
436.2830854134476
 21
20.37626037869443
 31
0.0
  0
LINE
  5
AA3C
330
11F68F
100
AcDbEntity
 67
     1
  8
Z-LL1
100
AcDbLine
 10
400.5603032526072
 20
20.37626037869443
 30
0.0
 11
400.5603032526072
 21
32.28372941950962
 31
0.0
  0
LINE
  5
AA3D
330
11F68F
100
AcDbEntity
 67
     1
  8
Z-LL1
100
AcDbLine
 10
436.2830854134476
 20
309.0414908434113
 30
0.0
 11
364.5949934218088
 21
309.0414908434112
 31
0.0
  0
LINE
  5
AA3E
330
11F68F
100
AcDbEntity
 67
     1
  8
Z-LL1
100
AcDbLine
 10
364.5949934218088
 20
309.0414908434113
 30
0.0
 11
364.5949934218088
 21
316.5588324095825
 31
0.0
  0
LINE
  5
AA3F
330
11F68F
100
AcDbEntity
 67
     1
  8
Z-LS1
100
AcDbLine
 10
308.9853031568261
 20
23.35312763889823
 30
0.0
 11
364.8378961301616
 21
23.35312763889823
 31
0.0
  0
LINE
  5
AA40
330
11F68F
100
AcDbEntity
 67
     1
  8
Z-LS1
100
AcDbLine
 10
308.9853031568261
 20
14.42252585828683
 30
0.0
 11
364.8378961301616
 21
14.42252585828683
 31
0.0
  0
LINE
  5
AA41
330
11F68F
100
AcDbEntity
 67
     1
  8
Z-LS1
100
AcDbLine
 10
308.9853031568261
 20
-3.438677702935957
 30
0.0
 11
436.2830854134473
 21
-3.438677702935957
 31
0.0
  0
LINE
  5
AA42
330
11F68F
100
AcDbEntity
 67
     1
  8
Z-LS1
100
AcDbLine
 10
325.6222876372149
 20
-12.36937324314609
 30
0.0
 11
325.6222876372149
 21
-3.438677702935957
 31
0.0
  0
LINE
  5
AA43
330
11F68F
100
AcDbEntity
 67
     1
  8
Z-LS1
100
AcDbLine
 10
338.3451839083289
 20
-12.36937324314609
 30
0.0
 11
338.3451839083289
 21
-3.438677702935957
 31
0.0
  0
LINE
  5
AA44
330
11F68F
100
AcDbEntity
 67
     1
  8
Z-LS1
100
AcDbLine
 10
393.805111682114
 20
-12.36937324314609
 30
0.0
 11
393.805111682114
 21
-3.438677702935957
 31
0.0
  0
LINE
  5
AA45
330
11F68F
100
AcDbEntity
 67
     1
  8
Z-LS1
100
AcDbLine
 10
422.8518353738031
 20
-12.36937324314609
 30
0.0
 11
422.8518353738031
 21
-3.438677702935957
 31
0.0
  0
LINE
  5
AA46
330
11F68F
100
AcDbEntity
 67
     1
  8
Z-LS1
100
AcDbLine
 10
378.3604888544517
 20
-12.36937324314609
 30
0.0
 11
378.3604888544517
 21
-20.77458979744775
 31
0.0
  0
LINE
  5
AA47
330
11F68F
100
AcDbEntity
 67
     1
  8
Z-LS1
100
AcDbLine
 10
320.4378922954555
 20
-12.36937324314609
 30
0.0
 11
320.4378922954555
 21
-20.77458979744775
 31
0.0
  0
LINE
  5
AA48
330
11F68F
100
AcDbEntity
 67
     1
  8
Z-LS1
100
AcDbLine
 10
262.5152957364597
 20
-12.36937324314609
 30
0.0
 11
262.5152957364597
 21
-20.77458979744775
 31
0.0
  0
LINE
  5
AA49
330
11F68F
100
AcDbEntity
 67
     1
  8
Z-LS1
100
AcDbLine
 10
30.82348890049457
 20
-12.36937324314609
 30
0.0
 11
30.82348890049457
 21
-20.77458979744775
 31
0.0
  0
LINE
  5
AA4A
330
11F68F
100
AcDbEntity
 67
     1
  8
Z-LS1
100
AcDbLine
 10
88.74608545949046
 20
-12.36937324314609
 30
0.0
 11
88.74608545949046
 21
-20.77458979744775
 31
0.0
  0
LINE
  5
AA4B
330
11F68F
100
AcDbEntity
 67
     1
  8
Z-LS1
100
AcDbLine
 10
146.6686820184865
 20
-12.36937324314609
 30
0.0
 11
146.6686820184865
 21
-20.77458979744775
 31
0.0
  0
LINE
  5
AA4C
330
11F68F
100
AcDbEntity
 67
     1
  8
Z-LS1
100
AcDbLine
 10
198.9533907861859
 20
-12.36937324314609
 30
0.0
 11
198.9533907861859
 21
-18.28853983068246
 31
0.0
  0
LINE
  5
AA4D
330
11F68F
100
AcDbEntity
 67
     1
  8
Z-LS1
100
AcDbLine
 10
444.6883019677493
 20
69.86253019087136
 30
0.0
 11
436.2830854134473
 21
69.86253019087136
 31
0.0
  0
LINE
  5
AA4E
330
11F68F
100
AcDbEntity
 67
     1
  8
Z-LS1
100
AcDbLine
 10
444.6883019677493
 20
152.0944336248887
 30
0.0
 11
436.2830854134473
 21
152.0944336248887
 31
0.0
  0
LINE
  5
AA4F
330
11F68F
100
AcDbEntity
 67
     1
  8
Z-LS1
100
AcDbLine
 10
444.6883019677493
 20
234.3263370589062
 30
0.0
 11
436.2830854134473
 21
234.3263370589062
 31
0.0
  0
TEXT
  5
AA50
330
11F68F
100
AcDbEntity
 67
     1
  8
Z-TS1
100
AcDbText
 10
309.5809763240533
 20
30.68981624081779
 30
0.0
 40
1.125115184958914
  1
DWN
100
AcDbText
  0
TEXT
  5
AA51
330
11F68F
100
AcDbEntity
 67
     1
  8
Z-TS1
100
AcDbText
 10
309.5809763240533
 20
21.75921446020644
 30
0.0
 40
1.125115184958914
  1
CHK
100
AcDbText
  0
TEXT
  5
AA52
330
11F68F
100
AcDbEntity
 67
     1
  8
Z-TS1
100
AcDbText
 10
309.5809763240533
 20
12.82861267959505
 30
0.0
 40
1.125115184958914
  1
APVD
100
AcDbText
  0
TEXT
  5
AA53
330
11F68F
100
AcDbEntity
 67
     1
  8
Z-TS1
100
AcDbText
 10
309.5809763240533
 20
3.898010898983663
 30
0.0
 40
1.125115184958914
  1
NAME
100
AcDbText
  0
TEXT
  5
AA55
330
11F68F
100
AcDbEntity
 67
     1
  8
Z-TS1
100
AcDbText
 10
365.4335692973888
 20
30.68981624081779
 30
0.0
 40
1.125115184958914
  1
MATERIAL
100
AcDbText
  0
TEXT
  5
AA56
330
11F68F
100
AcDbEntity
 67
     1
  8
Z-TL1
100
AcDbText
 10
373.7701541499112
 20
24.69425660346182
 30
0.0
 40
2.812787962397289
  1
.
100
AcDbText
  0
TEXT
  5
AA57
330
11F68F
100
AcDbEntity
 67
     1
  8
Z-TS1
100
AcDbText
 10
401.1559764198342
 20
30.68981624081779
 30
0.0
 40
1.125115184958914
  1
HEAT TREAT
100
AcDbText
  0
TEXT
  5
AA58
330
11F68F
100
AcDbEntity
 67
     1
  8
Z-TL1
100
AcDbText
 10
409.4925612723567
 20
24.69425660346182
 30
0.0
 40
2.812787962397289
  1
.
100
AcDbText
  0
TEXT
  5
AA59
330
11F68F
100
AcDbEntity
 67
     1
  8
Z-TS1
100
AcDbText
 10
309.5809763240533
 20
-5.03259088162774
 30
0.0
 40
1.125115184958914
  1
SCALE
100
AcDbText
  0
TEXT
  5
AA5B
330
11F68F
100
AcDbEntity
 67
     1
  8
Z-TS1
100
AcDbText
 10
326.217960804442
 20
-5.03259088162774
 30
0.0
 40
1.125115184958914
  1
SIZE
100
AcDbText
  0
TEXT
  5
AA5D
330
11F68F
100
AcDbEntity
 67
     1
  8
Z-TS1
100
AcDbText
 10
338.9408570755561
 20
-5.03259088162774
 30
0.0
 40
1.125115184958914
  1
DRAWING NO
100
AcDbText
  0
TEXT
  5
AA5E
330
11F68F
100
AcDbEntity
 67
     1
  8
Z-TS1
100
AcDbText
 10
394.400784849341
 20
-5.03259088162774
 30
0.0
 40
1.125115184958914
  1
SHEET
100
AcDbText
  0
TEXT
  5
AA60
330
11F68F
100
AcDbEntity
 67
     1
  8
Z-TS1
100
AcDbText
 10
423.4475085410303
 20
-5.03259088162774
 30
0.0
 40
1.125115184958914
  1
REV
100
AcDbText
  0
TEXT
  5
AA62
330
11F68F
100
AcDbEntity
 67
     1
  8
Z-TS1
100
AcDbText
 10
347.8412726737289
 20
-19.47995487177271
 30
0.0
 40
3.551499952521828
  1
2
100
AcDbText
  0
TEXT
  5
AA63
330
11F68F
100
AcDbEntity
 67
     1
  8
Z-TS1
100
AcDbText
 10
405.7638692327246
 20
-19.47995487177271
 30
0.0
 40
3.551499952521828
  1
1
100
AcDbText
  0
TEXT
  5
AA64
330
11F68F
100
AcDbEntity
 67
     1
  8
Z-TS1
100
AcDbText
 10
289.9186761147326
 20
-19.47995487177271
 30
0.0
 40
3.551499952521828
  1
3
100
AcDbText
  0
TEXT
  5
AA65
330
11F68F
100
AcDbEntity
 67
     1
  8
Z-TS1
100
AcDbText
 10
0.3042727197715505
 20
-19.47995487177271
 30
0.0
 40
3.551499952521828
  1
8
100
AcDbText
  0
TEXT
  5
AA66
330
11F68F
100
AcDbEntity
 67
     1
  8
Z-TS1
100
AcDbText
 10
58.22686927876757
 20
-19.47995487177271
 30
0.0
 40
3.551499952521828
  1
7
100
AcDbText
  0
TEXT
  5
AA67
330
11F68F
100
AcDbEntity
 67
     1
  8
Z-TS1
100
AcDbText
 10
116.1494658377635
 20
-19.47995487177271
 30
0.0
 40
3.551499952521828
  1
6
100
AcDbText
  0
TEXT
  5
AA68
330
11F68F
100
AcDbEntity
 67
     1
  8
Z-TS1
100
AcDbText
 10
174.0720623967596
 20
-19.47995487177271
 30
0.0
 40
3.551499952521828
  1
5
100
AcDbText
  0
TEXT
  5
AA69
330
11F68F
100
AcDbEntity
 67
     1
  8
Z-TS1
100
AcDbText
 10
226.356771164459
 20
-19.47995487177271
 30
0.0
 40
3.551499952521828
  1
4
100
AcDbText
  0
TEXT
  5
AA6A
330
11F68F
100
AcDbEntity
 67
     1
  8
Z-TS1
100
AcDbText
 10
-26.34699507361857
 20
15.03813120422734
 30
0.0
 40
1.775749976260914
  1
LOC
100
AcDbText
  0
TEXT
  5
AA6C
330
11F68F
100
AcDbEntity
 67
     1
  8
Z-TS1
100
AcDbText
 10
-26.34699507361857
 20
0.003448071884949
 30
0.0
 40
1.775749976260914
  1
DIST
100
AcDbText
  0
TEXT
  5
AA6D
330
11F68F
100
AcDbEntity
 67
     1
  8
Z-TL1
100
AcDbText
 10
-21.97352222157345
 20
-8.131317704519229
 30
0.0
 40
4.735333270029106
  1
.
100
AcDbText
  0
TEXT
  5
AA6E
330
11F68F
100
AcDbEntity
 67
     1
  8
Z-TS1
100
AcDbText
 10
441.1343377490383
 20
26.18126136993061
 30
0.0
 40
3.551499952521828
  1
A
100
AcDbText
  0
TEXT
  5
AA6F
330
11F68F
100
AcDbEntity
 67
     1
  8
Z-TS1
100
AcDbText
 10
441.1343377490383
 20
108.413164803948
 30
0.0
 40
3.551499952521828
  1
B
100
AcDbText
  0
TEXT
  5
AA70
330
11F68F
100
AcDbEntity
 67
     1
  8
Z-TS1
100
AcDbText
 10
441.1343377490383
 20
190.6450682379655
 30
0.0
 40
3.551499952521828
  1
C
100
AcDbText
  0
TEXT
  5
AA71
330
11F68F
100
AcDbEntity
 67
     1
  8
Z-TS1
100
AcDbText
 10
441.1343377490383
 20
272.8769716719831
 30
0.0
 40
3.551499952521828
  1
D
100
AcDbText
  0
TEXT
  5
AA72
330
11F68F
100
AcDbEntity
 67
     1
  8
Z-TS1
100
AcDbText
 10
365.3471060066916
 20
314.5463157698202
 30
0.0
 40
1.42059998100873
  1
USED ON
100
AcDbText
  0
TEXT
  5
AA73
330
11F68F
100
AcDbEntity
 67
     1
  8
Z-TL1
100
AcDbText
 10
375.8730969820986
 20
310.4698326148402
 30
0.0
 40
2.367666635014553
  1
--
100
AcDbText
  0
LINE
  5
AA78
330
11F68F
100
AcDbEntity
 67
     1
  8
Z-TS1
100
AcDbLine
 10
364.8378961301616
 20
20.37626037869443
 30
0.0
 11
400.5603032526072
 21
32.28372941950962
 31
0.0
  0
LINE
  5
AA79
330
11F68F
100
AcDbEntity
 67
     1
  8
Z-TS1
100
AcDbLine
 10
400.5603032526072
 20
20.37626037869443
 30
0.0
 11
436.2830854134476
 21
32.28372941950962
 31
0.0
  0
LINE
  5
AA7A
330
11F68F
100
AcDbEntity
 67
     1
  8
Z-TS1
100
AcDbLine
 10
-27.0991076585015
 20
-12.36937324314609
 30
0.0
 11
-12.06442452615914
 21
2.665309889196326
 31
0.0
  0
LINE
  5
AA7B
330
11F68F
100
AcDbEntity
 67
     1
  8
Z-LS1
100
AcDbLine
 10
-27.12494018960374
 20
167.6574074397838
 30
0.0
 11
-35.5050165149294
 21
167.6574074397838
 31
0.0
  0
TEXT
  5
AA7C
330
11F68F
100
AcDbEntity
 67
     1
  8
Z-LS1
100
AcDbText
 10
394.8572910638136
 20
14.43761204690115
 30
0.0
 40
1.538983312759459
  1
YOSHIDA PACKAGE CO.,LTD
  7
ROMAND
100
AcDbText
  0
TEXT
  5
AA7D
330
11F68F
100
AcDbEntity
 67
     1
  8
Z-LS1
100
AcDbText
 10
394.8572910638136
 20
9.082761396452896
 30
0.0
 40
1.538983312759459
  1
KAWASAKI  ,  JAPAN
  7
ROMAND
100
AcDbText
  0
LINE
  5
AA7E
330
11F68F
100
AcDbEntity
 67
     1
  8
Z-LS1
100
AcDbLine
 10
370.8746311546812
 20
8.939246722872944
 30
0.0
 11
374.3124831087222
 21
8.939246722872944
 31
0.0
  0
LINE
  5
AA80
330
11F68F
100
AcDbEntity
 67
     1
  8
Z-LS1
100
AcDbLine
 10
387.2044279363765
 20
15.97121662886617
 30
0.0
 11
383.2977779886025
 21
15.97121662886617
 31
0.0
  0
LINE
  5
AA83
330
11F68F
100
AcDbEntity
 67
     1
  8
Z-LS1
100
AcDbLine
 10
376.1876750836539
 20
15.97121662886617
 30
0.0
 11
376.1876750836539
 21
14.40855664975657
 31
0.0
  0
LINE
  5
AA85
330
11F68F
100
AcDbEntity
 67
     1
  8
Z-LS1
100
AcDbLine
 10
376.5783400784311
 20
8.939246722872944
 30
0.0
 11
376.5783400784311
 21
11.28323669153734
 31
0.0
  0
LINE
  5
AA87
330
11F68F
100
AcDbEntity
 67
     1
  8
Z-LS1
100
AcDbLine
 10
382.8289799948695
 20
15.97121662886617
 30
0.0
 11
382.8289799948695
 21
13.62722666020177
 31
0.0
  0
LINE
  5
AA89
330
11F68F
100
AcDbEntity
 67
     1
  8
Z-LS1
100
AcDbLine
 10
383.2977779886025
 20
8.939246722872944
 30
0.0
 11
383.2977779886025
 21
10.50190670198257
 31
0.0
  0
LINE
  5
AA8B
330
11F68F
100
AcDbEntity
 67
     1
  8
Z-LS1
100
AcDbLine
 10
390.3297478945956
 20
12.84589667064695
 30
0.0
 11
390.3297478945956
 21
12.06456668109218
 31
0.0
  0
LINE
  5
AA8C
330
11F68F
100
AcDbEntity
 67
     1
  8
Z-LS1
100
AcDbLine
 10
376.5783400784311
 20
8.939246722872944
 30
0.0
 11
378.1410000575408
 21
8.939246722872944
 31
0.0
  0
LINE
  5
AA8D
330
11F68F
100
AcDbEntity
 67
     1
  8
Z-LS1
100
AcDbLine
 10
383.2977779886025
 20
8.939246722872944
 30
0.0
 11
387.2044279363765
 21
8.939246722872944
 31
0.0
  0
LINE
  5
AA8E
330
11F68F
100
AcDbEntity
 67
     1
  8
Z-LS1
100
AcDbLine
 10
382.8289799948695
 20
15.97121662886617
 30
0.0
 11
381.2663200157599
 21
15.97121662886617
 31
0.0
  0
LINE
  5
AA8F
330
11F68F
100
AcDbEntity
 67
     1
  8
Z-LS1
100
AcDbLine
 10
376.1876750836539
 20
15.97121662886617
 30
0.0
 11
373.5311531191675
 21
15.97121662886617
 31
0.0
  0
LINE
  5
AA92
330
11F68F
100
AcDbEntity
 67
     1
  8
Z-LS1
100
AcDbLine
 10
369.1557051776606
 20
14.40855664975657
 30
0.0
 11
369.7807691693042
 21
14.40855664975657
 31
0.0
  0
LINE
  5
AA95
330
11F68F
100
AcDbEntity
 67
     1
  8
Z-LS1
100
AcDbLine
 10
370.8746311546812
 20
10.50190670198253
 30
0.0
 11
371.6559611442359
 21
10.50190670198253
 31
0.0
  0
LINE
  5
AA9A
330
11F68F
100
AcDbEntity
 67
     1
  8
Z-LS1
100
AcDbLine
 10
372.7498231296126
 20
15.97121662886617
 30
0.0
 11
372.7498231296126
 21
14.40855664975657
 31
0.0
1001
ACAD
1000
ASC_BOUNDS
1002
{
1070
    16
1005
0
1005
0
1002
}
  0
LINE
  5
AA9B
330
11F68F
100
AcDbEntity
 67
     1
  8
Z-LS1
100
AcDbLine
 10
369.1557051776606
 20
14.40855664975657
 30
0.0
 11
369.1557051776606
 21
15.97121662886617
 31
0.0
1001
ACAD
1000
ASC_BOUNDS
1002
{
1070
    16
1005
0
1005
0
1002
}
  0
LINE
  5
AAA2
330
11F68F
100
AcDbEntity
 67
     1
  8
Z-LS1
100
AcDbLine
 10
373.5311531191675
 20
14.40855664975657
 30
0.0
 11
373.5311531191675
 21
15.97121662886617
 31
0.0
  0
LINE
  5
AAA3
330
11F68F
100
AcDbEntity
 67
     1
  8
Z-LS1
100
AcDbLine
 10
373.5311531191675
 20
14.40855664975657
 30
0.0
 11
373.8436851149893
 21
14.40855664975657
 31
0.0
  0
LINE
  5
AAA4
330
11F68F
100
AcDbEntity
 67
     1
  8
Z-LS1
100
AcDbLine
 10
372.7498231296126
 20
15.97121662886617
 30
0.0
 11
369.1557051776606
 21
15.97121662886617
 31
0.0
  0
LINE
  5
AAAD
330
11F68F
100
AcDbEntity
 67
     1
  8
Z-LS1
100
AcDbLine
 10
370.8746311546812
 20
8.939246722872944
 30
0.0
 11
370.8746311546812
 21
10.50190670198253
 31
0.0
1001
ACAD
1000
ASC_BOUNDS
1002
{
1070
    16
1005
0
1005
0
1002
}
  0
LINE
  5
AAB2
330
11F68F
100
AcDbEntity
 67
     1
  8
Z-LS1
100
AcDbLine
 10
373.5311531191675
 20
11.75203468527025
 30
0.0
 11
373.5311531191675
 21
10.50190670198253
 31
0.0
1001
ACAD
1000
ASC_BOUNDS
1002
{
1070
    16
1005
0
1005
0
1002
}
  0
LINE
  5
AAB4
330
11F68F
100
AcDbEntity
 67
     1
  8
Z-LS1
100
AcDbLine
 10
374.3124831087222
 20
8.939246722872944
 30
0.0
 11
374.3124831087222
 21
10.50190670198253
 31
0.0
1001
ACAD
1000
ASC_BOUNDS
1002
{
1070
    16
1005
0
1005
0
1002
}
  0
LINE
  5
AAB7
330
11F68F
100
AcDbEntity
 67
     1
  8
Z-LS1
100
AcDbLine
 10
371.6559611442359
 20
11.75203468527025
 30
0.0
 11
369.7807691693042
 21
14.40855664975657
 31
0.0
1001
ACAD
1000
ASC_BOUNDS
1002
{
1070
    16
1005
0
1005
0
1005
0
1005
0
1002
}
  0
LINE
  5
AAB8
330
11F68F
100
AcDbEntity
 67
     1
  8
Z-LS1
100
AcDbLine
 10
373.5311531191675
 20
11.75203468527025
 30
0.0
 11
375.7188770899207
 21
14.40855664975657
 31
0.0
1001
ACAD
1000
ASC_BOUNDS
1002
{
1070
    16
1005
0
1005
0
1002
}
  0
LINE
  5
AABA
330
11F68F
100
AcDbEntity
 67
     1
  8
Z-LS1
100
AcDbLine
 10
371.6559611442359
 20
10.50190670198253
 30
0.0
 11
371.6559611442359
 21
11.75203468527025
 31
0.0
1001
ACAD
1000
ASC_BOUNDS
1002
{
1070
    16
1005
0
1005
0
1002
}
  0
LINE
  5
AABC
330
11F68F
100
AcDbEntity
 67
     1
  8
Z-LS1
100
AcDbLine
 10
373.5311531191675
 20
10.50190670198253
 30
0.0
 11
374.3124831087222
 21
10.50190670198253
 31
0.0
  0
LINE
  5
AAC4
330
11F68F
100
AcDbEntity
 67
     1
  8
Z-LS1
100
AcDbLine
 10
373.0623551254345
 20
13.31469466437985
 30
0.0
 11
373.8436851149893
 21
14.40855664975657
 31
0.0
  0
LINE
  5
AAC5
330
11F68F
100
AcDbEntity
 67
     1
  8
Z-LS1
100
AcDbLine
 10
373.0623551254345
 20
13.31469466437985
 30
0.0
 11
372.4372911337907
 21
14.40855664975657
 31
0.0
1001
ACAD
1000
ASC_BOUNDS
1002
{
1070
    16
1005
0
1002
}
  0
LINE
  5
AAC6
330
11F68F
100
AcDbEntity
 67
     1
  8
Z-LS1
100
AcDbLine
 10
375.7188770899207
 20
14.40855664975657
 30
0.0
 11
376.1876750836539
 21
14.40855664975657
 31
0.0
  0
LINE
  5
AAC7
330
11F68F
100
AcDbEntity
 67
     1
  8
Z-LS1
100
AcDbLine
 10
372.4372911337907
 20
14.40855664975657
 30
0.0
 11
372.7498231296126
 21
14.40855664975657
 31
0.0
  0
LINE
  5
AACF
330
11F68F
100
AcDbEntity
 67
     1
  8
Z-LS1
100
AcDbLine
 10
383.2977779886025
 20
14.40855664975657
 30
0.0
 11
384.0791079781572
 21
14.40855664975657
 31
0.0
  0
LINE
  5
AAD0
330
11F68F
100
AcDbEntity
 67
     1
  8
Z-LS1
100
AcDbLine
 10
383.2977779886025
 20
14.40855664975657
 30
0.0
 11
383.2977779886025
 21
15.97121662886617
 31
0.0
  0
LINE
  5
AAD1
330
11F68F
100
AcDbEntity
 67
     1
  8
Z-LS1
100
AcDbLine
 10
383.2977779886025
 20
10.50190670198257
 30
0.0
 11
384.0791079781572
 21
10.50190670198257
 31
0.0
  0
LINE
  5
AAD3
330
11F68F
100
AcDbEntity
 67
     1
  8
Z-LS1
100
AcDbLine
 10
384.0791079781572
 20
10.50190670198257
 30
0.0
 11
384.0791079781572
 21
14.40855664975657
 31
0.0
  0
LINE
  5
AAD4
330
11F68F
100
AcDbEntity
 67
     1
  8
Z-LS1
100
AcDbLine
 10
386.2668319489107
 20
14.40855664975657
 30
0.0
 11
386.7356299426436
 21
14.40855664975657
 31
0.0
  0
LINE
  5
AAD5
330
11F68F
100
AcDbEntity
 67
     1
  8
Z-LS1
100
AcDbLine
 10
386.2668319489107
 20
10.50190670198257
 30
0.0
 11
386.7356299426436
 21
10.50190670198257
 31
0.0
  0
LINE
  5
AAD6
330
11F68F
100
AcDbEntity
 67
     1
  8
Z-LS1
100
AcDbLine
 10
386.2668319489107
 20
14.40855664975657
 30
0.0
 11
386.2668319489107
 21
10.50190670198257
 31
0.0
  0
LINE
  5
AADA
330
11F68F
100
AcDbEntity
 67
     1
  8
Z-LS1
100
AcDbLine
 10
388.0520531948717
 20
11.59576868735926
 30
0.0
 11
388.0520531948717
 21
13.31469466437985
 31
0.0
  0
ARC
  5
AAE4
330
11F68F
100
AcDbEntity
 67
     1
  8
Z-LS1
100
AcDbCircle
 10
387.2044279363765
 20
12.84589667064695
 30
0.0
 40
3.125319958219211
100
AcDbArc
 50
0.0
 51
90.0
  0
ARC
  5
AAE5
330
11F68F
100
AcDbEntity
 67
     1
  8
Z-LS1
100
AcDbCircle
 10
387.2044279363765
 20
12.06456668109218
 30
0.0
 40
3.125319958219211
100
AcDbArc
 50
270.0
 51
0.0
  0
ARC
  5
AAE6
330
11F68F
100
AcDbEntity
 67
     1
  8
Z-LS1
100
AcDbCircle
 10
386.5331084631007
 20
12.8257645617959
 30
0.0
 40
1.595696005944461
100
AcDbArc
 50
17.84274478995498
 51
82.7085072108572
  0
ARC
  5
AAE7
330
11F68F
100
AcDbEntity
 67
     1
  8
Z-LS1
100
AcDbCircle
 10
386.5331084631007
 20
12.08469878994324
 30
0.0
 40
1.595696005944461
100
AcDbArc
 50
277.2914927891428
 51
342.1572552100451
  0
LINE
  5
AAEA
330
11F68F
100
AcDbEntity
 67
     1
  8
Z-LS1
100
AcDbLine
 10
378.1410000575408
 20
8.939246722872944
 30
0.0
 11
378.1410000575408
 21
9.476650779952732
 31
0.0
  0
LINE
  5
AAED
330
11F68F
100
AcDbEntity
 67
     1
  8
Z-LS1
100
AcDbLine
 10
376.5783400784311
 20
11.28323669153734
 30
0.0
 11
378.1410000575407
 21
11.28323669153734
 31
0.0
  0
LINE
  5
AAF0
330
11F68F
100
AcDbEntity
 67
     1
  8
Z-LS1
100
AcDbLine
 10
381.2663200157599
 20
15.97121662886617
 30
0.0
 11
381.2663200157599
 21
15.40815309414304
 31
0.0
  0
ARC
  5
AAF6
330
11F68F
100
AcDbEntity
 67
     1
  8
Z-LS1
100
AcDbCircle
 10
378.7735610912218
 20
13.78365326581968
 30
0.0
 40
2.187723970753445
100
AcDbArc
 50
89.30573189297344
 51
219.6817770638671
  0
ARC
  5
AAF7
330
11F68F
100
AcDbEntity
 67
     1
  8
Z-LS1
100
AcDbCircle
 10
380.574180426348
 20
11.13421704219173
 30
0.0
 40
2.225711116719916
100
AcDbArc
 50
279.3923607604644
 51
22.77948056851508
  0
ARC
  5
AAF8
330
11F68F
100
AcDbEntity
 67
     1
  8
Z-LS1
100
AcDbCircle
 10
379.1353745108241
 20
12.07506781849416
 30
0.0
 40
3.956056900469699
100
AcDbArc
 50
57.40794861683406
 51
80.55855280193711
  0
ARC
  5
AAF9
330
11F68F
100
AcDbEntity
 67
     1
  8
Z-LS1
100
AcDbCircle
 10
379.0913830062752
 20
13.70846152051257
 30
0.0
 40
0.6250639916438418
100
AcDbArc
 50
111.6886970682645
 51
262.1853855707053
  0
ARC
  5
AAFA
330
11F68F
100
AcDbEntity
 67
     1
  8
Z-LS1
100
AcDbCircle
 10
379.5365739615206
 20
12.04389761800526
 30
0.0
 40
2.344984492063774
100
AcDbArc
 50
42.46953465670097
 51
106.7595938606628
  0
ARC
  5
AAFB
330
11F68F
100
AcDbEntity
 67
     1
  8
Z-LS1
100
AcDbCircle
 10
380.4190207257667
 20
10.94726406228313
 30
0.0
 40
0.6250639916438418
100
AcDbArc
 50
269.5160143809755
 51
82.1544505920448
  0
ARC
  5
AAFC
330
11F68F
100
AcDbEntity
 67
     1
  8
Z-LS1
100
AcDbCircle
 10
379.8835985805705
 20
11.82767179198165
 30
0.0
 40
2.926422630357274
100
AcDbArc
 50
233.4418067636752
 51
260.7722960158328
  0
ARC
  5
AAFD
330
11F68F
100
AcDbEntity
 67
     1
  8
Z-LS1
100
AcDbCircle
 10
380.1470163436911
 20
12.85938952515947
 30
0.0
 40
2.55114858352779
100
AcDbArc
 50
218.1571767906433
 51
276.00128267099
  0
ARC
  5
AAFE
330
11F68F
100
AcDbEntity
 67
     1
  8
Z-LS1
100
AcDbCircle
 10
380.3586519338944
 20
18.03783272183191
 30
0.0
 40
5.130062712832216
100
AcDbArc
 50
252.562429409639
 51
273.8832406816948
  0
ARC
  5
AAFF
330
11F68F
100
AcDbEntity
 67
     1
  8
Z-LS1
100
AcDbCircle
 10
380.7725029556652
 20
10.62766772939764
 30
0.0
 40
2.304084541555301
100
AcDbArc
 50
36.43167080105369
 51
99.27667762208445
  0
ARC
  5
AB00
330
11F68F
100
AcDbEntity
 67
     1
  8
Z-LS1
100
AcDbCircle
 10
379.3257844022024
 20
6.797373458560559
 30
0.0
 40
4.912291605181635
100
AcDbArc
 50
74.86659013775959
 51
94.04564348923583
  0
LINE
  5
AB05
330
11F68F
100
AcDbEntity
 67
     1
  8
Z-LS1
100
AcDbLine
 10
379.4135453584651
 20
8.939246722872944
 30
0.0
 11
380.9428201860054
 21
8.939246722872944
 31
0.0
  0
LINE
  5
AB07
330
11F68F
100
AcDbEntity
 67
     1
  8
Z-LS1
100
AcDbLine
 10
379.8364086916369
 20
15.97121662886617
 30
0.0
 11
378.7470525102353
 21
15.97121662886617
 31
0.0
  0
ARC
  5
AB0B
330
11F68F
100
AcDbEntity
 67
     1
  8
Z-LS1
100
AcDbCircle
 10
379.0399192284914
 20
14.79767941643886
 30
0.0
 40
3.100849196954854
100
AcDbArc
 50
231.0330711272358
 51
268.8782992231789
  0
LINE
  5
AB10
330
11F68F
100
AcDbEntity
 67
     1
  8
Z-LS1
100
AcDbLine
 10
381.2663200157599
 20
13.62722666020177
 30
0.0
 11
382.8289799948695
 21
13.62722666020177
 31
0.0
  0
LINE
  5
AC0F
330
11F68F
100
AcDbEntity
 67
     1
  8
Z-LS1
100
AcDbLine
 10
390.3297478945956
 20
12.84589667064695
 30
0.0
 11
388.0520531948717
 21
12.84589667064695
 31
0.0
  0
LINE
  5
AC12
330
11F68F
100
AcDbEntity
 67
     1
  8
Z-LS1
100
AcDbLine
 10
390.3297478945956
 20
12.22083267900316
 30
0.0
 11
388.0520531948717
 21
12.22083267900316
 31
0.0
  0
LINE
  5
AC15
330
11F68F
100
AcDbEntity
 67
     1
  8
Z-LS1
100
AcDbLine
 10
390.2943880141632
 20
11.59576868735926
 30
0.0
 11
388.0520531948717
 21
11.59576868735926
 31
0.0
  0
LINE
  5
AC18
330
11F68F
100
AcDbEntity
 67
     1
  8
Z-LS1
100
AcDbLine
 10
390.1320704688913
 20
10.97070469571545
 30
0.0
 11
387.6755894920082
 21
10.97070469571545
 31
0.0
  0
LINE
  5
AC21
330
11F68F
100
AcDbEntity
 67
     1
  8
Z-LS1
100
AcDbLine
 10
370.8746311546811
 20
10.26750770511612
 30
0.0
 11
374.3124831087222
 21
10.26750770511612
 31
0.0
  0
LINE
  5
AC23
330
11F68F
100
AcDbEntity
 67
     1
  8
Z-LS1
100
AcDbLine
 10
389.51034440775
 20
9.954975709294199
 30
0.0
 11
383.2977779886025
 21
9.954975709294199
 31
0.0
  0
LINE
  5
AC25
330
11F68F
100
AcDbEntity
 67
     1
  8
Z-LS1
100
AcDbLine
 10
370.8746311546812
 20
9.564310714516787
 30
0.0
 11
374.3124831087222
 21
9.564310714516787
 31
0.0
  0
LINE
  5
AC27
330
11F68F
100
AcDbEntity
 67
     1
  8
Z-LS1
100
AcDbLine
 10
388.5667233227873
 20
9.251778718694868
 30
0.0
 11
383.2977779886025
 21
9.251778718694868
 31
0.0
  0
LINE
  5
AC29
330
11F68F
100
AcDbEntity
 67
     1
  8
Z-LS1
100
AcDbLine
 10
369.1557051776606
 20
15.65868463304427
 30
0.0
 11
372.7498231296126
 21
15.65868463304427
 31
0.0
  0
LINE
  5
AC2B
330
11F68F
100
AcDbEntity
 67
     1
  8
Z-LS1
100
AcDbLine
 10
389.1795089906553
 20
15.26801963826686
 30
0.0
 11
383.2977779886025
 21
15.26801963826686
 31
0.0
  0
LINE
  5
AC2D
330
11F68F
100
AcDbEntity
 67
     1
  8
Z-LS1
100
AcDbLine
 10
369.1557051776606
 20
14.95548764244497
 30
0.0
 11
372.7498231296126
 21
14.95548764244497
 31
0.0
  0
LINE
  5
AC2F
330
11F68F
100
AcDbEntity
 67
     1
  8
Z-LS1
100
AcDbLine
 10
389.8145846992485
 20
14.56482264766754
 30
0.0
 11
383.2977779886025
 21
14.56482264766751
 31
0.0
  0
LINE
  5
AC31
330
11F68F
100
AcDbEntity
 67
     1
  8
Z-LS1
100
AcDbLine
 10
369.8910745795945
 20
14.25229065184564
 30
0.0
 11
372.5265859897397
 21
14.2522906518456
 31
0.0
  0
LINE
  5
AC33
330
11F68F
100
AcDbEntity
 67
     1
  8
Z-LS1
100
AcDbLine
 10
390.1600868252515
 20
13.86162565706821
 30
0.0
 11
387.7468784308824
 21
13.86162565706821
 31
0.0
  0
LINE
  5
AC35
330
11F68F
100
AcDbEntity
 67
     1
  8
Z-LS1
100
AcDbLine
 10
370.4426016310449
 20
13.47096066229079
 30
0.0
 11
372.9730602694853
 21
13.47096066229079
 31
0.0
  0
LINE
  5
AC36
330
11F68F
100
AcDbEntity
 67
     1
  8
Z-LS1
100
AcDbLine
 10
387.2481392720837
 20
10.65817269989354
 30
0.0
 11
389.995427902498
 21
10.65817269989354
 31
0.0
  0
LINE
  5
AC37
330
11F68F
100
AcDbEntity
 67
     1
  8
Z-LS1
100
AcDbLine
 10
386.2668319489107
 20
10.97070469571545
 30
0.0
 11
384.0791079781572
 21
10.97070469571545
 31
0.0
  0
LINE
  5
AC38
330
11F68F
100
AcDbEntity
 67
     1
  8
Z-LS1
100
AcDbLine
 10
387.9129288311944
 20
11.28323669153734
 30
0.0
 11
390.2305059738147
 21
11.28323669153734
 31
0.0
  0
LINE
  5
AC39
330
11F68F
100
AcDbEntity
 67
     1
  8
Z-LS1
100
AcDbLine
 10
386.2668319489107
 20
11.59576868735926
 30
0.0
 11
384.0791079781572
 21
11.59576868735926
 31
0.0
  0
LINE
  5
AC3A
330
11F68F
100
AcDbEntity
 67
     1
  8
Z-LS1
100
AcDbLine
 10
388.0520531948717
 20
11.90830068318123
 30
0.0
 11
390.3258387999348
 21
11.90830068318123
 31
0.0
  0
LINE
  5
AC3B
330
11F68F
100
AcDbEntity
 67
     1
  8
Z-LS1
100
AcDbLine
 10
386.2668319489107
 20
12.22083267900316
 30
0.0
 11
384.0791079781572
 21
12.22083267900316
 31
0.0
  0
LINE
  5
AC3C
330
11F68F
100
AcDbEntity
 67
     1
  8
Z-LS1
100
AcDbLine
 10
388.0520531948717
 20
12.53336467482504
 30
0.0
 11
390.3297478945956
 21
12.53336467482504
 31
0.0
  0
LINE
  5
AC3D
330
11F68F
100
AcDbEntity
 67
     1
  8
Z-LS1
100
AcDbLine
 10
386.2668319489107
 20
12.84589667064695
 30
0.0
 11
384.0791079781572
 21
12.84589667064695
 31
0.0
  0
LINE
  5
AC3E
330
11F68F
100
AcDbEntity
 67
     1
  8
Z-LS1
100
AcDbLine
 10
388.0520531948717
 20
13.15842866646887
 30
0.0
 11
390.3140820317432
 21
13.15842866646887
 31
0.0
  0
LINE
  5
AC3F
330
11F68F
100
AcDbEntity
 67
     1
  8
Z-LS1
100
AcDbLine
 10
387.9925493612853
 20
13.47096066229079
 30
0.0
 11
390.2666036086056
 21
13.47096066229079
 31
0.0
  0
LINE
  5
AC40
330
11F68F
100
AcDbEntity
 67
     1
  8
Z-LS1
100
AcDbLine
 10
386.2668319489107
 20
13.86162565706821
 30
0.0
 11
384.0791079781572
 21
13.86162565706821
 31
0.0
  0
LINE
  5
AC41
330
11F68F
100
AcDbEntity
 67
     1
  8
Z-LS1
100
AcDbLine
 10
387.2481392720837
 20
14.25229065184564
 30
0.0
 11
389.995427902498
 21
14.2522906518456
 31
0.0
  0
LINE
  5
AC42
330
11F68F
100
AcDbEntity
 67
     1
  8
Z-LS1
100
AcDbLine
 10
383.2977779886025
 20
15.65868463304427
 30
0.0
 11
388.5667233227873
 21
15.65868463304427
 31
0.0
  0
LINE
  5
AC43
330
11F68F
100
AcDbEntity
 67
     1
  8
Z-LS1
100
AcDbLine
 10
382.8289799948695
 20
15.26801963826686
 30
0.0
 11
377.1664541736345
 21
15.26801963826686
 31
0.0
  0
LINE
  5
AC44
330
11F68F
100
AcDbEntity
 67
     1
  8
Z-LS1
100
AcDbLine
 10
383.2977779886025
 20
14.95548764244497
 30
0.0
 11
389.51034440775
 21
14.95548764244497
 31
0.0
  0
LINE
  5
AC45
330
11F68F
100
AcDbEntity
 67
     1
  8
Z-LS1
100
AcDbLine
 10
382.8289799948695
 20
14.56482264766754
 30
0.0
 11
376.7300566089482
 21
14.56482264766754
 31
0.0
  0
LINE
  5
AC46
330
11F68F
100
AcDbEntity
 67
     1
  8
Z-LS1
100
AcDbLine
 10
384.0791079781572
 20
14.2522906518456
 30
0.0
 11
386.2668319489107
 21
14.2522906518456
 31
0.0
  0
LINE
  5
AC47
330
11F68F
100
AcDbEntity
 67
     1
  8
Z-LS1
100
AcDbLine
 10
382.8289799948695
 20
13.86162565706821
 30
0.0
 11
381.0180654545855
 21
13.86162565706821
 31
0.0
  0
LINE
  5
AC48
330
11F68F
100
AcDbEntity
 67
     1
  8
Z-LS1
100
AcDbLine
 10
384.0791079781572
 20
13.47096066229079
 30
0.0
 11
386.2668319489107
 21
13.47096066229079
 31
0.0
  0
LINE
  5
AC49
330
11F68F
100
AcDbEntity
 67
     1
  8
Z-LS1
100
AcDbLine
 10
378.4853749692633
 20
13.86162565706821
 30
0.0
 11
376.5872270640402
 21
13.86162565706821
 31
0.0
  0
LINE
  5
AC4A
330
11F68F
100
AcDbEntity
 67
     1
  8
Z-LS1
100
AcDbLine
 10
380.3252135979229
 20
14.2522906518456
 30
0.0
 11
382.8289799948695
 21
14.2522906518456
 31
0.0
  0
LINE
  5
AC4B
330
11F68F
100
AcDbEntity
 67
     1
  8
Z-LS1
100
AcDbLine
 10
384.0791079781572
 20
13.15842866646887
 30
0.0
 11
386.2668319489107
 21
13.15842866646887
 31
0.0
  0
LINE
  5
AC4C
330
11F68F
100
AcDbEntity
 67
     1
  8
Z-LS1
100
AcDbLine
 10
381.3956128487319
 20
12.84589667064695
 30
0.0
 11
376.7970113851888
 21
12.84589667064695
 31
0.0
  0
LINE
  5
AC4D
330
11F68F
100
AcDbEntity
 67
     1
  8
Z-LS1
100
AcDbLine
 10
384.0791079781572
 20
12.53336467482504
 30
0.0
 11
386.2668319489107
 21
12.53336467482504
 31
0.0
  0
LINE
  5
AC4E
330
11F68F
100
AcDbEntity
 67
     1
  8
Z-LS1
100
AcDbLine
 10
382.4370242135596
 20
12.22083267900316
 30
0.0
 11
377.3150636884468
 21
12.22083267900316
 31
0.0
  0
LINE
  5
AC4F
330
11F68F
100
AcDbEntity
 67
     1
  8
Z-LS1
100
AcDbLine
 10
384.0791079781572
 20
11.90830068318123
 30
0.0
 11
386.2668319489107
 21
11.90830068318123
 31
0.0
  0
LINE
  5
AC50
330
11F68F
100
AcDbEntity
 67
     1
  8
Z-LS1
100
AcDbLine
 10
382.7515090772258
 20
11.59576868735926
 30
0.0
 11
380.3774554736784
 21
11.59576868735926
 31
0.0
  0
LINE
  5
AC51
330
11F68F
100
AcDbEntity
 67
     1
  8
Z-LS1
100
AcDbLine
 10
384.0791079781572
 20
11.28323669153734
 30
0.0
 11
386.2668319489107
 21
11.28323669153734
 31
0.0
  0
LINE
  5
AC52
330
11F68F
100
AcDbEntity
 67
     1
  8
Z-LS1
100
AcDbLine
 10
382.7938771821326
 20
10.97070469571545
 30
0.0
 11
381.0436450371364
 21
10.97070469571545
 31
0.0
  0
LINE
  5
AC53
330
11F68F
100
AcDbEntity
 67
     1
  8
Z-LS1
100
AcDbLine
 10
384.0791079781572
 20
10.65817269989351
 30
0.0
 11
386.2668319489107
 21
10.65817269989354
 31
0.0
  0
LINE
  5
AC54
330
11F68F
100
AcDbEntity
 67
     1
  8
Z-LS1
100
AcDbLine
 10
383.2977779886025
 20
10.26750770511612
 30
0.0
 11
389.7614191131519
 21
10.26750770511612
 31
0.0
  0
LINE
  5
AC55
330
11F68F
100
AcDbEntity
 67
     1
  8
Z-LS1
100
AcDbLine
 10
382.4618191242657
 20
9.954975709294199
 30
0.0
 11
376.5783400784311
 21
9.954975709294199
 31
0.0
  0
LINE
  5
AC56
330
11F68F
100
AcDbEntity
 67
     1
  8
Z-LS1
100
AcDbLine
 10
383.2977779886025
 20
9.564310714516787
 30
0.0
 11
389.0796199113079
 21
9.564310714516787
 31
0.0
  0
LINE
  5
AC57
330
11F68F
100
AcDbEntity
 67
     1
  8
Z-LS1
100
AcDbLine
 10
381.7617055559015
 20
9.251778718694868
 30
0.0
 11
378.4948133968721
 21
9.251778718694868
 31
0.0
  0
LINE
  5
AC58
330
11F68F
100
AcDbEntity
 67
     1
  8
Z-LS1
100
AcDbLine
 10
380.9732148955678
 20
10.65817269989354
 30
0.0
 11
382.7483864329757
 21
10.65817269989354
 31
0.0
  0
LINE
  5
AC59
330
11F68F
100
AcDbEntity
 67
     1
  8
Z-LS1
100
AcDbLine
 10
378.4320152619819
 20
10.97070469571545
 30
0.0
 11
376.5783400784311
 21
10.97070469571545
 31
0.0
  0
LINE
  5
AC5A
330
11F68F
100
AcDbEntity
 67
     1
  8
Z-LS1
100
AcDbLine
 10
371.6559611442359
 20
11.28323669153734
 30
0.0
 11
373.5311531191675
 21
11.28323669153734
 31
0.0
  0
LINE
  5
AC5B
330
11F68F
100
AcDbEntity
 67
     1
  8
Z-LS1
100
AcDbLine
 10
373.5311531191675
 20
11.59576868735926
 30
0.0
 11
371.6559611442359
 21
11.59576868735926
 31
0.0
  0
LINE
  5
AC5C
330
11F68F
100
AcDbEntity
 67
     1
  8
Z-LS1
100
AcDbLine
 10
376.5783400784311
 20
11.28323669153734
 30
0.0
 11
378.1410000575407
 21
11.28323669153734
 31
0.0
  0
LINE
  5
AC5D
330
11F68F
100
AcDbEntity
 67
     1
  8
Z-LS1
100
AcDbLine
 10
373.5311531191675
 20
10.97070469571545
 30
0.0
 11
371.6559611442359
 21
10.97070469571545
 31
0.0
  0
LINE
  5
AC5E
330
11F68F
100
AcDbEntity
 67
     1
  8
Z-LS1
100
AcDbLine
 10
371.6559611442359
 20
10.65817269989354
 30
0.0
 11
373.5311531191675
 21
10.65817269989354
 31
0.0
  0
LINE
  5
AC5F
330
11F68F
100
AcDbEntity
 67
     1
  8
Z-LS1
100
AcDbLine
 10
376.5783400784311
 20
10.26750770511612
 30
0.0
 11
382.6242060115827
 21
10.26750770511612
 31
0.0
  0
LINE
  5
AC60
330
11F68F
100
AcDbEntity
 67
     1
  8
Z-LS1
100
AcDbLine
 10
374.3124831087222
 20
9.954975709294199
 30
0.0
 11
370.8746311546812
 21
9.954975709294199
 31
0.0
  0
LINE
  5
AC61
330
11F68F
100
AcDbEntity
 67
     1
  8
Z-LS1
100
AcDbLine
 10
376.5783400784311
 20
9.564310714516787
 30
0.0
 11
382.1518952603458
 21
9.564310714516787
 31
0.0
  0
LINE
  5
AC62
330
11F68F
100
AcDbEntity
 67
     1
  8
Z-LS1
100
AcDbLine
 10
374.3124831087222
 20
9.251778718694868
 30
0.0
 11
370.8746311546811
 21
9.251778718694868
 31
0.0
  0
LINE
  5
AC63
330
11F68F
100
AcDbEntity
 67
     1
  8
Z-LS1
100
AcDbLine
 10
371.5456557339457
 20
11.90830068318123
 30
0.0
 11
373.6598427645057
 21
11.90830068318123
 31
0.0
  0
LINE
  5
AC64
330
11F68F
100
AcDbEntity
 67
     1
  8
Z-LS1
100
AcDbLine
 10
373.9172220551827
 20
12.22083267900312
 30
0.0
 11
371.3250449133655
 21
12.22083267900312
 31
0.0
  0
LINE
  5
AC65
330
11F68F
100
AcDbEntity
 67
     1
  8
Z-LS1
100
AcDbLine
 10
371.1044340927853
 20
12.53336467482504
 30
0.0
 11
374.1746013458597
 21
12.53336467482504
 31
0.0
  0
LINE
  5
AC66
330
11F68F
100
AcDbEntity
 67
     1
  8
Z-LS1
100
AcDbLine
 10
374.4319806365365
 20
12.84589667064695
 30
0.0
 11
370.8838232722053
 21
12.84589667064695
 31
0.0
  0
LINE
  5
AC67
330
11F68F
100
AcDbEntity
 67
     1
  8
Z-LS1
100
AcDbLine
 10
370.6632124516251
 20
13.15842866646887
 30
0.0
 11
374.6893599272133
 21
13.15842866646887
 31
0.0
  0
LINE
  5
AC68
330
11F68F
100
AcDbEntity
 67
     1
  8
Z-LS1
100
AcDbLine
 10
376.6082990960102
 20
13.47096066229079
 30
0.0
 11
378.5131976242449
 21
13.47096066229079
 31
0.0
  0
LINE
  5
AC69
330
11F68F
100
AcDbEntity
 67
     1
  8
Z-LS1
100
AcDbLine
 10
375.2684633312363
 20
13.86162565706821
 30
0.0
 11
373.4530201202119
 21
13.86162565706821
 31
0.0
  0
LINE
  5
AC6A
330
11F68F
100
AcDbEntity
 67
     1
  8
Z-LS1
100
AcDbLine
 10
376.6366204807631
 20
14.2522906518456
 30
0.0
 11
378.7832355260594
 21
14.2522906518456
 31
0.0
  0
LINE
  5
AC6B
330
11F68F
100
AcDbEntity
 67
     1
  8
Z-LS1
100
AcDbLine
 10
376.1876750836539
 20
14.56482264766754
 30
0.0
 11
373.5311531191675
 21
14.56482264766754
 31
0.0
  0
LINE
  5
AC6C
330
11F68F
100
AcDbEntity
 67
     1
  8
Z-LS1
100
AcDbLine
 10
376.9261465827889
 20
14.95548764244497
 30
0.0
 11
382.8289799948695
 21
14.95548764244497
 31
0.0
  0
LINE
  5
AC6D
330
11F68F
100
AcDbEntity
 67
     1
  8
Z-LS1
100
AcDbLine
 10
376.1876750836539
 20
15.26801963826686
 30
0.0
 11
373.5311531191675
 21
15.26801963826686
 31
0.0
  0
LINE
  5
AC6E
330
11F68F
100
AcDbEntity
 67
     1
  8
Z-LS1
100
AcDbLine
 10
377.646443730814
 20
15.65868463304427
 30
0.0
 11
380.8111062095837
 21
15.65868463304425
 31
0.0
  0
LINE
  5
AC6F
330
11F68F
100
AcDbEntity
 67
     1
  8
Z-LS1
100
AcDbLine
 10
373.5311531191675
 20
15.65868463304427
 30
0.0
 11
376.1876750836539
 21
15.65868463304427
 31
0.0
  0
LINE
  5
AC70
330
11F68F
100
AcDbEntity
 67
     1
  8
Z-LS1
100
AcDbLine
 10
372.7498231296126
 20
15.26801963826686
 30
0.0
 11
369.1557051776606
 21
15.26801963826686
 31
0.0
  0
LINE
  5
AC71
330
11F68F
100
AcDbEntity
 67
     1
  8
Z-LS1
100
AcDbLine
 10
373.5311531191675
 20
14.95548764244497
 30
0.0
 11
376.1876750836539
 21
14.95548764244497
 31
0.0
  0
LINE
  5
AC72
330
11F68F
100
AcDbEntity
 67
     1
  8
Z-LS1
100
AcDbLine
 10
372.7498231296126
 20
14.56482264766754
 30
0.0
 11
369.1557051776606
 21
14.56482264766754
 31
0.0
  0
LINE
  5
AC73
330
11F68F
100
AcDbEntity
 67
     1
  8
Z-LS1
100
AcDbLine
 10
373.7320665450531
 20
14.2522906518456
 30
0.0
 11
375.5901874445823
 21
14.25229065184564
 31
0.0
  0
LINE
  5
AC74
330
11F68F
100
AcDbEntity
 67
     1
  8
Z-LS1
100
AcDbLine
 10
372.7498231296126
 20
13.86162565706821
 30
0.0
 11
370.1668381053196
 21
13.86162565706821
 31
0.0
  0
LINE
  5
AC77
330
11F68F
100
AcDbEntity
 67
     1
  8
Z-LS1
100
AcDbLine
 10
376.6770806184829
 20
13.15842866646887
 30
0.0
 11
378.7944506013035
 21
13.15842866646887
 31
0.0
  0
LINE
  5
AC78
330
11F68F
100
AcDbEntity
 67
     1
  8
Z-LS1
100
AcDbLine
 10
376.9783133056952
 20
12.53336467482504
 30
0.0
 11
382.0675414596574
 21
12.53336467482504
 31
0.0
  0
LINE
  5
AC79
330
11F68F
100
AcDbEntity
 67
     1
  8
Z-LS1
100
AcDbLine
 10
377.9144165505496
 20
11.90830068318123
 30
0.0
 11
382.6609445461859
 21
11.90830068318123
 31
0.0
  0
LINE
  5
AC7A
330
11F68F
100
AcDbEntity
 67
     1
  8
Z-LS1
100
AcDbLine
 10
376.5783400784311
 20
11.28323669153734
 30
0.0
 11
378.1410000575407
 21
11.28323669153734
 31
0.0
  0
LINE
  5
AC7B
330
11F68F
100
AcDbEntity
 67
     1
  8
Z-LS1
100
AcDbLine
 10
376.5783400784311
 20
10.65817269989354
 30
0.0
 11
378.8574413813869
 21
10.65817269989354
 31
0.0
  0
LINE
  5
AC7C
330
11F68F
100
AcDbEntity
 67
     1
  8
Z-LS1
100
AcDbLine
 10
380.9461140628919
 20
11.28323669153734
 30
0.0
 11
382.7948972293644
 21
11.28323669153734
 31
0.0
  0
LINE
  5
AE46
330
11F68F
100
AcDbEntity
 67
     1
  8
Z-LS1
100
AcDbLine
 10
373.173973695371
 20
13.47096066229079
 30
0.0
 11
374.9467392178902
 21
13.47096066229079
 31
0.0
1001
ACAD
1000
ASC_BOUNDS
1002
{
1070
    16
1005
0
1002
}
  0
INSERT
  5
AE94
330
11F68F
100
AcDbEntity
 67
     1
  8
Z-LS1
100
AcDbBlockReference
  2
*X1
 10
345.5175869080182
 20
-4.051487833945667
 30
0.0
 41
0.1562659979109604
 42
0.1562659979109604
 43
0.1562659979109604
1001
ACAD
1000
HATCH
1002
{
1070
    19
1000
ANSI31
1040
0.4
1040
0.0
1002
}
  0
INSERT
  5
AF36
330
11F68F
100
AcDbEntity
 67
     1
  8
Z-LS1
100
AcDbBlockReference
  2
*X2
 10
345.5175869080182
 20
-4.051487833945667
 30
0.0
 41
0.1562659979109604
 42
0.1562659979109604
 43
0.1562659979109604
1001
ACAD
1000
HATCH
1002
{
1070
    19
1000
ANSI31
1040
0.5
1040
0.0
1002
}
  0
INSERT
  5
B13A
330
11F68F
100
AcDbEntity
 67
     1
  8
Z-LS1
100
AcDbBlockReference
  2
*X3
 10
345.5175869080182
 20
-4.051487833945667
 30
0.0
 41
0.1562659979109604
 42
0.1562659979109604
 43
0.1562659979109604
1001
ACAD
1000
HATCH
1002
{
1070
    19
1000
ANSI31
1040
0.5
1040
0.0
1002
}
  0
INSERT
  5
B1FF
330
11F68F
100
AcDbEntity
 67
     1
  8
Z-LS1
100
AcDbBlockReference
  2
*X4
 10
345.5175869080182
 20
-4.051487833945667
 30
0.0
 41
0.1562659979109604
 42
0.1562659979109604
 43
0.1562659979109604
1001
ACAD
1000
HATCH
1002
{
1070
    19
1000
ANSI31
1040
0.45
1040
0.0
1002
}
  0
LINE
  5
B227
330
11F68F
100
AcDbEntity
 67
     1
  8
Z-LS1
100
AcDbLine
 10
381.2663200157599
 20
15.65868463304425
 30
0.0
 11
382.8289799948695
 21
15.65868463304427
 31
0.0
1001
ACAD
1000
ASC_BOUNDS
1002
{
1070
    16
1005
0
1005
0
1002
}
  0
LINE
  5
B316
330
11F68F
100
AcDbEntity
 67
     1
  8
Z-LS1
100
AcDbLine
 10
378.1410000575408
 20
9.251778718694868
 30
0.0
 11
376.5783400784311
 21
9.251778718694868
 31
0.0
1001
ACAD
1000
ASC_BOUNDS
1002
{
1070
    16
1005
0
1005
0
1002
}
  0
INSERT
  5
B31E
330
11F68F
100
AcDbEntity
 67
     1
  8
Z-LS1
100
AcDbBlockReference
  2
*X5
 10
345.5175869080182
 20
-4.051487833945667
 30
0.0
 41
0.1562659979109604
 42
0.1562659979109604
 43
0.1562659979109604
1001
ACAD
1000
HATCH
1002
{
1070
    19
1000
ANSI31
1040
0.5
1040
0.0
1002
}
  0
INSERT
  5
B37A
330
11F68F
100
AcDbEntity
 67
     1
  8
Z-LS1
100
AcDbBlockReference
  2
*X6
 10
345.5175869080182
 20
-4.051487833945667
 30
0.0
 41
0.1562659979109604
 42
0.1562659979109604
 43
0.1562659979109604
1001
ACAD
1000
HATCH
1002
{
1070
    19
1000
ANSI31
1040
0.0825
1040
0.0
1002
}
  0
TEXT
  5
C9EA
330
11F68F
100
AcDbEntity
 67
     1
  8
0
100
AcDbText
 10
319.5419594455062
 20
25.07176919492074
 30
0.0
 40
2.95958329376819
  1
LE. QUAN
  7
ROMAND
100
AcDbText
  0
TEXT
  5
C9ED
330
11F68F
100
AcDbEntity
 67
     1
  8
0
100
AcDbText
 10
402.7557058564531
 20
-10.37073638977203
 30
0.0
 40
2.95958329376819
  1
1 OF 1
  7
ROMAND
100
AcDbText
  0
TEXT
  5
151E5
330
11F68F
100
AcDbEntity
 67
     1
  8
0
100
AcDbText
 10
352.4800746601357
 20
-10.36078095877278
 30
0.0
 40
2.95958329376819
  1
SMK-226
  7
ROMAND
100
AcDbText
  0
TEXT
  5
151E6
330
11F68F
100
AcDbEntity
 67
     1
  8
0
100
AcDbText
 10
320.8790617902121
 20
-1.705412125261639
 30
0.0
 40
2.492280668436371
  1
TRAY FOR 40 POCKETS   
  7
ROMAND
100
AcDbText
  0
TEXT
  5
151E8
330
11F68F
100
AcDbEntity
 67
     1
  8
0
100
AcDbText
 10
342.7434852480081
 20
29.41175149702834
 30
0.0
 40
1.775749976260914
  1
08 MAY 2026
  7
ROMAND
100
AcDbText
  0
TEXT
  5
151E9
330
11F68F
100
AcDbEntity
 67
     1
  8
0
100
AcDbText
 10
406.7904662284925
 20
2.367237573835318
 30
0.0
 40
1.775749976260914
  1
( Mold Drawing )
  7
ROMAND
100
AcDbText
  0
TEXT
  5
1CCB3
330
11F68F
100
AcDbEntity
 67
     1
  8
0
100
AcDbText
 10
328.9926333661005
 20
-10.37073638977203
 30
0.0
 40
2.95958329376819
  1
A3
  7
ROMAND
100
AcDbText
  0
TEXT
  5
1CCB4
330
11F68F
100
AcDbEntity
 67
     1
  8
0
100
AcDbText
 10
428.2575243723425
 20
-10.37073638977203
 30
0.0
 40
2.95958329376819
  1
0
  7
ROMAND
100
AcDbText
  0
TEXT
  5
13069D
330
11F68F
100
AcDbEntity
 67
     1
  8
0
100
AcDbText
 10
319.5419594455062
 20
16.14116741430934
 30
0.0
 40
2.95958329376819
  1
Jr. YOSHIDA
  7
ROMAND
100
AcDbText
  0
TEXT
  5
13069F
330
11F68F
100
AcDbEntity
 67
     1
  8
0
100
AcDbText
 10
319.5419594455062
 20
7.210565633697941
 30
0.0
 40
2.95958329376819
  1
Jr. YOSHIDA
  7
ROMAND
100
AcDbText
  0
TEXT
  5
13D5AB
330
11F68F
100
AcDbEntity
 67
     1
  8
0
100
AcDbText
 10
342.7434852480081
 20
20.48114971641698
 30
0.0
 40
1.775749976260914
  1
08 MAY 2026
  7
ROMAND
100
AcDbText
  0
TEXT
  5
13D5AC
330
11F68F
100
AcDbEntity
 67
     1
  8
0
100
AcDbText
 10
342.7434852480081
 20
11.55054793580553
 30
0.0
 40
1.775749976260914
  1
08 MAY 2026
  7
ROMAND
100
AcDbText
  0
LINE
  5
143F71
330
11F68F
100
AcDbEntity
 67
     1
  8
Z-LL1
100
AcDbLine
 10
227.0002962112412
 20
-3.438677702935957
 30
0.0
 11
308.9853031568261
 21
-3.438677702935957
 31
0.0
  0
LINE
  5
143F72
330
11F68F
100
AcDbEntity
 67
     1
  8
Z-LL1
100
AcDbLine
 10
227.0002962112412
 20
5.49192407767544
 30
0.0
 11
308.9853031568261
 21
5.49192407767544
 31
0.0
  0
LINE
  5
143F73
330
11F68F
100
AcDbEntity
 67
     1
  8
Z-LL1
100
AcDbLine
 10
227.0002962112412
 20
14.42252585828683
 30
0.0
 11
308.9853031568261
 21
14.42252585828683
 31
0.0
  0
LINE
  5
143F74
330
11F68F
100
AcDbEntity
 67
     1
  8
Z-LL1
100
AcDbLine
 10
227.0002962112412
 20
23.35312763889823
 30
0.0
 11
308.9853031568261
 21
23.35312763889823
 31
0.0
  0
LWPOLYLINE
  5
143F78
330
11F68F
100
AcDbEntity
 67
     1
  8
Z-LL1
100
AcDbPolyline
 90
        2
 70
     0
 43
0.0
 10
262.5152957364595
 20
-12.3693732431461
 10
262.5152957364595
 20
23.35312763889822
  0
LWPOLYLINE
  5
143F7B
330
11F68F
100
AcDbEntity
 67
     1
  8
Z-LL1
100
AcDbPolyline
 90
        2
 70
     0
 43
0.0
 10
227.0002962112412
 20
23.35312763889822
 10
227.0002962112412
 20
-12.3693732431461
  0
LWPOLYLINE
  5
143F7C
330
11F68F
100
AcDbEntity
 67
     1
  8
Z-LL1
100
AcDbPolyline
 90
        2
 70
     0
 43
0.0
 10
262.5152957364595
 20
-12.3693732431461
 10
262.5152957364595
 20
23.35312763889822
  0
TEXT
  5
1515DB
330
11F68F
100
AcDbEntity
 67
     1
  8
0
100
AcDbText
 10
269.7088163104179
 20
-9.752631285794805
 30
0.0
 40
2.95958329376819
  1
REVISION MARK
  7
ROMAND
100
AcDbText
  0
TEXT
  5
1515DC
330
11F68F
100
AcDbEntity
 67
     1
  8
0
100
AcDbText
 10
239.282640238627
 20
-9.752631285794805
 30
0.0
 40
2.95958329376819
  1
DATE
  7
ROMAND
100
AcDbText
  0
TEXT
  5
1515EF
330
11F68F
100
AcDbEntity
 67
     1
  8
0
100
AcDbText
 10
269.7088163104179
 20
-0.6913020081548104
 30
0.0
 40
2.95958329376819
  1
-
  7
ROMAND
100
AcDbText
  0
TEXT
  5
1515F0
330
11F68F
100
AcDbEntity
 67
     1
  8
0
100
AcDbText
 10
239.282640238627
 20
-0.6913020081548104
 30
0.0
 40
2.95958329376819
  1
-
  7
ROMAND
100
AcDbText
  0
TEXT
  5
1515F1
330
11F68F
100
AcDbEntity
 67
     1
  8
0
100
AcDbText
 10
239.282640238627
 20
8.461649238488481
 30
0.0
 40
2.95958329376819
  1
-
  7
ROMAND
100
AcDbText
  0
TEXT
  5
1515F2
330
11F68F
100
AcDbEntity
 67
     1
  8
0
100
AcDbText
 10
269.7088163104179
 20
8.461649238488481
 30
0.0
 40
2.95958329376819
  1
-
  7
ROMAND
100
AcDbText
  0
TEXT
  5
1515F3
330
11F68F
100
AcDbEntity
 67
     1
  8
0
100
AcDbText
 10
239.282640238627
 20
17.25566209262466
 30
0.0
 40
2.95958329376819
  1
-
  7
ROMAND
100
AcDbText
  0
TEXT
  5
1515F4
330
11F68F
100
AcDbEntity
 67
     1
  8
0
100
AcDbText
 10
269.7088163104179
 20
17.25566209262466
 30
0.0
 40
2.95958329376819
  1
-
  7
ROMAND
100
AcDbText
  0
ENDSEC
  0
SECTION
  2
OBJECTS
  0
DICTIONARY
  5
11F686
330
0
100
AcDbDictionary
281
     1
  3
ACAD_BACKGROUND
350
1D1F13
  3
ACAD_CIP_PREVIOUS_PRODUCT_INFO
350
17135C
  3
ACAD_COLOR
350
171339
  3
ACAD_DETAILVIEWSTYLE
350
171352
  3
ACAD_GROUP
350
11F687
  3
ACAD_LAYOUT
350
171354
  3
ACAD_MATERIAL
350
171307
  3
ACAD_MLEADERSTYLE
350
17134E
  3
ACAD_MLINESTYLE
350
11F688
  3
ACAD_PLOTSETTINGS
350
171355
  3
ACAD_PLOTSTYLENAME
350
171305
  3
ACAD_SCALELIST
350
17133C
  3
ACAD_SECTIONVIEWSTYLE
350
171350
  3
ACAD_TABLESTYLE
350
17133A
  3
ACAD_VISUALSTYLE
350
171320
  3
AcadDim
350
1BE6B4
  3
ACDB_RECOMPOSE_DATA
350
2D4AC0
  3
ACDBVARIABLEDICTIONARY
350
133783
  3
AEC_PROPERTY_SET_DEFS
350
1E7061
  0
DICTIONARY
  5
1ABE7F
330
11F682
100
AcDbDictionary
280
     1
281
     1
  0
DICTIONARY
  5
1713B1
330
11F67C
100
AcDbDictionary
280
     1
281
     1
  3
ACAD_LAYERFILTERS
360
1C5EFA
  3
ACAD_LAYERSTATES
360
1713B2
  3
ACLYDICTIONARY
360
1C5EF9
  0
DICTIONARY
  5
17136F
330
11F689
100
AcDbDictionary
280
     1
281
     1
  3
ADSK_XREC_LAYER_RECONCILED
360
171370
  0
DICTIONARY
  5
171371
330
11F713
100
AcDbDictionary
280
     1
281
     1
  3
ADSK_XREC_LAYER_RECONCILED
360
171372
  0
DICTIONARY
  5
171373
330
11F714
100
AcDbDictionary
280
     1
281
     1
  3
ADSK_XREC_LAYER_RECONCILED
360
171374
  0
DICTIONARY
  5
171375
330
11F715
100
AcDbDictionary
280
     1
281
     1
  3
ADSK_XREC_LAYER_RECONCILED
360
171376
  0
DICTIONARY
  5
171377
330
11F717
100
AcDbDictionary
280
     1
281
     1
  3
ADSK_XREC_LAYER_RECONCILED
360
171378
  0
DICTIONARY
  5
171379
330
11F71A
100
AcDbDictionary
280
     1
281
     1
  3
ADSK_XREC_LAYER_RECONCILED
360
17137A
  0
DICTIONARY
  5
17137B
330
11F71D
100
AcDbDictionary
280
     1
281
     1
  3
ADSK_XREC_LAYER_RECONCILED
360
17137C
  0
DICTIONARY
  5
171381
330
11F720
100
AcDbDictionary
280
     1
281
     1
  3
ADSK_XREC_LAYER_LINEWT_OVR
360
1B1536
  3
ADSK_XREC_LAYER_RECONCILED
360
171382
  0
DICTIONARY
  5
1713A5
330
1685A9
100
AcDbDictionary
280
     1
281
     1
  3
ADSK_XREC_LAYER_RECONCILED
360
1713A6
  0
DICTIONARY
  5
1CC7DA
330
1CC7D9
100
AcDbDictionary
280
     1
281
     1
  3
ADSK_XREC_VTR_ANNOSCALE_DATA
360
1CC7DB
  0
DICTIONARY
  5
1EDB40
330
1EDB3F
100
AcDbDictionary
280
     1
281
     1
  3
ADSK_XREC_VTR_ANNOSCALE_DATA
360
1EDB41
  0
DICTIONARY
  5
1A18AA
330
11F692
100
AcDbDictionary
280
     1
281
     1
  3
ACAD_LAYOUTSELFREF
360
25230E
  3
ACAD_SORTENTS
360
1A18AB
  0
DICTIONARY
  5
1ABE83
330
11F68F
100
AcDbDictionary
280
     1
281
     1
  3
ACAD_LAYOUTSELFREF
360
25230D
  0
DICTIONARY
  5
1D1F13
102
{ACAD_REACTORS
330
11F686
102
}
330
11F686
100
AcDbDictionary
281
     1
  0
XRECORD
  5
17135C
102
{ACAD_REACTORS
330
11F686
102
}
330
11F686
100
AcDbXrecord
280
     1
300
ACDLT
300
2014
300
ACDLT_F_S
  0
DICTIONARY
  5
171339
102
{ACAD_REACTORS
330
11F686
102
}
330
11F686
100
AcDbDictionary
281
     1
  0
DICTIONARY
  5
171352
102
{ACAD_REACTORS
330
11F686
102
}
330
11F686
100
AcDbDictionary
281
     1
  3
Imperial24
350
171353
  3
Metric50
350
1725B0
  0
DICTIONARY
  5
11F687
102
{ACAD_REACTORS
330
11F686
102
}
330
11F686
100
AcDbDictionary
281
     1
  0
DICTIONARY
  5
171354
102
{ACAD_REACTORS
330
11F686
102
}
330
11F686
100
AcDbDictionary
281
     1
  3
Model
350
171356
  3
レイアウト1
350
171357
1001
AcadStringInfo
1000
MIFCodePage
1070
     1
  0
DICTIONARY
  5
171307
102
{ACAD_REACTORS
330
11F686
102
}
330
11F686
100
AcDbDictionary
281
     1
  3
ByBlock
350
171310
  3
ByLayer
350
171308
  3
Global
350
171318
  0
DICTIONARY
  5
17134E
102
{ACAD_REACTORS
330
11F686
102
}
330
11F686
100
AcDbDictionary
281
     1
  3
Standard
350
17134F
  0
DICTIONARY
  5
11F688
102
{ACAD_REACTORS
330
11F686
102
}
330
11F686
100
AcDbDictionary
281
     1
  3
STANDARD
350
11F695
  0
DICTIONARY
  5
171355
102
{ACAD_REACTORS
330
11F686
102
}
330
11F686
100
AcDbDictionary
281
     1
  0
ACDBDICTIONARYWDFLT
  5
171305
102
{ACAD_REACTORS
330
11F686
102
}
330
11F686
100
AcDbDictionary
281
     1
  3
Normal
350
171306
100
AcDbDictionaryWithDefault
340
171306
  0
DICTIONARY
  5
17133C
102
{ACAD_REACTORS
330
11F686
102
}
330
11F686
100
AcDbDictionary
281
     1
  3
A0
350
17133D
  3
A1
350
17133E
  3
A2
350
17133F
  3
A3
350
171340
  3
A4
350
171341
  3
A5
350
171342
  3
A6
350
171343
  3
A7
350
171344
  3
A8
350
171345
  3
A9
350
171346
  3
B0
350
171347
  3
B1
350
171348
  3
B2
350
171349
  3
B3
350
17134A
  3
B4
350
17134B
  3
B5
350
17134C
  3
B6
350
17134D
  0
DICTIONARY
  5
171350
102
{ACAD_REACTORS
330
11F686
102
}
330
11F686
100
AcDbDictionary
281
     1
  3
Imperial24
350
171351
  3
Metric50
350
1725AF
  0
DICTIONARY
  5
17133A
102
{ACAD_REACTORS
330
11F686
102
}
330
11F686
100
AcDbDictionary
281
     1
  3
Standard
350
17133B
  0
DICTIONARY
  5
171320
102
{ACAD_REACTORS
330
11F686
102
}
330
11F686
100
AcDbDictionary
281
     1
  3
2dWireframe
350
171326
  3
3D Hidden
350
1BD2EE
  3
3dWireframe
350
171526
  3
Basic
350
171325
  3
Brighten
350
17132C
  3
ColorChange
350
171330
  3
Conceptual
350
171329
  3
Dim
350
17132B
  3
EdgeColorOff
350
171338
  3
Facepattern
350
17132F
  3
Flat
350
171321
  3
FlatWithEdges
350
171322
  3
Gouraud
350
171323
  3
GouraudWithEdges
350
171324
  3
Hidden
350
171328
  3
JitterOff
350
171336
  3
Linepattern
350
17132E
  3
OverhangOff
350
171337
  3
Realistic
350
17132A
  3
Shaded
350
171335
  3
Shaded with edges
350
171334
  3
Shades of Gray
350
171331
  3
Sketchy
350
171332
  3
Thicken
350
17132D
  3
Wireframe
350
171327
  3
X-Ray
350
171333
  0
XRECORD
  5
1BE6B4
102
{ACAD_REACTORS
330
11F686
102
}
330
11F686
100
AcDbXrecord
280
     1
 90
   990106
  3

 60
     0
 61
     0
 62
     1
 63
     3
 64
     0
 65
     0
 66
     0
 67
     3
 68
     1
 69
     0
 70
     0
 71
     0
 72
     0
 40
0.0
170
     0
  0
XRECORD
  5
2D4AC0
102
{ACAD_REACTORS
330
11F686
102
}
330
11F686
100
AcDbXrecord
280
     1
 90
        1
330
17133B
330
171351
330
171353
330
1725AF
330
1725B0
  0
DICTIONARY
  5
133783
102
{ACAD_REACTORS
330
11F686
102
}
330
11F686
100
AcDbDictionary
281
     1
  3
CANNOSCALE
350
1713C0
  3
CMLEADERSTYLE
350
1713BC
  3
CTABLESTYLE
350
1713BB
  3
CVIEWDETAILSTYLE
350
1713BD
  3
CVIEWSECTIONSTYLE
350
1713BE
  3
DIMASSOC
350
1ABEE3
  3
INDEXCTL
350
1ABEE2
  3
LAYEREVAL
350
1713C2
  3
LAYERNOTIFY
350
1713C3
  3
LIGHTINGUNITS
350
1713C1
  3
MSLTSCALE
350
1713BF
  3
SOLIDHIST
350
1C8F23
  3
SORTENTS
350
133784
  0
DICTIONARY
  5
1E7061
102
{ACAD_REACTORS
330
11F686
102
}
330
11F686
100
AcDbDictionary
281
     1
  0
DICTIONARY
  5
1C5EFA
102
{ACAD_REACTORS
330
1713B1
102
}
330
1713B1
100
AcDbDictionary
281
     1
  0
DICTIONARY
  5
1713B2
102
{ACAD_REACTORS
330
1713B1
102
}
330
1713B1
100
AcDbDictionary
281
     1
  0
DICTIONARY
  5
1C5EF9
102
{ACAD_REACTORS
330
1713B1
102
}
330
1713B1
100
AcDbDictionary
281
     1
1001
ACAD
1000
<All
  0
XRECORD
  5
171370
102
{ACAD_REACTORS
330
17136F
102
}
330
17136F
100
AcDbXrecord
280
     1
290
     1
  0
XRECORD
  5
171372
102
{ACAD_REACTORS
330
171371
102
}
330
171371
100
AcDbXrecord
280
     1
290
     1
  0
XRECORD
  5
171374
102
{ACAD_REACTORS
330
171373
102
}
330
171373
100
AcDbXrecord
280
     1
290
     1
  0
XRECORD
  5
171376
102
{ACAD_REACTORS
330
171375
102
}
330
171375
100
AcDbXrecord
280
     1
290
     1
  0
XRECORD
  5
171378
102
{ACAD_REACTORS
330
171377
102
}
330
171377
100
AcDbXrecord
280
     1
290
     1
  0
XRECORD
  5
17137A
102
{ACAD_REACTORS
330
171379
102
}
330
171379
100
AcDbXrecord
280
     1
290
     1
  0
XRECORD
  5
17137C
102
{ACAD_REACTORS
330
17137B
102
}
330
17137B
100
AcDbXrecord
280
     1
290
     1
  0
XRECORD
  5
1B1536
102
{ACAD_REACTORS
330
171381
102
}
330
171381
100
AcDbXrecord
280
     1
102
{ADSK_LYR_LINEWT_OVERRIDE
335
1
 91
        0
102
}
  0
XRECORD
  5
171382
102
{ACAD_REACTORS
330
171381
102
}
330
171381
100
AcDbXrecord
280
     1
290
     1
  0
XRECORD
  5
1713A6
102
{ACAD_REACTORS
330
1713A5
102
}
330
1713A5
100
AcDbXrecord
280
     1
290
     1
  0
XRECORD
  5
1CC7DB
102
{ACAD_REACTORS
330
1CC7DA
102
}
330
1CC7DA
100
AcDbXrecord
280
     1
340
17133D
  0
XRECORD
  5
1EDB41
102
{ACAD_REACTORS
330
1EDB40
102
}
330
1EDB40
100
AcDbXrecord
280
     1
340
17133D
  0
XRECORD
  5
25230E
102
{ACAD_REACTORS
330
1A18AA
102
}
330
1A18AA
100
AcDbXrecord
280
     1
340
11F692
  0
SORTENTSTABLE
  5
1A18AB
102
{ACAD_REACTORS
330
1A18AA
102
}
330
1A18AA
100
AcDbSortentsTable
330
11F692
331
2D465D
  5
2D465D
331
2D4626
  5
2D4626
331
2D453F
  5
2D453F
331
2D4800
  5
2D4800
331
2D46EB
  5
2D46EB
331
2D47AC
  5
2D47AC
331
2D468E
  5
2D468E
331
2D46C5
  5
2D46C5
331
2D45A7
  5
2D45A7
331
2D4868
  5
2D4868
331
2D444A
  5
2D444A
331
2D4753
  5
2D4753
331
2D472D
  5
2D472D
331
2D46F6
  5
2D46F6
331
2D460F
  5
2D460F
331
2D44B2
  5
2D44B2
331
2D4528
  5
2D4528
331
2D47E9
  5
2D47E9
331
2D48B2
  5
2D48B2
331
2D4795
  5
2D4795
331
2D475E
  5
2D475E
331
2D4677
  5
2D4677
331
2D4590
  5
2D4590
331
2D4651
  5
2D4651
331
2D4851
  5
2D4851
331
2D4433
  5
2D4433
331
2D456A
  5
2D456A
331
2D4533
  5
2D4533
331
2D482B
  5
2D482B
331
2D47F4
  5
2D47F4
331
2D46DF
  5
2D46DF
331
2D45F8
  5
2D45F8
331
2D46B9
  5
2D46B9
331
2D48C1
  5
2D48C1
331
2D449B
  5
2D449B
331
2D45D2
  5
2D45D2
331
2D459B
  5
2D459B
331
2D4893
  5
2D4893
331
2D485C
  5
2D485C
331
2D4475
  5
2D4475
331
2D443E
  5
2D443E
331
2D4836
  5
2D4836
331
2D4660
  5
2D4660
331
2D4721
  5
2D4721
331
2D463A
  5
2D463A
331
2D4603
  5
2D4603
331
2D44A6
  5
2D44A6
331
2D451C
  5
2D451C
331
2D45DD
  5
2D45DD
331
2D47DD
  5
2D47DD
331
2D47C0
  5
2D47C0
331
2D4789
  5
2D4789
331
2D46A2
  5
2D46A2
331
2D466B
  5
2D466B
331
2D4645
  5
2D4645
331
2D4584
  5
2D4584
331
2D4845
  5
2D4845
331
2D4427
  5
2D4427
331
2D455E
  5
2D455E
331
2D4527
  5
2D4527
331
2D481F
  5
2D481F
331
2D470A
  5
2D470A
331
2D45EC
  5
2D45EC
331
2D46AD
  5
2D46AD
331
2D448F
  5
2D448F
331
2D458F
  5
2D458F
331
2D45C6
  5
2D45C6
331
2D4887
  5
2D4887
331
2D4469
  5
2D4469
331
2D4772
  5
2D4772
331
2D474C
  5
2D474C
331
2D4715
  5
2D4715
331
2D462E
  5
2D462E
331
2D45F7
  5
2D45F7
331
2D44D1
  5
2D44D1
331
2D4510
  5
2D4510
331
2D47D1
  5
2D47D1
331
2D4808
  5
2D4808
331
2D477D
  5
2D477D
331
2D47B4
  5
2D47B4
331
2D4696
  5
2D4696
331
2D4478
  5
2D4478
331
2D4578
  5
2D4578
331
2D4870
  5
2D4870
331
2D4452
  5
2D4452
331
2D4552
  5
2D4552
331
2D4813
  5
2D4813
331
2D46FE
  5
2D46FE
331
2D47BF
  5
2D47BF
331
2D44BA
  5
2D44BA
331
2D4483
  5
2D4483
331
2D44F9
  5
2D44F9
331
2D45BA
  5
2D45BA
331
2D48BA
  5
2D48BA
331
2D487B
  5
2D487B
331
2D445D
  5
2D445D
331
2D4766
  5
2D4766
331
2D4740
  5
2D4740
331
2D4659
  5
2D4659
331
2D4622
  5
2D4622
331
2D44C5
  5
2D44C5
331
2D453B
  5
2D453B
331
2D4504
  5
2D4504
331
2D47FC
  5
2D47FC
331
2D47A8
  5
2D47A8
331
2D468A
  5
2D468A
331
2D46C1
  5
2D46C1
331
2D45A3
  5
2D45A3
331
2D4864
  5
2D4864
331
2D4546
  5
2D4546
331
2D483E
  5
2D483E
331
2D4807
  5
2D4807
331
2D4729
  5
2D4729
331
2D46F2
  5
2D46F2
331
2D460B
  5
2D460B
331
2D46CC
  5
2D46CC
331
2D44AE
  5
2D44AE
331
2D45E5
  5
2D45E5
331
2D45AE
  5
2D45AE
331
2D486F
  5
2D486F
331
2D4791
  5
2D4791
331
2D475A
  5
2D475A
331
2D4673
  5
2D4673
331
2D4734
  5
2D4734
331
2D464D
  5
2D464D
331
2D4616
  5
2D4616
331
2D452F
  5
2D452F
331
2D47F0
  5
2D47F0
331
2D46DB
  5
2D46DB
331
2D479C
  5
2D479C
331
2D46B5
  5
2D46B5
331
2D467E
  5
2D467E
331
2D4597
  5
2D4597
331
2D4858
  5
2D4858
331
2D443A
  5
2D443A
331
2D4471
  5
2D4471
331
2D46E6
  5
2D46E6
331
2D471D
  5
2D471D
331
2D45FF
  5
2D45FF
331
2D44A2
  5
2D44A2
331
2D4518
  5
2D4518
331
2D45D9
  5
2D45D9
331
2D47D9
  5
2D47D9
331
2D489A
  5
2D489A
331
2D4785
  5
2D4785
331
2D4667
  5
2D4667
331
2D4641
  5
2D4641
331
2D4580
  5
2D4580
331
2D4841
  5
2D4841
331
2D4423
  5
2D4423
331
2D44E4
  5
2D44E4
331
2D4523
  5
2D4523
331
2D455A
  5
2D455A
331
2D481B
  5
2D481B
331
2D47C7
  5
2D47C7
331
2D45E8
  5
2D45E8
331
2D46A9
  5
2D46A9
331
2D448B
  5
2D448B
331
2D458B
  5
2D458B
331
2D45C2
  5
2D45C2
331
2D4883
  5
2D4883
331
2D484C
  5
2D484C
331
2D4465
  5
2D4465
331
2D4565
  5
2D4565
331
2D4826
  5
2D4826
331
2D4748
  5
2D4748
331
2D4711
  5
2D4711
331
2D45F3
  5
2D45F3
331
2D462A
  5
2D462A
331
2D44CD
  5
2D44CD
331
2D4496
  5
2D4496
331
2D450C
  5
2D450C
331
2D45CD
  5
2D45CD
331
2D47CD
  5
2D47CD
331
2D488E
  5
2D488E
331
2D4779
  5
2D4779
331
2D47B0
  5
2D47B0
331
2D4692
  5
2D4692
331
2D4635
  5
2D4635
331
2D4574
  5
2D4574
331
2D454E
  5
2D454E
331
2D4517
  5
2D4517
331
2D480F
  5
2D480F
331
2D46FA
  5
2D46FA
331
2D47BB
  5
2D47BB
331
2D469D
  5
2D469D
331
2D46D4
  5
2D46D4
331
2D447F
  5
2D447F
331
2D45B6
  5
2D45B6
331
2D457F
  5
2D457F
331
2D4877
  5
2D4877
331
2D4459
  5
2D4459
331
2D4762
  5
2D4762
331
2D473C
  5
2D473C
331
2D4705
  5
2D4705
331
2D461E
  5
2D461E
331
2D44C1
  5
2D44C1
331
2D4500
  5
2D4500
331
2D47F8
  5
2D47F8
331
2D47A4
  5
2D47A4
331
2D476D
  5
2D476D
331
2D4686
  5
2D4686
331
2D4747
  5
2D4747
331
2D4860
  5
2D4860
331
2D4442
  5
2D4442
331
2D4542
  5
2D4542
331
2D483A
  5
2D483A
331
2D4803
  5
2D4803
331
2D46EE
  5
2D46EE
331
2D47AF
  5
2D47AF
331
2D46C8
  5
2D46C8
331
2D44AA
  5
2D44AA
331
2D45E1
  5
2D45E1
331
2D45AA
  5
2D45AA
331
2D486B
  5
2D486B
331
2D444D
  5
2D444D
331
2D4756
  5
2D4756
331
2D4730
  5
2D4730
331
2D4649
  5
2D4649
331
2D4612
  5
2D4612
331
2D44B5
  5
2D44B5
331
2D452B
  5
2D452B
331
2D47EC
  5
2D47EC
331
2D48B5
  5
2D48B5
331
2D4798
  5
2D4798
331
2D46B1
  5
2D46B1
331
2D467A
  5
2D467A
331
2D4654
  5
2D4654
331
2D4593
  5
2D4593
331
2D4854
  5
2D4854
331
2D4436
  5
2D4436
331
2D4536
  5
2D4536
331
2D456D
  5
2D456D
331
2D47F7
  5
2D47F7
331
2D46E2
  5
2D46E2
331
2D4719
  5
2D4719
331
2D45FB
  5
2D45FB
331
2D46BC
  5
2D46BC
331
2D449E
  5
2D449E
331
2D459E
  5
2D459E
331
2D45D5
  5
2D45D5
331
2D4896
  5
2D4896
331
2D485F
  5
2D485F
331
2D4781
  5
2D4781
331
2D4663
  5
2D4663
331
2D4724
  5
2D4724
331
2D4606
  5
2D4606
331
2D463D
  5
2D463D
331
2D451F
  5
2D451F
331
2D47E0
  5
2D47E0
331
2D478C
  5
2D478C
331
2D47C3
  5
2D47C3
331
2D46A5
  5
2D46A5
331
2D466E
  5
2D466E
331
2D4587
  5
2D4587
331
2D4848
  5
2D4848
331
2D4461
  5
2D4461
331
2D4561
  5
2D4561
331
2D4822
  5
2D4822
331
2D470D
  5
2D470D
331
2D45EF
  5
2D45EF
331
2D4492
  5
2D4492
331
2D44C9
  5
2D44C9
331
2D4508
  5
2D4508
331
2D45C9
  5
2D45C9
331
2D47C9
  5
2D47C9
331
2D488A
  5
2D488A
331
2D446C
  5
2D446C
331
2D4775
  5
2D4775
331
2D474F
  5
2D474F
331
2D4631
  5
2D4631
331
2D4570
  5
2D4570
331
2D44D4
  5
2D44D4
331
2D454A
  5
2D454A
331
2D4513
  5
2D4513
331
2D480B
  5
2D480B
331
2D47D4
  5
2D47D4
331
2D47B7
  5
2D47B7
331
2D4699
  5
2D4699
331
2D46D0
  5
2D46D0
331
2D447B
  5
2D447B
331
2D457B
  5
2D457B
331
2D45B2
  5
2D45B2
331
2D4455
  5
2D4455
331
2D4555
  5
2D4555
331
2D4816
  5
2D4816
331
2D4738
  5
2D4738
331
2D4701
  5
2D4701
331
2D461A
  5
2D461A
331
2D44BD
  5
2D44BD
331
2D4486
  5
2D4486
331
2D44FC
  5
2D44FC
331
2D45BD
  5
2D45BD
331
2D48BD
  5
2D48BD
331
2D47A0
  5
2D47A0
331
2D4769
  5
2D4769
331
2D4682
  5
2D4682
331
2D4743
  5
2D4743
331
2D465C
  5
2D465C
331
2D4625
  5
2D4625
331
2D4507
  5
2D4507
331
2D453E
  5
2D453E
331
2D47FF
  5
2D47FF
331
2D46EA
  5
2D46EA
331
2D47AB
  5
2D47AB
331
2D46C4
  5
2D46C4
331
2D468D
  5
2D468D
331
2D45A6
  5
2D45A6
331
2D4867
  5
2D4867
331
2D4449
  5
2D4449
331
2D4752
  5
2D4752
331
2D46F5
  5
2D46F5
331
2D472C
  5
2D472C
331
2D460E
  5
2D460E
331
2D46CF
  5
2D46CF
331
2D44B1
  5
2D44B1
331
2D47E8
  5
2D47E8
331
2D48B1
  5
2D48B1
331
2D4794
  5
2D4794
331
2D475D
  5
2D475D
331
2D4676
  5
2D4676
331
2D4737
  5
2D4737
331
2D4650
  5
2D4650
331
2D4850
  5
2D4850
331
2D4432
  5
2D4432
331
2D4532
  5
2D4532
331
2D4569
  5
2D4569
331
2D482A
  5
2D482A
331
2D47F3
  5
2D47F3
331
2D46DE
  5
2D46DE
331
2D479F
  5
2D479F
331
2D46B8
  5
2D46B8
331
2D48C0
  5
2D48C0
331
2D449A
  5
2D449A
331
2D45D1
  5
2D45D1
331
2D459A
  5
2D459A
331
2D4892
  5
2D4892
331
2D485B
  5
2D485B
331
2D4474
  5
2D4474
331
2D443D
  5
2D443D
331
2D4720
  5
2D4720
331
2D4602
  5
2D4602
331
2D4639
  5
2D4639
331
2D44A5
  5
2D44A5
331
2D451B
  5
2D451B
331
2D45DC
  5
2D45DC
331
2D47DC
  5
2D47DC
331
2D4788
  5
2D4788
331
2D46A1
  5
2D46A1
331
2D466A
  5
2D466A
331
2D4644
  5
2D4644
331
2D4583
  5
2D4583
331
2D4844
  5
2D4844
331
2D4426
  5
2D4426
331
2D455D
  5
2D455D
331
2D4526
  5
2D4526
331
2D481E
  5
2D481E
331
2D47E7
  5
2D47E7
331
2D4709
  5
2D4709
331
2D45EB
  5
2D45EB
331
2D46AC
  5
2D46AC
331
2D448E
  5
2D448E
331
2D45C5
  5
2D45C5
331
2D458E
  5
2D458E
331
2D484F
  5
2D484F
331
2D4886
  5
2D4886
331
2D4468
  5
2D4468
331
2D4771
  5
2D4771
331
2D474B
  5
2D474B
331
2D4714
  5
2D4714
331
2D462D
  5
2D462D
331
2D45F6
  5
2D45F6
331
2D44D0
  5
2D44D0
331
2D450F
  5
2D450F
331
2D47D0
  5
2D47D0
331
2D47B3
  5
2D47B3
331
2D477C
  5
2D477C
331
2D4695
  5
2D4695
331
2D4577
  5
2D4577
331
2D4451
  5
2D4451
331
2D4551
  5
2D4551
331
2D4812
  5
2D4812
331
2D46FD
  5
2D46FD
331
2D47BE
  5
2D47BE
331
2D46D7
  5
2D46D7
331
2D44B9
  5
2D44B9
331
2D4482
  5
2D4482
331
2D44F8
  5
2D44F8
331
2D45B9
  5
2D45B9
331
2D487A
  5
2D487A
331
2D48B9
  5
2D48B9
331
2D445C
  5
2D445C
331
2D4765
  5
2D4765
331
2D473F
  5
2D473F
331
2D4658
  5
2D4658
331
2D4621
  5
2D4621
331
2D44C4
  5
2D44C4
331
2D453A
  5
2D453A
331
2D4503
  5
2D4503
331
2D47A7
  5
2D47A7
331
2D46C0
  5
2D46C0
331
2D4689
  5
2D4689
331
2D45A2
  5
2D45A2
331
2D4863
  5
2D4863
331
2D4545
  5
2D4545
331
2D483D
  5
2D483D
331
2D46F1
  5
2D46F1
331
2D4728
  5
2D4728
331
2D460A
  5
2D460A
331
2D46CB
  5
2D46CB
331
2D44AD
  5
2D44AD
331
2D45E4
  5
2D45E4
331
2D45AD
  5
2D45AD
331
2D486E
  5
2D486E
331
2D4790
  5
2D4790
331
2D4759
  5
2D4759
331
2D4672
  5
2D4672
331
2D4733
  5
2D4733
331
2D4615
  5
2D4615
331
2D464C
  5
2D464C
331
2D44F7
  5
2D44F7
331
2D452E
  5
2D452E
331
2D47EF
  5
2D47EF
331
2D46DA
  5
2D46DA
331
2D479B
  5
2D479B
331
2D46B4
  5
2D46B4
331
2D467D
  5
2D467D
331
2D4657
  5
2D4657
331
2D4596
  5
2D4596
331
2D4857
  5
2D4857
331
2D4470
  5
2D4470
331
2D4439
  5
2D4439
331
2D471C
  5
2D471C
331
2D46E5
  5
2D46E5
331
2D45FE
  5
2D45FE
331
2D46BF
  5
2D46BF
331
2D44A1
  5
2D44A1
331
2D44D8
  5
2D44D8
331
2D45D8
  5
2D45D8
331
2D47D8
  5
2D47D8
331
2D4899
  5
2D4899
331
2D4784
  5
2D4784
331
2D4666
  5
2D4666
331
2D4727
  5
2D4727
331
2D4640
  5
2D4640
331
2D4840
  5
2D4840
331
2D4422
  5
2D4422
331
2D44E3
  5
2D44E3
331
2D4559
  5
2D4559
331
2D4522
  5
2D4522
331
2D47E3
  5
2D47E3
331
2D481A
  5
2D481A
331
2D47C6
  5
2D47C6
331
2D478F
  5
2D478F
331
2D46A8
  5
2D46A8
331
2D448A
  5
2D448A
331
2D458A
  5
2D458A
331
2D45C1
  5
2D45C1
331
2D4464
  5
2D4464
331
2D4564
  5
2D4564
331
2D4825
  5
2D4825
331
2D4710
  5
2D4710
331
2D4629
  5
2D4629
331
2D45F2
  5
2D45F2
331
2D44CC
  5
2D44CC
331
2D4495
  5
2D4495
331
2D450B
  5
2D450B
331
2D45CC
  5
2D45CC
331
2D47CC
  5
2D47CC
331
2D488D
  5
2D488D
331
2D446F
  5
2D446F
331
2D4778
  5
2D4778
331
2D4691
  5
2D4691
331
2D4573
  5
2D4573
331
2D4634
  5
2D4634
331
2D44D7
  5
2D44D7
331
2D454D
  5
2D454D
331
2D4516
  5
2D4516
331
2D480E
  5
2D480E
331
2D47D7
  5
2D47D7
331
2D46F9
  5
2D46F9
331
2D47BA
  5
2D47BA
331
2D46D3
  5
2D46D3
331
2D469C
  5
2D469C
331
2D447E
  5
2D447E
331
2D45B5
  5
2D45B5
331
2D457E
  5
2D457E
331
2D4876
  5
2D4876
331
2D4458
  5
2D4458
331
2D4761
  5
2D4761
331
2D4704
  5
2D4704
331
2D473B
  5
2D473B
331
2D461D
  5
2D461D
331
2D44C0
  5
2D44C0
331
2D44FF
  5
2D44FF
331
2D47A3
  5
2D47A3
331
2D476C
  5
2D476C
331
2D4685
  5
2D4685
331
2D4746
  5
2D4746
331
2D465F
  5
2D465F
331
2D4441
  5
2D4441
331
2D4541
  5
2D4541
331
2D4839
  5
2D4839
331
2D4802
  5
2D4802
331
2D47AE
  5
2D47AE
331
2D46ED
  5
2D46ED
331
2D46C7
  5
2D46C7
331
2D44A9
  5
2D44A9
331
2D45E0
  5
2D45E0
331
2D45A9
  5
2D45A9
331
2D486A
  5
2D486A
331
2D444C
  5
2D444C
331
2D4755
  5
2D4755
331
2D472F
  5
2D472F
331
2D4611
  5
2D4611
331
2D4648
  5
2D4648
331
2D44B4
  5
2D44B4
331
2D452A
  5
2D452A
331
2D48B4
  5
2D48B4
331
2D47EB
  5
2D47EB
331
2D4797
  5
2D4797
331
2D46B0
  5
2D46B0
331
2D4679
  5
2D4679
331
2D4653
  5
2D4653
331
2D4592
  5
2D4592
331
2D4853
  5
2D4853
331
2D4435
  5
2D4435
331
2D456C
  5
2D456C
331
2D4535
  5
2D4535
331
2D47F6
  5
2D47F6
331
2D482D
  5
2D482D
331
2D4718
  5
2D4718
331
2D46E1
  5
2D46E1
331
2D45FA
  5
2D45FA
331
2D46BB
  5
2D46BB
331
2D48C3
  5
2D48C3
331
2D449D
  5
2D449D
331
2D459D
  5
2D459D
331
2D45D4
  5
2D45D4
331
2D4895
  5
2D4895
331
2D485E
  5
2D485E
331
2D4477
  5
2D4477
331
2D4780
  5
2D4780
331
2D4662
  5
2D4662
331
2D4723
  5
2D4723
331
2D463C
  5
2D463C
331
2D4605
  5
2D4605
331
2D451E
  5
2D451E
331
2D45DF
  5
2D45DF
331
2D47DF
  5
2D47DF
331
2D478B
  5
2D478B
331
2D47C2
  5
2D47C2
331
2D466D
  5
2D466D
331
2D46A4
  5
2D46A4
331
2D4586
  5
2D4586
331
2D4647
  5
2D4647
331
2D4847
  5
2D4847
331
2D4460
  5
2D4460
331
2D4560
  5
2D4560
331
2D4821
  5
2D4821
331
2D470C
  5
2D470C
331
2D45EE
  5
2D45EE
331
2D46AF
  5
2D46AF
331
2D44C8
  5
2D44C8
331
2D4491
  5
2D4491
331
2D45C8
  5
2D45C8
331
2D47C8
  5
2D47C8
331
2D4889
  5
2D4889
331
2D446B
  5
2D446B
331
2D4774
  5
2D4774
331
2D4717
  5
2D4717
331
2D474E
  5
2D474E
331
2D4630
  5
2D4630
331
2D44D3
  5
2D44D3
331
2D4549
  5
2D4549
331
2D4512
  5
2D4512
331
2D47D3
  5
2D47D3
331
2D47B6
  5
2D47B6
331
2D477F
  5
2D477F
331
2D4698
  5
2D4698
331
2D447A
  5
2D447A
331
2D45B1
  5
2D45B1
331
2D457A
  5
2D457A
331
2D4872
  5
2D4872
331
2D4454
  5
2D4454
331
2D4554
  5
2D4554
331
2D4815
  5
2D4815
331
2D4700
  5
2D4700
331
2D4619
  5
2D4619
331
2D4485
  5
2D4485
331
2D44BC
  5
2D44BC
331
2D44FB
  5
2D44FB
331
2D45BC
  5
2D45BC
331
2D487D
  5
2D487D
331
2D48BC
  5
2D48BC
331
2D445F
  5
2D445F
331
2D4768
  5
2D4768
331
2D4681
  5
2D4681
331
2D4742
  5
2D4742
331
2D4624
  5
2D4624
331
2D465B
  5
2D465B
331
2D155E
  5
2D166A
331
2D44C7
  5
2D44C7
331
2D4506
  5
2D4506
331
2D453D
  5
2D453D
331
2D47FE
  5
2D47FE
331
2D46E9
  5
2D46E9
331
2D47AA
  5
2D47AA
331
2D46C3
  5
2D46C3
331
2D468C
  5
2D468C
331
2D45A5
  5
2D45A5
331
2D4866
  5
2D4866
331
2D4448
  5
2D4448
331
2D4751
  5
2D4751
331
2D472B
  5
2D472B
331
2D46F4
  5
2D46F4
331
2D460D
  5
2D460D
331
2D46CE
  5
2D46CE
331
2D44B0
  5
2D44B0
331
2D45E7
  5
2D45E7
331
2D48B0
  5
2D48B0
331
2D475C
  5
2D475C
331
2D4793
  5
2D4793
331
2D4675
  5
2D4675
331
2D4736
  5
2D4736
331
2D464F
  5
2D464F
331
2D4568
  5
2D4568
331
2D4531
  5
2D4531
331
2D47F2
  5
2D47F2
331
2D4829
  5
2D4829
331
29BE1B
  5
29CAFA
331
2D46DD
  5
2D46DD
331
2D479E
  5
2D479E
331
2D46B7
  5
2D46B7
331
2D4499
  5
2D4499
331
2D4599
  5
2D4599
331
2D45D0
  5
2D45D0
331
2D4891
  5
2D4891
331
2D443C
  5
2D443C
331
2D4473
  5
2D4473
331
2D4834
  5
2D4834
331
2D471F
  5
2D471F
331
2D4638
  5
2D4638
331
2D4601
  5
2D4601
331
2D44A4
  5
2D44A4
331
2D451A
  5
2D451A
331
2D45DB
  5
2D45DB
331
2D47DB
  5
2D47DB
331
2D4787
  5
2D4787
331
2D4669
  5
2D4669
331
2D46A0
  5
2D46A0
331
2D4643
  5
2D4643
331
2D4582
  5
2D4582
331
2D4843
  5
2D4843
331
2D4425
  5
2D4425
331
2D455C
  5
2D455C
331
2D4525
  5
2D4525
331
2D481D
  5
2D481D
331
2D47E6
  5
2D47E6
331
2D4708
  5
2D4708
331
2D45EA
  5
2D45EA
331
2D46AB
  5
2D46AB
331
2D448D
  5
2D448D
331
2D45C4
  5
2D45C4
331
2D458D
  5
2D458D
331
2D484E
  5
2D484E
331
2D4467
  5
2D4467
331
2D4567
  5
2D4567
331
2D4770
  5
2D4770
331
2D474A
  5
2D474A
331
2D4713
  5
2D4713
331
2D462C
  5
2D462C
331
2D45F5
  5
2D45F5
331
2D44CF
  5
2D44CF
331
2D450E
  5
2D450E
331
2D45CF
  5
2D45CF
331
2D47CF
  5
2D47CF
331
2D47B2
  5
2D47B2
331
2D477B
  5
2D477B
331
2D4694
  5
2D4694
331
2D4637
  5
2D4637
331
2D4576
  5
2D4576
331
2D4450
  5
2D4450
331
2D4550
  5
2D4550
331
2D4811
  5
2D4811
331
2D46FC
  5
2D46FC
331
2D47BD
  5
2D47BD
331
2D46D6
  5
2D46D6
331
2D469F
  5
2D469F
331
2D4481
  5
2D4481
331
2D44B8
  5
2D44B8
331
2D45B8
  5
2D45B8
331
2D4879
  5
2D4879
331
2D48B8
  5
2D48B8
331
2D445B
  5
2D445B
331
2D4764
  5
2D4764
331
2D473E
  5
2D473E
331
2D4707
  5
2D4707
331
2D4620
  5
2D4620
331
2D44C3
  5
2D44C3
331
2D4502
  5
2D4502
331
2D4539
  5
2D4539
331
2D47FA
  5
2D47FA
331
2D476F
  5
2D476F
331
2D47A6
  5
2D47A6
331
2D4688
  5
2D4688
331
2D45A1
  5
2D45A1
331
2D4862
  5
2D4862
331
2D4444
  5
2D4444
331
2D4544
  5
2D4544
331
2D4805
  5
2D4805
331
2D483C
  5
2D483C
331
2D46F0
  5
2D46F0
331
2D4609
  5
2D4609
331
2D46CA
  5
2D46CA
331
2D44AC
  5
2D44AC
331
2D45AC
  5
2D45AC
331
2D45E3
  5
2D45E3
331
2D486D
  5
2D486D
331
2D444F
  5
2D444F
331
2D4758
  5
2D4758
331
2D4671
  5
2D4671
331
2D4732
  5
2D4732
331
2D464B
  5
2D464B
331
2D4614
  5
2D4614
331
2D44B7
  5
2D44B7
331
2D452D
  5
2D452D
331
2D47EE
  5
2D47EE
331
2D48B7
  5
2D48B7
331
2D46D9
  5
2D46D9
331
2D479A
  5
2D479A
331
2D467C
  5
2D467C
331
2D46B3
  5
2D46B3
331
2D4656
  5
2D4656
331
2D4595
  5
2D4595
331
2D4438
  5
2D4438
331
2D456F
  5
2D456F
331
2D4830
  5
2D4830
331
2D471B
  5
2D471B
331
2D46E4
  5
2D46E4
331
2D45FD
  5
2D45FD
331
2D46BE
  5
2D46BE
331
2D44A0
  5
2D44A0
331
2D45D7
  5
2D45D7
331
2D4898
  5
2D4898
331
2D4783
  5
2D4783
331
2D4665
  5
2D4665
331
2D4726
  5
2D4726
331
2D463F
  5
2D463F
331
2D44E2
  5
2D44E2
331
2D4558
  5
2D4558
331
2D4521
  5
2D4521
331
2D4819
  5
2D4819
331
2D47E2
  5
2D47E2
331
2D47C5
  5
2D47C5
331
2D478E
  5
2D478E
331
2D46A7
  5
2D46A7
331
2D4489
  5
2D4489
331
2D45C0
  5
2D45C0
331
2D4589
  5
2D4589
331
2D484A
  5
2D484A
331
2D4463
  5
2D4463
331
2D4563
  5
2D4563
331
2D4824
  5
2D4824
331
2D470F
  5
2D470F
331
2D4628
  5
2D4628
331
2D45F1
  5
2D45F1
331
2D4494
  5
2D4494
331
2D44CB
  5
2D44CB
331
2D450A
  5
2D450A
331
2D45CB
  5
2D45CB
331
2D47CB
  5
2D47CB
331
2D488C
  5
2D488C
331
2D446E
  5
2D446E
331
2D4777
  5
2D4777
331
2D4690
  5
2D4690
331
2D4572
  5
2D4572
331
2D4633
  5
2D4633
331
2D44D6
  5
2D44D6
331
2D4515
  5
2D4515
331
2D454C
  5
2D454C
331
2D47D6
  5
2D47D6
331
2D46F8
  5
2D46F8
331
2D47B9
  5
2D47B9
331
2D46D2
  5
2D46D2
331
2D469B
  5
2D469B
331
2D447D
  5
2D447D
331
2D45B4
  5
2D45B4
331
2D457D
  5
2D457D
331
2D4875
  5
2D4875
331
2D4457
  5
2D4457
331
2D4557
  5
2D4557
331
2D4760
  5
2D4760
331
2D4703
  5
2D4703
331
2D473A
  5
2D473A
331
2D461C
  5
2D461C
331
2D44BF
  5
2D44BF
331
2D44FE
  5
2D44FE
331
2D45BF
  5
2D45BF
331
2D48BF
  5
2D48BF
331
2D47A2
  5
2D47A2
331
2D476B
  5
2D476B
331
2D4684
  5
2D4684
331
2D4745
  5
2D4745
331
2D465E
  5
2D465E
331
2D4627
  5
2D4627
331
2D4440
  5
2D4440
331
2D4540
  5
2D4540
331
2D4801
  5
2D4801
331
2D4838
  5
2D4838
331
2D46EC
  5
2D46EC
331
2D47AD
  5
2D47AD
331
2D468F
  5
2D468F
331
2D46C6
  5
2D46C6
331
2D44A8
  5
2D44A8
331
2D45A8
  5
2D45A8
331
2D4869
  5
2D4869
331
2D444B
  5
2D444B
331
2D4754
  5
2D4754
331
2D472E
  5
2D472E
331
2D46F7
  5
2D46F7
331
2D4610
  5
2D4610
331
2D44B3
  5
2D44B3
331
2D4529
  5
2D4529
331
2D48B3
  5
2D48B3
331
2D47EA
  5
2D47EA
331
2D4796
  5
2D4796
331
2D475F
  5
2D475F
331
2D4678
  5
2D4678
331
2D4652
  5
2D4652
331
2D4591
  5
2D4591
331
2D4852
  5
2D4852
331
2D4434
  5
2D4434
331
2D456B
  5
2D456B
331
2D4534
  5
2D4534
331
2D482C
  5
2D482C
331
2D47F5
  5
2D47F5
331
2D46E0
  5
2D46E0
331
2D45F9
  5
2D45F9
331
2D46BA
  5
2D46BA
331
2D48C2
  5
2D48C2
331
2D449C
  5
2D449C
331
2D45D3
  5
2D45D3
331
2D459C
  5
2D459C
331
2D4894
  5
2D4894
331
2D443F
  5
2D443F
331
2D4476
  5
2D4476
331
2D4837
  5
2D4837
331
2D4661
  5
2D4661
331
2D4722
  5
2D4722
331
2D463B
  5
2D463B
331
2D4604
  5
2D4604
331
2D44A7
  5
2D44A7
331
2D451D
  5
2D451D
331
2D45DE
  5
2D45DE
331
2D47DE
  5
2D47DE
331
2D47C1
  5
2D47C1
331
2D478A
  5
2D478A
331
2D46A3
  5
2D46A3
331
2D466C
  5
2D466C
331
2D4585
  5
2D4585
331
2D4646
  5
2D4646
331
2D4846
  5
2D4846
331
2D4428
  5
2D4428
331
2D455F
  5
2D455F
331
2D4820
  5
2D4820
331
2D470B
  5
2D470B
331
2D45ED
  5
2D45ED
331
2D46AE
  5
2D46AE
331
2D4490
  5
2D4490
331
2D45C7
  5
2D45C7
331
2D4888
  5
2D4888
331
2D446A
  5
2D446A
331
2D4773
  5
2D4773
331
2D4716
  5
2D4716
331
2D474D
  5
2D474D
331
2D462F
  5
2D462F
331
2D44D2
  5
2D44D2
331
2D4511
  5
2D4511
331
2D4548
  5
2D4548
331
2D47D2
  5
2D47D2
331
2D47B5
  5
2D47B5
331
2D477E
  5
2D477E
331
2D4697
  5
2D4697
331
2D4479
  5
2D4479
331
2D45B0
  5
2D45B0
331
2D4579
  5
2D4579
331
2D4871
  5
2D4871
331
2D4453
  5
2D4453
331
2D4553
  5
2D4553
331
2D4814
  5
2D4814
331
2D46FF
  5
2D46FF
331
2D4618
  5
2D4618
331
2D4484
  5
2D4484
331
2D44BB
  5
2D44BB
331
2D45BB
  5
2D45BB
331
2D44FA
  5
2D44FA
331
2D487C
  5
2D487C
331
2D48BB
  5
2D48BB
331
2D445E
  5
2D445E
331
2D4767
  5
2D4767
331
2D4680
  5
2D4680
331
2D4741
  5
2D4741
331
2D4623
  5
2D4623
331
2D465A
  5
2D465A
331
2D155D
  5
2D1669
331
2D44C6
  5
2D44C6
331
2D453C
  5
2D453C
331
2D4505
  5
2D4505
331
2D47FD
  5
2D47FD
331
2D46E8
  5
2D46E8
331
2D47A9
  5
2D47A9
331
2D46C2
  5
2D46C2
331
2D468B
  5
2D468B
331
2D45A4
  5
2D45A4
331
2D4865
  5
2D4865
331
2D4547
  5
2D4547
331
2D483F
  5
2D483F
331
2D4750
  5
2D4750
331
2D472A
  5
2D472A
331
2D46F3
  5
2D46F3
331
2D460C
  5
2D460C
331
2D46CD
  5
2D46CD
331
2D44AF
  5
2D44AF
331
2D45E6
  5
2D45E6
331
2D45AF
  5
2D45AF
331
2D48AF
  5
2D48AF
331
2D475B
  5
2D475B
331
2D4792
  5
2D4792
331
2D4674
  5
2D4674
331
2D4735
  5
2D4735
331
2D464E
  5
2D464E
331
2D4617
  5
2D4617
331
2D4530
  5
2D4530
331
2D4828
  5
2D4828
331
2D47F1
  5
2D47F1
331
2D46DC
  5
2D46DC
331
2D479D
  5
2D479D
331
2D46B6
  5
2D46B6
331
2D467F
  5
2D467F
331
2D4498
  5
2D4498
331
2D4598
  5
2D4598
331
2D4890
  5
2D4890
331
2D443B
  5
2D443B
331
2D4472
  5
2D4472
331
2D4833
  5
2D4833
331
2D46E7
  5
2D46E7
331
2D471E
  5
2D471E
331
2D4600
  5
2D4600
331
2D44A3
  5
2D44A3
331
2D4519
  5
2D4519
331
2D45DA
  5
2D45DA
331
2D47DA
  5
2D47DA
331
2D4786
  5
2D4786
331
2D4668
  5
2D4668
331
2D4581
  5
2D4581
331
2D4642
  5
2D4642
331
2D4842
  5
2D4842
331
2D4424
  5
2D4424
331
2D4524
  5
2D4524
331
2D455B
  5
2D455B
331
2D481C
  5
2D481C
331
2D47E5
  5
2D47E5
331
2D45E9
  5
2D45E9
331
2D46AA
  5
2D46AA
331
2D448C
  5
2D448C
331
2D45C3
  5
2D45C3
331
2D458C
  5
2D458C
331
2D4884
  5
2D4884
331
2D484D
  5
2D484D
331
2D4466
  5
2D4466
331
2D4566
  5
2D4566
331
2D4827
  5
2D4827
331
2D4712
  5
2D4712
331
2D4749
  5
2D4749
331
2D45F4
  5
2D45F4
331
2D462B
  5
2D462B
331
2D4497
  5
2D4497
331
2D44CE
  5
2D44CE
331
2D45CE
  5
2D45CE
331
2D450D
  5
2D450D
331
2D47CE
  5
2D47CE
331
2D488F
  5
2D488F
331
2D47B1
  5
2D47B1
331
2D477A
  5
2D477A
331
2D4693
  5
2D4693
331
2D4636
  5
2D4636
331
2D4575
  5
2D4575
331
2D454F
  5
2D454F
331
2D4810
  5
2D4810
331
2D46FB
  5
2D46FB
331
2D47BC
  5
2D47BC
331
2D46D5
  5
2D46D5
331
2D469E
  5
2D469E
331
2D4480
  5
2D4480
331
2D45B7
  5
2D45B7
331
2D4878
  5
2D4878
331
2D445A
  5
2D445A
331
2D4763
  5
2D4763
331
2D473D
  5
2D473D
331
2D4706
  5
2D4706
331
2D461F
  5
2D461F
331
2D44C2
  5
2D44C2
331
2D4538
  5
2D4538
331
2D4501
  5
2D4501
331
2D47F9
  5
2D47F9
331
2D476E
  5
2D476E
331
2D47A5
  5
2D47A5
331
2D4687
  5
2D4687
331
2D45A0
  5
2D45A0
331
2D4861
  5
2D4861
331
2D4443
  5
2D4443
331
2D4543
  5
2D4543
331
2D483B
  5
2D483B
331
2D4804
  5
2D4804
331
2D46EF
  5
2D46EF
331
2D4608
  5
2D4608
331
2D46C9
  5
2D46C9
331
2D44AB
  5
2D44AB
331
2D45E2
  5
2D45E2
331
2D45AB
  5
2D45AB
331
2D486C
  5
2D486C
331
2D444E
  5
2D444E
331
2D4757
  5
2D4757
331
2D4670
  5
2D4670
331
2D4731
  5
2D4731
331
2D464A
  5
2D464A
331
2D4613
  5
2D4613
331
2D44B6
  5
2D44B6
331
2D452C
  5
2D452C
331
2D47ED
  5
2D47ED
331
2D48B6
  5
2D48B6
331
2D46D8
  5
2D46D8
331
2D4799
  5
2D4799
331
2D467B
  5
2D467B
331
2D46B2
  5
2D46B2
331
2D4594
  5
2D4594
331
2D4655
  5
2D4655
331
2D4855
  5
2D4855
331
2D4437
  5
2D4437
331
2D4537
  5
2D4537
331
2D456E
  5
2D456E
331
2D482F
  5
2D482F
331
2D471A
  5
2D471A
331
2D46E3
  5
2D46E3
331
2D45FC
  5
2D45FC
331
2D46BD
  5
2D46BD
331
2D449F
  5
2D449F
331
2D45D6
  5
2D45D6
331
2D459F
  5
2D459F
331
2D4897
  5
2D4897
331
2D4782
  5
2D4782
331
2D4664
  5
2D4664
331
2D4725
  5
2D4725
331
2D4607
  5
2D4607
331
2D463E
  5
2D463E
331
2D4520
  5
2D4520
331
2D4818
  5
2D4818
331
2D47E1
  5
2D47E1
331
2D47C4
  5
2D47C4
331
2D478D
  5
2D478D
331
2D46A6
  5
2D46A6
331
2D466F
  5
2D466F
331
2D4488
  5
2D4488
331
2D4588
  5
2D4588
331
2D4880
  5
2D4880
331
2D4849
  5
2D4849
331
2D4462
  5
2D4462
331
2D4562
  5
2D4562
331
2D470E
  5
2D470E
331
2D45F0
  5
2D45F0
331
2D4493
  5
2D4493
331
2D44CA
  5
2D44CA
331
2D4509
  5
2D4509
331
2D45CA
  5
2D45CA
331
2D47CA
  5
2D47CA
331
2D488B
  5
2D488B
331
2D446D
  5
2D446D
331
2D4776
  5
2D4776
331
2D4632
  5
2D4632
331
2D4571
  5
2D4571
331
2D44D5
  5
2D44D5
331
2D454B
  5
2D454B
331
2D4514
  5
2D4514
331
2D47D5
  5
2D47D5
331
2D480C
  5
2D480C
331
2D47B8
  5
2D47B8
331
2D46D1
  5
2D46D1
331
2D469A
  5
2D469A
331
2D447C
  5
2D447C
331
2D457C
  5
2D457C
331
2D45B3
  5
2D45B3
331
2D4874
  5
2D4874
331
2D4456
  5
2D4456
331
2D4556
  5
2D4556
331
2D4817
  5
2D4817
331
2D4739
  5
2D4739
331
2D4702
  5
2D4702
331
2D461B
  5
2D461B
331
2D44BE
  5
2D44BE
331
2D4487
  5
2D4487
331
2D44FD
  5
2D44FD
331
2D45BE
  5
2D45BE
331
2D487F
  5
2D487F
331
2D48BE
  5
2D48BE
331
2D476A
  5
2D476A
331
2D47A1
  5
2D47A1
331
2D4683
  5
2D4683
331
2D4744
  5
2D4744
  0
XRECORD
  5
25230D
102
{ACAD_REACTORS
330
1ABE83
102
}
330
1ABE83
100
AcDbXrecord
280
     1
340
11F68F
  0
ACDBDETAILVIEWSTYLE
  5
171353
102
{ACAD_XDICTIONARY
360
2D4ABA
102
}
102
{ACAD_REACTORS
330
171352
102
}
330
171352
100
AcDbModelDocViewStyle
 70
     0
  3
Imperial24
290
     0
100
AcDbDetailViewStyle
 70
     0
 71
     0
 90
        3
 71
     1
340
11F68A
 62
   256
 40
0.24
340
0
 62
   256
 40
0.24
300

 40
0.36
280
     3
 71
     2
340
11F68E
 90
       25
 62
   256
 71
     3
340
11F68A
 62
   256
 40
0.24
 90
        1
 40
0.75
 90
        1
300
%<\AcVar ViewType \f "%tc1">% %<\AcVar ViewDetailId>%\PSCALE %<\AcVar ViewScale \f "%sn">%
 71
     4
340
11F68E
 90
       25
 62
   256
340
11F68E
 90
       25
 62
   256
280
     0
  0
ACDBDETAILVIEWSTYLE
  5
1725B0
102
{ACAD_XDICTIONARY
360
2D4ABE
102
}
102
{ACAD_REACTORS
330
171352
102
}
330
171352
100
AcDbModelDocViewStyle
 70
     0
  3
Metric50
290
     0
100
AcDbDetailViewStyle
 70
     0
 71
     0
 90
        3
 71
     1
340
11F68A
 62
   256
 40
5.0
340
0
 62
   256
 40
5.0
300

 40
0.0
280
     1
 71
     2
340
11F68E
 90
       25
 62
   256
 71
     3
340
11F68A
 62
   256
 40
5.0
 90
        0
 40
15.0
 90
        1
300
%<\AcVar ViewDetailId>% (%<\AcVar ViewScale \f "%sn">%)
 71
     4
340
11F68E
 90
       25
 62
   256
340
11F68E
 90
       25
 62
   256
280
     0
  0
LAYOUT
  5
171356
102
{ACAD_XDICTIONARY
360
1C8E39
102
}
102
{ACAD_REACTORS
330
171354
102
}
330
171354
100
AcDbPlotSettings
  1

  2
none_device
  4
Letter_(8.50_x_11.00_Inches)
  6

 40
6.349999904632567
 41
6.349999904632567
 42
6.350006103515625
 43
6.350006103515625
 44
215.8999938964844
 45
279.3999938964844
 46
0.0
 47
0.0
 48
0.0
 49
0.0
140
0.0
141
0.0
142
1.0
143
25.45580647657614
 70
 11952
 72
     0
 73
     1
 74
     0
  7

 75
     0
147
0.0392837681618996
 76
     0
 77
     2
 78
   300
148
-10024.81786823774
149
-8315.305236572099
100
AcDbLayout
  1
Model
 70
     1
 71
     0
 10
0.0
 20
0.0
 11
12.0
 21
9.0
 12
0.0
 22
0.0
 32
0.0
 14
0.0
 24
0.0
 34
0.0
 15
0.0
 25
0.0
 35
0.0
146
0.0
 13
0.0
 23
0.0
 33
0.0
 16
1.0
 26
0.0
 36
0.0
 17
0.0
 27
1.0
 37
0.0
 76
     0
330
11F692
331
11F70E
1001
ACAD_PSEXT
1000
None
1000
None
1000
Not applicable
1000
The layout will not be plotted unless a new plotter configuration name is selected.
1070
     0
  0
LAYOUT
  5
171357
102
{ACAD_XDICTIONARY
360
1ABED7
102
}
102
{ACAD_REACTORS
330
171354
102
}
330
171354
100
AcDbPlotSettings
  1

  2
iR-ADV C5235
  4
A4
  6

 40
5.873749732971191
 41
5.873747825622557
 42
5.873748779296875
 43
5.873748779296875
 44
209.9733276367186
 45
296.9259948730469
 46
0.0
 47
0.0
 48
0.0
 49
0.0
140
0.0
141
0.0
142
1.0
143
43.19078599195882
 70
   688
 72
     0
 73
     1
 74
     1
  7

 75
     0
147
0.0231530864056556
 76
     0
 77
     2
 78
   300
148
964.1139729188116
149
505.1662622443878
100
AcDbLayout
  1
レイアウト1
 70
     0
 71
     1
 10
-47.94511021322647
 20
-29.87630432801071
 11
456.9551693147746
 21
327.167516852185
 12
0.0
 22
0.0
 32
0.0
 14
-35.51828787331533
 24
-20.78894548855704
 34
-0.0000000000112498
 15
444.7209534977855
 25
316.5819441764011
 35
0.0000000000002956
146
0.0
 13
0.0
 23
0.0
 33
0.0
 16
1.0
 26
0.0
 36
0.0
 17
0.0
 27
1.0
 37
0.0
 76
     0
330
11F68F
331
1
1001
ACAD_PSEXT
1000
iR-ADV C5235
1000
Canon iR-ADV C5235/5240 LIPSLX
1000
IP_192.168.11.100
1000

1070
     0
1001
AcadStringInfo
1000
MIFCodePage
1070
     1
  0
MATERIAL
  5
171310
102
{ACAD_XDICTIONARY
360
171311
102
}
102
{ACAD_REACTORS
330
171307
102
}
330
171307
100
AcDbMaterial
  1
ByBlock
 72
     0
 43
0.0208333333333333
 43
0.0
 43
0.0
 43
0.0
 43
0.0
 43
0.0208333333333333
 43
0.0
 43
0.0
 43
0.0
 43
0.0
 43
1.0
 43
0.0
 43
0.0
 43
0.0
 43
0.0
 43
1.0
 77
     0
 47
0.0208333333333333
 47
0.0
 47
0.0
 47
0.0
 47
0.0
 47
0.0208333333333333
 47
0.0
 47
0.0
 47
0.0
 47
0.0
 47
1.0
 47
0.0
 47
0.0
 47
0.0
 47
0.0
 47
1.0
171
     0
 49
0.0208333333333333
 49
0.0
 49
0.0
 49
0.0
 49
0.0
 49
0.0208333333333333
 49
0.0
 49
0.0
 49
0.0
 49
0.0
 49
1.0
 49
0.0
 49
0.0
 49
0.0
 49
0.0
 49
1.0
175
     0
142
0.0208333333333333
142
0.0
142
0.0
142
0.0
142
0.0
142
0.0208333333333333
142
0.0
142
0.0
142
0.0
142
0.0
142
1.0
142
0.0
142
0.0
142
0.0
142
0.0
142
1.0
179
     0
144
0.0208333333333333
144
0.0
144
0.0
144
0.0
144
0.0
144
0.0208333333333333
144
0.0
144
0.0
144
0.0
144
0.0
144
1.0
144
0.0
144
0.0
144
0.0
144
0.0
144
1.0
147
0.0208333333333333
147
0.0
147
0.0
147
0.0
147
0.0
147
0.0208333333333333
147
0.0
147
0.0
147
0.0
147
0.0
147
1.0
147
0.0
147
0.0
147
0.0
147
0.0
147
1.0
  0
MATERIAL
  5
171308
102
{ACAD_XDICTIONARY
360
171309
102
}
102
{ACAD_REACTORS
330
171307
102
}
330
171307
100
AcDbMaterial
  1
ByLayer
 72
     0
 43
0.0208333333333333
 43
0.0
 43
0.0
 43
0.0
 43
0.0
 43
0.0208333333333333
 43
0.0
 43
0.0
 43
0.0
 43
0.0
 43
1.0
 43
0.0
 43
0.0
 43
0.0
 43
0.0
 43
1.0
 77
     0
 47
0.0208333333333333
 47
0.0
 47
0.0
 47
0.0
 47
0.0
 47
0.0208333333333333
 47
0.0
 47
0.0
 47
0.0
 47
0.0
 47
1.0
 47
0.0
 47
0.0
 47
0.0
 47
0.0
 47
1.0
171
     0
 49
0.0208333333333333
 49
0.0
 49
0.0
 49
0.0
 49
0.0
 49
0.0208333333333333
 49
0.0
 49
0.0
 49
0.0
 49
0.0
 49
1.0
 49
0.0
 49
0.0
 49
0.0
 49
0.0
 49
1.0
175
     0
142
0.0208333333333333
142
0.0
142
0.0
142
0.0
142
0.0
142
0.0208333333333333
142
0.0
142
0.0
142
0.0
142
0.0
142
1.0
142
0.0
142
0.0
142
0.0
142
0.0
142
1.0
179
     0
144
0.0208333333333333
144
0.0
144
0.0
144
0.0
144
0.0
144
0.0208333333333333
144
0.0
144
0.0
144
0.0
144
0.0
144
1.0
144
0.0
144
0.0
144
0.0
144
0.0
144
1.0
147
0.0208333333333333
147
0.0
147
0.0
147
0.0
147
0.0
147
0.0208333333333333
147
0.0
147
0.0
147
0.0
147
0.0
147
1.0
147
0.0
147
0.0
147
0.0
147
0.0
147
1.0
  0
MATERIAL
  5
171318
102
{ACAD_XDICTIONARY
360
171319
102
}
102
{ACAD_REACTORS
330
171307
102
}
330
171307
100
AcDbMaterial
  1
Global
 72
     0
 43
0.0208333333333333
 43
0.0
 43
0.0
 43
0.0
 43
0.0
 43
0.0208333333333333
 43
0.0
 43
0.0
 43
0.0
 43
0.0
 43
1.0
 43
0.0
 43
0.0
 43
0.0
 43
0.0
 43
1.0
 77
     0
 47
0.0208333333333333
 47
0.0
 47
0.0
 47
0.0
 47
0.0
 47
0.0208333333333333
 47
0.0
 47
0.0
 47
0.0
 47
0.0
 47
1.0
 47
0.0
 47
0.0
 47
0.0
 47
0.0
 47
1.0
171
     0
 49
0.0208333333333333
 49
0.0
 49
0.0
 49
0.0
 49
0.0
 49
0.0208333333333333
 49
0.0
 49
0.0
 49
0.0
 49
0.0
 49
1.0
 49
0.0
 49
0.0
 49
0.0
 49
0.0
 49
1.0
175
     0
142
0.0208333333333333
142
0.0
142
0.0
142
0.0
142
0.0
142
0.0208333333333333
142
0.0
142
0.0
142
0.0
142
0.0
142
1.0
142
0.0
142
0.0
142
0.0
142
0.0
142
1.0
179
     0
144
0.0208333333333333
144
0.0
144
0.0
144
0.0
144
0.0
144
0.0208333333333333
144
0.0
144
0.0
144
0.0
144
0.0
144
1.0
144
0.0
144
0.0
144
0.0
144
0.0
144
1.0
147
0.0208333333333333
147
0.0
147
0.0
147
0.0
147
0.0
147
0.0208333333333333
147
0.0
147
0.0
147
0.0
147
0.0
147
1.0
147
0.0
147
0.0
147
0.0
147
0.0
147
1.0
  0
MLEADERSTYLE
  5
17134F
102
{ACAD_REACTORS
330
17134E
102
}
330
17134E
100
AcDbMLeaderStyle
179
     2
170
     2
171
     1
172
     0
 90
        2
 40
0.0
 41
0.0
173
     1
 91
-1056964608
340
11F68C
 92
       -2
290
     1
 42
0.09
291
     1
 43
0.36
  3
Standard
 44
0.18
300

342
11F68A
174
     1
178
     6
175
     1
176
     0
 93
-1056964608
 45
0.18
292
     0
297
     0
 46
0.18
 94
-1056964608
 47
1.0
 49
1.0
140
1.0
293
     1
141
0.0
294
     1
177
     0
142
1.0
295
     0
296
     0
143
0.125
271
     0
272
     9
273
     9
298
     1
  0
MLINESTYLE
  5
11F695
102
{ACAD_REACTORS
330
11F688
102
}
330
11F688
100
AcDbMlineStyle
  2
STANDARD
 70
     0
  3

 62
     0
 51
90.0
 52
90.0
 71
     2
 49
0.5
 62
   256
  6
BYLAYER
 49
-0.5
 62
   256
  6
BYLAYER
  0
ACDBPLACEHOLDER
  5
171306
102
{ACAD_REACTORS
330
171305
102
}
330
171305
  0
SCALE
  5
17133D
102
{ACAD_REACTORS
330
17133C
102
}
330
17133C
100
AcDbScale
 70
     0
300
1:1
140
1.0
141
1.0
290
     1
  0
SCALE
  5
17133E
102
{ACAD_REACTORS
330
17133C
102
}
330
17133C
100
AcDbScale
 70
     0
300
1/128" = 1'-0"
140
0.0078125
141
12.0
290
     0
  0
SCALE
  5
17133F
102
{ACAD_REACTORS
330
17133C
102
}
330
17133C
100
AcDbScale
 70
     0
300
1/64" = 1'-0"
140
0.015625
141
12.0
290
     0
  0
SCALE
  5
171340
102
{ACAD_REACTORS
330
17133C
102
}
330
17133C
100
AcDbScale
 70
     0
300
1/32" = 1'-0"
140
0.03125
141
12.0
290
     0
  0
SCALE
  5
171341
102
{ACAD_REACTORS
330
17133C
102
}
330
17133C
100
AcDbScale
 70
     0
300
1/16" = 1'-0"
140
0.0625
141
12.0
290
     0
  0
SCALE
  5
171342
102
{ACAD_REACTORS
330
17133C
102
}
330
17133C
100
AcDbScale
 70
     0
300
3/32" = 1'-0"
140
0.09375
141
12.0
290
     0
  0
SCALE
  5
171343
102
{ACAD_REACTORS
330
17133C
102
}
330
17133C
100
AcDbScale
 70
     0
300
1/8" = 1'-0"
140
0.125
141
12.0
290
     0
  0
SCALE
  5
171344
102
{ACAD_REACTORS
330
17133C
102
}
330
17133C
100
AcDbScale
 70
     0
300
3/16" = 1'-0"
140
0.1875
141
12.0
290
     0
  0
SCALE
  5
171345
102
{ACAD_REACTORS
330
17133C
102
}
330
17133C
100
AcDbScale
 70
     0
300
1/4" = 1'-0"
140
0.25
141
12.0
290
     0
  0
SCALE
  5
171346
102
{ACAD_REACTORS
330
17133C
102
}
330
17133C
100
AcDbScale
 70
     0
300
3/8" = 1'-0"
140
0.375
141
12.0
290
     0
  0
SCALE
  5
171347
102
{ACAD_REACTORS
330
17133C
102
}
330
17133C
100
AcDbScale
 70
     0
300
1/2" = 1'-0"
140
0.5
141
12.0
290
     0
  0
SCALE
  5
171348
102
{ACAD_REACTORS
330
17133C
102
}
330
17133C
100
AcDbScale
 70
     0
300
3/4" = 1'-0"
140
0.75
141
12.0
290
     0
  0
SCALE
  5
171349
102
{ACAD_REACTORS
330
17133C
102
}
330
17133C
100
AcDbScale
 70
     0
300
1" = 1'-0"
140
1.0
141
12.0
290
     0
  0
SCALE
  5
17134A
102
{ACAD_REACTORS
330
17133C
102
}
330
17133C
100
AcDbScale
 70
     0
300
1-1/2" = 1'-0"
140
1.5
141
12.0
290
     0
  0
SCALE
  5
17134B
102
{ACAD_REACTORS
330
17133C
102
}
330
17133C
100
AcDbScale
 70
     0
300
3" = 1'-0"
140
3.0
141
12.0
290
     0
  0
SCALE
  5
17134C
102
{ACAD_REACTORS
330
17133C
102
}
330
17133C
100
AcDbScale
 70
     0
300
6" = 1'-0"
140
6.0
141
12.0
290
     0
  0
SCALE
  5
17134D
102
{ACAD_REACTORS
330
17133C
102
}
330
17133C
100
AcDbScale
 70
     0
300
1'-0" = 1'-0"
140
12.0
141
12.0
290
     0
  0
ACDBSECTIONVIEWSTYLE
  5
171351
102
{ACAD_XDICTIONARY
360
2D4AB8
102
}
102
{ACAD_REACTORS
330
171350
102
}
330
171350
100
AcDbModelDocViewStyle
 70
     0
  3
Imperial24
290
     0
100
AcDbSectionViewStyle
 70
     0
 71
     0
 90
       78
 71
     1
340
11F68A
 62
   256
 40
0.24
340
0
340
0
 62
   256
 40
0.24
300
I, O, Q, S, X, Z
 40
0.48
 90
        3
 40
0.18
 90
        1
 71
     2
340
11F68E
 90
       25
 62
   256
340
11F68E
 90
       50
 62
   256
 40
0.24
 40
0.0
 40
0.24
 71
     3
340
11F68A
 62
   256
 40
0.24
 90
        1
 40
0.75
 90
        1
300
%<\AcVar ViewType \f "%tc1">% %<\AcVar ViewSectionStartId>%-%<\AcVar ViewSectionEndId>%\PSCALE %<\AcVar ViewScale \f "%sn">%
 71
     4
 62
   256
 62
   257
300
ANSI31
 40
1.0
 90
        0
290
     0
290
     0
 90
        6
 40
0.0
 40
1.570796326794896
 40
0.2617993877991494
 40
1.308996938995747
 40
-0.2617993877991494
 40
1.832595714594045
  0
ACDBSECTIONVIEWSTYLE
  5
1725AF
102
{ACAD_XDICTIONARY
360
2D4ABC
102
}
102
{ACAD_REACTORS
330
171350
102
}
330
171350
100
AcDbModelDocViewStyle
 70
     0
  3
Metric50
290
     0
100
AcDbSectionViewStyle
 70
     0
 71
     0
 90
      102
 71
     1
340
11F68A
 62
   256
 40
5.0
340
0
340
0
 62
   256
 40
5.0
300
I, O, Q, S, X, Z
 40
10.0
 90
        0
 40
2.5
 90
        0
 71
     2
340
11F68E
 90
       25
 62
   256
340
11F68E
 90
       50
 62
   256
 40
5.0
 40
2.5
 40
5.0
 71
     3
340
11F68A
 62
   256
 40
5.0
 90
        0
 40
15.0
 90
        1
300
%<\AcVar ViewSectionStartId>%-%<\AcVar ViewSectionEndId>% (%<\AcVar ViewScale \f "%sn">%)
 71
     4
 62
   256
 62
   257
300
ANSI31
 40
1.0
 90
        0
290
     0
290
     0
 90
        6
 40
0.0
 40
1.570796326794896
 40
0.2617993877991494
 40
1.308996938995747
 40
-0.2617993877991494
 40
1.832595714594045
  0
TABLESTYLE
  5
17133B
102
{ACAD_XDICTIONARY
360
1ABE49
102
}
102
{ACAD_REACTORS
330
17133A
102
}
330
17133A
100
AcDbTableStyle
280
     0
  3
Standard
 70
     0
 71
     0
 40
0.06
 41
0.06
280
     0
281
     0
  7
STANDARD
140
0.18
170
     2
 62
     0
 63
     7
283
     0
 90
      512
 91
        0
  1

274
    -2
284
     1
 64
     0
275
    -2
285
     1
 65
     0
276
    -2
286
     1
 66
     0
277
    -2
287
     1
 67
     0
278
    -2
288
     1
 68
     0
279
    -2
289
     1
 69
     0
  7
STANDARD
140
0.25
170
     5
 62
     0
 63
     7
283
     0
 90
      512
 91
        0
  1

274
    -2
284
     1
 64
     0
275
    -2
285
     1
 65
     0
276
    -2
286
     1
 66
     0
277
    -2
287
     1
 67
     0
278
    -2
288
     1
 68
     0
279
    -2
289
     1
 69
     0
  7
STANDARD
140
0.18
170
     5
 62
     0
 63
     7
283
     0
 90
      512
 91
        0
  1

274
    -2
284
     1
 64
     0
275
    -2
285
     1
 65
     0
276
    -2
286
     1
 66
     0
277
    -2
287
     1
 67
     0
278
    -2
288
     1
 68
     0
279
    -2
289
     1
 69
     0
  0
VISUALSTYLE
  5
171326
102
{ACAD_REACTORS
330
171320
102
}
330
171320
100
AcDbVisualStyle
  2

 70
     4
177
     3
291
     0
 70
    58
 90
        0
176
     1
 90
        2
176
     1
 90
        0
176
     1
 90
        0
176
     1
 40
0.6
176
     1
 40
30.0
176
     1
 62
     7
176
     1
 90
        1
176
     1
 90
        4
176
     1
 62
     7
176
     1
 62
   257
176
     1
 90
        1
176
     1
 90
        1
176
     1
 40
1.0
176
     1
 90
        0
176
     1
 62
   257
176
     1
 40
1.0
176
     1
 90
        1
176
     1
 90
        6
176
     1
 90
        2
176
     1
 62
     7
176
     1
 90
        5
176
     1
 90
        0
176
     1
 90
        0
176
     1
290
     0
176
     1
 90
        1
176
     1
 40
0.0
176
     1
 90
        0
176
     1
290
     1
176
     1
290
     1
176
     1
290
     0
176
     1
290
     0
176
     1
290
     0
176
     1
290
     0
176
     1
290
     0
176
     1
290
     0
176
     1
290
     0
176
     1
 90
       50
176
     1
 40
0.0
176
     1
 40
1.0
176
     1
 90
        0
176
     1
 62
    18
420
        0
176
     1
 90
       50
176
     1
 90
        3
176
     1
 62
     5
420
      255
176
     1
290
     0
176
     1
 90
       50
176
     1
 90
       50
176
     1
 90
       50
176
     1
290
     0
176
     1
 90
       50
176
     1
 62
   256
176
     0
 40
1.0
176
     0
 90
        2
176
     1
  1
strokes_ogs.tif
176
     1
290
     0
176
     1
 40
1.0
176
     1
 40
1.0
176
     1
  0
VISUALSTYLE
  5
1BD2EE
102
{ACAD_REACTORS
330
171320
102
}
330
171320
100
AcDbVisualStyle
  2

 70
     6
177
     3
291
     0
 70
    58
 90
        1
176
     1
 90
        2
176
     1
 90
        2
176
     1
 90
        0
176
     1
 40
0.6
176
     1
 40
30.0
176
     1
 62
     7
176
     1
 90
        2
176
     1
 90
        2
176
     1
 62
     7
176
     1
 62
   257
176
     1
 90
        2
176
     1
 90
        1
176
     1
 40
40.0
176
     1
 90
        0
176
     1
 62
   257
176
     1
 40
1.0
176
     1
 90
        1
176
     1
 90
        6
176
     1
 90
        2
176
     1
 62
     7
176
     1
 90
        3
176
     1
 90
        0
176
     1
 90
        0
176
     1
290
     0
176
     1
 90
        1
176
     1
 40
0.0
176
     1
 90
        0
176
     1
290
     0
176
     1
290
     1
176
     1
290
     1
176
     1
290
     0
176
     1
290
     0
176
     1
290
     0
176
     1
290
     0
176
     1
290
     0
176
     1
290
     0
176
     1
 90
       50
176
     1
 40
0.0
176
     1
 40
1.0
176
     1
 90
        0
176
     1
 62
    18
420
        0
176
     1
 90
       50
176
     1
 90
        3
176
     1
 62
     5
420
      255
176
     1
290
     0
176
     1
 90
       50
176
     1
 90
       50
176
     1
 90
       50
176
     1
290
     0
176
     1
 90
       50
176
     1
 62
   256
176
     0
 40
1.0
176
     0
 90
        2
176
     1
  1
strokes_ogs.tif
176
     1
290
     0
176
     1
 40
1.0
176
     1
 40
1.0
176
     1
  0
VISUALSTYLE
  5
171526
102
{ACAD_REACTORS
330
171320
102
}
330
171320
100
AcDbVisualStyle
  2

 70
     5
177
     3
291
     0
 70
    58
 90
        0
176
     1
 90
        2
176
     1
 90
        1
176
     1
 90
        0
176
     1
 40
0.6
176
     1
 40
30.0
176
     1
 62
     7
176
     1
 90
        1
176
     1
 90
        4
176
     1
 62
     7
176
     1
 62
   257
176
     1
 90
        1
176
     1
 90
        1
176
     1
 40
1.0
176
     1
 90
        0
176
     1
 62
   257
176
     1
 40
1.0
176
     1
 90
        1
176
     1
 90
        6
176
     1
 90
        2
176
     1
 62
     7
176
     1
 90
        5
176
     1
 90
        0
176
     1
 90
        0
176
     1
290
     0
176
     1
 90
        1
176
     1
 40
0.0
176
     1
 90
        0
176
     1
290
     0
176
     1
290
     1
176
     1
290
     1
176
     1
290
     0
176
     1
290
     0
176
     1
290
     0
176
     1
290
     0
176
     1
290
     0
176
     1
290
     0
176
     1
 90
       50
176
     1
 40
0.0
176
     1
 40
1.0
176
     1
 90
        0
176
     1
 62
    18
420
        0
176
     1
 90
       50
176
     1
 90
        3
176
     1
 62
     5
420
      255
176
     1
290
     0
176
     1
 90
       50
176
     1
 90
       50
176
     1
 90
       50
176
     1
290
     0
176
     1
 90
       50
176
     1
 62
   256
176
     0
 40
1.0
176
     0
 90
        2
176
     1
  1
strokes_ogs.tif
176
     1
290
     0
176
     1
 40
1.0
176
     1
 40
1.0
176
     1
  0
VISUALSTYLE
  5
171325
102
{ACAD_REACTORS
330
171320
102
}
330
171320
100
AcDbVisualStyle
  2

 70
     7
177
     3
291
     1
 70
    58
 90
        1
176
     1
 90
        0
176
     1
 90
        1
176
     1
 90
        0
176
     1
 40
0.6
176
     1
 40
30.0
176
     1
 62
     7
176
     1
 90
        0
176
     1
 90
        4
176
     1
 62
     7
176
     1
 62
   257
176
     1
 90
        1
176
     1
 90
        1
176
     1
 40
1.0
176
     1
 90
        8
176
     1
 62
     7
176
     1
 40
1.0
176
     1
 90
        1
176
     1
 90
        6
176
     1
 90
        2
176
     1
 62
     7
176
     1
 90
        5
176
     1
 90
        0
176
     1
 90
        0
176
     1
290
     0
176
     1
 90
        1
176
     1
 40
0.0
176
     1
 90
        0
176
     1
290
     0
176
     1
290
     1
176
     1
290
     1
176
     1
290
     0
176
     1
290
     0
176
     1
290
     0
176
     1
290
     0
176
     1
290
     0
176
     1
290
     0
176
     1
 90
       50
176
     1
 40
0.0
176
     1
 40
1.0
176
     1
 90
        0
176
     1
 62
    18
420
        0
176
     1
 90
       50
176
     1
 90
        3
176
     1
 62
     5
420
      255
176
     1
290
     0
176
     1
 90
       50
176
     1
 90
       50
176
     1
 90
       50
176
     1
290
     0
176
     1
 90
       50
176
     1
 62
   256
176
     0
 40
1.0
176
     0
 90
        2
176
     1
  1
strokes_ogs.tif
176
     1
290
     0
176
     1
 40
1.0
176
     1
 40
1.0
176
     1
  0
VISUALSTYLE
  5
17132C
102
{ACAD_REACTORS
330
171320
102
}
330
171320
100
AcDbVisualStyle
  2

 70
    12
177
     3
291
     1
 70
    58
 90
        2
176
     1
 90
        2
176
     1
 90
        0
176
     1
 90
        0
176
     1
 40
0.6
176
     1
 40
30.0
176
     1
 62
     7
176
     1
 90
        1
176
     1
 90
        4
176
     1
 62
     7
176
     1
 62
   257
176
     1
 90
        1
176
     1
 90
        1
176
     1
 40
1.0
176
     1
 90
        8
176
     1
 62
     7
176
     1
 40
1.0
176
     1
 90
        1
176
     1
 90
        6
176
     1
 90
        2
176
     1
 62
     7
176
     1
 90
        5
176
     1
 90
        0
176
     1
 90
        0
176
     1
290
     0
176
     1
 90
        1
176
     1
 40
50.0
176
     1
 90
        0
176
     1
290
     0
176
     1
290
     1
176
     1
290
     1
176
     1
290
     0
176
     1
290
     0
176
     1
290
     0
176
     1
290
     0
176
     1
290
     0
176
     1
290
     0
176
     1
 90
       50
176
     1
 40
0.0
176
     1
 40
1.0
176
     1
 90
        0
176
     1
 62
    18
420
        0
176
     1
 90
       50
176
     1
 90
        3
176
     1
 62
     5
420
      255
176
     1
290
     0
176
     1
 90
       50
176
     1
 90
       50
176
     1
 90
       50
176
     1
290
     0
176
     1
 90
       50
176
     1
 62
   256
176
     0
 40
1.0
176
     0
 90
        2
176
     1
  1
strokes_ogs.tif
176
     1
290
     0
176
     1
 40
1.0
176
     1
 40
1.0
176
     1
  0
VISUALSTYLE
  5
171330
102
{ACAD_REACTORS
330
171320
102
}
330
171320
100
AcDbVisualStyle
  2

 70
    16
177
     3
291
     1
 70
    58
 90
        2
176
     1
 90
        2
176
     1
 90
        3
176
     1
 90
        0
176
     1
 40
0.6
176
     1
 40
30.0
176
     1
 62
     8
176
     1
 90
        1
176
     1
 90
        4
176
     1
 62
     7
176
     1
 62
   257
176
     1
 90
        1
176
     1
 90
        1
176
     1
 40
1.0
176
     1
 90
        8
176
     1
 62
     8
176
     1
 40
1.0
176
     1
 90
        1
176
     1
 90
        6
176
     1
 90
        2
176
     1
 62
     7
176
     1
 90
        5
176
     1
 90
        0
176
     1
 90
        0
176
     1
290
     0
176
     1
 90
        1
176
     1
 40
0.0
176
     1
 90
        0
176
     1
290
     0
176
     1
290
     1
176
     1
290
     1
176
     1
290
     0
176
     1
290
     0
176
     1
290
     0
176
     1
290
     0
176
     1
290
     0
176
     1
290
     0
176
     1
 90
       50
176
     1
 40
0.0
176
     1
 40
1.0
176
     1
 90
        0
176
     1
 62
    18
420
        0
176
     1
 90
       50
176
     1
 90
        3
176
     1
 62
     5
420
      255
176
     1
290
     0
176
     1
 90
       50
176
     1
 90
       50
176
     1
 90
       50
176
     1
290
     0
176
     1
 90
       50
176
     1
 62
   256
176
     0
 40
1.0
176
     0
 90
        2
176
     1
  1
strokes_ogs.tif
176
     1
290
     0
176
     1
 40
1.0
176
     1
 40
1.0
176
     1
  0
VISUALSTYLE
  5
171329
102
{ACAD_REACTORS
330
171320
102
}
330
171320
100
AcDbVisualStyle
  2

 70
     9
177
     3
291
     0
 70
    58
 90
        3
176
     1
 90
        2
176
     1
 90
        0
176
     1
 90
        0
176
     1
 40
0.6
176
     1
 40
30.0
176
     1
 62
     7
176
     1
 90
        2
176
     1
 90
        2
176
     1
 62
     7
176
     1
 62
   257
176
     1
 90
        1
176
     1
 90
        1
176
     1
 40
179.0
176
     1
 90
        8
176
     1
 62
     7
176
     1
 40
1.0
176
     1
 90
        1
176
     1
 90
        6
176
     1
 90
        2
176
     1
 62
     7
176
     1
 90
        3
176
     1
 90
        0
176
     1
 90
        0
176
     1
290
     0
176
     1
 90
        1
176
     1
 40
0.0
176
     1
 90
        0
176
     1
290
     0
176
     1
290
     1
176
     1
290
     1
176
     1
290
     0
176
     1
290
     0
176
     1
290
     0
176
     1
290
     0
176
     1
290
     0
176
     1
290
     0
176
     1
 90
       50
176
     1
 40
0.0
176
     1
 40
1.0
176
     1
 90
        0
176
     1
 62
    18
420
        0
176
     1
 90
       50
176
     1
 90
        3
176
     1
 62
     5
420
      255
176
     1
290
     0
176
     1
 90
       50
176
     1
 90
       50
176
     1
 90
       50
176
     1
290
     0
176
     1
 90
       50
176
     1
 62
   256
176
     0
 40
1.0
176
     0
 90
        2
176
     1
  1
strokes_ogs.tif
176
     1
290
     0
176
     1
 40
1.0
176
     1
 40
1.0
176
     1
  0
VISUALSTYLE
  5
17132B
102
{ACAD_REACTORS
330
171320
102
}
330
171320
100
AcDbVisualStyle
  2

 70
    11
177
     3
291
     1
 70
    58
 90
        2
176
     1
 90
        2
176
     1
 90
        0
176
     1
 90
        0
176
     1
 40
0.6
176
     1
 40
30.0
176
     1
 62
     7
176
     1
 90
        1
176
     1
 90
        4
176
     1
 62
     7
176
     1
 62
   257
176
     1
 90
        1
176
     1
 90
        1
176
     1
 40
1.0
176
     1
 90
        8
176
     1
 62
     7
176
     1
 40
1.0
176
     1
 90
        1
176
     1
 90
        6
176
     1
 90
        2
176
     1
 62
     7
176
     1
 90
        5
176
     1
 90
        0
176
     1
 90
        0
176
     1
290
     0
176
     1
 90
        1
176
     1
 40
-50.0
176
     1
 90
        0
176
     1
290
     0
176
     1
290
     1
176
     1
290
     1
176
     1
290
     0
176
     1
290
     0
176
     1
290
     0
176
     1
290
     0
176
     1
290
     0
176
     1
290
     0
176
     1
 90
       50
176
     1
 40
0.0
176
     1
 40
1.0
176
     1
 90
        0
176
     1
 62
    18
420
        0
176
     1
 90
       50
176
     1
 90
        3
176
     1
 62
     5
420
      255
176
     1
290
     0
176
     1
 90
       50
176
     1
 90
       50
176
     1
 90
       50
176
     1
290
     0
176
     1
 90
       50
176
     1
 62
   256
176
     0
 40
1.0
176
     0
 90
        2
176
     1
  1
strokes_ogs.tif
176
     1
290
     0
176
     1
 40
1.0
176
     1
 40
1.0
176
     1
  0
VISUALSTYLE
  5
171338
102
{ACAD_REACTORS
330
171320
102
}
330
171320
100
AcDbVisualStyle
  2

 70
    22
177
     3
291
     1
 70
    58
 90
        2
176
     0
 90
        2
176
     0
 90
        0
176
     0
 90
        0
176
     0
 40
0.6
176
     0
 40
30.0
176
     0
 62
     7
176
     0
 90
        1
176
     0
 90
        4
176
     0
 62
     7
176
     0
 62
   257
176
     0
 90
        1
176
     0
 90
        1
176
     0
 40
1.0
176
     0
 90
        8
176
     2
 62
     7
176
     0
 40
1.0
176
     0
 90
        1
176
     0
 90
        6
176
     0
 90
        2
176
     0
 62
     7
176
     0
 90
        5
176
     0
 90
        0
176
     0
 90
        0
176
     0
290
     0
176
     0
 90
        1
176
     0
 40
0.0
176
     0
 90
        0
176
     0
290
     0
176
     0
290
     1
176
     0
290
     1
176
     0
290
     0
176
     0
290
     0
176
     0
290
     0
176
     0
290
     0
176
     0
290
     0
176
     0
290
     0
176
     0
 90
       50
176
     0
 40
0.0
176
     0
 40
1.0
176
     0
 90
        0
176
     0
 62
    18
420
        0
176
     0
 90
       50
176
     0
 90
        3
176
     0
 62
     5
420
      255
176
     0
290
     0
176
     0
 90
       50
176
     0
 90
       50
176
     0
 90
       50
176
     0
290
     0
176
     0
 90
       50
176
     0
 62
   256
176
     0
 40
1.0
176
     0
 90
        2
176
     0
  1
strokes_ogs.tif
176
     0
290
     0
176
     0
 40
1.0
176
     0
 40
1.0
176
     0
  0
VISUALSTYLE
  5
17132F
102
{ACAD_REACTORS
330
171320
102
}
330
171320
100
AcDbVisualStyle
  2

 70
    15
177
     3
291
     1
 70
    58
 90
        2
176
     1
 90
        2
176
     1
 90
        0
176
     1
 90
        0
176
     1
 40
0.6
176
     1
 40
30.0
176
     1
 62
     7
176
     1
 90
        1
176
     1
 90
        4
176
     1
 62
     7
176
     1
 62
   257
176
     1
 90
        1
176
     1
 90
        1
176
     1
 40
1.0
176
     1
 90
        8
176
     1
 62
     7
176
     1
 40
1.0
176
     1
 90
        1
176
     1
 90
        6
176
     1
 90
        2
176
     1
 62
     7
176
     1
 90
        5
176
     1
 90
        0
176
     1
 90
        0
176
     1
290
     0
176
     1
 90
        1
176
     1
 40
0.0
176
     1
 90
        0
176
     1
290
     0
176
     1
290
     1
176
     1
290
     1
176
     1
290
     0
176
     1
290
     0
176
     1
290
     0
176
     1
290
     0
176
     1
290
     0
176
     1
290
     0
176
     1
 90
       50
176
     1
 40
0.0
176
     1
 40
1.0
176
     1
 90
        0
176
     1
 62
    18
420
        0
176
     1
 90
       50
176
     1
 90
        3
176
     1
 62
     5
420
      255
176
     1
290
     0
176
     1
 90
       50
176
     1
 90
       50
176
     1
 90
       50
176
     1
290
     0
176
     1
 90
       50
176
     1
 62
   256
176
     0
 40
1.0
176
     0
 90
        2
176
     1
  1
strokes_ogs.tif
176
     1
290
     0
176
     1
 40
1.0
176
     1
 40
1.0
176
     1
  0
VISUALSTYLE
  5
171321
102
{ACAD_REACTORS
330
171320
102
}
330
171320
100
AcDbVisualStyle
  2

 70
     0
177
     3
291
     1
 70
    58
 90
        2
176
     1
 90
        1
176
     1
 90
        1
176
     1
 90
        2
176
     1
 40
0.6
176
     1
 40
30.0
176
     1
 62
     7
176
     1
 90
        0
176
     1
 90
        0
176
     1
 62
     7
176
     1
 62
   257
176
     1
 90
        1
176
     1
 90
        1
176
     1
 40
1.0
176
     1
 90
        8
176
     1
 62
     7
176
     1
 40
1.0
176
     1
 90
        1
176
     1
 90
        6
176
     1
 90
        2
176
     1
 62
     7
176
     1
 90
        5
176
     1
 90
        0
176
     1
 90
        0
176
     1
290
     0
176
     1
 90
       13
176
     1
 40
0.0
176
     1
 90
        0
176
     1
290
     0
176
     1
290
     1
176
     1
290
     1
176
     1
290
     0
176
     1
290
     0
176
     1
290
     0
176
     1
290
     0
176
     1
290
     0
176
     1
290
     0
176
     1
 90
       50
176
     1
 40
0.0
176
     1
 40
1.0
176
     1
 90
        0
176
     1
 62
    18
420
        0
176
     1
 90
       50
176
     1
 90
        3
176
     1
 62
     5
420
      255
176
     1
290
     0
176
     1
 90
       50
176
     1
 90
       50
176
     1
 90
       50
176
     1
290
     0
176
     1
 90
       50
176
     1
 62
   256
176
     0
 40
1.0
176
     0
 90
        2
176
     1
  1
strokes_ogs.tif
176
     1
290
     0
176
     1
 40
1.0
176
     1
 40
1.0
176
     1
  0
VISUALSTYLE
  5
171322
102
{ACAD_REACTORS
330
171320
102
}
330
171320
100
AcDbVisualStyle
  2

 70
     1
177
     3
291
     1
 70
    58
 90
        2
176
     1
 90
        1
176
     1
 90
        1
176
     1
 90
        2
176
     1
 40
0.6
176
     1
 40
30.0
176
     1
 62
     7
176
     1
 90
        1
176
     1
 90
        0
176
     1
 62
     7
176
     1
 62
   257
176
     1
 90
        1
176
     1
 90
        1
176
     1
 40
1.0
176
     1
 90
        0
176
     1
 62
   257
176
     1
 40
1.0
176
     1
 90
        1
176
     1
 90
        6
176
     1
 90
        2
176
     1
 62
     7
176
     1
 90
        5
176
     1
 90
        0
176
     1
 90
        0
176
     1
290
     0
176
     1
 90
       13
176
     1
 40
0.0
176
     1
 90
        0
176
     1
290
     0
176
     1
290
     1
176
     1
290
     1
176
     1
290
     0
176
     1
290
     0
176
     1
290
     0
176
     1
290
     0
176
     1
290
     0
176
     1
290
     0
176
     1
 90
       50
176
     1
 40
0.0
176
     1
 40
1.0
176
     1
 90
        0
176
     1
 62
    18
420
        0
176
     1
 90
       50
176
     1
 90
        3
176
     1
 62
     5
420
      255
176
     1
290
     0
176
     1
 90
       50
176
     1
 90
       50
176
     1
 90
       50
176
     1
290
     0
176
     1
 90
       50
176
     1
 62
   256
176
     0
 40
1.0
176
     0
 90
        2
176
     1
  1
strokes_ogs.tif
176
     1
290
     0
176
     1
 40
1.0
176
     1
 40
1.0
176
     1
  0
VISUALSTYLE
  5
171323
102
{ACAD_REACTORS
330
171320
102
}
330
171320
100
AcDbVisualStyle
  2

 70
     2
177
     3
291
     1
 70
    58
 90
        2
176
     1
 90
        2
176
     1
 90
        1
176
     1
 90
        2
176
     1
 40
0.6
176
     1
 40
30.0
176
     1
 62
     7
176
     1
 90
        0
176
     1
 90
        0
176
     1
 62
     7
176
     1
 62
   257
176
     1
 90
        1
176
     1
 90
        1
176
     1
 40
1.0
176
     1
 90
        0
176
     1
 62
     7
176
     1
 40
1.0
176
     1
 90
        1
176
     1
 90
        6
176
     1
 90
        2
176
     1
 62
     7
176
     1
 90
        5
176
     1
 90
        0
176
     1
 90
        0
176
     1
290
     0
176
     1
 90
       13
176
     1
 40
0.0
176
     1
 90
        0
176
     1
290
     0
176
     1
290
     1
176
     1
290
     1
176
     1
290
     0
176
     1
290
     0
176
     1
290
     0
176
     1
290
     0
176
     1
290
     0
176
     1
290
     0
176
     1
 90
       50
176
     1
 40
0.0
176
     1
 40
1.0
176
     1
 90
        0
176
     1
 62
    18
420
        0
176
     1
 90
       50
176
     1
 90
        3
176
     1
 62
     5
420
      255
176
     1
290
     0
176
     1
 90
       50
176
     1
 90
       50
176
     1
 90
       50
176
     1
290
     0
176
     1
 90
       50
176
     1
 62
   256
176
     0
 40
1.0
176
     0
 90
        2
176
     1
  1
strokes_ogs.tif
176
     1
290
     0
176
     1
 40
1.0
176
     1
 40
1.0
176
     1
  0
VISUALSTYLE
  5
171324
102
{ACAD_REACTORS
330
171320
102
}
330
171320
100
AcDbVisualStyle
  2

 70
     3
177
     3
291
     1
 70
    58
 90
        2
176
     1
 90
        2
176
     1
 90
        1
176
     1
 90
        2
176
     1
 40
0.6
176
     1
 40
30.0
176
     1
 62
     7
176
     1
 90
        1
176
     1
 90
        0
176
     1
 62
     7
176
     1
 62
   257
176
     1
 90
        1
176
     1
 90
        1
176
     1
 40
1.0
176
     1
 90
        0
176
     1
 62
   257
176
     1
 40
1.0
176
     1
 90
        1
176
     1
 90
        6
176
     1
 90
        2
176
     1
 62
     7
176
     1
 90
        5
176
     1
 90
        0
176
     1
 90
        0
176
     1
290
     0
176
     1
 90
       13
176
     1
 40
0.0
176
     1
 90
        0
176
     1
290
     0
176
     1
290
     1
176
     1
290
     1
176
     1
290
     0
176
     1
290
     0
176
     1
290
     0
176
     1
290
     0
176
     1
290
     0
176
     1
290
     0
176
     1
 90
       50
176
     1
 40
0.0
176
     1
 40
1.0
176
     1
 90
        0
176
     1
 62
    18
420
        0
176
     1
 90
       50
176
     1
 90
        3
176
     1
 62
     5
420
      255
176
     1
290
     0
176
     1
 90
       50
176
     1
 90
       50
176
     1
 90
       50
176
     1
290
     0
176
     1
 90
       50
176
     1
 62
   256
176
     0
 40
1.0
176
     0
 90
        2
176
     1
  1
strokes_ogs.tif
176
     1
290
     0
176
     1
 40
1.0
176
     1
 40
1.0
176
     1
  0
VISUALSTYLE
  5
171328
102
{ACAD_REACTORS
330
171320
102
}
330
171320
100
AcDbVisualStyle
  2

 70
     6
177
     3
291
     0
 70
    58
 90
        1
176
     1
 90
        2
176
     1
 90
        2
176
     1
 90
        0
176
     1
 40
0.6
176
     1
 40
30.0
176
     1
 62
     7
176
     1
 90
        2
176
     1
 90
        2
176
     1
 62
     7
176
     1
 62
   257
176
     1
 90
        2
176
     1
 90
        1
176
     1
 40
40.0
176
     1
 90
        0
176
     1
 62
   257
176
     1
 40
1.0
176
     1
 90
        1
176
     1
 90
        6
176
     1
 90
        2
176
     1
 62
     7
176
     1
 90
        3
176
     1
 90
        0
176
     1
 90
        0
176
     1
290
     0
176
     1
 90
        1
176
     1
 40
0.0
176
     1
 90
        0
176
     1
290
     0
176
     1
290
     1
176
     1
290
     1
176
     1
290
     0
176
     1
290
     0
176
     1
290
     0
176
     1
290
     0
176
     1
290
     0
176
     1
290
     0
176
     1
 90
       50
176
     1
 40
0.0
176
     1
 40
1.0
176
     1
 90
        0
176
     1
 62
    18
420
        0
176
     1
 90
       50
176
     1
 90
        3
176
     1
 62
     5
420
      255
176
     1
290
     0
176
     1
 90
       50
176
     1
 90
       50
176
     1
 90
       50
176
     1
290
     0
176
     1
 90
       50
176
     1
 62
   256
176
     0
 40
1.0
176
     0
 90
        2
176
     1
  1
strokes_ogs.tif
176
     1
290
     0
176
     1
 40
1.0
176
     1
 40
1.0
176
     1
  0
VISUALSTYLE
  5
171336
102
{ACAD_REACTORS
330
171320
102
}
330
171320
100
AcDbVisualStyle
  2

 70
    20
177
     3
291
     1
 70
    58
 90
        2
176
     0
 90
        2
176
     0
 90
        0
176
     0
 90
        0
176
     0
 40
0.6
176
     0
 40
30.0
176
     0
 62
     7
176
     0
 90
        1
176
     0
 90
        4
176
     0
 62
     7
176
     0
 62
   257
176
     0
 90
        1
176
     0
 90
        1
176
     0
 40
1.0
176
     0
 90
       10
176
     2
 62
     7
176
     0
 40
1.0
176
     0
 90
        1
176
     0
 90
        6
176
     0
 90
        2
176
     0
 62
     7
176
     0
 90
        5
176
     0
 90
        0
176
     0
 90
        0
176
     0
290
     0
176
     0
 90
        1
176
     0
 40
0.0
176
     0
 90
        0
176
     0
290
     0
176
     0
290
     1
176
     0
290
     1
176
     0
290
     0
176
     0
290
     0
176
     0
290
     0
176
     0
290
     0
176
     0
290
     0
176
     0
290
     0
176
     0
 90
       50
176
     0
 40
0.0
176
     0
 40
1.0
176
     0
 90
        0
176
     0
 62
    18
420
        0
176
     0
 90
       50
176
     0
 90
        3
176
     0
 62
     5
420
      255
176
     0
290
     0
176
     0
 90
       50
176
     0
 90
       50
176
     0
 90
       50
176
     0
290
     0
176
     0
 90
       50
176
     0
 62
   256
176
     0
 40
1.0
176
     0
 90
        2
176
     0
  1
strokes_ogs.tif
176
     0
290
     0
176
     0
 40
1.0
176
     0
 40
1.0
176
     0
  0
VISUALSTYLE
  5
17132E
102
{ACAD_REACTORS
330
171320
102
}
330
171320
100
AcDbVisualStyle
  2

 70
    14
177
     3
291
     1
 70
    58
 90
        2
176
     1
 90
        2
176
     1
 90
        0
176
     1
 90
        0
176
     1
 40
0.6
176
     1
 40
30.0
176
     1
 62
     7
176
     1
 90
        1
176
     1
 90
        4
176
     1
 62
     7
176
     1
 62
   257
176
     1
 90
        7
176
     1
 90
        7
176
     1
 40
1.0
176
     1
 90
        8
176
     1
 62
     7
176
     1
 40
1.0
176
     1
 90
        1
176
     1
 90
        6
176
     1
 90
        2
176
     1
 62
     7
176
     1
 90
        5
176
     1
 90
        0
176
     1
 90
        0
176
     1
290
     0
176
     1
 90
        1
176
     1
 40
0.0
176
     1
 90
        0
176
     1
290
     0
176
     1
290
     1
176
     1
290
     1
176
     1
290
     0
176
     1
290
     0
176
     1
290
     0
176
     1
290
     0
176
     1
290
     0
176
     1
290
     0
176
     1
 90
       50
176
     1
 40
0.0
176
     1
 40
1.0
176
     1
 90
        0
176
     1
 62
    18
420
        0
176
     1
 90
       50
176
     1
 90
        3
176
     1
 62
     5
420
      255
176
     1
290
     0
176
     1
 90
       50
176
     1
 90
       50
176
     1
 90
       50
176
     1
290
     0
176
     1
 90
       50
176
     1
 62
   256
176
     0
 40
1.0
176
     0
 90
        2
176
     1
  1
strokes_ogs.tif
176
     1
290
     0
176
     1
 40
1.0
176
     1
 40
1.0
176
     1
  0
VISUALSTYLE
  5
171337
102
{ACAD_REACTORS
330
171320
102
}
330
171320
100
AcDbVisualStyle
  2

 70
    21
177
     3
291
     1
 70
    58
 90
        2
176
     0
 90
        2
176
     0
 90
        0
176
     0
 90
        0
176
     0
 40
0.6
176
     0
 40
30.0
176
     0
 62
     7
176
     0
 90
        1
176
     0
 90
        4
176
     0
 62
     7
176
     0
 62
   257
176
     0
 90
        1
176
     0
 90
        1
176
     0
 40
1.0
176
     0
 90
        9
176
     2
 62
     7
176
     0
 40
1.0
176
     0
 90
        1
176
     0
 90
        6
176
     0
 90
        2
176
     0
 62
     7
176
     0
 90
        5
176
     0
 90
        0
176
     0
 90
        0
176
     0
290
     0
176
     0
 90
        1
176
     0
 40
0.0
176
     0
 90
        0
176
     0
290
     0
176
     0
290
     1
176
     0
290
     1
176
     0
290
     0
176
     0
290
     0
176
     0
290
     0
176
     0
290
     0
176
     0
290
     0
176
     0
290
     0
176
     0
 90
       50
176
     0
 40
0.0
176
     0
 40
1.0
176
     0
 90
        0
176
     0
 62
    18
420
        0
176
     0
 90
       50
176
     0
 90
        3
176
     0
 62
     5
420
      255
176
     0
290
     0
176
     0
 90
       50
176
     0
 90
       50
176
     0
 90
       50
176
     0
290
     0
176
     0
 90
       50
176
     0
 62
   256
176
     0
 40
1.0
176
     0
 90
        2
176
     0
  1
strokes_ogs.tif
176
     0
290
     0
176
     0
 40
1.0
176
     0
 40
1.0
176
     0
  0
VISUALSTYLE
  5
17132A
102
{ACAD_REACTORS
330
171320
102
}
330
171320
100
AcDbVisualStyle
  2

 70
     8
177
     3
291
     0
 70
    58
 90
        2
176
     1
 90
        2
176
     1
 90
        0
176
     1
 90
        2
176
     1
 40
0.6
176
     1
 40
30.0
176
     1
 62
     7
176
     1
 90
        0
176
     1
 90
        0
176
     1
 62
     7
176
     1
 62
   257
176
     1
 90
        1
176
     1
 90
        1
176
     1
 40
1.0
176
     1
 90
        8
176
     1
 62
   257
176
     1
 40
1.0
176
     1
 90
        1
176
     1
 90
        6
176
     1
 90
        2
176
     1
 62
     7
176
     1
 90
        3
176
     1
 90
        0
176
     1
 90
        0
176
     1
290
     0
176
     1
 90
       13
176
     1
 40
0.0
176
     1
 90
        0
176
     1
290
     0
176
     1
290
     1
176
     1
290
     1
176
     1
290
     0
176
     1
290
     0
176
     1
290
     0
176
     1
290
     0
176
     1
290
     0
176
     1
290
     0
176
     1
 90
       50
176
     1
 40
0.0
176
     1
 40
1.0
176
     1
 90
        0
176
     1
 62
    18
420
        0
176
     1
 90
       50
176
     1
 90
        3
176
     1
 62
     5
420
      255
176
     1
290
     0
176
     1
 90
       50
176
     1
 90
       50
176
     1
 90
       50
176
     1
290
     0
176
     1
 90
       50
176
     1
 62
   256
176
     0
 40
1.0
176
     0
 90
        2
176
     1
  1
strokes_ogs.tif
176
     1
290
     0
176
     1
 40
1.0
176
     1
 40
1.0
176
     1
  0
VISUALSTYLE
  5
171335
102
{ACAD_REACTORS
330
171320
102
}
330
171320
100
AcDbVisualStyle
  2

 70
    27
177
     3
291
     0
 70
    58
 90
        2
176
     1
 90
        2
176
     1
 90
        1
176
     1
 90
        2
176
     1
 40
0.6
176
     1
 40
30.0
176
     1
 62
     7
176
     1
 90
        0
176
     1
 90
        4
176
     1
 62
     7
176
     1
 62
   257
176
     1
 90
        1
176
     1
 90
        1
176
     1
 40
1.0
176
     1
 90
        8
176
     1
 62
   257
176
     1
 40
1.0
176
     1
 90
        1
176
     1
 90
        6
176
     1
 90
        2
176
     1
 62
     8
176
     1
 90
        3
176
     1
 90
        0
176
     1
 90
        0
176
     1
290
     0
176
     1
 90
        5
176
     1
 40
0.0
176
     1
 90
        0
176
     1
290
     0
176
     1
290
     1
176
     1
290
     1
176
     1
290
     0
176
     1
290
     0
176
     1
290
     0
176
     1
290
     0
176
     1
290
     0
176
     1
290
     0
176
     1
 90
       50
176
     1
 40
0.0
176
     1
 40
1.0
176
     1
 90
        0
176
     1
 62
    18
420
        0
176
     1
 90
       50
176
     1
 90
        3
176
     1
 62
     5
420
      255
176
     1
290
     0
176
     1
 90
       50
176
     1
 90
       50
176
     1
 90
       50
176
     1
290
     0
176
     1
 90
       50
176
     1
 62
   256
176
     0
 40
1.0
176
     0
 90
        2
176
     1
  1
strokes_ogs.tif
176
     1
290
     0
176
     1
 40
1.0
176
     1
 40
1.0
176
     1
  0
VISUALSTYLE
  5
171334
102
{ACAD_REACTORS
330
171320
102
}
330
171320
100
AcDbVisualStyle
  2

 70
    26
177
     3
291
     0
 70
    58
 90
        2
176
     1
 90
        2
176
     1
 90
        1
176
     1
 90
        2
176
     1
 40
0.6
176
     1
 40
30.0
176
     1
 62
     7
176
     1
 90
        1
176
     1
 90
       10
176
     1
 62
     7
176
     1
 62
   257
176
     1
 90
        2
176
     1
 90
        1
176
     1
 40
1.0
176
     1
 90
        8
176
     1
 62
   257
176
     1
 40
1.0
176
     1
 90
        1
176
     1
 90
        6
176
     1
 90
        2
176
     1
 62
     7
176
     1
 90
        3
176
     1
 90
        0
176
     1
 90
        0
176
     1
290
     0
176
     1
 90
        5
176
     1
 40
0.0
176
     1
 90
        0
176
     1
290
     0
176
     1
290
     1
176
     1
290
     1
176
     1
290
     0
176
     1
290
     0
176
     1
290
     0
176
     1
290
     0
176
     1
290
     0
176
     1
290
     0
176
     1
 90
       50
176
     1
 40
0.0
176
     1
 40
1.0
176
     1
 90
        0
176
     1
 62
    18
420
        0
176
     1
 90
       50
176
     1
 90
        3
176
     1
 62
     5
420
      255
176
     1
290
     0
176
     1
 90
       50
176
     1
 90
       50
176
     1
 90
       50
176
     1
290
     0
176
     1
 90
       50
176
     1
 62
   256
176
     0
 40
1.0
176
     0
 90
        2
176
     1
  1
strokes_ogs.tif
176
     1
290
     0
176
     1
 40
1.0
176
     1
 40
1.0
176
     1
  0
VISUALSTYLE
  5
171331
102
{ACAD_REACTORS
330
171320
102
}
330
171320
100
AcDbVisualStyle
  2

 70
    23
177
     3
291
     0
 70
    58
 90
        2
176
     1
 90
        2
176
     1
 90
        3
176
     1
 90
        0
176
     1
 40
0.6
176
     1
 40
30.0
176
     1
 62
     7
176
     1
 90
        2
176
     1
 90
        2
176
     1
 62
     7
176
     1
 62
     7
176
     1
 90
        1
176
     1
 90
        1
176
     1
 40
40.0
176
     1
 90
        8
176
     1
 62
     7
176
     1
 40
1.0
176
     1
 90
        1
176
     1
 90
        6
176
     1
 90
        2
176
     1
 62
     7
176
     1
 90
        3
176
     1
 90
        0
176
     1
 90
        0
176
     1
290
     0
176
     1
 90
        1
176
     1
 40
0.0
176
     1
 90
        0
176
     1
290
     0
176
     1
290
     1
176
     1
290
     1
176
     1
290
     0
176
     1
290
     0
176
     1
290
     0
176
     1
290
     0
176
     1
290
     0
176
     1
290
     0
176
     1
 90
       50
176
     1
 40
0.0
176
     1
 40
1.0
176
     1
 90
        0
176
     1
 62
    18
420
        0
176
     1
 90
       50
176
     1
 90
        3
176
     1
 62
     5
420
      255
176
     1
290
     0
176
     1
 90
       50
176
     1
 90
       50
176
     1
 90
       50
176
     1
290
     0
176
     1
 90
       50
176
     1
 62
   256
176
     0
 40
1.0
176
     0
 90
        2
176
     1
  1
strokes_ogs.tif
176
     1
290
     0
176
     1
 40
1.0
176
     1
 40
1.0
176
     1
  0
VISUALSTYLE
  5
171332
102
{ACAD_REACTORS
330
171320
102
}
330
171320
100
AcDbVisualStyle
  2

 70
    24
177
     3
291
     0
 70
    58
 90
        1
176
     1
 90
        2
176
     1
 90
        2
176
     1
 90
        0
176
     1
 40
0.6
176
     1
 40
30.0
176
     1
 62
     7
176
     1
 90
        2
176
     1
 90
        2
176
     1
 62
     7
176
     1
 62
     7
176
     1
 90
        1
176
     1
 90
        1
176
     1
 40
40.0
176
     1
 90
       11
176
     1
 62
     7
176
     1
 40
1.0
176
     1
 90
        1
176
     1
 90
        6
176
     1
 90
        2
176
     1
 62
     7
176
     1
 90
        6
176
     1
 90
        0
176
     1
 90
        0
176
     1
290
     0
176
     1
 90
        1
176
     1
 40
0.0
176
     1
 90
        0
176
     1
290
     0
176
     1
290
     1
176
     1
290
     1
176
     1
290
     0
176
     1
290
     0
176
     1
290
     0
176
     1
290
     0
176
     1
290
     0
176
     1
290
     0
176
     1
 90
       50
176
     1
 40
0.0
176
     1
 40
1.0
176
     1
 90
        0
176
     1
 62
    18
420
        0
176
     1
 90
       50
176
     1
 90
        3
176
     1
 62
     5
420
      255
176
     1
290
     0
176
     1
 90
       50
176
     1
 90
       50
176
     1
 90
       50
176
     1
290
     0
176
     1
 90
       50
176
     1
 62
   256
176
     0
 40
1.0
176
     0
 90
        2
176
     1
  1
strokes_ogs.tif
176
     1
290
     0
176
     1
 40
1.0
176
     1
 40
1.0
176
     1
  0
VISUALSTYLE
  5
17132D
102
{ACAD_REACTORS
330
171320
102
}
330
171320
100
AcDbVisualStyle
  2

 70
    13
177
     3
291
     1
 70
    58
 90
        2
176
     1
 90
        2
176
     1
 90
        0
176
     1
 90
        0
176
     1
 40
0.6
176
     1
 40
30.0
176
     1
 62
     7
176
     1
 90
        1
176
     1
 90
        4
176
     1
 62
     7
176
     1
 62
   257
176
     1
 90
        1
176
     1
 90
        1
176
     1
 40
1.0
176
     1
 90
       12
176
     1
 62
     7
176
     1
 40
1.0
176
     1
 90
        1
176
     1
 90
        6
176
     1
 90
        2
176
     1
 62
     7
176
     1
 90
        5
176
     1
 90
        0
176
     1
 90
        0
176
     1
290
     0
176
     1
 90
        1
176
     1
 40
0.0
176
     1
 90
        0
176
     1
290
     0
176
     1
290
     1
176
     1
290
     1
176
     1
290
     0
176
     1
290
     0
176
     1
290
     0
176
     1
290
     0
176
     1
290
     0
176
     1
290
     0
176
     1
 90
       50
176
     1
 40
0.0
176
     1
 40
1.0
176
     1
 90
        0
176
     1
 62
    18
420
        0
176
     1
 90
       50
176
     1
 90
        3
176
     1
 62
     5
420
      255
176
     1
290
     0
176
     1
 90
       50
176
     1
 90
       50
176
     1
 90
       50
176
     1
290
     0
176
     1
 90
       50
176
     1
 62
   256
176
     0
 40
1.0
176
     0
 90
        2
176
     1
  1
strokes_ogs.tif
176
     1
290
     0
176
     1
 40
1.0
176
     1
 40
1.0
176
     1
  0
VISUALSTYLE
  5
171327
102
{ACAD_REACTORS
330
171320
102
}
330
171320
100
AcDbVisualStyle
  2

 70
     5
177
     3
291
     0
 70
    58
 90
        0
176
     1
 90
        2
176
     1
 90
        0
176
     1
 90
        0
176
     1
 40
0.6
176
     1
 40
30.0
176
     1
 62
     7
176
     1
 90
        1
176
     1
 90
        4
176
     1
 62
     7
176
     1
 62
   257
176
     1
 90
        1
176
     1
 90
        1
176
     1
 40
1.0
176
     1
 90
        0
176
     1
 62
   257
176
     1
 40
1.0
176
     1
 90
        1
176
     1
 90
        6
176
     1
 90
        2
176
     1
 62
     7
176
     1
 90
        3
176
     1
 90
        0
176
     1
 90
        0
176
     1
290
     0
176
     1
 90
        1
176
     1
 40
0.0
176
     1
 90
        0
176
     1
290
     0
176
     1
290
     1
176
     1
290
     1
176
     1
290
     0
176
     1
290
     0
176
     1
290
     0
176
     1
290
     0
176
     1
290
     0
176
     1
290
     0
176
     1
 90
       50
176
     1
 40
0.0
176
     1
 40
1.0
176
     1
 90
        0
176
     1
 62
    18
420
        0
176
     1
 90
       50
176
     1
 90
        3
176
     1
 62
     5
420
      255
176
     1
290
     0
176
     1
 90
       50
176
     1
 90
       50
176
     1
 90
       50
176
     1
290
     0
176
     1
 90
       50
176
     1
 62
   256
176
     0
 40
1.0
176
     0
 90
        2
176
     1
  1
strokes_ogs.tif
176
     1
290
     0
176
     1
 40
1.0
176
     1
 40
1.0
176
     1
  0
VISUALSTYLE
  5
171333
102
{ACAD_REACTORS
330
171320
102
}
330
171320
100
AcDbVisualStyle
  2

 70
    25
177
     3
291
     0
 70
    58
 90
        2
176
     1
 90
        2
176
     1
 90
        1
176
     1
 90
        1
176
     1
 40
0.5
176
     1
 40
30.0
176
     1
 62
     7
176
     1
 90
        1
176
     1
 90
        0
176
     1
 62
     7
176
     1
 62
   257
176
     1
 90
        1
176
     1
 90
        1
176
     1
 40
1.0
176
     1
 90
        8
176
     1
 62
     7
176
     1
 40
1.0
176
     1
 90
        1
176
     1
 90
        6
176
     1
 90
        2
176
     1
 62
     7
176
     1
 90
        3
176
     1
 90
        0
176
     1
 90
        0
176
     1
290
     0
176
     1
 90
       13
176
     1
 40
0.0
176
     1
 90
        0
176
     1
290
     0
176
     1
290
     1
176
     1
290
     1
176
     1
290
     0
176
     1
290
     0
176
     1
290
     0
176
     1
290
     0
176
     1
290
     0
176
     1
290
     0
176
     1
 90
       50
176
     1
 40
0.0
176
     1
 40
1.0
176
     1
 90
        0
176
     1
 62
    18
420
        0
176
     1
 90
       50
176
     1
 90
        3
176
     1
 62
     5
420
      255
176
     1
290
     0
176
     1
 90
       50
176
     1
 90
       50
176
     1
 90
       50
176
     1
290
     0
176
     1
 90
       50
176
     1
 62
   256
176
     0
 40
1.0
176
     0
 90
        2
176
     1
  1
strokes_ogs.tif
176
     1
290
     0
176
     1
 40
1.0
176
     1
 40
1.0
176
     1
  0
DICTIONARYVAR
  5
1713C0
102
{ACAD_REACTORS
330
133783
102
}
330
133783
100
DictionaryVariables
280
     0
  1
1:1
  0
DICTIONARYVAR
  5
1713BC
102
{ACAD_REACTORS
330
133783
102
}
330
133783
100
DictionaryVariables
280
     0
  1
STANDARD
  0
DICTIONARYVAR
  5
1713BB
102
{ACAD_REACTORS
330
133783
102
}
330
133783
100
DictionaryVariables
280
     0
  1
STANDARD
  0
DICTIONARYVAR
  5
1713BD
102
{ACAD_REACTORS
330
133783
102
}
330
133783
100
DictionaryVariables
280
     0
  1
Imperial24
  0
DICTIONARYVAR
  5
1713BE
102
{ACAD_REACTORS
330
133783
102
}
330
133783
100
DictionaryVariables
280
     0
  1
Imperial24
  0
DICTIONARYVAR
  5
1ABEE3
102
{ACAD_REACTORS
330
133783
102
}
330
133783
100
DictionaryVariables
280
     0
  1
1
  0
DICTIONARYVAR
  5
1ABEE2
102
{ACAD_REACTORS
330
133783
102
}
330
133783
100
DictionaryVariables
280
     0
  1
0
  0
DICTIONARYVAR
  5
1713C2
102
{ACAD_REACTORS
330
133783
102
}
330
133783
100
DictionaryVariables
280
     0
  1
1
  0
DICTIONARYVAR
  5
1713C3
102
{ACAD_REACTORS
330
133783
102
}
330
133783
100
DictionaryVariables
280
     0
  1
15
  0
DICTIONARYVAR
  5
1713C1
102
{ACAD_REACTORS
330
133783
102
}
330
133783
100
DictionaryVariables
280
     0
  1
0
  0
DICTIONARYVAR
  5
1713BF
102
{ACAD_REACTORS
330
133783
102
}
330
133783
100
DictionaryVariables
280
     0
  1
0
  0
DICTIONARYVAR
  5
1C8F23
102
{ACAD_REACTORS
330
133783
102
}
330
133783
100
DictionaryVariables
280
     0
  1
1
  0
DICTIONARYVAR
  5
133784
102
{ACAD_REACTORS
330
133783
102
}
330
133783
100
DictionaryVariables
280
     0
  1
96
  0
DICTIONARY
  5
2D4ABA
330
171353
100
AcDbDictionary
280
     1
281
     1
  3
ACAD_XREC_ROUNDTRIP
360
2D4ABB
  0
DICTIONARY
  5
2D4ABE
330
1725B0
100
AcDbDictionary
280
     1
281
     1
  3
ACAD_XREC_ROUNDTRIP
360
2D4ABF
  0
DICTIONARY
  5
1C8E39
330
171356
100
AcDbDictionary
280
     1
281
     1
  0
DICTIONARY
  5
1ABED7
330
171357
100
AcDbDictionary
280
     1
281
     1
  0
DICTIONARY
  5
171311
330
171310
100
AcDbDictionary
280
     1
281
     1
  3
BUMPTILE
360
171313
  3
DIFFUSETILE
360
171312
  3
OPACITYTILE
360
171316
  3
REFLECTIONTILE
360
171315
  3
REFRACTIONTILE
360
171317
  3
SPECULARTILE
360
171314
  0
DICTIONARY
  5
171309
330
171308
100
AcDbDictionary
280
     1
281
     1
  3
BUMPTILE
360
17130B
  3
DIFFUSETILE
360
17130A
  3
OPACITYTILE
360
17130E
  3
REFLECTIONTILE
360
17130D
  3
REFRACTIONTILE
360
17130F
  3
SPECULARTILE
360
17130C
  0
DICTIONARY
  5
171319
330
171318
100
AcDbDictionary
280
     1
281
     1
  3
BUMPTILE
360
17131B
  3
DIFFUSETILE
360
17131A
  3
FBXASSET
360
1CFB92
  3
OPACITYTILE
360
17131E
  3
REFLECTIONTILE
360
17131D
  3
REFRACTIONTILE
360
17131F
  3
SPECULARTILE
360
17131C
  0
DICTIONARY
  5
2D4AB8
330
171351
100
AcDbDictionary
280
     1
281
     1
  3
ACAD_XREC_ROUNDTRIP
360
2D4AB9
  0
DICTIONARY
  5
2D4ABC
330
1725AF
100
AcDbDictionary
280
     1
281
     1
  3
ACAD_XREC_ROUNDTRIP
360
2D4ABD
  0
DICTIONARY
  5
1ABE49
330
17133B
100
AcDbDictionary
280
     1
281
     1
  3
ACAD_ROUNDTRIP_2008_TABLESTYLE_CELLSTYLEMAP
360
2D4AB7
  0
XRECORD
  5
2D4ABB
102
{ACAD_REACTORS
330
2D4ABA
102
}
330
2D4ABA
100
AcDbXrecord
280
     1
102
DISPLAYNAME
  1
Imperial24
102
FLAGS
 90
        0
  0
XRECORD
  5
2D4ABF
102
{ACAD_REACTORS
330
2D4ABE
102
}
330
2D4ABE
100
AcDbXrecord
280
     1
102
DISPLAYNAME
  1
Metric50
102
FLAGS
 90
        0
  0
XRECORD
  5
171313
102
{ACAD_REACTORS
330
171311
102
}
330
171311
100
AcDbXrecord
280
     1
270
     1
271
     1
  0
XRECORD
  5
171312
102
{ACAD_REACTORS
330
171311
102
}
330
171311
100
AcDbXrecord
280
     1
270
     1
271
     1
  0
XRECORD
  5
171316
102
{ACAD_REACTORS
330
171311
102
}
330
171311
100
AcDbXrecord
280
     1
270
     1
271
     1
  0
XRECORD
  5
171315
102
{ACAD_REACTORS
330
171311
102
}
330
171311
100
AcDbXrecord
280
     1
270
     1
271
     1
  0
XRECORD
  5
171317
102
{ACAD_REACTORS
330
171311
102
}
330
171311
100
AcDbXrecord
280
     1
270
     1
271
     1
  0
XRECORD
  5
171314
102
{ACAD_REACTORS
330
171311
102
}
330
171311
100
AcDbXrecord
280
     1
270
     1
271
     1
  0
XRECORD
  5
17130B
102
{ACAD_REACTORS
330
171309
102
}
330
171309
100
AcDbXrecord
280
     1
270
     1
271
     1
  0
XRECORD
  5
17130A
102
{ACAD_REACTORS
330
171309
102
}
330
171309
100
AcDbXrecord
280
     1
270
     1
271
     1
  0
XRECORD
  5
17130E
102
{ACAD_REACTORS
330
171309
102
}
330
171309
100
AcDbXrecord
280
     1
270
     1
271
     1
  0
XRECORD
  5
17130D
102
{ACAD_REACTORS
330
171309
102
}
330
171309
100
AcDbXrecord
280
     1
270
     1
271
     1
  0
XRECORD
  5
17130F
102
{ACAD_REACTORS
330
171309
102
}
330
171309
100
AcDbXrecord
280
     1
270
     1
271
     1
  0
XRECORD
  5
17130C
102
{ACAD_REACTORS
330
171309
102
}
330
171309
100
AcDbXrecord
280
     1
270
     1
271
     1
  0
XRECORD
  5
17131B
102
{ACAD_REACTORS
330
171319
102
}
330
171319
100
AcDbXrecord
280
     1
270
     1
271
     1
  0
XRECORD
  5
17131A
102
{ACAD_REACTORS
330
171319
102
}
330
171319
100
AcDbXrecord
280
     1
270
     1
271
     1
  0
XRECORD
  5
1CFB92
102
{ACAD_REACTORS
330
171319
102
}
330
171319
100
AcDbXrecord
280
     1
 70
     1
 90
1959938040
 71
     1
  1
C45DFF61-406E-432B-A473-16952B76F144
311
504B03041400060808002E5FBC487BE5C5C311010000A80100004F00000043303531323738392D313230312D343332332D383841412D4241393230453533313735382F4173736574446174612F446566696E6974696F6E4974657261746F7250726F706572746965732E62696E75504D4FC3300C0D4830714002891FC0816B
311
48F3D1A64542907609272E700765256C95B26E5A5A71DD919FC22FDC159C51A40984A5673BCF8EFDE47784D0E76090A23DC01AFC31C43BD7BA55533FD63337B7E830327E31B1FE0232A9A5AE3263304F2A8305651A2B69246625CF954E656198D987BE1160EC5E6DEFBB38F2BE09B5F3DEB66ED1875320861DE773DBC12EEB
311
2FE3A72384625803D04F21C449D36F4551E41BC0BE2CAF6E6C08AEBB2655925226F3025396502C38E338CF95C2A52A58A2534E659A93071716FDAA768154221D1B93416792E9D85E622524C7342B5256CACC50214837EBE369CEA28C496B1B4F123248785EB653A0FFD8EE2D778BB7F05080CDE8694B7F1C9C6CE37FEEF79C
311
2F504B03041400060808002E5FBC488CAC2EE017010000300200004500000043303531323738392D313230312D343332332D383841412D4241393230453533313735382F4173736574446174612F496E7374616E636550726F706572746965732E62696EEB606060F80F0540260323103700495E20ED9E9A975A94991C9C9C
311
919A9BA802147036317571733333D435313073D535313672D275343137D63534B3343572323773333431614768046931363471713532B5D435353131D635313332D475727372D13534373670367376B67474B5042A03DBCBA019D37FE8ABC6157B20CD04146B0062181F4C03F940F0C11EA29A8141C08141002C0426541C10
311
6CAC2CA046088033B02A030AC2157C6006F21A8018AAF50194E6010A610250382264E08660284CD9E98021862280A91564B406929A0FF62C401E28B6F88038B83CB1243943D7A928312F2535052413F1B1F88926301043BE43E880BF10DA87B9042CEEC109A15DF821B4832884B69186D0168A10DA441D421BE8426800504B
311
03041400060808002E5FBC4888E57597CD3F0000904100006B00000043303531323738392D313230312D343332332D383841412D4241393230453533313735382F5265736F75726365732F43343544464636312D343036452D343332422D413437332D3136393532423736463134342F7468756D626E61696C2F302F67656E
311
657269635F706E67355B773CD4FF1FBF73E71C0E67EF7576C9DEF3EC995D46C6A1EC5046649CBDF79E192942562825CE965D8A868C2842C8DE9FDFD1F7E7F138F7078FCF6B3F5FCFD7EBFDFEC41B196891913091804020321D6D7513FC77D8C5070EC3FFEE51B21F068154CC75D455CC028A3EA68992803810109FDDE5D5CE
311
C5521B28A1B422BF80741695D5B529DA1C2D058AD2388BDA9F476F7C2CADC939304173DBF48A452BF8A700C0C70C3D121C1AA15A5270C22E2B9E28763651F7DA0D12CE11077B2ECD0D560B5E3DE2368B1E65C5E1C87384A4CC5F2D9FB8BE39E9B77C753783A37998F5CEF1B4FEE553463245C9712270880DF339E0B882A6BA
311
713D865F6F384C842D440934EF264F4A304F8DE4EEFA1E2BF5E2D91F5ADD9613D6E31DDB33ED31DB1D7916CAF091286EA3D31B9CFECB78BB0060245B943C4C040119FF780A74DD308BA9D028678674EB5504ECF284EE814DAED07440BAF649BE4B55DA2890F4D73E2D489A59EE54FDB0A85B59F2F52C4858A02705C4815A79
311
2B0C4A996A2023ECB195073E115E3E3647F64243A8338F2000BCB58DA5692C7E7C3D413F963FEDF3CF00FBB0F831A9D51360FECA43819F527B89FA260EB63C5DA676830AA3626A3693B23F1A17A0DFFCE3EE164E31B5365EDF0C89EF64D8E38AB0BA9A1117D7C3A0EC44F44F4023095E80BA610DE336D0F99593A88BFC5306
311
E72DF98F7FD132ED95878DF2964EA7E43071359FD83B2BDF9C6B5BDF768F0F3C0FC351199526F53D9460A34511F75D1B63E488178569472C91A94497807A3FD4A390C6558F26D416365C3656DE6E769DA9D8FC73774E1709812842DD8EF96AED1960F79D21B395CDDFE6F92CB4EB962A4668C76990E2EF29798C8941D67DA5
311
0F4A5F947872460F1F6FDB794E8A29FD7AC0C0D6E0714339CE258FB17AE8535221E3464A10F29A0BE5EEECEFC5675926A89F49EB14E5711894F6586DB5754EB4D5DA9C6437EBA57DB97A24F8B8A8DB295FFD73266CF57E82694DF5166DDF93573AFE9C9C5EB05F8FEF8E89E0A8917B0B3724DB7BEBB53252581EFC3E38166B
311
A131A3A5B42FE2AD00A769BBFA4458D2DE7822F8C4F63D0B8E21B285AE13325F3410A435C648C9D91FDEB109E73CEDA7BC796961AF79175E1A3CE4C5E8B0D009B0C9E29EFD98BC8E97554E3D8D838424E270F7685226E5AC268E021EDE3522D583E8F20C0BDE2959EF5BBFEEDAB32FE9A3ED0E39F211A86AA9DEBFC68182ED
311
ED132AB8BB794442D2D7EA9F4D8BFF52BC4D55BB165124EE90A42D101E67BBBB292FFB4F66DE5BF2300E44546757DA7CEF8932BFC9F92A0707953491A55C5A5ACEDABD9FA1AEA01BAC3DC5A24E22E7C47213493996EFBC369D086ED9397C9BA6C7F9855C7BD5E15BFC8C53DB3D2A4C5901A57ACD2FBDF4D1676E95338B2C2B
311
CE65FDA4C64F5FEFDC7D9CA5AA1FCF11E193F2FDABF0F4916BF13FB916A224380E6462A9815F2300DC49CC4DF8D055CEF76462F4B7A7ACA7365C2707891370BC1D0AA6203C44CCAB47084FEC057F27FFCD57F89B8B9852459798A675C66BD7CE572CAF71FF7E6D7ECF7BF62CAB7B3F1107DCD04DC55A3F9961700286141C94
311
A4F771FEB2BCDA2DDEE0CB0BAE402FF1DB0100F8E475DFFFC074DDB4498AB7D186A7654DDB1CB680D703D47CEB4E72F8CB13D86A4AA68116E26387B93FD6738779B34FEDB8E517EDF2BAF28D9BE93A1D3A164320E07D42E514725C29515FF361754213EDE06B079A2E99EB1CA82A02019EADEEB87B9AF005BD04BBCECB14AA
311
CD6B24EFBE482194A97DD32400685FF1FEF1544D1B14EFB1E7F08E6D2CD2AF52DE757F35F5E62332EE88EA26417AD5C3E0E319D68F25414E6D672BD4522B278C57D18F0113921C71D96527E091F00CEB15AE23D24667369BD3CEFA10C7549D930890BA4366F4EBC55F01F746109F98ABCDD5A3EE06619C6AD78AB33E48E4C9
311
BD21BF7478B385EC05C4F8987E2C1BFA0A60EBEDAA0AE0B015C2720ECE180FB6F2DEFBEB822D96338C9B63822183BBF52FB664A7AE57003AABCE512BF77E7E31BDA2E739AC4C131657DDFE5225E900FB56CC01CDE808FA4A9C9DA16AC679656BB64796283D89812B8F91136AE18EE5EBBAF47A73BE3C153EB5D4CD491B4BFB
311
4FE690A4CF9ABA08C0D8AA64220C438C96EA6CA80B58FE5761E697B3A292EB9FBDA502FA863E49FE694ADDFFF9D62C520BDD1A22014147A0903A05B9B729F54272EF83931FEEC057BFF8C8055C279EAC5C0011804828734024F6CFA319C9CC6867C727184465CD9BB7ED386AFFD96B294A85E3802FAE47244602D827361595
311
2B98C4F23F7EAE4463D9D638EEE374A20959E0FE519C4CFB0FBFE5DD80C2AA3F9DB961D1BDE57E67C9BB47B77FDD74EE3094F5DBBE3EBC1FBDB7393F5116263009E2EFE1AF9A221B2AE234C902BF70E9F280ED23E73908361565964333A3F01D0B006AF32FB21AA1316744B489D5A198E85299241735BE559675130955C902
311
A8ED761FC0DBE337A9F91919AF5CE32AF902ADF9AB2615E00E8A94586BA1A90839B61832FF1BFB76D2EFADE6DB1BA04CCAD3DA649E7E2A0219F592E22F2AD54847EEA8E42271011E9074F8F3DD9FBA6CDF88FFC9FC7E811AD1CA8F4557CE4AFC7BBEDCF0114A48689F20A584520C74DA8127124B767E2FB91A6B186246727B
311
E63C9445BAE02088D58B8EFDC0F1072407CD9B89A13F6303B4A928F593AD489B58E6869325790ADC406036C591729FE14021F94B7796BB11848D463536A092A26F077F94639F7CEEE2A724C66EC885F4A24F8B8A0AC321F8FD149BA529460FAA34E4663C02D41FDF80BCA222D42F0ABFF8490F4FA74C673807C2051D8E467B
311
47B616072860069A9A303ABA9B319D58404461401B0A0F9BE5E1E151C14BC33B32ABE03DDE91708DFAEB15E7C0D593C86BB7D7EC17BE56E57975F077BFD5525F3A1A361D584A75E08CF29FC7B44B2B3085014F3A5A14517377C3F6B8F37E59514C3B12F8AACDEDDA4DFC49BE5710101534CD6FB6DE15B50F11A09472AABA72
311
7F0C49D9CB906B158030065F48EB3625E010CEC1D511D0053474B11E6A4F01C0D6EF1BED3A944FDEC70E0DDCDC756C86545910E0DAE3BE3AA9A404574C2995CD5CAF9549226BC94B4F4F0F5F9086F418F6B32346464610D8BC7391D3C3A3CCF04CFC1FB2A3A3170E369511868F14EEA4E5E438CC73DB1F3248AA94B6B2FF33
311
B222FF3D1E7BF146CAD229770158063BCE4F5391964DF62F7E52A7BE0EEA829C9E13C4C147D6F93FE59E111DAB5E4594D6F3CD1AD375EE039930EFE5AF2BB2D41C83C7DABD8C659BAFBE8FAB392CA634F3D15C1D945DB4588D2B0824A4EC928AAC565557CA2F0DAA588CA5BE30B3A8004F7BF005E96CBF891D7F18112A3619
311
FDF530DC8AA64954258E1811789B5189B49B4EB53F5F89F7D37523894F3EB57B373763C91E502F52CC99EB7BDDF933FC324C4FFC2561DFFA7339FAFDD0A4BFBE6D3A8FF9ED1FC49898139864602458968913181918F719CCF5A68B2EE9C1FF050E34E63107003B8120FA982C21B30A874E4F5E4B38D5A8290C4B8D9BE48A0B
311
E31EA995BDC37AC6DE90BA17D259DEF53605D55922FEB1855D915B659FBEB350EE0DFB2F9F766E1C84CC8964B75D08667445EAB966015F63A18A9E0A325C1B3DC628C0D3CB60F767FA93CC65F25458BD23C3B312716E5F40E5858AC06EBA9AB14F95DB99147B832069201541D09A0D856E12C629CF32683760EE855537D190
311
1988D5EBC156676C7DD51D7207CF3267AF1D76C2AD867315E44618015313A98B19941C696FED3461CAA9B5415F918556D7802EDACEFD6B2E45853A9735DFC9DBF7E440F9319F8B6805A973BCCDC76C069A9144E51F187EDCC12FC31B5DEAAF0A76137199B106EC84ADA6B6EE697D4E6A96E007417F4E880E8B1E89B4BCE9D8
311
1EF611E2ED8F0C1A6C25F620FAFAAB656A7C42D464880E8AFAB0E0FC8EA38CA9A8AEEAEE3E4648BA4680270A89743CDD3E6C6CBF34B7B640EFA285ABC7EA0A1E28F3CC963D114A80123EE66D0AF7D5380EB41909B605AB4765B709B808590458157E69BA1378FEC4B48CAF6A730E3BE3C5EF2DD1A5EAF94B1DDE50CEB55DDF
311
D7EE9A16747FA4B223359FB1FCC69E1194892BABB93A1D5C4E807AC0EA2E30180811E77A2291F6E7F7FAA5E0F60215BC6024E48DE436C511F0628B8CA189982D4D83CCA17D305A7E923C37941CFDFDCD93ACAF735EF5F0E61BBD3E6C41A59B242790D3A3BAC7064DCD89AA2E37214EC839820949D5CAA31E240D2948E48F69
311
0298974A96BA9A8432BC90F5071D6537C9666EA4564796B7AFFFA548077BEEA75F63083435074BA182F3699557397F71548383FDA8CA34D99B981E72835ECDA5DDDC151315173D05A21F651AAF8524E88209E2E7A737ED1045800CE3390050BCFB8BE588DF111617874C62575039CA588EEFDEFEFE319B739DE2EDC147092A
311
262611E159650E787917885EF08F1F51B8F2D8A71D60B58B190FEF9541A1BE94BC19FEA50784DA1419FE4B0FB51B8D36B5FF8E1286FD8AF42B91E59A5F1CC4D60174E764045FD8C57B18209B217F89A62252BD20BE0E63E12B8E8F029FE19E0E8D0870F58721A557082250D5424F7909369376E41666C0EE77CD87CB283F66
311
1D5FB6D0DA023CB67320A20DC7BE661E9E1BFE5463085C557DA1FF9BE835733766C3D139F2CF9E2208873AD0EB4814DE9E6BF2CAF81614D4D43906ED1C05A3265CABBFE192770FC2F64F940CB6B17B5F166F133C9AEEAD2641807C3E69515171DD74C4A85311513D6EC9530B3B601B6BA3EBFF3B5C3D2F7D69765141E345F7
311
5433953D013ADDF8F6AA7DC3F4A7563FE5C7D367937E2900D7EAD0F9FC9A4A1A9B5BDF1FEF08532660C01C5D6DE22199AA774383E306DAB87E301ABB7D213887F9869D4942D0D71E94B27EDF216A318BD488D45DF84529EF575AF3C3938C0AAA0215B01994153E2054A0B894DA5C784980633AAD48576957CF4AEAEAFADC7C
311
587368551C73DBE1E57C58AC713303A8BFC258BD04B51724459FF9E24C03A81E0E0679CEB9B348C0DC998FEB9C6D6EFA77D247CC8F92D3848599ED89A23218D0636465AD1CEEB7DC140D7426F83491C4E8E8281C2FB35240918FFECE880CA2A42D70E8B20B34DF5221C7DB0CF90ECCB9C745B37A47E9B716FF7A97B7A252C1
311
F3814DC7B1E1A7F72B8751D524EF7CAE45B0C73B3BE7D08ED39781B380DDFC9AA4A4749C9493DB5BAD07A6EA6C092FBD0E85DB004DF06B8C9D3089C5320187E4CE1846158C7EA7DDAE8AD9AFFF21AA3A1026BB06A259845E8232DEE62811A4DA9CEAB3A4887320B76E2AE5615EAB7BDF738CBDD01F1E64064BC13D9EC53576
311
751CA8CACD58B3CEB0E6CA585BD089B2A59B9FC101403387AADBDBE70586B93D64BF3AD4453EF9C3B6A93817E8346991798601344F79A83C51F3D50F7BF2683A3605F51A72449489E0EE6169C749C60B1035651103AEE24D24E51A759C840DD3FC6504DA6FE107510E447B43461C79D22970B75DE5E1BD3007D1AFC619A4A4
311
A69B5626AF5E9B8374E20677F77E2F8E73DF868E8BEC7EBA7B6A75EEF7205E1AB9486CB642741D6E03FF13FCCEDB1C4AC129886268B01CDF4B124AF797CF784F3C6DEC97A17D4B558070A0F1C04DA4FF9BDBF34159AEFE958479824B3F58EBD1E19088A2AFDE501B6F2052368A3FD0E650A179EFAB1561E1D27527077136E6
311
52676C3670F42DCB3352F48F6BC86D2C3B0051727E41A0A4DC6CE2BE9D47F5CAA2935A3C0539AF080665997194ABECD723B08129CC5B6B21D2E7D54CD4D12610E7E9FB8306771A89576C7A982002775ED44F3F744CF21EEBB27A631671D921938AAEE3EB0D19CD1E083727F607823E817BF599DCED5394E37EEBC2E88782E6
311
38920CA641EF74D4CDFCDEF06F4278ECB18E31E7E9876F2D783C8BF429C75395F57E98C2B495A3DA077EB3AC3C158608B6B57FE3EA48484D9A480096FCEE0DE880950E7E5A5714131C5C41AAA29FD19AE81AC145FA1B9E85C7169A5AB837B213493DF7E9AA4B5FBF9CDEB36EBD21EF1181B7CF7366AB2A951D01E37AF4EB83
311
5D1BE8C117CFBE7625D2EBCDB0B20C5A4B45CED0BCDE3EE8DA9DA78C2E21DEAAFFD1197E463C33CC6A80FB785669B856EFF7A8CCCA2841B5A5369173320B1170C368B2748D81062EA0296E5E2D95D7667A4A46D98A6FF475C76AAB0A8C8D45E226FAFC9FE0133EA9F60111F99CA81ACE03A1D14C89E8B0D69079C91464FA1D
311
99E651D0EAF606F345C42A8A1AA9BA391031582B96D5B4176A77AADB01F12FD298A75DEEBB2C82F0B8650E880722F8DDD90C56A7A058E5FDEF1AC93545BA27367C76F5D8F9690CB6F8DAE141EDD7971F0FB548A2AE435F224D6E5954CA155512F7332029D5A1230854B79F258EC5FFDB09F5F6343A8EB193229B7F7E79B3E4
311
8F8E183860B38C8269D1B53738FF1E0BACF6AADA6D4869E9DE708E79B5DADCC09B1BC76F649731CFAF59A83FD8BAE4C749D66FA87A3810D4D62FFE826FA400C0F325D2BC0F3CA35F5847B82A2ACC7961745C823E4D863D54460AF792CE6F79B5C7A33B25C3AEA6CDE15A919B6367D781E9D44F61BF828672594A3E1D9EDD6D
311
F179A81F27EAC05B936575D73E05C209DDD2115CFB705DF9BBF3C911589B3640735E9E618FC9C36A7326C82B2205E244C55D56FDB9D5DC93CE958D4BF8174D2B3DA54CB3C09F2C2A6DFF73D23B2197355761AD421EC581284A7EF8DE2CE3497C0C804D49B41DFD6A7360844E5BEFFB495CFCDB97A4595911CDBA623274CE85
311
2B5E278AF0BEB1770E9D37CD977B2766A7DED0E94B840E1E95E8C77DE5CB6354AF7871427C28ADBEEF7BA0A28E19DE9ACD75F379FE373EAE6DDDAE3834692F9C2B03B4FCA8FCA9ABE8EEEBEBB725B88A7C90941E850682CA04061A7DF0CE82ED49BFAFFD42C309818FAE14755CAAE78B0F73243ECCCAD7DF58FCB9CDFAE7A4
311
D3E6671A613639130D056C8383C8F4FCF4808C331E544DD26E4755D09EA05253B3049A1E32587CC25D72E073E2CD96D04A71BBCB0038FEC3F53D254199C3CDC67CD66640269431860225392B2CB3ECD0B4498AAE78BA1994246AE1EE78F2EDFB79F6C6CB6B5E279C4D373FBC21CB2698C9ACBBEB6A4BB6B39E16AB0E421CCB
311
FC7654D81ED86022F9BB522146F9F4772E2D0E4FA70120C95A85A417BF5078B232F4754363EB1750B2AC2148EB46B1EA72AD9B4D23ADCBC589D70106C3EC2ABEEED84DFE28E718C6C83502C28E9FDD3B09DA0A6F6F7B72B706A31C9E2A331EE70DA56A083D2177BFD63C55B11D8D949FAFCF90B23A1E24B9B5018B9A17E99F
311
2890EC302F330FE7936E2C23F0D237EC8916F5166AB84B62A21BB0B950146962D754F92CC2C8877BED8FC7B7B25726DD19545392570B3A2C66B58F027BEF412E552D12A588C4A3CC5C3193FCB3485EFFF700D0B9EEC077754A33DC1FB9E25AF814628F91DDFECB667D3F7690803F38D13F8AE39353523BB08FC6760144AFA2
311
CE28236F65EDBB3D5F59A57D612B99E3D7E5F8A851666BF9B5A6658EFC96EEB37A378ABB0EB3FDDF1303AF32C41BD1C8560745D7BD81066B0D6313359CF488563D3BA3F8E2185D1FAA3EBA1397C9D0E3DD232180A4DCADB6AF25DB3AC3CC26589C8239E66E81547BC7E2F328F9884764CA37EB5DBE390DFC03A5246B456A7C
311
3684C4377D0EEF9A350680FA9A077E8B2957B489E09AB1AD41316944C2254B5984830F691C93CAA767EECF976FA5647538830B5E63236A6F0365C1E0F3E327F24FE35EDDBD7360B0F7374837409F7A6311BECC12B7026D4FA1AE204FA3F5FE904B1F420C7A9044AE58E403E7C4848E7DA25DC9EDAC79DD756FAA26B9EA83AC
311
E8A214A2612A22AFA19DAE7DBAC5F8CDE1292A485F98DAC731A29FE01A3966E96BCB9FB5A4C8830E1B9AF0C54B87FBE221A097036E5D28D1F869F810C06A9BB0AC0612F69AEBAF893C6E7AD59460208BAB3A6B09CA4F6BDDAB8CF0D1F84B72487498395A70DCD754796E271099A567A55CF242BBED64696378BB6CF25EF0FC
311
DB589F3A82F1116D010A9AB9FA4358809EE0C973A2B4229BAA876A70B03AB49CBA7FBE71DB1832FFD32F9BF2C8E98075CACAFB36921235D0F552B6A67E94E094097A5D7DF681B40623DA535ADA7A9AD8E9A62407D7C9A5AE51D62A17A83A23728DE86BB56115804D3F2675F2C6B87541A0FC497BF0CA86420F558C9859EBE9
311
FAD62747E323E3AADC03FDCDDFE7407B09DA90B44E3185723C5381EAEF589765E2F7A099BA46695BAD60CEF3491B8A171F5F56444F7CE9455312C3498C74173AEA0214EC029833B34B650CBB5A5508D5091665309642791708ECF27CF11DB3D797D6CFE474453BD4BFADB768094B2147814D81C7CBAF8228DCAF5564B5891F
311
5EF6A860EB2E323CB82AB868D8EA048880D63B0DE5341F1B3D53297B928A11E15F25E5148990F710747C3509ED14909C552EBE3973246FCE55D00564D8310BC3EBC5085D08D806799B77D6C57FDF5E55837F9E934F09C03C729271B64F12D0A9F9E938107CAF7BF1EC8CF1BB9B42363D33070F4CACB425E605DDB0A34A12BB
311
936DE286B9887A4E2E558F0886498BFF49C311D96C277CF6A9FC0D75AD0ECC5226D7E0E3572012E56D7FDE4410CEC7A6D0F997F225A2055B8B92E3956E875AE4993CB3D4C9063AF98FD45E1BAB165640A43439A2C9181A7C355B297C0A0CCFFAE19B6FA3C2BA238A885FBC98B8F6DAF4B94B97304878DF4D8BFF6A4AEDF79E
311
90ED4E68F00CD7299F4E0D83E35601AF0CBEF18C1E870E74758FA91F5131075004DB3CFCF09AE1DABC11957FD9808C92E8A678CE9DBE40DDA0E0D1D505AAFBCBA208232BFB6FB3704E8985E61ADE53DE74152F5C7DE74B1DEDCD37DC3E8FB30D7EBA8B9EFFC3606BF90B8D438279CB7709FC7C00D327F41817EEA71CD9E49F
311
E9C8C9A81C70915D9F0F15958EC5AA4C3BBFAF46986B90F188BDB24B89DE3C6F29EC3E6F66D84856EE96A35E657CA41B41EFD8DBFA16AD6E91439EA92B40B21C053249F51AE50EB0B24C770FFAF40DF12C8436366819C48E36547D4E7B72FE2BBF10828583057814A668BDF183F6B2E58DFB151103E56303E63D00F39C27C4
311
661605DB644D19175D02E3F0241E8FC3458D17AAAADB117CE9EEA690D0DB01E634878C04C2C9310B69FCAB831151E3AD293BEF6E46B0ABCECB50F5939B39C613D41E81FAE8D34CAE3C4566B761D37185FE864AC32FCB71AEF39DAA5BAB88609BB980CD2F07A8F941653B529567726E2B2A58D079DD57E1E5E31426CF184A04
311
D7B03B985F276D47406AF276FE32E3328BA866EB1FD39BEF57863A317634AA5FE467409B3873F5069EF0D71AF00AD189D17BA1974ECDB2D623E9E14086386A6AAB5807825C37B015BFE892AFD154920EC437EB945D958E18622E1E0FE2FA06557CE4BB9BBD05A2D40E774DA2B65473791E314B7D6C886820B2FCFE4AA272B3
311
B8B15E7344A145E8AF919B5454D89D36D413E87211186BF6F645E5EC94DCCE8E1C799022E4EC9BC86D7A0F2AFB1FC4B2CE48F84B3F49ECE65BAD24CADCC07EFF39AB06BE9E6B27A059938EA7208838455383DDBCFCD967DDE4650EF92A14FF933C975DB20BD7FEEBC4487576485963D757D16340D9599FEB362F775F38CA41
311
85A86F74B629C81B133644A3B18FD056E997E0734F9BE26D11C0AAFC669E2AC9FC41D281F8B2E1C35AE27BCE05F3DA295488096688719D974DF1B5D182DB7792288697F8763CFB43562C1CDEE11C4AABD5C22B6E33F6F389CFC3477C5919DC0D533F8A7A1846B7ADB60ABDC26C43D0CFC8910B7C15EE22675BD02702ED39DB
311
77A87A192CA7A543E6205B979B9F5A6B512A3CA799E198B2D5797C0AF8D1D872CA455D4D431A7879D4DD76110B5FF7F4176B54477A9EB5E4A5D11214FDA585F0382751D8E2582BA5D2075053298FEB8F1537304E32CB22C2E2B693DC0A760B1DFCA751BDC445AFDCBB12820ED85F6D5298933C7EF1211E9E057684056CDA3F
311
EF3BB6052355E162DF27C59E965A8DDB7F9437EB72CDDA3A090DE65A5B2F50326247B7EC67B73ACC7047FC9B353D6EE990F772207C6EC52B39DC2F3C0754821DAB559F7C1809C7D0DD5B0499D0442E0A6E391B3D5DB46D11E731E6794EC77523FBDAA242ED67F9FA1FB684255671F63C9BCFE6E7E896D51001A6113EF2298B
311
A494E0B0980D1FA5B9D60796554C02256B1E0345FB7C6186B6A19D2DCA270416262845FA4F42DB5D9B0A0B6F07FCA2E56C242522E001E0CEB734AF310FC8BFB57E38E03AACE93B3326A2197891E68452B26A6307FDABFEE0223D3C03C3C73D2D5BC054C8311F12004CAE488E5C29287F8156A2CAA4AD0D7BE6B97264E4139F
311
437CE73ADF52E5134C52B819777C18B323A5924E4F67AFD13B1CDC3A61793A79FAF5C0CEB718E441071E797C6DCCB9EFCF7E4A1E9F3DF3C2F9C9E8294E9586868788C972857FB0556D7A26941A7EEB9B580AD78EC40B85DC906B4120A563CA3B87797ED612D3B035962BB75F6515A393F4CB057F564CDF54F2E5A024514E6A
311
1F901DB80C7E70B1FC05E356A7E72FABF4775B3E3FB8F70A2A8E7B6A94542BB304157978CCC999E707A29CC795E67A59CC546A5D47B368954CA7B6E75EC9E1F6FC73CE3B4F71F8CB1A6B15923D61EAAEB14626AAA9D04A26EB9C66CD1BE86CA31A5D8703DE04CD1EBCE4F5CCB62F93909AD11E55799A781A956ED27D3E738F
311
4538CB04ADABC7DAEF20BC35BA6A90BCC1DC61BA05F20D8832FFB9BC9B15E2DB838A0AFBB7E0C82A562127E0446894F427794C3037186F622BF24DE1B00AA10A23BFA47B2A180D6DA5AD6F7326FEB8C100C2D7142EB2A0B2A9D1008A09BA343D70E054AB69E2A7EDB783CBD92537FAF4A44D1296AC2792729104B3276C276C
311
951D0CF3CF3F1E6B017720A7B8505A5FF9589365979678C36F1BAF759EAF57C60F1FF5FE9DCF5F8E764FF25A2D06CF25117A8FED51884C13B2B750DB0E4F5E3D64124FCF11F0AD8F1CC3B3DA4B38ED22BF1CB2585EE6BFEBBA63FBFD44F9537B9B37BDD6B358720F98A8125AED4349CCFEB0E135F19E208A04CA7E2B107111
311
85D72E381F448036EF57C9F874E54A971CA37A639E986AC0226DC5AA00D5B14FEA9192234B3DE617814FC221C92F33F1D392F297731B567FD98FD91D989379AF567A65B8ADF177591DB90FBEA99BF4ED11B16E50A0AB1DBF1156D034BBE04D69D08F939D8E92BF525A1DDAFF80ECBC95D8F45D3FDD289FD23F7D8B452F8EBB
311
34EC082DEEE68E18EDDF072060FAD2AB1504DD4879BF67099FC58F6E9DEFBF645D16334A3E9A127C6F1AF6132CF287E433B43A0EE93812B4AA0B194E03EE3FF91EF9C6ED0074A2F6EB18A96A7C9890B1FCDA1F2095E944DB911ED54C60DF16FB74C8CE9BDC7C54C4F14078CF73C2FFF1F1BBCCD7CF64F71407EA1683DBC410
311
D226627F66E509060D5C0AFD611DE681D509DB8DD12FB1265B03C6F5C55FF4C30BD94187FF692B4F152982502F193098A789526A038AB529A52BC0DC4FB6285CBAC10A8B8DB75DCD9BDABBB221E27D1F8DA9F5EE5926A1C8AA9BA9BC09239C6A7F12914EA3B59EFF7AAEC3FFCCE56F1C5C2980AD072793527565E774F4631D
311
B178CEEC691B1F367BEA0CF2907E1D6B854D527065979DDEF002D8B2ACEA7CE21AE297737EDE1D45B31233B73FEA35BCFDD0B09721FDBAF6432681F2FD10C3E9EFB246FD6E854B344ACC9D8A0EEF876A7314B49B6A499FC650B099D650DBFEC7638ADFD245E2B7839DA5AC5F7D5623FC0ECEEC8653FC9B2BDD1AD4D00A566F
311
BA7186DD3C9CD26512551637498CADB950FEC71ADB9A5524285DE328B8EC7EC75D2345AEC6A27C42AF6D9B92155315C80DBFCABBB7DA0FAE425C4FB896B15C9BFAC4FE67DF5A23D30C93DA4D8F36FB15D100050DA6062E22AEC5F4DAC4F6FEEF97AE05DE63C6D38F9E068A20BC5E3B6BCD75320C5090924E7F93640A7735B1
311
A43451C2D91EE62C6238B797349E59890AF3A520DF4A87095F3ABEC2E61F0593416CE46CDCBE0E00E2523FCCD04408588B5B6C9DB6459C786CE378770B54F51DA3A5E1DF2A3349BEAAC234A6CF8993B598B3B25B4B113E353A4D750FA7534749430F3EBF2512E7EA3FD43C6AB9A1F765A58463B306721A15D224FAFE8C6F5E
311
3432D57EE697DA0DD5A9D4866A8BCCAAA9DFF1F06047851408FEC060471D0E3EB86BFAF46E4B5E60311DC3E3CEA147C75CF971BE74689507154FF2D2E92F15CDB2B9182B11459FD8ACAC5A85F174BC94A7F4EE4C4F5CAFA7C02E37BF0BC77B7DCD0C047BC316F562A01A441AFA7931CC84A28CB9F4AA367EB515778F29BFE6
311
1195FA671F4352E5E46E3A64773F1F76EE5EB36D7BCE9BCEAD837A4D77F8DB8C92AEEF6711920D7C7D0F76B0FD0EB7AB83724CD35BCA7D36DDDF5FBB7FF6F04A91F3E2BB3B8F1A43CD659639507FF6331C5F697BCC782AE57D757A27D97F1AB9E0AEDB43F92F1B2AACDF5FEC8ADBAF9F814E2027003BA2F9E144B1938A7A04
311
050AE5D953B82C45619165C813A10E76DD6906B3C16438064D14CDA713AEC420034613E1AC7241904A49FBF87409AFB1FCB9B72FE7933A87D8FBEDACECE4EDCF6A4FE9FB94D5DEB74FAB7CFEAE17EE965DF980DCCA2D04134994F9A2E94D2265DA4FE6AA7B7AC15FACAC2B5ABBCD7DFF542C5314FDAB2E1B9D8B65220B8E2B
311
638BE008E8DCA22678C820C5053664D15E89F2D735B51A84955E81A443545E9FF787BE0FA700A76D136C27DA179A7C6E8939E01BE756E19CB292798063D8B97F44E8A27BCF3A614FEB8BE974A718E86F7EC99B53CA35FA24F61F2B07266684623A3D4CF073E511F3A10A8FDAFAF0078C577F4DF9D339FE7862E5FA47CF4344
311
209E5BF76D783B1B48E152AD281B15FCB934DCDA49CEC5706B1EE8B460F435324A5CAD154725E21AB8044B75A557A79F6C807B9340AA3D92503E866F4274412926C8C504E4D5EF8C0E68DD0B028781A6B4054F11CF18941F101C57CCC796773ABC8DED9CD91FE5788806C05E548895354AEAC96546D55B0E94A59F148D061F
311
42AA398D822CDECA4CDE79E13469BDCC44FDC990F366BA5978C15F97ED80CBFD73B0CD9B8B83A4F6845BDFBFAF034019473FB9A63BD55D3A4A7284757071574029A4D016DCCBE95DD679EF3C4880BF169422F8C89B68A988D2B13793CAED4F74DE7486C72DC94DF46B8E93D8E02EFCB1FF9B3BA10C8AE7F653DF94F4AF466C
311
DDCEF5776687F7C4C14B63E4EED1719DC2EC482D7DBCC7AE518CDE3D5FF86D39000EC3673C0044E1D308BF05F74D1B5F033A7D1BE7F74BC55BBE3E4A20F920946CA0271EB17BD2B80E5660ACB8A29A79F5E4BBA49D4D945B6EEF4A7EFEAA65E5555BBB57A7E15D2F83C69F30BBB978D2B39F1F26FC097424D39BB33CA3D87A
311
BF64E307938B685BAD44F71556A30B7E712CA4FE600613C3E554B69ADE949A7CFE214DF1FFF05CB82151EC6FC31950239F94CF7AD39DC473F6EA356E5EC2C4EFA04383CEFE985A127484366FBEE3C0EC4FEA363E4F6632AE781392FD45D67B63FB8DF70E82734F431FD3443172A0E30A83D60982D55FA6A2CF86DBA8382502
311
ACC6CDEF3B907982EED1160E14863FA242F9757347E1544275CCDCF71ECD5F8621CBEA326B8BA884AD7F825781923E66971F04010D574C541D8427A438A37EEF8AF88240EED7362C953F5A81DE2D56109CDE2524EA0F5D2F87308C0C47BD97AD605878AB8589E17CA83930CB5E0DCCD75853D68B1AB136594926DE426C3674
311
28E9334AFAFF90ECE221BB5DC9E5BB53D2CDEF954EAA9CD814F0E5725F1965DD458E5F8487683AD86B9D0076BE3EE91EB1CECC5331A67A3F79D8B27587C12EC2A6A70474749F27B4C0BBAFB94B34189E88DC18964BE4121B9137FD516C7755356E50D6714E31ACD222621EBBCD1CFF81D87479056A9DA0E0B8EA19D24CF937
311
DA89F78E8650CCBDC110AAB6C4E46DCBFD0446BA9E2060E81F314AC2031E88135E5476AC0160EF5C0DD2EEF1B8B5CB2D198BE9A554A9093B5F7D7E4B5407DDFCA1D9C152FD97F55BFFFDFE802954DFEC8995B983E28AC92F1971E28F531DC407A1280EB125F64A72E617EFB27DFBCEDCDA2D6F2BDADA36873EE46B9BE17829
311
98C63DA7182BC383FB6FD15DA472B175D7E8B4FC88F38D6E07FEAA3FA3CBB8F6B449ECF14D2175E5C5CCA3A42ABF24CA6C9395AF74535F4DDB38CB84F56614B0FD32D7E19CA5CF988DB4449C40E23DF2B16772594554579094450F56F253CD25EA7F77366FB1CFE79696C428BB64D5A41E986189427E5E4D7E2DAE3D5BB497
311
2B3DC44EAABDDDD63A2264ECFA5C786EB0EE1FDC5BE34FA0F08376869FD1E61EA06CAE15191135445EE8F0394161C3266A596AA035572BB0C8876180D8B9C77D307DF9DCDF7365ABDA6F3A2366436457A4DFC1F259666569A9E4A79C817BDD5610E5200FCE894A358EC72858D50EF67545DA81C6FACE3D457BAF70367E1E6B
311
DD9A952FB4F56247F58F523B97E640246051A72F79BE42FFA0B3187F63097F91C48B868586F714B0EBD5A00A8412C1236E1298F60C72BE6C96B82B404CADAA304AE9F303176B14BA53FBC2D5E86377E35542019E24D97B96A49B2C0E5006E7795954DEAF5DA58958839043C6C70BD3B1B33B6DC5C31316D8A6923F142E26F6
311
711A2258AF977DDF1F970ECC4F1F2B434B96D81BEB6E89BF3BBB3C7C8CC80505070723D6D7D7D3C8CA27CA164A26024FED94B12A86031867241DA53D929636DA600F050BC40CE48B8BA03D69224720DEE2ED2127390BDF5E6EA64527BBD4C4C63FA76BB801FEEC0E61218EC98A8A86CD8313781617877E66692839B9468CF4
311
DB8E50A73986E558E309C0D6F676F921BE02F1185454DC75B111572FF9D27D85EA14C05AD7271225B391C4275659CA4A43759D0BA44639BE4C30A84DB7F67A41399FB95CBF923B1B1672ABC807C1590557FB18D811983FA97F5E609516D62281D38B1281F68FC75528C35E4CD7DF0F7DBB5E5DD69C414EBEA2F4A5B241B996
311
BA77AE6C772E367408C633EA3E438B68563EA8BE7667F3A4C4FDEEA52ABD78A2820F443B7914A15F180018D231E64519C56A12F6CA7C8DAE18F06F6B769DBF92329EF6A5D18FBCE600F36BD8E8198DE5CDAA96181F3A756EBA5501CEE58F497EA4F418A2B82565B9BCC611713C0B708CCA1F398B78C5F7D03B3437CC18F130
311
61F55C7BEDADD5ACB1DB0E36D3CE47FF6EA1A563A57E9649EA5D14D1A50EAA457463381C073777EF1600607BAF6428A7DDC079D47A204EF1E1F1F0589FB054D45E02CE623B3823C317C601E589E22B1E88B448524B86A82828E32345EC18AE17214B42F8C41C6D428016D9BA31DDCB47572561E5A402E5BA4FCE55F78AF726
311
8524AA04130F3A20BA5D1E9F9948EA48FC8F5314FDB35E21898198060034ACE5E3E2BBCA34092518F275190AF65F45867FF0900AA4B81F25427414C372BF51DC29AA855C5428EE1EEDD6B849AD60F6E73475C2D2523F8A2772C840A478DED18A8C5C91B085F255DC4F54EA7AA8947354FD17ECF8FB3B4A0DE7B483CAF3A116
311
5EE05BBA413E5C1FEF3DE1D6B8F2F3F3251C17D9FCAB48A9AAF63AC773A0E413BBC46A9ADF84A566FC920E4D8C52C9769EE3301CADEEEDD92B312E02E2A7E35B7F1E7D203FE5A7D75578B06E99D0E46FFADB8FDA17ED8880390DA29094202D6F645F76F6F96409CDA05495A96E84B04A00D1A6C6C81D7F3DE9376E828CCF14
311
4EE50E364ACCE7237EA0BFB5607ED1AC3CFE73794E5B61739D14DF1743441B1AC98F00ECEDE9E7301FA29755FBEFA68C91EF2B314CF510537EF1ABFC9A762496280B546F5EDAAF8A5B387D469FC9A878A92828C88608453ACEC6094DCA54111E7AD5B2663DFE2DD151B7F123B9F4FEF8EE36AB125FD7AD52A59B1B765B3E3F
311
73E3F73DEA93875004D2AFFE3CDE9493B87A9904DD052028949041A91DC0E1BA47BA714343FD5B25E0A6A09503AFC17C790058A836A324FE31D7893512E28230332F153181C1E018E1124EBE1BA262AA428A518237D1EA7275E48C5C561BD19ED6912EDD8367DA0F31E40EEAE9683DA9257525AEA7B632B97119E17145A902
311
31768A4F3B9120FF32E8319B015E3CBE26F1A754177D8185345817C096B0CE443A955D13AC15E1FB5DEEA0239EC32A3C92241A237B0B02FFCB4F93CF2B02570C8D192E2F2A68CEEB42F12E6F8CEEFF46C251E22B4341C56FB08CCE550E7A9D6F4D6564B9EA52A83D5BF2C6E03FA19D2775E15A8A7ACF30A13C259EE7F5EF2A
311
C3BA354F1500E1A07FC63FB4686E2F12EC69719F9ECF5FE3F35598DF2CE944008CE78F0911BA5BE5D0A34E0098FF038669C26030BA9B300303039852A8F6F496341737CA7E0D2E3AAA36DE0A70AA7D9CA0D54D9AD84B18A44C9E625475E1C97B93BEBB38DCE7D227E67A2D00F531436136355F243D1FC0D712C5765754FA22
311
FCFFAE97919161F46D6E61ACB37D83777B385889770B50765B127768443A5C4D3A4E35A3151111F146B7CA116F918A049F1C272F2CD7976C69A0068773451659A97E0F4A08FE604C3FF6CE7385DB19F4D3ABC8A0D80DA8A42096AC377DB49382B36E270B6FA7570188B4B7D1DDDDA82ACA487CCA5D38BD3BD039ADBAFA4ACF
311
F27809239B722081E2EB9F145320553D183F28471C388BC8814E5045676767AB58A8E72D1CED2CA731379515D2E533E4CF0B39DFC625F97AC4836831A4DE330E87A8126FA17EBE583D614E71E22A8DBF2825599743E0640037303E8E1B1E8EA4E1ABFA4F62907B5E4E0E5DCFDAB417C36C6848A2B8D15F1E505434C0707E16
311
B1CFC2A1C36A42BBF55734F8F4301DDC2A5110CEE8C0747F69519265012A2174BF4E955ECD4FDE095A3ABC70536B7AD0B9D7892F81287D667C108703C9B66A221E9A0929D030008F77FF6F5D2108EF5706FC87A3069B976F7C9FC3239D13D283CDEA83597461079FEEE049B0F392889898B7D87D31F8D60ED7B56B91823A8E
311
4EDDB36C6172ECEE42BD42B12CD67994FA0F0DFAE9389356F4CD4425A4B8AA55CBF7ECD585C6A2C2316791E43D5C06841ADBB226A87FD61515FFBB0167B74E56BD7F3E90A57A97FEDCBDF483A0D6699A8C0849CAEB4947FAA90D8E332D9DEBD9F4738C37DA0CAF9CF3DAA68BCB67C420459C7A64498D6E848E5CADE92BB690
311
1F607AA331104A67F7CD650EE169B1DAE94D2C31C2F993632259B6957E246EFE4C5481107B07118607700040E5812A2A2A38DA0076875258C753F60E0F2662C748EDD5F3F3686B8FC3BD6FE631ECCAA1E8B1C1E565AD117E54893E79F4672E32F9E46B2A183DFDCF3EECB4D4D077DBEA0DA254D256045109670050129E9B9B
311
1A9E4A11344D61497A992778095151510C4BB7EF2009B63AA4360635312E4CF668B7E0D3D85A8688E2BD83B569439892ADB63461930D428E0DE42E4AC57CE48DA5CC1449530D8BD3D6A0F08DF20C8E8F570F2CFFFCEA286E30969B4654D498A58D9DA782E19FE3F002181838925592C4A1EF0B332D88B61A92C644547BED49
311
0D3A42CFFAB70E36D961F694F6307F72FF15A1C79D5B1B5CEFD353D9E2B52566DEC8F8F09CB3E8359C0F68EBBB7898243E34E12A015B2685AB303C04D3A9E00671FF3DFF0A184E4A2ABEB2B666AF5B3A209C73D8EF29DCDB069C9F391EEE9DD0F74C7BCDE16F8F02E3B8816122BBEB50665775B600549D8BB33A54A6BF940C
311
028118BC6878C79958D6784F9DEAA6E26748386FFAF8D0D0101E2847B6563F5D8DC1D78F787BE00E2C941AE12148D4A81599FE8F68D4DA5CDED75530ADE138240300EE13B0FC13A1687FED6774662C05A2B7DFB186732F0D7A93545D8B0A6390AE5054D9CB582DA846D7A061B3358B45E2B52DDE63E114397EDB7E09233A57
311
9155D795BE76102CF277F4DF8B188C4F2879BEAE3C08347124BF9ED23B128259FE107D31E34A652F090B30B39E0D9AF917B76A2806135621A8A60681F16AF216514BBD02711585B5B1AE823F4B2D0369EA5B6BCB863072727FFC871CA6C9AB79A814D989057E9470A3D238BC87CBB4A0EA49AFE2B86F22E499793CAA904708
311
0450166BDC357524561E258C77CB697F1ABB32562CF87C3B7AA12F911EF19FB3E5C02222E887D08202A60A17151F5E053A86B437771088B4FEE14D652C43E8D939995D34545E12E2FF93D4E366EAD25F10CB7DED141563C3D0C447AF06078A91135FD4B9611583CB4BF3BD167F2399CEAB0E0100F8FFC305F00F1711717173
311
138B4B48C83022295DE657EFEDD97F238ECA80F528AFB4F8D67AD4E2594B9A3AA86D7487EFC313BA95745C186F0CDD84CC12DC9CB0424B42203D351FD9C0A3AF10CC7F388E0329279087386421F194F4A29464C1DEF7EF8BE515E4A199DCD5B909342598D8FE6A231F71336248D5CEC5454455C7BE383B3BC7B260FED27F70
311
3FDC39A170F3827239102F59D4DEE7FEF82EAA1A5E4BA94DCC4CC44E7E2EDE20F24244E4454369D2E87C3F823F193FD4FD27E1C23984B01898D15ABC20711A8A558054951A6AE280096BA36CBA439603B7B0B4C45F248C14B2383B4B5CD8ECECE4FF859AD4A6CA2326D020EF090F4041D28DB66E5256B56232CC52829DE806
311
0BAE6BBF37D4B7469B822454FE93210A3E8D15E69FFCF01123222611C51C4FD0A041A0CFA2471CF6BE38D2B20FA4C3525B5B8B586759475CF80ADFE67A284AC24651E52B8E683D24C2622642F27E7C3C22783BCF63648BC398BD6CD0D9C97E7E7E3EACB6126DB7A6C1FD9F1031302EE67ED96F22B77C7CA0239BB324207559
311
B105E4693EB26EC46182A92C9C0DBD24F29B31C5C5AC1F84300E0E17CEEAC15F5736FA4A98971E2F1423BFCD68D4BBD5F86E74B40A369F39507C88FCDB35D2DD8DEBEA4AF999E23CF2816D204200DF6E611781B9884C1AC8888B4DE397320472959434323A5A36B22A8E1F721A270DF3BD65E4A31C11FF048AFB0D8B7B6881
311
423793963A23CFCE935FC189ED36FAE35C46DA3574C979E4394BE52084F3081837BE033396D2EBD80F1F691B273F660D2B32FA27A33B1DE4ADA5F0FA4651511102DFA410DDA86E065272CA314D5249DF91B06BB92807B28EFD54F08F7B525252782CD276DD02E6B0319B13DF87B1F6361AD6B28FC0D711CF445429B9E5A433
311
CD493051C49A9E03DDB1B147D880253514A5DED88009018620EE229101C041950E2D8AA8E1F5F5438E0C0C0C60EEDEE9E3E0C051948C69F84BB7B2A48A1F3C8EB9E6864687F4F4F6F6E2FA87608ADAF9C5E117B7C1A737E710769DA1D15ECE6A84502AA855398712D5FB51BE92E4EF824969CE18278798AC303C2C7980DD25
311
00ADF8FB1E6D6C2FAAFF9987178923334A244758BAA01A9A1B70FA5097D01E1CC2A58DAD0EC94CE6430AA9B0C10D75E3C6BAC670EFBADEE1607739CE0FC18A2587E3EC3058562014C64219C69BC269082D5C2F4A659278D585755912176D78A1B641719C2A394CED495A1AC5D583FD2F5EDD93308EA7EAE8A6DD396598BDBD
311
3D4CFED62D18A5BDFDE0DD5C80D1A89BA62697B131AE7CE9A6594138582F1B37D68F1749AC7CB67A70695D48A4A056AC1FBD4E82358CEAE38F54B95A9016F9000F9879C0D9D131768635CA798895F27D6F1614F11F2838A83611AA51C9A3DDB539D42979C29F10465655C17BEC3E2760B80DCBF609198C7B171A531905F3EC
311
218D696025975E986C6B4C666666787271F202805577DD5A3EF0CAFAF91B62DC4B2DB4217A7606282F31D8DDBC290593BAA93EA6353AFA9939B877978481E15CFC9F2755CDC00C538F63A4BA3E80AE009B73CA0185687D339A507D165B74290D6EE46D5C58148F020C3668ABE9EF2F7549170DC80DB41FFC1D678FF19AEB10
311
C7133832B104B80F691B3138F97A92D26E551F1F110400D45AC71A9B9AC41A1A1B1DAEED0B0810638EFFB511D46B121C6FEA0F38CD00E03CFFEB9713FE1F9C263E4DDEC160D0497FA9A132BA608584057FB15380825DE6C7FC3C667EE947D488A09898D8E939C4953BF4EC9836344D2CC6B2971B2A21A572B06096F4982D2C
311
C7232D46E8EA69DC83722E267754D777F97F96D5DA74E1E75178084D0E70F12AD33E5F71EF2AFA599B2BEBF60A5BE475F444F240CBFE8143C334E7ED9150FEEFEF7EB020C4DBED388DD1D6A167A76F3CBF119B578AE8CFA7736ACAFA4440A1C47185638A0D2F3EB5BDDEFDA958FB13CE4AA4923D5BF840392D455443295257
311
49734866684BF7F8D9D54D892E19BCA9F829A0F8BFCBEEA6CFDFC61D74EA1A645ED7A1FF241739F15694BD835B66FEC5677E40FE69BD3F91AE402F036537218A401CB0828604AD189E575015C6F3F6BBC8AC79CF6C70653847254B31551EFCBEB5978B9DB85D58D0FA41A9DFE9C624834AA04949D24B5AE6D299E072D152D1
311
2097920F14AA92C31C3B97E28B6C2E6E9C23D63043ECBBC0A60FDF5BD0C33C127EA8A3308B8B6AFFEB28B4455BF6E7AF4FC6222728357EB8E46E85053E6A8843AB23295BF838ABDA94658FEF3F832F147046B4ACD6F7D48E8FCC9618582961C898D1C7A253C91BFECBDA6BA18A1FCF70755DCCEE2222F41B76D23CA98D0CB3
311
D95F0CF66D57FFF65E2A90F5DF40FC3187621E981BD0BC1D992787212688976B94A8F0C6EF646624B570B78E068826F87CE27041A95C9A4871FF65CC17FCB1639629AD6A9517000D63AC231F3D741CB8430777E7ECF80CE7A3F73C0F162F7E56AA71F4DA80A33CD6ACEE78E2C11FAC03DAFCE929B106F8F6B3ED2DC71FF994
311
BD9CEF4E9A94896EF1B6E2B7B4978168BCF0847A3D2A4F1B0500B926E634B174548E9FBAD27153FB5FC36799B1E6C7C38A94E1F9E996796D7B485E635D5287A2AE76FBD11A341DB3F8F810385BB7296391973DC6C37C452A9305AEBBE0CDB6C566DB59FE60C8E94B1FD090354BF51439FFD1B48D725228FFA88C84F686F547
311
107A7A235665A4593B7C34D748C1AC8D56DD5DA861EEFBADDECBBD65117E65851F90351AEB65F0EFCFF4BCFEF24CB7A5879699FAC437A7AF9099186CF006BB923A59E37D7A36A29FD8D2CBB914A5E9D0A8FD212FBF796AE9A67958FF1D5D8B85F78F96219D4714EB919929241B6C018AAE0C02069F8D919961EC5DDFBFB757
311
3E3AC8E08BFB7C8534BE6DE045B3CD63DBD71F7638BA2309CAE398EA3A7D8F98BBBC7AEB367EFA5CFA27A9F8F2F52FE878058E6209C026453F8E7E8A237DFC389E9590F6059B397CFD65183BBF936E86896612A5B5FEE49DAC8455D026218AFEBEC12B3523A45B57B82C9C97E02ACFA1184DB18E48CF615DBF39C3CC6F0B4A
311
E6BBEEA2E39D944E290302FA3DE33FA7E40296E2EF7BF1CD855BBECFAD0FD622BEE9746FC4FDFDE545AE6E3BC234CADF83A0FB76DFB145BF3828AE3436368AC24989454F8FF70A177672C711CAA1A76107218CF948CA01F873520E7A2B118EBB161ABAD432932029628B6761590C98AB590C8C8C79798CE9F715BA696E839E
311
9131A4BB68BE923F1747FBFF165331FFDD4D05997ACD168F12CA75348DAC04C7F509FE83898A8B421181AF492861CE81E4A2DD0A30850CFA95E05F097FF70F9E777310D584A75BA7018922E271DAB1D785671157685B7D383D3E074DDB4F1E44EF04B07BAAC75A062077C54B9752C738C9D804D402E02851F3F89605AF1897
311
38C18C021D2139EAF72513824E10DDD3047BACC8521ED7E98B257D1166903B1B08FA6F918FD7E162913FEC7D0EF4787E29C35FBA8C6E2C9C20E9AB30AE42CA2A01A090E7D010C1B5BF9CEE2A304BF3A987FB40D836979B79E18D70F257DA61E808472DD85B82761825779D6B90CAEB0F23360C6F80A7D7D77545E95B3DFF0C
311
F96A827F9B5BCECD2C9698718417EF80FEEDEE938AFF55859D0D540B7FE09435583A6F04874A0C7E8CF234DF4879722000167F5872CEC6BF3EF7E5A8CC8121E6A359227C8A29C95212F9F735BC72A887D56B8F309FC525BFB4FD767AAEC4AEFF249CFBBD2DE1AB9969A6155C7D8DABC307E47324C1F916C7BCFF40ABA5644E
311
9FFB9238D19ADADA49D9610F01ABBA57E4DFCBDCCBB2B93C8953206C91DE01B0E2651A6D6C31721915B31F7B7CBCE55466F6D70402788FA91D73BE4ADCBA99A35F17D6B83383704917D6833F0FA3CD45C926ADB8BC17999A4A0AFBCE2541F7B8CF4C2F5FBA611B3E626D64407CB32C122DFF4EF8674D6EDBB86C8F7C6A16D5
311
0FA685E2CCA34F8F7D1D8265BB0042E9D7F1F666F7BE5FAA5184DF58E12122A42EF02F461B3F369AC746F96528AD208512AB56844CF75B97F352DF7995024FB02855385854F3798670D01CAC771AC3E1889EC25F61A20C1F8CAB46898817F9C47E2CDA1F286BF2F358298709FE567C91133E2638C8B53975E753EA8BFD3578
311
B5F7186B7BF084EBA3F77BAC3132A5779902EC22AF2D2E79F42D324E083386DAEE9810D1B44A5DAA54513C7A71E52A4AB9257D975B621308FE4D2141CC3DCFE946C154A3C1DFCCA7629EC69ACFA831634ADDA93C0388D2A9A2DDAFCF957C6995BCE7FBB6DC4EBAE79E63EB08E9A25F52F67076F7093CA545CA3053B5BF576D
311
EAD4E0017143C5F759F32B2D6F145B52B67B48909B7C7FCA6586EE385A2189C16932CB6DDFD9152AE317C430492A578ED27B72D85D40C7C93C097939E1B50F4D67F05334FE9DC362C30B7FF561B95259138ECFD9274C8D695C31B14D4EAA9F3D7FA8DDF652F8C5DEFA23284C799B7D94416DEE81E05A866302DC70192A5368
311
EA65E1CED8BF107A1E2D3119A71E85DC1A7B0C1E93274CE04DD0F2ABC8AC7C987FDB002B6F81757B43502EF7A0D92E416494FAEEA4C9C090CD9557AA4D532F4996A272B94355C5A0E4974EEA9627476F30809B94D8D8D860062E02204643BEC7D0438AF800FC7E2B26955D595421E83C69E1A07E0E3122285835F014AD5381
311
88CF9737CE76D464A353FA55A001AB2526B84E985083693BC76FE211CA1D000679C889E3C009832C87E1AC2EDD05C302557422DF0800E316FCAC86978A371F025A6C7DAA9F333E7BD160403A1A06EA75AA9888FF01504B03041400060808002E5FBC4828BB58AF800100009E0500003D00000043303531323738392D313230
311
312D343332332D383841412D4241393230453533313735382F536368656D61732F436F6D6D6F6E536368656D612E786D6CBD544D4FC23018BEFB2B96DE15493C78601010A34B880709DEDFB52FD0D8B54BD70DF6EFED3AC0B12E6442E2716BFB3CEFF3D18E26FB440405EA8C2B1992E1C323095052C5B8DC842437EBFB6732
311
19DF8DA659866649B798C078B48AE6410122242F2A4994AC7F93815DF85C049C8564CA0A901499DD886B2EB9B1E02448F358701A9235880C49A0119892A20C89D1B9FD768815CAD268CB5E0355B40B1E47F3E37A2020464BED06AA57CE8FCC20C3C3446D46761A2632A8C1283D07031EFF2AE7CCB1BFEEE916E406DFAC8E36
311
FFD99A9D60A6944090EEDC3B670C7DC13DE86B6B2C5C240D6E503BB85ACD579D513F1B9F9A69DC9CC22AFA80C426D40AF0B21EA168559156B6276F0F726A6BFF04DCD513A87A62CAD41FB24FCB2858B3952E3D852084DA25B9303C15687973CC8E8AAE11DF2836C38C6A9E765E8C1BA1BFB1DC29CDFE518C8B5A7655A4ED7E
311
77291ABEB80DBD82EC866ADE1B8D05AF9E35CF09D7A061F38A986D9EC412B8F0F65E5D81534D9B231D1E5A8FE577A241F3A5FD01504B03041400060808002E5FBC482CCEBD668A040000E01200003E00000043303531323738392D313230312D343332332D383841412D4241393230453533313735382F536368656D61732F
311
47656E65726963536368656D612E786D6CD5586D6FDB380CFE7EBF42F0F7A649B70E1B90744856B4970F450FCD7A5F05459613EDE4174872DADCAF3F522F8ED3B88D2F1D06AC4050DBA2493EE4438AF2F8EB73AEC8466823CB62928C06C384888297A92C5693A4B6D9D9E7E4EBD51FE3A931C22EF85AE4EC6AFC38BF261BA6
311
26C9AD288496DC3F4FCEAFC63366845F7A10452AF41DB320C0D44EC26EAB20918735565582695670811A6A49643A49A6E9069FA4604A64B29016DC4B48552F95E4932463CA888468C1D2B250DB4962750DF7CE273069CE8363F1FF4EDB00E0A21999574AE4A2B00C353B93F3BD4777B8A61ED8F604ABFEDD79CE56A2B7BDFB
311
DBC50996E0ADDE16FED26223C5D30956C29BDF4A55EA686E5E58B112DA45CE67F76F4FA27EFA3FB672FD7372FC388FAECDCA5209E693CAD167BADCD272F943701B3812F8A3D852008B1D2E32DB927B2F833C6EA95879925356D254582695095A3CE982924720BE5774A3CB9CDCDB350427D2DF20DA1B5532EBE2D5D6288D75
311
D4F7E4FD9890A0EF8E3D93EBB8F8BA4758158EF6FB90A6F9520281C93DE7AAC6D24607DA296BB96018123F821A7D6A5C5884050C475DA4865442732C8B95684A50165CBB3A32F25F783A4A480ED59AD7F924B968AEA50131F46303223E6A397B0E52976030DC1DCA81D7E7C1EDEEA42C19FF27635C505E2BD5198A599020DF
311
50A2330FCB3AAF28CB0124108429553EF1B228802E2265D8F7CC2401042B155BCC7070F1E5C55F13B4A9577362CCCE46C32174E010C3C378C44841A4BDA00FE3A12006CE11EE6AEC59894D3526DDE1CD59D503ECC324017F8061B7F162162FA62EDD81AE3308617770796DCBDAD2B2625C5AE8A63DE20B2C8AA5E95E76E573
311
0823955956E33E705425A2187C185D36489A1B44D3DCEC2172F6BA2105C3546287A7194B2331768EBBE64F6E70A9930ABE0ADEA89E9E2C38523B810287AD67A54A039C1606EAFE68F8304610BB9093DBDDABC0B2AE4E290DCDA15376D7E39F72B556F0B32EAB5D3D498B4C41ABADEC3A1434C422D87E8025A84BDCB2B1417E
311
D750FAE4DA8976863974C577C7F902D3F156AD354DEA3540DE6BEAE2BEA52F7A2EB4CA43802ECE5BF2CE2EDC9347179FFB023CE412E60BE16DA0BE29B374988A553F561DC04615DD35F7D2C8979F60E5955CE93DF29DED8AFA1EE6642D53418086C03C47C377910F75F7E8F5EF665F70B60FFB22AEDF897D119E8423C773E8
311
19A3C1E55E550599EE6EDCA34D0C86FD72057DF2CD46F16A470682471C164E4346D5306BF12D7D12D82CFF673D41636C347443FEB51B50D72EA171A8E4A58623A4A16E0FA2B8B10A0D23268D87C33896EE8FB73305A74BF224EDBADFA0BD674AB354D63DB7BD5D83426761C077DE767728235446A552754EB93B755891C3C4
311
CC6CADE37CF0E912A7BB38DBA010F9DE1282EDF470CA69A9CDA482E334C4A6EA4107987980B17E72F31730EBF88BBD39E7C629F56797A3C0009C2C5AE7951D9A05A02773440F02EEB4DE396A3B6A570C72CCFBCD823B0B8ED3F1D5CEDDFED772FA70236C83FB7D86C385D570B87107535572A60A96035F8F7C6A7192F13007
311
246BBE0521855E6AC46F3E27689CEE7D186A6FD679D98CDCAD13333E04EBE7ED6F55FF01504B03041400060808002E5FBC486180134D5F0100006B0300004500000043303531323738392D313230312D343332332D383841412D4241393230453533313735382F536368656D61732F52656E6465724D6174657269616C5363
311
68656D612E786D6CA5934D6FC2300C86EFFB1551EEE343DBA41D1A103009551ADAD40EAE28A4A68D9426284961FCFBE5A340113B2071746D3F765EBF4DC6BFB5407BD0862B49F0B037C0082453059725C18DDD3EBFE3F1E829991803366715D474942CD30FB4A782E00C64017A412D684E454CE3FE28995203B162A6EA5AC9
311
4B66997D225E109CD63B0135484BAD1B3C07E9080CA35DB3119C11BCA5C200461A68A1A438126C75E3E230D40FF81FB3F03C91D1E3A3A0AF79FE28E25BC39EC3E17E4C2A2D94A0833A51AF55BCCA7D88572FCBAC529C4140B020FC3AAFA886621DCED7EAD7664CC86024E806DC297DA1BB393E4156543457A4537DB8817349
311
A70F8ACBF09B3EEE2CB2F33E91B65D60786E4E3B39B77E3FEEEF5650424525DA657FB8B46BE6BF064646F0A0F7327C0BC1BC1B4CBBC1C419FA3CCB23500007872A2580CAAE5461865565294E4EDB4617B62FF579DF9A5B2F54E834076A597573A020912FED777F9B3F504B03041400060808002E5FBC481875454A51000000
311
570000004700000043303531323738392D313230312D343332332D383841412D4241393230453533313735382F4173736574446174612F41737365745461626C654F66436F6E74656E74732E62696E536160607036317571733333D435313073D535313672D275343137D63534B33435723237733334311102AACB4D2C492D
311
CA4CCC492C28484D2C4ACC4B4E050A82012F90744FCD03CA26072767A4E6260200504B03041400060808002E5FBC48F865834058000000680000004500000043303531323738392D313230312D343332332D383841412D4241393230453533313735382F4173736574446174612F53747265616D56657273696F6E5461626C
311
652E696E66558CBD0A80300C06F73E4B117FB66E451741D041DC5BF98480A492E4FDD18EAEC7DD4555D89EF28DF51A0B1BD8340C4DE7DD848B988C0ACF0649566493F2408C508DDEBB99D5129FF8F1AF8CF5B9503E20FAE5A16B5AF702504B03041400060808002E5FBC4860AAFC4537010000A20400003600000043303531
311
323738392D313230312D343332332D383841412D4241393230453533313735382F4173736574446174612F636E782E786D6CCD94314FC3301085FF4A6489317612A95090E30AC1D209242A06B6AB7329561D3BB22F08FE3D769B0154C4D4A1EBE9BBBBE727BF93ABCFC1161F18A2F1AE6535AF58814EFBCEB85DCB26EACB25
311
2B564A06EFE907C60A0703B62C979992BBE0A7712E75D8C36473D51AB79F8BF731226D606BF1A97FF08ED0516485B61063CBA27EC701384CE43B8C7BDE0101AF79C0E8A7A0314D2233E03C490704C28EA9A6AAAFCB6A5136CB4D5DDF2D6EEE9ADB372932A9E4D67B3BF3262D0B7EBC6A2A7DDCCB54254506949C8299A9FC1A
311
A6FE52C9B7C6499148252385E4CADC415F63EA8071B4460325F384D7845426086190E2082B29B20BBFBC78C4DE38935BD6491A900FCF4920063278819EFCA7F6FCDEAC5D24701A2FD991538DE7F7E1E5F08B5E8FB13CE4E6F2D272AA911BD79F212BE2704E5274F27551DF504B03041400060808002E5FBC486B217528E800
311
0000600100006700000043303531323738392D313230312D343332332D383841412D4241393230453533313735382F5265736F75726365732F43343544464636312D343036452D343332422D413437332D3136393532423736463134342F7468756D626E61696C2F302F636E782E786D6C4D90C16EC32010447FC542EAD1C6
311
B694368DD6E42772EA25A278E3A26016C152B57F1F6839E434ABD9A7D5CEC0F96777DD37C664C92F621A46D1A137B45ABF2D22F3AD3F8AEEAC2012F113263AAF775C44B585822D520ECD5AF1A6B3ABAEB3FEDECC0D3D466BAEC16FA2334EA7B48864BE70D783CE4C2BA6FBB06AD6C334444C94A3C17280ED8EED8089A81957
311
A1E6717AEDC7433F1F2FD3743ABC9DE6F70F909554F049E41A6F3D63A4F0328F86CAE8CB3F23C80A28C8D136AA8610EAE9399065A920712CF91BC4BFA1403A04678DE6529324C3C87D8150EF20FF6105B2E62DF25746D1DA8D7A00504B03041400060808002E5FBC48A233C2345D0000008000000065000000433035313237
311
38392D313230312D343332332D383841412D4241393230453533313735382F5265736F75726365732F43343544464636312D343036452D343332422D413437332D3136393532423736463134342F7468756D626E61696C2F636E782E786D6C4D8B490E80201004BF42E6EE76F3C0F216234B883063108CCF170C074F95AE54
311
73F5C4C06E932E4F28601967600677D21E9D8092EDB002539227A2FCCB80E1168D80A6417297A89C5D6963B7129A0D1E8F2EE73AA7B62BBEB8B27DE50B504B03041400060808002E5FBC48BE89762363000000880000005B00000043303531323738392D313230312D343332332D383841412D424139323045353331373538
311
2F5265736F75726365732F43343544464636312D343036452D343332422D413437332D3136393532423736463134342F636E782E786D6C4DCC3B0E80201004D0AB90EDFD75167CCE820A4A845D83603CBE602CAC26799919AEEEE0D965E2E908050C6D0FCCE04C8BC355404EB6198129C92351FAD580A10E464065907C8D94
311
8F8F166375F655BDC3FDC3B4E530A176BE7057BDC43B2A593FE403504B03041400060808002E5FBC482E8D50E77F000000A30000003600000043303531323738392D313230312D343332332D383841412D4241393230453533313735382F5265736F75726365732F636E782E786D6C4D8CD10E822018465F85FDF794E82FD6
311
06B8AC7C0F97E898088DA4F5F841F3A2AB6F3BFBCE11ED67B5E4ADC3CB7827811D0A20DA3DFC68DC2C216E133D01699508DE6F7F37206E58B5848C418939F8F8DCD1A8A721DA4CAD71CB0EAF58DFFA9E338A05BF53ACCA8E5EB0A928E3E7BAEC1ADE33C4641CB392E6D74B9BF3EA0B504B03041400060808002E5FBC48A00D
311
D7F20C010000550300003400000043303531323738392D313230312D343332332D383841412D4241393230453533313735382F536368656D61732F636E782E786D6CCD93CD4E032114855F6542E2726066926A6D18BA70E1CA8DBA728770DB920277C28FD1B7172A8B3671A78BEEE0E4CBCD39072EDF7E3ADB7D408806FD4C
311
463A900EBC426DFC7E2639EDFA35E9B68207C4748691CE4B0733A932117C1F302F4DD2B093D956D51A7F6CE2033A87FE451DC049D2292B639C493C5DA9CC0935C423D532493AD200117350502624E3A04D500164024DC4348CB7FDB0EAA7F5EB386E56779BE9FE8DB34A0AFE8E681B6F7C8280CBCD34282C475F0C0D9C5540
311
F01C4CA36A0A22CEDDD1D2076785103CA6505A6864FA5A0A2997C51A2553298B9DC01F467056C35E447E040FC1A86BCD7C61EFDF423F83D7109ECA4B0523EDB566FFCDE5DF2A60A70D28DFA02E84F806504B03041400060808002E5FBC48E3603EBE7A000000C20000002C00000043303531323738392D313230312D343332
311
332D383841412D4241393230453533313735382F636E782E786D6C6DCD410EC2201085E1AB90D9DBEACE05D09878023D01A1D34A8419C380F1F82DA68B9AB8FDFEC93C3D7C52546FCC12980C9CBA232824CF63A0D9402DD3E10C6AB03A3397DD192872090D3406ABE7CCF5B5D18893ABB1690CF4DCF02282E5EA8A5BB96FFE
311
536F285CB347F95BEFFE81C9ED5AFF9D5B1FB575BB00504B03041400060808002E5FBC48C0852F197D000000A300000007000000636E782E786D6C4D8CDF0AC2201C465F457EF7967F92395087450F329A1B92D361337AFC3476D1D50787EF1C357CD680DE2EBF7C8A1AE8890072F191261F170D659FB10434189553DAFF6E
311
80E2B83A0D0D83514B4E653BD0E4E6B18446838FCF03DE88A0AC933DA68C507CE18C6329ADC557DB3372179C764256E3DC943ABF5EDD96375F504B03041400060808002E5FBC48CA1DF9C9A900000073010000130000005B436F6E74656E745F54797065735D2E786D6CA590410EC2300C04BF12E5DEBA70400835E500FC80
311
0F84E0B411AD13252E2ABF27A55740421CEDDDD9B55CEFA7A117778CC979527255565220197F75D42A39B22DB652EC9BFAFC089844F65252B2630E3B80643A1C742A7D40CA8AF571D09CC7D842D0E6A65B8475556DC07862242E78CE904D7D44ABC79EC569CAEBA537E3521C16DF5CA5A40EA17746733E0B6615DE7217475F
311
386F18B9481C510F1F021CD9FF027EA0E1F5C4E609504B03041400060808002E5FBC483DEE336E64000000790000001B0000006175746F6465736B2D64657369676E2D7061636B6167652E786D6C35CBC10E83200C00D05F21DCA56CA76D41FC96062B120735B69A7DBE268BB7777961F8D5AF396893C2ADB70FE7ADA19678
311
2C2DF776D7A97B5933C430F15651E5469C55D70F80A4992A3ADC954792C525AE70A1E4D6AD9816CC044FEFDF01FE3FDE907802504B03041400060808002E5FBC4835FDDA82F9000000960100003700000043303531323738392D313230312D343332332D383841412D4241393230453533313735382F417373657444617461
311
2F636F72652E786D6C8550CB6E833010FC15B47703860021328E80345FD0536F9671889560233FAA7E7EED40A5F6D4D3DAB333B3BB43CE5FCB33F914C64AAD3AC0690E89505C4F52CD1D7877434748CE9418ADDD2F1A248A2DA283080325B3D17EDD21AE95132AA24A4F620799B5C241C29FE1D181E577B1B094791718F691
311
AE8C3FD82C529C6E3C4ABC97D32E9553709337290CD0B7EA90F7CD58A372E82B7468738C86F2D2A0EB5017E335FCDB6124591453E2E4F2339D1BC19C98801639AE515EA1E2F88EF1A96A4E45FB41B2C8A4C43A136EDE87C6EB80F671EB0B738C645BF78FAB5FA7FF5DBD54AE2C76D74D6181E2B0E4AB414916530AE51561A8
311
3151FA0D504B03041400060808002E5FBC487E1C27AAF40000008E0100006800000043303531323738392D313230312D343332332D383841412D4241393230453533313735382F5265736F75726365732F43343544464636312D343036452D343332422D413437332D3136393532423736463134342F7468756D626E61696C
311
2F302F636F72652E786D6C8550CB6E833010FC15B477830D0142641C05DA7C414FBD59C6A156828DFCA8FAF9B50395DA534FBB3B9E99F50E3D7F2D8FEC535AA78CEE81E41832A98599949E7B08FE868E909D19B5C6F85F34C8345F640F090646676BC2BA43C2682F7542B599E40E72E7A4874C3C62D383131F72E1390F3E32
311
DC3D5FB9B8F359E624DF788C86A0A65DAAA6E8A66E4A5A60AFF5015FDAB141D570A9D1A1C3040DD54B8BAE43538ED73877C3488B2466D4ABE567BBB0927B39012B316910AE51797C23E454B7A7B27BA7456232EABC8D37EF4BD375C0302D36F48F5B58A7FFDD82D2BE2A77B74DE18091F8B9E703A3454A27966774B1A624D9
311
37504B03041400060808002E5FBC485533EB80FA000000960100006600000043303531323738392D313230312D343332332D383841412D4241393230453533313735382F5265736F75726365732F43343544464636312D343036452D343332422D413437332D3136393532423736463134342F7468756D626E61696C2F636F
311
72652E786D6C8550CB6E833010FC15B47703860021328E026DBEA0A7DE5CEC102B60233FAA7E7EED40A5F6D4D3DAB333B3BB43CE5FCB9C7C0A63A5561DE0348744A85173A9A60EBCBBA12324674A8CD6EE170D12C516D141848192C968BFEED0A895132AA24A73B183CC5AE12019E7F0E8C08E77B1B094791718F691AE6C7C
311
B049A438DD7894782FF92E953CB8C99B1406E86B75C82FCD50A3B2BF54E8D0E618F5E54B83AE7D5D0CD7F06FFB8164514C8993CBCFF4D108E604075AE4B84679858AE31BC6A7AA3915ED3BC9229312EB4CB8791F1AAF03EAEE7EF9504CCE24DBBA7F5CFDCAFF77F552B9B2D85D3785058AC392CF0625594C29946784A1C644
311
E937504B03041400060808002E5FBC483C5BC93E0E010000B10100005C00000043303531323738392D313230312D343332332D383841412D4241393230453533313735382F5265736F75726365732F43343544464636312D343036452D343332422D413437332D3136393532423736463134342F636F72652E786D6C855041
311
6EC32010FC8AB5776C83318E234C143BF10B7AEA0DD9244589213250F5F985C495DA534FBB3BCCECB0C30F5FCB3DFB54ABD3D67480F3123265263B6B73ED20F80BDA4176107CB5D6FFA24166E4A23A4830087E5D6D786CD0648D5726A1C6CE6A03A573CA4336DD63D3819B3ED42273197C64B85BFE90D34D5E558EF3174FF0
311
10F4BC49F51CB7E98B562B88734DCB63333054F5C71AD1B6C4A8AF4E0D1A7B468631CE6D3FF0228905F77AF9719F5625BD9A4190123354D688ECDE30DED7CD9EB4EFBC484CC19D5FE3CD9B69BA0EC440EBD338328C68C9CE8856A44747DA5408B3B6267DC3464C292F5EC23F86E131FF6F18B4F115D90C5F0A0702C7FF3F1F
311
042F5280B13CD38D35852DBE01504B03041400060808002E5FBC48A1A1BDDFFB000000960100003700000043303531323738392D313230312D343332332D383841412D4241393230453533313735382F5265736F75726365732F636F72652E786D6C8550CB6EC23010FC9568EF4EE2400820C788D0F201554FBD59F6122C88
311
8DFCA8FAF9B5492AB5A79ED69E9D99DD1D76F89AEEC5273AAFADE98196351468A455DA8C3DC470215B280E9C396BC32F1A14464CD8438681B3D1D9F85820694D40935163152EA0F01E0314F29E1E3D7879C549942286C4F0B7F221E44D8C58D272E67116A3568B54ABE4A62F1A1DF0D7765D1FBBD386AC86634BD6BB9A9261
311
F5D291F3B0694EE7F4DF0D2756653167414F3FD3A5431150016F6ABA21754B9AED3BA5FBB6DB37BB0F566526673EB874F332345F07FC0DBD8D4EA267D5DCFDE31A1FEA7FD7A84D58358BEBACF0C0695AF2D9E0ACCA29A5F28C30D59C28FF06504B03041400060808002E5FBC48F82E3E6EF800000094010000350000004330
311
3531323738392D313230312D343332332D383841412D4241393230453533313735382F536368656D61732F636F72652E786D6C8550CB6E833010FC15B47703860021328E026D7EA03DF5666187580936F2A3EAE7D7062AB5A79ED69E9D99DD1D72FE9A9FC9A730566AD5014E7348841A35976AEAC0BB1B3A4272A6C468ED7E
311
D120516C161D441828998CF6CB0E8D5A39A122AA34173BC8AC150E92F1191E1DD8F12E669632EF02C33ED2858D0F368914A71B8F12EF25DFA59207377993C2007DAD0EF9A5196A54F6970A1DDA1CA3BE7C69D0B5AF8BE11AFE6D3F902C8A297172FE993E1AC19CE0408B1CD728AF50717CC7F85435A7A2FD20596452629D09
311
37EF43E37540DFD63D2DC9B6DE1F4FBFF0FF3DBD54AE2C76CF4D6181E2B0E2DAA0248B1985B206186ACC937E03504B03041400060808002E5FBC48241782C1FF000000D80100002D00000043303531323738392D313230312D343332332D383841412D4241393230453533313735382F636F72652E786D6C9591C14EC42010
311
865F8570A72DD45A7643D954E31B78F28630DB25BB8506A8F1F1055B93F5A627C8CFF7CFF0CF88D3E77C431F10A2F56EC0B46A3002A7BDB16E1AF09ACE8463749222789FEE308C9C9A61C045C6524CC1AFCB2E69EF12B8A23A6F6017558C9030D2B77C1970D4179855A5D6948978AD16A5AF6A828A561B2745B2F38F550750
311
090C96ACA18FA4E908E3AF941EBBFEC80E6FA22EA414AB75A9657B3398DFC120BFA41C29DBA8A8B7E78CADD6EC9035F993F66C2160F9DC7494F5FC4068EE411E5AD612CEC7913C8D07D6BC742DED3B9E8B64B31431853C9ABD4819C25FED9BF157B47531FF8CB639229677A1EA326729EAEF25E4B3EC447E01504B03041400
311
060808002E5FBC48B3A7D2FF08010000B201000008000000636F72652E786D6C8D50C172832010FD1566EFA868D4248364A26DBEA0A7DEA810C344C101CCB47F5F8876A6BDF5B4F0DEDB7D6F979E3EA7113DA475CAE80648920192BA3742E9A181C55FF11ED089516B8CFF2503A4F9241B8830303A58B3CC1BD41BEDA58EA8
311
36426E20774E7A40FD181E0DB8FE26279EF0C50785BB2733EFEF7C900949561DA35E4D3FADBD95DC4B012CCF4885B312E7FB37428E657DCC0FEF348D4A46974589CD4A89E0AEAE4A5A60AFE52E3BD75D858BF65CE2DD2123B82D5E6A7C69ABBCBB84FFA1ED681A9B1975DE869DB72121A7478E3FA22F4D578AD10F63C64D10
311
420964F4F8052CA36924FE845E66F18FD04AFB22DF06AE1D0E1809819E44308E170CE579DE50E3B5D937504B010214001400060808002E5FBC487BE5C5C311010000A80100004F000000000000000000000000000000000043303531323738392D313230312D343332332D383841412D4241393230453533313735382F4173
311
736574446174612F446566696E6974696F6E4974657261746F7250726F706572746965732E62696E504B010214001400060808002E5FBC488CAC2EE0170100003002000045000000000000000000000000007E01000043303531323738392D313230312D343332332D383841412D4241393230453533313735382F41737365
311
74446174612F496E7374616E636550726F706572746965732E62696E504B010214001400060808002E5FBC4888E57597CD3F0000904100006B00000000000000000000000000F802000043303531323738392D313230312D343332332D383841412D4241393230453533313735382F5265736F75726365732F433435444646
311
36312D343036452D343332422D413437332D3136393532423736463134342F7468756D626E61696C2F302F67656E657269635F706E67504B010214001400060808002E5FBC4828BB58AF800100009E0500003D000000000000000000000000004E43000043303531323738392D313230312D343332332D383841412D424139
311
3230453533313735382F536368656D61732F436F6D6D6F6E536368656D612E786D6C504B010214001400060808002E5FBC482CCEBD668A040000E01200003E000000000000000000000000002945000043303531323738392D313230312D343332332D383841412D4241393230453533313735382F536368656D61732F4765
311
6E65726963536368656D612E786D6C504B010214001400060808002E5FBC486180134D5F0100006B03000045000000000000000000000000000F4A000043303531323738392D313230312D343332332D383841412D4241393230453533313735382F536368656D61732F52656E6465724D6174657269616C536368656D612E
311
786D6C504B010214001400060808002E5FBC481875454A51000000570000004700000000000000000000000000D14B000043303531323738392D313230312D343332332D383841412D4241393230453533313735382F4173736574446174612F41737365745461626C654F66436F6E74656E74732E62696E504B0102140014
311
00060808002E5FBC48F865834058000000680000004500000000000000000000000000874C000043303531323738392D313230312D343332332D383841412D4241393230453533313735382F4173736574446174612F53747265616D56657273696F6E5461626C652E696E66504B010214001400060808002E5FBC4860AAFC
311
4537010000A20400003600000000000000000000000000424D000043303531323738392D313230312D343332332D383841412D4241393230453533313735382F4173736574446174612F636E782E786D6C504B010214001400060808002E5FBC486B217528E8000000600100006700000000000000000000000000CD4E0000
311
43303531323738392D313230312D343332332D383841412D4241393230453533313735382F5265736F75726365732F43343544464636312D343036452D343332422D413437332D3136393532423736463134342F7468756D626E61696C2F302F636E782E786D6C504B010214001400060808002E5FBC48A233C2345D000000
311
8000000065000000000000000000000000003A50000043303531323738392D313230312D343332332D383841412D4241393230453533313735382F5265736F75726365732F43343544464636312D343036452D343332422D413437332D3136393532423736463134342F7468756D626E61696C2F636E782E786D6C504B0102
311
14001400060808002E5FBC48BE89762363000000880000005B000000000000000000000000001A51000043303531323738392D313230312D343332332D383841412D4241393230453533313735382F5265736F75726365732F43343544464636312D343036452D343332422D413437332D3136393532423736463134342F63
311
6E782E786D6C504B010214001400060808002E5FBC482E8D50E77F000000A30000003600000000000000000000000000F651000043303531323738392D313230312D343332332D383841412D4241393230453533313735382F5265736F75726365732F636E782E786D6C504B010214001400060808002E5FBC48A00DD7F20C
311
010000550300003400000000000000000000000000C952000043303531323738392D313230312D343332332D383841412D4241393230453533313735382F536368656D61732F636E782E786D6C504B010214001400060808002E5FBC48E3603EBE7A000000C20000002C000000000000000000000000002754000043303531
311
323738392D313230312D343332332D383841412D4241393230453533313735382F636E782E786D6C504B010214001400060808002E5FBC48C0852F197D000000A30000000700000000000000000000000000EB540000636E782E786D6C504B010214001400060808002E5FBC48CA1DF9C9A900000073010000130000000000
311
00000000000000008D5500005B436F6E74656E745F54797065735D2E786D6C504B010214001400060808002E5FBC483DEE336E64000000790000001B00000000000000000000000000675600006175746F6465736B2D64657369676E2D7061636B6167652E786D6C504B010214001400060808002E5FBC4835FDDA82F90000
311
009601000037000000000000000000000000000457000043303531323738392D313230312D343332332D383841412D4241393230453533313735382F4173736574446174612F636F72652E786D6C504B010214001400060808002E5FBC487E1C27AAF40000008E010000680000000000000000000000000052580000433035
311
31323738392D313230312D343332332D383841412D4241393230453533313735382F5265736F75726365732F43343544464636312D343036452D343332422D413437332D3136393532423736463134342F7468756D626E61696C2F302F636F72652E786D6C504B010214001400060808002E5FBC485533EB80FA0000009601
311
00006600000000000000000000000000CC59000043303531323738392D313230312D343332332D383841412D4241393230453533313735382F5265736F75726365732F43343544464636312D343036452D343332422D413437332D3136393532423736463134342F7468756D626E61696C2F636F72652E786D6C504B010214
311
001400060808002E5FBC483C5BC93E0E010000B10100005C000000000000000000000000004A5B000043303531323738392D313230312D343332332D383841412D4241393230453533313735382F5265736F75726365732F43343544464636312D343036452D343332422D413437332D3136393532423736463134342F636F
311
72652E786D6C504B010214001400060808002E5FBC48A1A1BDDFFB000000960100003700000000000000000000000000D25C000043303531323738392D313230312D343332332D383841412D4241393230453533313735382F5265736F75726365732F636F72652E786D6C504B010214001400060808002E5FBC48F82E3E6E
311
F8000000940100003500000000000000000000000000225E000043303531323738392D313230312D343332332D383841412D4241393230453533313735382F536368656D61732F636F72652E786D6C504B010214001400060808002E5FBC48241782C1FF000000D80100002D000000000000000000000000006D5F00004330
311
3531323738392D313230312D343332332D383841412D4241393230453533313735382F636F72652E786D6C504B010214001400060808002E5FBC48B3A7D2FF08010000B20100000800000000000000000000000000B7600000636F72652E786D6C504B0506000000001A001A00210B0000E56100000000
310
504B03041400060808002E5FBC48000000000000000000000000370000006662782F31463730453032382D463543312D344437432D424541452D3644314641364231383332372F617474726962757465732E62696E504B03041400060808002E5FBC48000000000000000000000000350000006662782F3146373045303238
310
2D463543312D344437432D424541452D3644314641364231383332372F76657274696365732E62696E504B03041400060808002E5FBC48F270F1330600000004000000360000006662782F31463730453032382D463543312D344437432D424541452D3644314641364231383332372F747269616E676C65732E62696E6366
310
60600000504B03041400060808002E5FBC4888E57597CD3F000090410000420000006662782F31463730453032382D463543312D344437432D424541452D3644314641364231383332372F7265736F75726365732F322F305F67656E657269632E706E67355B773CD4FF1FBF73E71C0E67EF7576C9DEF3EC995D46C6A1EC50
310
46649CBDF79E192942562825CE965D8A868C2842C8DE9FDFD1F7E7F138F7078FCF6B3F5FCFD7EBFDFEC41B196891913091804020321D6D7513FC77D8C5070EC3FFEE51B21F068154CC75D455CC028A3EA68992803810109FDDE5D5CEC5521B28A1B422BF80741695D5B529DA1C2D058AD2388BDA9F476F7C2CADC939304173
310
DBF48A452BF8A700C0C70C3D121C1AA15A5270C22E2B9E28763651F7DA0D12CE11077B2ECD0D560B5E3DE2368B1E65C5E1C87384A4CC5F2D9FB8BE39E9B77C753783A37998F5CEF1B4FEE553463245C9712270880DF339E0B882A6BA713D865F6F384C842D440934EF264F4A304F8DE4EEFA1E2BF5E2D91F5ADD9613D6E31D
310
DB33ED31DB1D7916CAF091286EA3D31B9CFECB78BB0060245B943C4C040119FF780A74DD308BA9D028678674EB5504ECF284EE814DAED07440BAF649BE4B55DA2890F4D73E2D489A59EE54FDB0A85B59F2F52C4858A02705C4815A792B0C4A996A2023ECB195073E115E3E3647F64243A8338F2000BCB58DA5692C7E7C3D41
310
3F963FEDF3CF00FBB0F831A9D51360FECA43819F527B89FA260EB63C5DA676830AA3626A3693B23F1A17A0DFFCE3EE164E31B5365EDF0C89EF64D8E38AB0BA9A1117D7C3A0EC44F44F4023095E80BA610DE336D0F99593A88BFC5306E72DF98F7FD132ED95878DF2964EA7E43071359FD83B2BDF9C6B5BDF768F0F3C0FC351
310
199526F53D9460A34511F75D1B63E488178569472C91A94497807A3FD4A390C6558F26D416365C3656DE6E769DA9D8FC73774E1709812842DD8EF96AED1960F79D21B395CDDFE6F92CB4EB962A4668C76990E2EF29798C8941D67DA50F4A5F947872460F1F6FDB794E8A29FD7AC0C0D6E0714339CE258FB17AE8535221E346
310
4A10F29A0BE5EEECEFC5675926A89F49EB14E5711894F6586DB5754EB4D5DA9C6437EBA57DB97A24F8B8A8DB295FFD73266CF57E82694DF5166DDF93573AFE9C9C5EB05F8FEF8E89E0A8917B0B3724DB7BEBB53252581EFC3E38166BA131A3A5B42FE2AD00A769BBFA4458D2DE7822F8C4F63D0B8E21B285AE13325F3410A4
310
35C648C9D91FDEB109E73CEDA7BC796961AF79175E1A3CE4C5E8B0D009B0C9E29EFD98BC8E97554E3D8D838424E270F7685226E5AC268E021EDE3522D583E8F20C0BDE2959EF5BBFEEDAB32FE9A3ED0E39F211A86AA9DEBFC68182EDED132AB8BB794442D2D7EA9F4D8BFF52BC4D55BB165124EE90A42D101E67BBBB292FFB
310
4F66DE5BF2300E44546757DA7CEF8932BFC9F92A0707953491A55C5A5ACEDABD9FA1AEA01BAC3DC5A24E22E7C47213493996EFBC369D086ED9397C9BA6C7F9855C7BD5E15BFC8C53DB3D2A4C5901A57ACD2FBDF4D1676E95338B2C2BCE65FDA4C64F5FEFDC7D9CA5AA1FCF11E193F2FDABF0F4916BF13FB916A224380E6462
310
A9815F2300DC49CC4DF8D055CEF76462F4B7A7ACA7365C2707891370BC1D0AA6203C44CCAB47084FEC057F27FFCD57F89B8B9852459798A675C66BD7CE572CAF71FF7E6D7ECF7BF62CAB7B3F1107DCD04DC55A3F9961700286141C94A4F771FEB2BCDA2DDEE0CB0BAE402FF1DB0100F8E475DFFFC074DDB4498AB7D186A765
310
4DDB1CB680D703D47CEB4E72F8CB13D86A4AA68116E26387B93FD6738779B34FEDB8E517EDF2BAF28D9BE93A1D3A164320E07D42E514725C29515FF361754213EDE06B079A2E99EB1CA82A02019EADEEB87B9AF005BD04BBCECB14AACD6B24EFBE482194A97DD32400685FF1FEF1544D1B14EFB1E7F08E6D2CD2AF52DE757F
310
35F5E62332EE88EA26417AD5C3E0E319D68F25414E6D672BD4522B278C57D18F0113921C71D96527E091F00CEB15AE23D24667369BD3CEFA10C7549D930890BA4366F4EBC55F01F746109F98ABCDD5A3EE06619C6AD78AB33E48E4C9BD21BF7478B385EC05C4F8987E2C1BFA0A60EBEDAA0AE0B015C2720ECE180FB6F2DEFB
310
EB822D96338C9B63822183BBF52FB664A7AE57003AABCE512BF77E7E31BDA2E739AC4C131657DDFE5225E900FB56CC01CDE808FA4A9C9DA16AC679656BB64796283D89812B8F91136AE18EE5EBBAF47A73BE3C153EB5D4CD491B4BFB4FE690A4CF9ABA08C0D8AA64220C438C96EA6CA80B58FE5761E697B3A292EB9FBDA502
310
FA863E49FE694ADDFFF9D62C520BDD1A22014147A0903A05B9B729F54272EF83931FEEC057BFF8C8055C279EAC5C0011804828734024F6CFA319C9CC6867C727184465CD9BB7ED386AFFD96B294A85E3802FAE47244602D8273615952B98C4F23F7EAE4463D9D638EEE374A20959E0FE519C4CFB0FBFE5DD80C2AA3F9DB961
310
D1BDE57E67C9BB47B77FDD74EE3094F5DBBE3EBC1FBDB7393F5116263009E2EFE1AF9A221B2AE234C902BF70E9F280ED23E73908361565964333A3F01D0B006AF32FB21AA1316744B489D5A198E85299241735BE559675130955C902A8ED761FC0DBE337A9F91919AF5CE32AF902ADF9AB2615E00E8A94586BA1A90839B618
310
32FF1BFB76D2EFADE6DB1BA04CCAD3DA649E7E2A0219F592E22F2AD54847EEA8E42271011E9074F8F3DD9FBA6CDF88FFC9FC7E811AD1CA8F4557CE4AFC7BBEDCF0114A48689F20A584520C74DA8127124B767E2FB91A6B186246727BE63C9445BAE02088D58B8EFDC0F1072407CD9B89A13F6303B4A928F593AD489B58E686
310
9325790ADC406036C591729FE14021F94B7796BB11848D463536A092A26F077F94639F7CEEE2A724C66EC885F4A24F8B8A0AC321F8FD149BA529460FAA34E4663C02D41FDF80BCA222D42F0ABFF8490F4FA74C673807C2051D8E467B47B616072860069A9A303ABA9B319D58404461401B0A0F9BE5E1E151C14BC33B32ABE0
310
3DDE91708DFAEB15E7C0D593C86BB7D7EC17BE56E57975F077BFD5525F3A1A361D584A75E08CF29FC7B44B2B3085014F3A5A14517377C3F6B8F37E59514C3B12F8AACDEDDA4DFC49BE5710101534CD6FB6DE15B50F11A09472AABA727F0C49D9CB906B158030065F48EB3625E010CEC1D511D0053474B11E6A4F01C0D6EF1B
310
ED3A944FDEC70E0DDCDC756C86545910E0DAE3BE3AA9A404574C2995CD5CAF9549226BC94B4F4F0F5F9086F418F6B32346464610D8BC7391D3C3A3CCF04CFC1FB2A3A3170E369511868F14EEA4E5E438CC73DB1F3248AA94B6B2FF33B222FF3D1E7BF146CAD229770158063BCE4F5391964DF62F7E52A7BE0EEA829C9E13C4
310
C147D6F93FE59E111DAB5E4594D6F3CD1AD375EE039930EFE5AF2BB2D41C83C7DABD8C659BAFBE8FAB392CA634F3D15C1D945DB4588D2B0824A4EC928AAC565557CA2F0DAA588CA5BE30B3A8004F7BF005E96CBF891D7F18112A3619FDF530DC8AA64954258E1811789B5189B49B4EB53F5F89F7D37523894F3EB57B373763
310
C91E502F52CC99EB7BDDF933FC324C4FFC2561DFFA7339FAFDD0A4BFBE6D3A8FF9ED1FC49898139864602458968913181918F719CCF5A68B2EE9C1FF050E34E63107003B8120FA982C21B30A874E4F5E4B38D5A8290C4B8D9BE48A0BE31EA995BDC37AC6DE90BA17D259DEF53605D55922FEB1855D915B659FBEB350EE0DFB
310
2F9F766E1C84CC8964B75D08667445EAB966015F63A18A9E0A325C1B3DC628C0D3CB60F767FA93CC65F25458BD23C3B312716E5F40E5858AC06EBA9AB14F95DB99147B832069201541D09A0D856E12C629CF32683760EE855537D1901988D5EBC156676C7DD51D7207CF3267AF1D76C2AD867315E44618015313A98B19941C
310
696FED3461CAA9B5415F918556D7802EDACEFD6B2E45853A9735DFC9DBF7E440F9319F8B6805A973BCCDC76C069A9144E51F187EDCC12FC31B5DEAAF0A76137199B106EC84ADA6B6EE697D4E6A96E007417F4E880E8B1E89B4BCE9D81EF611E2ED8F0C1A6C25F620FAFAAB656A7C42D464880E8AFAB0E0FC8EA38CA9A8AEEA
310
EE3E4648BA4680270A89743CDD3E6C6CBF34B7B640EFA285ABC7EA0A1E28F3CC963D114A80123EE66D0AF7D5380EB41909B605AB4765B709B808590458157E69BA1378FEC4B48CAF6A730E3BE3C5EF2DD1A5EAF94B1DDE50CEB55DDFD7EE9A16747FA4B223359FB1FCC69E1194892BABB93A1D5C4E807AC0EA2E30180811E7
310
7A2291F6E7F7FAA5E0F60215BC6024E48DE436C511F0628B8CA189982D4D83CCA17D305A7E923C37941CFDFDCD93ACAF735EF5F0E61BBD3E6C41A59B242790D3A3BAC7064DCD89AA2E37214EC839820949D5CAA31E240D2948E48F690298974A96BA9A8432BC90F5071D6537C9666EA4564796B7AFFFA548077BEEA75F6308
310
3435074BA182F3699557397F71548383FDA8CA34D99B981E72835ECDA5DDDC151315173D05A21F651AAF8524E88209E2E7A737ED1045800CE3390050BCFB8BE588DF111617874C62575039CA588EEFDEFEFE319B739DE2EDC147092A262611E159650E787917885EF08F1F51B8F2D8A71D60B58B190FEF9541A1BE94BC19FE
310
A50784DA1419FE4B0FB51B8D36B5FF8E1286FD8AF42B91E59A5F1CC4D60174E764045FD8C57B18209B217F89A62252BD20BE0E63E12B8E8F029FE19E0E8D0870F58721A557082250D5424F7909369376E41666C0EE77CD87CB283F661D5FB6D0DA023CB67320A20DC7BE661E9E1BFE5463085C557DA1FF9BE835733766C3D1
310
39F2CF9E2208873AD0EB4814DE9E6BF2CAF81614D4D43906ED1C05A3265CABBFE192770FC2F64F940CB6B17B5F166F133C9AEEAD2641807C3E69515171DD74C4A85311513D6EC9530B3B601B6BA3EBFF3B5C3D2F7D69765141E345F75433953D013ADDF8F6AA7DC3F4A7563FE5C7D367937E2900D7EAD0F9FC9A4A1A9B5BDF
310
1FEF08532660C01C5D6DE22199AA774383E306DAB87E301ABB7D213887F9869D4942D0D71E94B27EDF216A318BD488D45DF84529EF575AF3C3938C0AAA0215B01994153E2054A0B894DA5C784980633AAD48576957CF4AEAEAFADC7C587368551C73DBE1E57C58AC713303A8BFC258BD04B51724459FF9E24C03A81E0E0679
310
CEB9B348C0DC998FEB9C6D6EFA77D247CC8F92D3848599ED89A23218D0636465AD1CEEB7DC140D7426F83491C4E8E8281C2FB35240918FFECE880CA2A42D70E8B20B34DF5221C7DB0CF90ECCB9C745B37A47E9B716FF7A97B7A252C1F3814DC7B1E1A7F72B8751D524EF7CAE45B0C73B3BE7D08ED39781B380DDFC9AA4A474
310
9C9493DB5BAD07A6EA6C092FBD0E85DB004DF06B8C9D3089C5320187E4CE1846158C7EA7DDAE8AD9AFFF21AA3A1026BB06A259845E8232DEE62811A4DA9CEAB3A4887320B76E2AE5615EAB7BDF738CBDD01F1E64064BC13D9EC53576751CA8CACD58B3CEB0E6CA585BD089B2A59B9FC101403387AADBDBE70586B93D64BF3A
310
D4453EF9C3B6A93817E8346991798601344F79A83C51F3D50F7BF2683A3605F51A72449489E0EE6169C749C60B1035651103AEE24D24E51A759C840DD3FC6504DA6FE107510E447B43461C79D22970B75DE5E1BD3007D1AFC619A4A4A69B5626AF5E9B8374E20677F77E2F8E73DF868E8BEC7EBA7B6A75EEF7205E1AB9486C
310
B642741D6E03FF13FCCEDB1C4AC129886268B01CDF4B124AF797CF784F3C6DEC97A17D4B558070A0F1C04DA4FF9BDBF34159AEFE958479824B3F58EBD1E19088A2AFDE501B6F2052368A3FD0E650A179EFAB1561E1D27527077136E652676C3670F42DCB3352F48F6BC86D2C3B0051727E41A0A4DC6CE2BE9D47F5CAA2935A
310
3C0539AF080665997194ABECD723B08129CC5B6B21D2E7D54CD4D12610E7E9FB8306771A89576C7A982002775ED44F3F744CF21EEBB27A631671D921938AAEE3EB0D19CD1E083727F607823E817BF599DCED5394E37EEBC2E88782E638920CA641EF74D4CDFCDEF06F4278ECB18E31E7E9876F2D783C8BF429C75395F57E98
310
C2B495A3DA077EB3AC3C158608B6B57FE3EA48484D9A480096FCEE0DE880950E7E5A5714131C5C41AAA29FD19AE81AC145FA1B9E85C7169A5AB837B213493DF7E9AA4B5FBF9CDEB36EBD21EF1181B7CF7366AB2A951D01E37AF4EB835D1BE8C117CFBE7625D2EBCDB0B20C5A4B45CED0BCDE3EE8DA9DA78C2E21DEAAFFD119
310
7E463C33CC6A80FB785669B856EFF7A8CCCA2841B5A5369173320B1170C368B2748D81062EA0296E5E2D95D7667A4A46D98A6FF475C76AAB0A8C8D45E226FAFC9FE0133EA9F60111F99CA81ACE03A1D14C89E8B0D69079C91464FA1D99E651D0EAF606F345C42A8A1AA9BA391031582B96D5B4176A77AADB01F12FD298A75D
310
EEBB2C82F0B8650E880722F8DDD90C56A7A058E5FDEF1AC93545BA27367C76F5D8F9690CB6F8DAE141EDD7971F0FB548A2AE435F224D6E5954CA155512F7332029D5A1230854B79F258EC5FFDB09F5F6343A8EB193229B7F7E79B3E48F8E183860B38C8269D1B53738FF1E0BACF6AADA6D4869E9DE708E79B5DADCC09B1BC7
310
6F649731CFAF59A83FD8BAE4C749D66FA87A3810D4D62FFE826FA400C0F325D2BC0F3CA35F5847B82A2ACC7961745C823E4D863D54460AF792CE6F79B5C7A33B25C3AEA6CDE15A919B6367D781E9D44F61BF828672594A3E1D9EDD6DF179A81F27EAC05B936575D73E05C209DDD2115CFB705DF9BBF3C911589B3640735E9E
310
618FC9C36A7326C82B2205E244C55D56FDB9D5DC93CE958D4BF8174D2B3DA54CB3C09F2C2A6DFF73D23B2197355761AD421EC581284A7EF8DE2CE3497C0C804D49B41DFD6A7360844E5BEFFB495CFCDB97A4595911CDBA623274CE852B5E278AF0BEB1770E9D37CD977B2766A7DED0E94B840E1E95E8C77DE5CB6354AF7871
310
427C28ADBEEF7BA0A28E19DE9ACD75F379FE373EAE6DDDAE3834692F9C2B03B4FCA8FCA9ABE8EEEBEBB725B88A7C90941E850682CA04061A7DF0CE82ED49BFAFFD42C309818FAE14755CAAE78B0F73243ECCCAD7DF58FCB9CDFAE7A4D3E6671A613639130D056C8383C8F4FCF4808C331E544DD26E4755D09EA05253B3049A
310
1E32587CC25D72E073E2CD96D04A71BBCB0038FEC3F53D254199C3CDC67CD66640269431860225392B2CB3ECD0B4498AAE78BA1994246AE1EE78F2EDFB79F6C6CB6B5E279C4D373FBC21CB2698C9ACBBEB6A4BB6B39E16AB0E421CCBFC7654D81ED86022F9BB522146F9F4772E2D0E4FA70120C95A85A417BF5078B232F475
310
4363EB1750B2AC2148EB46B1EA72AD9B4D23ADCBC589D70106C3EC2ABEEED84DFE28E718C6C83502C28E9FDD3B09DA0A6F6F7B72B706A31C9E2A331EE70DA56A083D2177BFD63C55B11D8D949FAFCF90B23A1E24B9B5018B9A17E99F2890EC302F330FE7936E2C23F0D237EC8916F5166AB84B62A21BB0B950146962D754F9
310
2CC2C8877BED8FC7B7B25726DD19545392570B3A2C66B58F027BEF412E552D12A588C4A3CC5C3193FCB3485EFFF700D0B9EEC077754A33DC1FB9E25AF814628F91DDFECB667D3F7690803F38D13F8AE39353523BB08FC6760144AFA2CE28236F65EDBB3D5F59A57D612B99E3D7E5F8A851666BF9B5A6658EFC96EEB37A378A
310
BB0EB3FDDF1303AF32C41BD1C8560745D7BD81066B0D6313359CF488563D3BA3F8E2185D1FAA3EBA1397C9D0E3DD232180A4DCADB6AF25DB3AC3CC26589C8239E66E81547BC7E2F328F9884764CA37EB5DBE390DFC03A5246B456A7C3684C4377D0EEF9A350680FA9A077E8B2957B489E09AB1AD41316944C2254B5984830F
310
691C93CAA767EECF976FA5647538830B5E63236A6F0365C1E0F3E327F24FE35EDDBD7360B0F7374837409F7A6311BECC12B7026D4FA1AE204FA3F5FE904B1F420C7A9044AE58E403E7C4848E7DA25DC9EDAC79DD756FAA26B9EA83ACE8A214A2612A22AFA19DAE7DBAC5F8CDE1292A485F98DAC731A29FE01A3966E96BCB9F
310
B5A4C8830E1B9AF0C54B87FBE221A097036E5D28D1F869F810C06A9BB0AC0612F69AEBAF893C6E7AD59460208BAB3A6B09CA4F6BDDAB8CF0D1F84B72487498395A70DCD754796E271099A567A55CF242BBED64696378BB6CF25EF0FCDB589F3A82F1116D010A9AB9FA4358809EE0C973A2B4229BAA876A70B03AB49CBA7FBE
310
71DB1832FFD32F9BF2C8E98075CACAFB36921235D0F552B6A67E94E094097A5D7DF681B40623DA535ADA7A9AD8E9A62407D7C9A5AE51D62A17A83A23728DE86BB56115804D3F2675F2C6B87541A0FC497BF0CA86420F558C9859EBE9FAD62747E323E3AADC03FDCDDFE7407B09DA90B44E3185723C5381EAEF589765E2F7A0
310
99BA46695BAD60CEF3491B8A171F5F56444F7CE9455312C3498C74173AEA0214EC029833B34B650CBB5A5508D5091665309642791708ECF27CF11DB3D797D6CFE474453BD4BFADB768094B2147814D81C7CBAF8228DCAF5564B5891F5EF6A860EB2E323CB82AB868D8EA048880D63B0DE5341F1B3D53297B928A11E15F25E5
310
148990F710747C3509ED14909C552EBE3973246FCE55D00564D8310BC3EBC5085D08D806799B77D6C57FDF5E55837F9E934F09C03C729271B64F12D0A9F9E938107CAF7BF1EC8CF1BB9B42363D33070F4CACB425E605DDB0A34A12BB936DE286B9887A4E2E558F0886498BFF49C311D96C277CF6A9FC0D75AD0ECC5226D7E0
310
E3572012E56D7FDE4410CEC7A6D0F997F225A2055B8B92E3956E875AE4993CB3D4C9063AF98FD45E1BAB165640A43439A2C9181A7C355B297C0A0CCFFAE19B6FA3C2BA238A885FBC98B8F6DAF4B94B97304878DF4D8BFF6A4AEDF79E90ED4E68F00CD7299F4E0D83E35601AF0CBEF18C1E870E74758FA91F5131075004DB3C
310
FCF09AE1DABC11957FD9808C92E8A678CE9DBE40DDA0E0D1D505AAFBCBA208232BFB6FB3704E8985E61ADE53DE74152F5C7DE74B1DEDCD37DC3E8FB30D7EBA8B9EFFC3606BF90B8D438279CB7709FC7C00D327F41817EEA71CD9E49FE9C8C9A81C70915D9F0F15958EC5AA4C3BBFAF46986B90F188BDB24B89DE3C6F29EC3E
310
6F66D84856EE96A35E657CA41B41EFD8DBFA16AD6E91439EA92B40B21C053249F51AE50EB0B24C770FFAF40DF12C8436366819C48E36547D4E7B72FE2BBF10828583057814A668BDF183F6B2E58DFB151103E56303E63D00F39C27C4661605DB644D19175D02E3F0241E8FC3458D17AAAADB117CE9EEA690D0DB01E634878C
310
04C2C9310B69FCAB831151E3AD293BEF6E46B0ABCECB50F5939B39C613D41E81FAE8D34CAE3C4566B761D37185FE864AC32FCB71AEF39DAA5BAB88609BB980CD2F07A8F941653B529567726E2B2A58D079DD57E1E5E31426CF184A04D7B03B985F276D47406AF276FE32E3328BA866EB1FD39BEF57863A317634AA5FE46740
310
9B3873F5069EF0D71AF00AD189D17BA1974ECDB2D623E9E14086386A6AAB5807825C37B015BFE892AFD154920EC437EB945D958E18622E1E0FE2FA06557CE4BB9BBD05A2D40E774DA2B65473791E314B7D6C886820B2FCFE4AA272B3B8B15E7344A145E8AF919B5454D89D36D413E87211186BF6F645E5EC94DCCE8E1C7990
310
22E4EC9BC86D7A0F2AFB1FC4B2CE48F84B3F49ECE65BAD24CADCC07EFF39AB06BE9E6B27A059938EA7208838455383DDBCFCD967DDE4650EF92A14FF933C975DB20BD7FEEBC4487576485963D757D16340D9599FEB362F775F38CA4185A86F74B629C81B133644A3B18FD056E997E0734F9BE26D11C0AAFC669E2AC9FC41D2
310
81F8B2E1C35AE27BCE05F3DA295488096688719D974DF1B5D182DB7792288697F8763CFB43562C1CDEE11C4AABD5C22B6E33F6F389CFC3477C5919DC0D533F8A7A1846B7ADB60ABDC26C43D0CFC8910B7C15EE22675BD02702ED39DB77A87A192CA7A543E6205B979B9F5A6B512A3CA799E198B2D5797C0AF8D1D872CA455D
310
4D431A7879D4DD76110B5FF7F4176B54477A9EB5E4A5D11214FDA585F0382751D8E2582BA5D2075053298FEB8F1537304E32CB22C2E2B693DC0A760B1DFCA751BDC445AFDCBB12820ED85F6D5298933C7EF1211E9E057684056CDA3FEF3BB6052355E162DF27C59E965A8DDB7F9437EB72CDDA3A090DE65A5B2F50326247B7
310
EC67B73ACC7047FC9B353D6EE990F772207C6EC52B39DC2F3C0754821DAB559F7C1809C7D0DD5B0499D0442E0A6E391B3D5DB46D11E731E6794EC77523FBDAA242ED67F9FA1FB684255671F63C9BCFE6E7E896D51001A6113EF2298BA494E0B0980D1FA5B9D60796554C02256B1E0345FB7C6186B6A19D2DCA270416262845
310
FA4F42DB5D9B0A0B6F07FCA2E56C242522E001E0CEB734AF310FC8BFB57E38E03AACE93B3326A2197891E68452B26A6307FDABFEE0223D3C03C3C73D2D5BC054C8311F12004CAE488E5C29287F8156A2CAA4AD0D7BE6B97264E4139F437CE73ADF52E5134C52B819777C18B323A5924E4F67AFD13B1CDC3A61793A79FAF5C0
310
CEB718E441071E797C6DCCB9EFCF7E4A1E9F3DF3C2F9C9E8294E9586868788C972857FB0556D7A26941A7EEB9B580AD78EC40B85DC906B4120A563CA3B87797ED612D3B035962BB75F6515A393F4CB057F564CDF54F2E5A024514E6A1F901DB80C7E70B1FC05E356A7E72FABF4775B3E3FB8F70A2A8E7B6A94542BB3041579
310
78CCC999E707A29CC795E67A59CC546A5D47B368954CA7B6E75EC9E1F6FC73CE3B4F71F8CB1A6B15923D61EAAEB14626AAA9D04A26EB9C66CD1BE86CA31A5D8703DE04CD1EBCE4F5CCB62F93909AD11E55799A781A956ED27D3E738F4538CB04ADABC7DAEF20BC35BA6A90BCC1DC61BA05F20D8832FFB9BC9B15E2DB838A0A
310
FBB7E0C82A562127E0446894F427794C3037186F622BF24DE1B00AA10A23BFA47B2A180D6DA5AD6F7326FEB8C100C2D7142EB2A0B2A9D1008A09BA343D70E054AB69E2A7EDB783CBD92537FAF4A44D1296AC2792729104B3276C276C951D0CF3CF3F1E6B017720A7B8505A5FF9589365979678C36F1BAF759EAF57C60F1FF5
310
FE9DCF5F8E764FF25A2D06CF25117A8FED51884C13B2B750DB0E4F5E3D64124FCF11F0AD8F1CC3B3DA4B38ED22BF1CB2585EE6BFEBBA63FBFD44F9537B9B37BDD6B358720F98A8125AED4349CCFEB0E135F19E208A04CA7E2B10711185D72E381F448036EF57C9F874E54A971CA37A639E986AC0226DC5AA00D5B14FEA9192
310
234B3DE617814FC221C92F33F1D392F297731B567FD98FD91D989379AF567A65B8ADF177591DB90FBEA99BF4ED11B16E50A0AB1DBF1156D034BBE04D69D08F939D8E92BF525A1DDAFF80ECBC95D8F45D3FDD289FD23F7D8B452F8EBB34EC082DEEE68E18EDDF072060FAD2AB1504DD4879BF67099FC58F6E9DEFBF645D1633
310
4A3E9A127C6F1AF6132CF287E433B43A0EE93812B4AA0B194E03EE3FF91EF9C6ED0074A2F6EB18A96A7C9890B1FCDA1F2095E944DB911ED54C60DF16FB74C8CE9BDC7C54C4F14078CF73C2FFF1F1BBCCD7CF64F71407EA1683DBC410D226627F66E509060D5C0AFD611DE681D509DB8DD12FB1265B03C6F5C55FF4C30BD941
310
87FF692B4F152982502F193098A789526A038AB529A52BC0DC4FB6285CBAC10A8B8DB75DCD9BDABBB221E27D1F8DA9F5EE5926A1C8AA9BA9BC09239C6A7F12914EA3B59EFF7AAEC3FFCCE56F1C5C2980AD072793527565E774F4631DB178CEEC691B1F367BEA0CF2907E1D6B854D527065979DDEF002D8B2ACEA7CE21AE297
310
737EDE1D45B31233B73FEA35BCFDD0B09721FDBAF6432681F2FD10C3E9EFB246FD6E854B344ACC9D8A0EEF876A7314B49B6A499FC650B099D650DBFEC7638ADFD245E2B7839DA5AC5F7D5623FC0ECEEC8653FC9B2BDD1AD4D00A566FBA7186DD3C9CD26512551637498CADB950FEC71ADB9A5524285DE328B8EC7EC75D2345
310
AEC6A27C42AF6D9B92155315C80DBFCABBB7DA0FAE425C4FB896B15C9BFAC4FE67DF5A23D30C93DA4D8F36FB15D100050DA6062E22AEC5F4DAC4F6FEEF97AE05DE63C6D38F9E068A20BC5E3B6BCD75320C5090924E7F93640A7735B1A43451C2D91EE62C6238B797349E59890AF3A520DF4A87095F3ABEC2E61F0593416CE4
310
6CDCBE0E00E2523FCCD04408588B5B6C9DB6459C786CE378770B54F51DA3A5E1DF2A3349BEAAC234A6CF8993B598B3B25B4B113E353A4D750FA7534749430F3EBF2512E7EA3FD43C6AB9A1F765A58463B306721A15D224FAFE8C6F5E3432D57EE697DA0DD5A9D4866A8BCCAAA9DFF1F06047851408FEC060471D0E3EB86BFA
310
F46E4B5E60311DC3E3CEA147C75CF971BE74689507154FF2D2E92F15CDB2B9182B11459FD8ACAC5A85F174BC94A7F4EE4C4F5CAFA7C02E37BF0BC77B7DCD0C047BC316F562A01A441AFA7931CC84A28CB9F4AA367EB515778F29BFE61195FA671F4352E5E46E3A64773F1F76EE5EB36D7BCE9BCEAD837A4D77F8DB8C92AEEF
310
6711920D7C7D0F76B0FD0EB7AB83724CD35BCA7D36DDDF5FBB7FF6F04A91F3E2BB3B8F1A43CD659639507FF6331C5F697BCC782AE57D757A27D97F1AB9E0AEDB43F92F1B2AACDF5FEC8ADBAF9F814E2027003BA2F9E144B1938A7A04050AE5D953B82C45619165C813A10E76DD6906B3C16438064D14CDA713AEC420034613
310
E1AC7241904A49FBF87409AFB1FCB9B72FE7933A87D8FBEDACECE4EDCF6A4FE9FB94D5DEB74FAB7CFEAE17EE965DF980DCCA2D04134994F9A2E94D2265DA4FE6AA7B7AC15FACAC2B5ABBCD7DFF542C5314FDAB2E1B9D8B65220B8E2B638BE008E8DCA22678C820C5053664D15E89F2D735B51A84955E81A443545E9FF787BE
310
0FA700A76D136C27DA179A7C6E8939E01BE756E19CB292798063D8B97F44E8A27BCF3A614FEB8BE974A718E86F7EC99B53CA35FA24F61F2B07266684623A3D4CF073E511F3A10A8FDAFAF0078C577F4DF9D339FE7862E5FA47CF4344209E5BF76D783B1B48E152AD281B15FCB934DCDA49CEC5706B1EE8B460F435324A5CAD
310
154725E21AB8044B75A557A79F6C807B9340AA3D92503E866F4274412926C8C504E4D5EF8C0E68DD0B028781A6B4054F11CF18941F101C57CCC796773ABC8DED9CD91FE5788806C05E548895354AEAC96546D55B0E94A59F148D061F42AA398D822CDECA4CDE79E13469BDCC44FDC990F366BA5978C15F97ED80CBFD73B0CD
310
9B8B83A4F6845BDFBFAF034019473FB9A63BD55D3A4A7284757071574029A4D016DCCBE95DD679EF3C4880BF169422F8C89B68A988D2B13793CAED4F74DE7486C72DC94DF46B8E93D8E02EFCB1FF9B3BA10C8AE7F653DF94F4AF466CDDCEF5776687F7C4C14B63E4EED1719DC2EC482D7DBCC7AE518CDE3D5FF86D39000EC3
310
673C0044E1D308BF05F74D1B5F033A7D1BE7F74BC55BBE3E4A20F920946CA0271EB17BD2B80E5660ACB8A29A79F5E4BBA49D4D945B6EEF4A7EFEAA65E5555BBB57A7E15D2F83C69F30BBB978D2B39F1F26FC097424D39BB33CA3D87ABF64E307938B685BAD44F71556A30B7E712CA4FE600613C3E554B69ADE949A7CFE214D
310
F1FFF05CB82151EC6FC31950239F94CF7AD39DC473F6EA356E5EC2C4EFA04383CEFE985A127484366FBEE3C0EC4FEA363E4F6632AE781392FD45D67B63FB8DF70E82734F431FD3443172A0E30A83D60982D55FA6A2CF86DBA8382502ACC6CDEF3B907982EED1160E14863FA242F9757347E1544275CCDCF71ECD5F8621CBEA
310
326B8BA884AD7F825781923E66971F04010D574C541D8427A438A37EEF8AF88240EED7362C953F5A81DE2D56109CDE2524EA0F5D2F87308C0C47BD97AD605878AB8589E17CA83930CB5E0DCCD75853D68B1AB136594926DE426C367428E9334AFAFF90ECE221BB5DC9E5BB53D2CDEF954EAA9CD814F0E5725F1965DD458E5F
310
8487683AD86B9D0076BE3EE91EB1CECC5331A67A3F79D8B27587C12EC2A6A70474749F27B4C0BBAFB94B34189E88DC18964BE4121B9137FD516C7755356E50D6714E31ACD222621EBBCD1CFF81D87479056A9DA0E0B8EA19D24CF937DA89F78E8650CCBDC110AAB6C4E46DCBFD0446BA9E2060E81F314AC2031E88135E5476
310
AC0160EF5C0DD2EEF1B8B5CB2D198BE9A554A9093B5F7D7E4B5407DDFCA1D9C152FD97F55BFFFDFE802954DFEC8995B983E28AC92F1971E28F531DC407A1280EB125F64A72E617EFB27DFBCEDCDA2D6F2BDADA36873EE46B9BE1782998C63DA7182BC383FB6FD15DA472B175D7E8B4FC88F38D6E07FEAA3FA3CBB8F6B449EC
310
F14D2175E5C5CCA3A42ABF24CA6C9395AF74535F4DDB38CB84F56614B0FD32D7E19CA5CF988DB4449C40E23DF2B16772594554579094450F56F253CD25EA7F77366FB1CFE79696C428BB64D5A41E986189427E5E4D7E2DAE3D5BB4972B3DC44EAABDDDD63A2264ECFA5C786EB0EE1FDC5BE34FA0F08376869FD1E61EA06CAE
310
15191135445EE8F0394161C3266A596AA035572BB0C8876180D8B9C77D307DF9DCDF7365ABDA6F3A2366436457A4DFC1F259666569A9E4A79C817BDD5610E5200FCE894A358EC72858D50EF67545DA81C6FACE3D457BAF70367E1E6BDD9A952FB4F56247F58F523B97E640246051A72F79BE42FFA0B3187F63097F91C48B86
310
8586F714B0EBD5A00A8412C1236E1298F60C72BE6C96B82B404CADAA304AE9F303176B14BA53FBC2D5E86377E35542019E24D97B96A49B2C0E5006E7795954DEAF5DA58958839043C6C70BD3B1B33B6DC5C31316D8A6923F142E26F6711A2258AF977DDF1F970ECC4F1F2B434B96D81BEB6E89BF3BBB3C7C8CC80505070723
310
D6D7D7D3C8CA27CA164A26024FED94B12A86031867241DA53D929636DA600F050BC40CE48B8BA03D69224720DEE2ED2127390BDF5E6EA64527BBD4C4C63FA76BB801FEEC0E61218EC98A8A86CD8313781617877E66692839B9468CF4DB8E50A73986E558E309C0D6F676F921BE02F1185454DC75B111572FF9D27D85EA14C0
310
5AD7271225B391C4275659CA4A43759D0BA44639BE4C30A84DB7F67A41399FB95CBF923B1B1672ABC807C1590557FB18D811983FA97F5E609516D62281D38B1281F68FC75528C35E4CD7DF0F7DBB5E5DD69C414EBEA2F4A5B241B996BA77AE6C772E367408C633EA3E438B68563EA8BE7667F3A4C4FDEEA52ABD78A2820F44
310
3B7914A15F180018D231E64519C56A12F6CA7C8DAE18F06F6B769DBF92329EF6A5D18FBCE600F36BD8E8198DE5CDAA96181F3A756EBA5501CEE58F497EA4F418A2B82565B9BCC611713C0B708CCA1F398B78C5F7D03B3437CC18F13061F55C7BEDADD5ACB1DB0E36D3CE47FF6EA1A563A57E9649EA5D14D1A50EAA45746338
310
1C073777EF1600607BAF6428A7DDC079D47A204EF1E1F1F0589FB054D45E02CE623B3823C317C601E589E22B1E88B448524B86A82828E32345EC18AE17214B42F8C41C6D428016D9BA31DDCB47572561E5A402E5BA4FCE55F78AF7268524AA04130F3A20BA5D1E9F9948EA48FC8F5314FDB35E21898198060034ACE5E3E2BB
310
CA34092518F275190AF65F45867FF0900AA4B81F25427414C372BF51DC29AA855C5428EE1EEDD6B849AD60F6E73475C2D2523F8A2772C840A478DED18A8C5C91B085F255DC4F54EA7AA8947354FD17ECF8FB3B4A0DE7B483CAF3A1165EE05BBA413E5C1FEF3DE1D6B8F2F3F3251C17D9FCAB48A9AAF63AC773A0E413BBC46A
310
9ADF84A566FC920E4D8C52C9769EE3301CADEEEDD92B312E02E2A7E35B7F1E7D203FE5A7D75578B06E99D0E46FFADB8FDA17ED8880390DA29094202D6F645F76F6F96409CDA05495A96E84B04A00D1A6C6C81D7F3DE9376E828CCF144EE50E364ACCE7237EA0BFB5607ED1AC3CFE73794E5B61739D14DF1743441B1AC98F00
310
ECEDE9E7301FA29755FBEFA68C91EF2B314CF510537EF1ABFC9A762496280B546F5EDAAF8A5B387D469FC9A878A92828C88608453ACEC6094DCA54111E7AD5B2663DFE2DD151B7F123B9F4FEF8EE36AB125FD7AD52A59B1B765B3E3F73E3F73DEA93875004D2AFFE3CDE9493B87A9904DD052028949041A91DC0E1BA47BA71
310
4343FD5B25E0A6A09503AFC17C790058A836A324FE31D7893512E28230332F153181C1E018E1124EBE1BA262AA428A518237D1EA7275E48C5C561BD19ED6912EDD8367DA0F31E40EEAE9683DA9257525AEA7B632B97119E17145A90231768A4F3B9120FF32E8319B015E3CBE26F1A754177D8185345817C096B0CE443A955D
310
13AC15E1FB5DEEA0239EC32A3C92241A237B0B02FFCB4F93CF2B02570C8D192E2F2A68CEEB42F12E6F8CEEFF46C251E22B4341C56FB08CCE550E7A9D6F4D6564B9EA52A83D5BF2C6E03FA19D2775E15A8A7ACF30A13C259EE7F5EF2AC3BA354F1500E1A07FC63FB4686E2F12EC69719F9ECF5FE3F35598DF2CE944008CE78F
310
0911BA5BE5D0A34E0098FF038669C26030BA9B300303039852A8F6F496341737CA7E0D2E3AAA36DE0A70AA7D9CA0D54D9AD84B18A44C9E625475E1C97B93BEBB38DCE7D227E67A2D00F531436136355F243D1FC0D712C5765754FA22FCFFAE97919161F46D6E61ACB37D83777B385889770B50765B127768443A5C4D3A4E35
310
A3151111F146B7CA116F918A049F1C272F2CD7976C69A0068773451659A97E0F4A08FE604C3FF6CE7385DB19F4D3ABC8A0D80DA8A42096AC377DB49382B36E270B6FA7570188B4B7D1DDDDA82ACA487CCA5D38BD3BD039ADBAFA4ACFF27809239B722081E2EB9F145320553D183F28471C388BC8814E5045676767AB58A8E7
310
2D1CED2CA731379515D2E533E4CF0B39DFC625F97AC4836831A4DE330E87A8126FA17EBE583D614E71E22A8DBF2825599743E0640037303E8E1B1E8EA4E1ABFA4F62907B5E4E0E5DCFDAB417C36C6848A2B8D15F1E505434C0707E16B1CFC2A1C36A42BBF55734F8F4301DDC2A5110CEE8C0747F69519265012A2174BF4E95
310
5ECD4FDE095A3ABC70536B7AD0B9D7892F81287D667C108703C9B66A221E9A0929D030008F77FF6F5D2108EF5706FC87A3069B976F7C9FC3239D13D283CDEA83597461079FEEE049B0F392889898B7D87D31F8D60ED7B56B91823A8E4EDDB36C6172ECEE42BD42B12CD67994FA0F0DFAE9389356F4CD4425A4B8AA55CBF7EC
310
D585C6A2C2316791E43D5C06841ADBB226A87FD61515FFBB0167B74E56BD7F3E90A57A97FEDCBDF483A0D6699A8C0849CAEB4947FAA90D8E332D9DEBD9F4738C37DA0CAF9CF3DAA68BCB67C420459C7A64498D6E848E5CADE92BB6901F607AA331104A67F7CD650EE169B1DAE94D2C31C2F993632259B6957E246EFE4C5481
310
107B07118607700040E5812A2A2A38DA0076875258C753F60E0F2662C748EDD5F3F3686B8FC3BD6FE631ECCAA1E8B1C1E565AD117E54893E79F4672E32F9E46B2A183DFDCF3EECB4D4D077DBEA0DA254D256045109670050129E9B9B1A9E4A11344D61497A992778095151510C4BB7EF2009B63AA4360635312E4CF668B7E0
310
D3D85A8688E2BD83B569439892ADB63461930D428E0DE42E4AC57CE48DA5CC1449530D8BD3D6A0F08DF20C8E8F570F2CFFFCEA286E30969B4654D498A58D9DA782E19FE3F002181838925592C4A1EF0B332D88B61A92C644547BED490D3A42CFFAB70E36D961F694F6307F72FF15A1C79D5B1B5CEFD353D9E2B52566DEC8F8
310
F09CB3E8359C0F68EBBB7898243E34E12A015B2685AB303C04D3A9E00671FF3DFF0A184E4A2ABEB2B666AF5B3A209C73D8EF29DCDB069C9F391EEE9DD0F74C7BCDE16F8F02E3B8816122BBEB50665775B600549D8BB33A54A6BF940C028118BC6878C79958D6784F9DEAA6E26748386FFAF8D0D0101E2847B6563F5D8DC1D7
310
8F787BE00E2C941AE12148D4A81599FE8F68D4DA5CDED75530ADE138240300EE13B0FC13A1687FED6774662C05A2B7DFB186732F0D7A93545D8B0A6390AE5054D9CB582DA846D7A061B3358B45E2B52DDE63E114397EDB7E09233A579155D795BE76102CF277F4DF8B188C4F2879BEAE3C08347124BF9ED23B128259FE107D
310
31E34A652F090B30B39E0D9AF917B76A2806135621A8A60681F16AF216514BBD02711585B5B1AE823F4B2D0369EA5B6BCB863072727FFC871CA6C9AB79A814D989057E9470A3D238BC87CBB4A0EA49AFE2B86F22E499793CAA9047080450166BDC357524561E258C77CB697F1ABB32562CF87C3B7AA12F911EF19FB3E5C022
310
22E887D08202A60A17151F5E053A86B437771088B4FEE14D652C43E8D939995D34545E12E2FF93D4E366EAD25F10CB7DED141563C3D0C447AF06078A91135FD4B9611583CB4BF3BD167F2399CEAB0E0100F8FFC305F00F1711717173138B4B48C83022295DE657EFEDD97F238ECA80F528AFB4F8D67AD4E2594B9A3AA86D74
310
87EFC313BA95745C186F0CDD84CC12DC9CB0424B42203D351FD9C0A3AF10CC7F388E0329279087386421F194F4A29464C1DEF7EF8BE515E4A199DCD5B909342598D8FE6A231F71336248D5CEC5454455C7BE383B3BC7B260FED27F703FDC39A170F3827239102F59D4DEE7FEF82EAA1A5E4BA94DCC4CC44E7E2EDE20F24244
310
E4454369D2E87C3F823F193FD4FD27E1C23984B01898D15ABC20711A8A558054951A6AE280096BA36CBA439603B7B0B4C45F248C14B2383B4B5CD8ECECE4FF859AD4A6CA2326D020EF090F4041D28DB66E5256B56232CC52829DE8060BAE6BBF37D4B7469B822454FE93210A3E8D15E69FFCF01123222611C51C4FD0A041A0
310
CFA2471CF6BE38D2B20FA4C3525B5B8B586759475CF80ADFE67A284AC24651E52B8E683D24C2622642F27E7C3C22783BCF63648BC398BD6CD0D9C97E7E7E3EACB6126DB7A6C1FD9F1031302EE67ED96F22B77C7CA0239BB324207559B105E4693EB26EC46182A92C9C0DBD24F29B31C5C5AC1F84300E0E17CEEAC15F5736FA
310
4A98971E2F1423BFCD68D4BBD5F86E74B40A369F39507C88FCDB35D2DD8DEBEA4AF999E23CF2816D204200DF6E611781B9884C1AC8888B4DE397320472959434323A5A36B22A8E1F721A270DF3BD65E4A31C11FF048AFB0D8B7B6881423793963A23CFCE935FC189ED36FAE35C46DA3574C979E4394BE52084F3081837BE03
310
3396D2EBD80F1F691B273F660D2B32FA27A33B1DE4ADA5F0FA4651511102DFA410DDA86E065272CA314D5249DF91B06BB92807B28EFD54F08F7B525252782CD276DD02E6B0319B13DF87B1F6361AD6B28FC0D711CF445429B9E5A433CD493051C49A9E03DDB1B147D880253514A5DED88009018620EE229101C041950E2D8A
310
A8E1F5F5438E0C0C0C60EEDEE9E3E0C051948C69F84BB7B2A48A1F3C8EB9E6864687F4F4F6F6E2FA87608ADAF9C5E117B7C1A737E710769DA1D15ECE6A84502AA855398712D5FB51BE92E4EF824969CE18278798AC303C2C7980DD2500ADF8FB1E6D6C2FAAFF9987178923334A244758BAA01A9A1B70FA5097D01E1CC2A58D
310
AD0EC94CE6430AA9B0C10D75E3C6BAC670EFBADEE1607739CE0FC18A2587E3EC3058562014C64219C69BC269082D5C2F4A659278D585755912176D78A1B641719C2A394CED495A1AC5D583FD2F5EDD93308EA7EAE8A6DD396598BDBD3D4CFED62D18A5BDFDE0DD5C80D1A89BA62697B131AE7CE9A6594138582F1B37D68F17
310
49AC7CB67A70695D48A4A056AC1FBD4E82358CEAE38F54B95A9016F9000F9879C0D9D131768635CA798895F27D6F1614F11F2838A83611AA51C9A3DDB539D42979C29F10465655C17BEC3E2760B80DCBF609198C7B171A531905F3EC218D696025975E986C6B4C666666787271F202805577DD5A3EF0CAFAF91B62DC4B2DB4
310
217A7606282F31D8DDBC290593BAA93EA6353AFA9939B877978481E15CFC9F2755CDC00C538F63A4BA3E80AE009B73CA0185687D339A507D165B74290D6EE46D5C58148F020C3668ABE9EF2F7549170DC80DB41FFC1D678FF19AEB10C7133832B104B80F691B3138F97A92D26E551F1F110400D45AC71A9B9AC41A1A1B1DAE
310
ED0B0810638EFFB511D46B121C6FEA0F38CD00E03CFFEB9713FE1F9C263E4DDEC160D0497FA9A132BA608584057FB15380825DE6C7FC3C667EE947D488A09898D8E939C4953BF4EC9836344D2CC6B2971B2A21A572B06096F4982D2CC7232D46E8EA69DC83722E267754D777F97F96D5DA74E1E75178084D0E70F12AD33E5F
310
71EF2AFA599B2BEBF60A5BE475F444F240CBFE8143C334E7ED9150FEEFEF7EB020C4DBED388DD1D6A167A76F3CBF119B578AE8CFA7736ACAFA4440A1C47185638A0D2F3EB5BDDEFDA958FB13CE4AA4923D5BF840392D45544329525749734866684BF7F8D9D54D892E19BCA9F829A0F8BFCBEEA6CFDFC61D74EA1A645ED7A1
310
FF241739F15694BD835B66FEC5677E40FE69BD3F91AE402F036537218A401CB0828604AD189E575015C6F3F6BBC8AC79CF6C70653847254B31551EFCBEB5978B9DB85D58D0FA41A9DFE9C624834AA04949D24B5AE6D299E072D152D12097920F14AA92C31C3B97E28B6C2E6E9C23D63043ECBBC0A60FDF5BD0C33C127EA8A3
310
308B8B6AFFEB28B4455BF6E7AF4FC6222728357EB8E46E85053E6A8843AB23295BF838ABDA94658FEF3F832F147046B4ACD6F7D48E8FCC9618582961C898D1C7A253C91BFECBDA6BA18A1FCF70755DCCEE2222F41B76D23CA98D0CB3D95F0CF66D57FFF65E2A90F5DF40FC3187621E981BD0BC1D992787212688976B94A8F0
310
C6EF646624B570B78E068826F87CE27041A95C9A4871FF65CC17FCB1639629AD6A9517000D63AC231F3D741CB8430777E7ECF80CE7A3F73C0F162F7E56AA71F4DA80A33CD6ACEE78E2C11FAC03DAFCE929B106F8F6B3ED2DC71FF994BD9CEF4E9A94896EF1B6E2B7B4978168BCF0847A3D2A4F1B0500B926E634B174548E9F
310
BAD27153FB5FC36799B1E6C7C38A94E1F9E996796D7B485E635D5287A2AE76FBD11A341DB3F8F810385BB7296391973DC6C37C452A9305AEBBE0CDB6C566DB59FE60C8E94B1FD090354BF51439FFD1B48D725228FFA88C84F686F547107A7A235665A4593B7C34D748C1AC8D56DD5DA861EEFBADDECBBD65117E65851F9035
310
1AEB65F0EFCFF4BCFEF24CB7A5879699FAC437A7AF9099186CF006BB923A59E37D7A36A29FD8D2CBB914A5E9D0A8FD212FBF796AE9A67958FF1D5D8B85F78F96219D4714EB919929241B6C018AAE0C02069F8D919961EC5DDFBFB7573E3AC8E08BFB7C8534BE6DE045B3CD63DBD71F7638BA2309CAE398EA3A7D8F98BBBC7A
310
EB367EFA5CFA27A9F8F2F52FE878058E6209C026453F8E7E8A237DFC389E9590F6059B397CFD65183BBF936E86896612A5B5FEE49DAC8455D026218AFEBEC12B3523A45B57B82C9C97E02ACFA1184DB18E48CF615DBF39C3CC6F0B4AE6BBEEA2E39D944E290302FA3DE33FA7E40296E2EF7BF1CD855BBECFAD0FD622BEE974
310
6FC4FDFDE545AE6E3BC234CADF83A0FB76DFB145BF3828AE3436368AC24989454F8FF70A177672C711CAA1A76107218CF948CA01F873520E7A2B118EBB161ABAD432932029628B6761590C98AB590C8C8C79798CE9F715BA696E839E9131A4BB68BE923F1747FBFF165331FFDD4D05997ACD168F12CA75348DAC04C7F509FE
310
83898A8B421181AF492861CE81E4A2DD0A30850CFA95E05F097FF70F9E777310D584A75BA7018922E271DAB1D785671157685B7D383D3E074DDB4F1E44EF04B07BAAC75A062077C54B9752C738C9D804D402E02851F3F89605AF189738C18C021D2139EAF72513824E10DDD3047BACC8521ED7E98B257D1166903B1B08FA6F
310
918FD7E162913FEC7D0EF4787E29C35FBA8C6E2C9C20E9AB30AE42CA2A01A090E7D010C1B5BF9CEE2A304BF3A987FB40D836979B79E18D70F257DA61E808472DD85B82761825779D6B90CAEB0F23360C6F80A7D7D77545E95B3DFF0CF96A827F9B5BCECD2C9698718417EF80FEEDEE938AFF55859D0D540B7FE09435583A6F
310
04874A0C7E8CF234DF4879722000167F5872CEC6BF3EF7E5A8CC8121E6A359227C8A29C95212F9F735BC72A887D56B8F309FC525BFB4FD767AAEC4AEFF249CFBBD2DE1AB9969A6155C7D8DABC307E47324C1F916C7BCFF40ABA5644E9FFB9238D19ADADA49D9610F01ABBA57E4DFCBDCCBB2B93C8953206C91DE01B0E2651A
310
6D6C31721915B31F7B7CBCE55466F6D70402788FA91D73BE4ADCBA99A35F17D6B83383704917D6833F0FA3CD45C926ADB8BC17999A4A0AFBCE2541F7B8CF4C2F5FBA611B3E626D64407CB32C122DFF4EF8674D6EDBB86C8F7C6A16D50FA685E2CCA34F8F7D1D8265BB0042E9D7F1F666F7BE5FAA5184DF58E12122A42EF02F
310
461B3F369AC746F96528AD208512AB56844CF75B97F352DF7995024FB02855385854F3798670D01CAC771AC3E1889EC25F61A20C1F8CAB46898817F9C47E2CDA1F286BF2F358298709FE567C91133E2638C8B53975E753EA8BFD3578B5F7186B7BF084EBA3F77BAC3132A5779902EC22AF2D2E79F42D324E083386DAEE9810
310
D1B44A5DAA54513C7A71E52A4AB9257D975B621308FE4D2141CC3DCFE946C154A3C1DFCCA7629EC69ACFA831634ADDA93C0388D2A9A2DDAFCF957C6995BCE7FBB6DC4EBAE79E63EB08E9A25F52F67076F7093CA545CA3053B5BF576DEAD4E0017143C5F759F32B2D6F145B52B67B48909B7C7FCA6586EE385A2189C16932CB
310
6DDFD9152AE317C430492A578ED27B72D85D40C7C93C097939E1B50F4D67F05334FE9DC362C30B7FF561B95259138ECFD9274C8D695C31B14D4EAA9F3D7FA8DDF652F8C5DEFA23284C799B7D94416DEE81E05A866302DC70192A5368EA65E1CED8BF107A1E2D3119A71E85DC1A7B0C1E93274CE04DD0F2ABC8AC7C987FDB00
310
2B6F81757B43502EF7A0D92E416494FAEEA4C9C090CD9557AA4D532F4996A272B94355C5A0E4974EEA9627476F30809B94D8D8D860062E02204643BEC7D0438AF800FC7E2B26955D595421E83C69E1A07E0E3122285835F014AD538188CF9737CE76D464A353FA55A001AB2526B84E985083693BC76FE211CA1D000679C889
310
E3C009832C87E1AC2EDD05C302557422DF0800E316FCAC86978A371F025A6C7DAA9F333E7BD160403A1A06EA75AA9888FF01504B03041400060808002E5FBC4851464CB48900000043010000360000006662782F31463730453032382D463543312D344437432D424541452D3644314641364231383332372F646972656374
310
6F72792E786D6C9D8F310EC2300C45AF127987122606C71DD918B841D4B851A43646695A717C52A85029031293A5A76FBF6FACEF7DA7264E43906840EF0FA03836E242F406C6DCEE4EA06AC22492573150D1F66C60C640E8938CB705396EEDD86DE9B5042FE27813D640EA63BB001C722AF6E55CB61E4863F58284D5D3F53D
310
D715CE1C3985E63FD7F1B7EBDD617E9F1E504B03041400060808002E5FBC4881E7E52C38070000201C0000340000006662782F31463730453032382D463543312D344437432D424541452D3644314641364231383332372F6F626A656374732E786D6CDD59DB6EDB3810FD1542FBB2FBA09B6F890BC5456CC78551A40D6A74
310
B16F022DD30E37BA81941267BF7E8714294BB26C2BD9162836051A87A686336766CE0C47DEC77D14A267C2384DE21BC3B51C039138483634DEDD1879B635AF0DF471823C962459659F81621C911B432C1B136FC7923C554B1BB2C579D85C5D4CFF423C203131501062CE6F0C1E3C92085B38CF920DE14FD60667D8DA6DF796
310
6B151BEB62770CA78F8DA352CC489C81AAB01E8314A5815BFF134CB2279E2D36D4B6F5BA6DEB9FD9664BC3EB8AD29867380E8EB46AC8E975D3AAEF0EE677BDE1D81C0E067D7330EAB9E674319D9BEE55DF998D66B3F1EDDDD840136F9D2461E98094C41BF0E2AB31713D5B7C539AAF5068D33B48E298040ACDB60D1BA2E452
310
C29B98D48075A569158714B65616FA1D8D3FB1AD132835956A686BE3F4EF6AF426EBBF0104DE254A192722CA79C6C0D70AFB221F1CCF2E566B7EA11C4538238CE2108574CD300307C1D6C2413531225B84282430935ED4F2AABA42605FCEA5362DB779188AFC352632D37CC8479271A919FD87B083F6D5D34027B036A77176
310
AD8CCD5E531031F66CB9587CD7EFA92F0B20D136C43B881630536CEAF71A78CD04172CE7C6E4F362BD5F097E683F3C65494A5826224F26B3CA3BEDC14A6841F07500A5C0B5EEBB032ADF00FA2F807CA90BF2C0738CEE07FB81B69DE1986F1316817790834C07FE7390F878F4C9B3CB872708D5B8F214A690B63F08D39A19B5
310
B32B904EBC6708FA84F59571AB008710D3F73416790E8182C2049680EFB7EBBD31590299C2223C8543B01EFE79B6F888E0572107F8A6E1A136FAEDE0289D30CD3C3BF8EA13C40CA341E9AA9A8DA7F01DFE107C6FE7ABCFAB9C6D7140EE5562CFC996C6348362DAAE500DF45ACA7F5F7E911979644F6D5700E7EC12411C2D7E
310
5929BF20E9185045D4E1C23572E59E42BA87218E499273B5DE4654411226CC5FBFFA450EB79EF5A70E82E230C86F1101AD6406D53D603415A01813655EC984D60127C1832A00778553FD350E9E04BC7E008CF51E3D206A316B0ACDA3D4C75192C782BE8FC3BB699AD577E48FEB8E7BCEB8773D1E6963B914AFB3475343A9BC
310
3827C2E9894366356F29D6D0928B3C1A005BB6591040CF94677E92E28066EDB1D030426528807D56E50DDD6E730EA4DE0A4B4363ABEF0E9153F9BF3CE4BCF6EA109F467847FC2D1615AEF5BC1A40A5706D412B32BB30E19CC684CB0EE588B91AA83816104111B75A6A4B1052EE4724C3EF893F59F21AE1C7C836F4A197CA44
310
377B39FAB482AA7A9E92283AB724F6A5FDAF3EC7511A165DDA250CDC5EE384565C85D2E2886788371F67BEB321B2E9BE24BDE4058D6F27E9E3778B3F010FC33F1D1E7D0485D61B6AE465CFBAD6D01D8B9F6B2095D1D0ED5F69475CC24A1F95891E24CCA16B0A5EFD1742778FDD08ADD3399C845B9F86611EF9453DC848042D
310
18CE72D6295F4743E7C8F98A171A095139694B4368903B93A6EC3D74F70156C9E6E31469568E01A3680C77B44E861C59D11AC2D217F23E2AAE5D97BDFF76A9FF992FABF79427F2FA92B04DABA6F536427760BA611074A92A5C194752F2C4AB265F242F2E97711868218ADF8A5B828A10469EA9184CC81B50EBFD81BFE02C00
310
225DC9DFE61432624336879EA2264E8D398C091CAAA5E93EB57AD301B213E5A3D6782D05A146306DC08267EFC587F01B065743E7C76DD5D5D8C5FA5214360B062B073DCEC8FAFA69D590022B9D9F7E101891978604B53A138DDC1951DF97877EB5214159F47D79E6F1EC318FD631A6A2328AB0C09BF4C3477997BCB1E1A260
310
BB8B2BE7CEE95D9B8BE1CC3507F3AB9939BDBBBD33477377713B9ABAD7FDDE95CD084F7216106EF76CC7D7BD531AEF746014D075B951C054E1F2D54FC773D3C1FFE31B4598ACF1A958FC552F1465BB271AB2462E76BD50B412F5FA6DDDBF7B44D4ED45EC4D9D73312BD0017EBE6C0119E97ADFBDB5D0A27527D1AE73A522BE
310
B1F09EBCADFCF41A5323F4D6FA50DBD146F9752E86D9534B95D2B75BC96BB3C170BE588C80C29CD19D39E8F7A6E6EDE0AA6FBAA3F1B037BD1A2DDC4159C69A6C75A9AEFC121CAA8B60658C06D3609E841486F264837624811B104C1D3AF02B8B0897371B68005419D76F043A3CFD5CCC5433BC0EF5D3C12386C174A82A721E
310
C050146E1D37865A47BFC118544C22E570CA7A82C2A3A2DD4039A33706844046A1BE586B1867C9E1A194DE185742E0E27827EE4CC553E5DF87C7043A102B07BBCA3D5D705196D5A2138603A97C4F006CA71B92F79BAED54138838FEB3C2B8D392C1CAC5120E81702857130F57B52F0EE8178CEDBE55A724F0D924E93F9B371
310
50483533CC7672BC5EC1FB76FE608BC9F8F22B4AC37C27DC79AEDED72499A2CF08F36208E541602833532CEEE1B30FF6034BE015538416148200FDBEBF1EFD61CF92284AE262C9BE552FAAD0EA115E3B6D6C3DF283C6C57147B6EC7BD4581FE6569C5878C39F60015CCBA8988D1610D702A0A4A74A00688F085FC063B5FDCB
310
395245A0D2C2562946C02367FA081249BCCB116953DD501940422E8056F2CBC307BDE0D90C86E0937F01504B03041400060808002E5FBC4835459555E2000000550100003C0000006662782F31463730453032382D463543312D344437432D424541452D3644314641364231383332372F7265736F75726365732F322F636E
310
782E786D6C4D90DD6A032110855F45845EAE3F0B69D3E09A97C8556F82D58995EC3A8B3FA57DFB6A6AA157339CF3319C39EAFCB5ADE413520E18172A99A004A24517A25F682DB7E948C959AB8458FE619444B3C142BB4CB5F209EB3E24073753D7AEAE21DE8728AE1E22A460AF7BF494D8D5E4BCD06C3F6033CCD4820EF29D
310
39530C932C41C69A2CB413256C304ED804A680A37A16F2791287693E5EA43C1D5E4EF3EB9BE29DD4EA1D711D7C880512EE4FB3B0D8D6D81209C53BA0554D6150FD8D66FCC5632D9EE2CDD62A97D43A1858F9DE1B1636E3813F905F572BDE9F6CE3D1409BBD10FD03504B03041400060808002E5FBC48FF15A4A45D00000080
310
0000003A0000006662782F31463730453032382D463543312D344437432D424541452D3644314641364231383332372F7265736F75726365732F636E782E786D6C4D8B3B0E80201005AF42B6F75B59F0390B113044D83508C6E30BC6C26AF226F3B8BA6360974DA7271430F523308B2B198F9B80925DB700539227A2FCCB80
310
A18E5640D320F996A81C9F32D6E9129A0D1EF74FCE750E6D57BC7165FBCA07504B03041400060808002E5FBC482A7FA1194301000056050000300000006662782F31463730453032382D463543312D344437432D424541452D3644314641364231383332372F636E782E786D6CCD944D4EC3301085AF12596219E7472A94CA
310
7125169C800562E738D360EAD8913D46F4F6D8256D41A88245A476678D3F4BEFCD3C0F5B7F0C3A7B07E795350DA968493230D276CAF40D09B8C997245B73E6ACC56F18C98C18A021A94C38EB9D0DE354EA6023824E55ADCC762A0A44A7DA80E04926B5F0BE215EBEC220A808683BF05BDA0914B4A20EBC0D4E427C8F6A80E9
310
BD7420103AC2EBB2BACDCB455E2F9FAA6AB5B85BD5F72FAC482467ADB57AE295417076BCA94B69E3D14439252B12C059706AA29207C24FDA68AB0C2BE23D673EEA35FDC4E16E4CDC386A2505C646155622601E2110032BBE60CE8AE4F887EFC787E7938678EA940389D6ED2ED686EA5C1B8ED2684CC4FFBAB007FF326FDBB7
310
68F972733F6B7812369BDD43727D8CEEEF24C43C09D3EB6BFC004769F3E73F2E1654F21A4D1F94CDE4B9D8AFC038F8B411F927504B03041400060808002E5FBC489833E8EB7F000000A30000000B0000006662782F636E782E786D6C4D8C4D0EC2201805AF42BE3D0A550B0B4AD31FB847636943A460B0188F2F982E5CBD64
310
F26644FBD91C7A9BF8B2C137404F0490F1F7305BBF3690F6057340AD143184FDEF06C84F9B69A06090628D213D0F349B654AAE5067FDE3805433A248C5B1BE0D145F4736E05E750AD723D55DDD537EA95836CE45C9F3EBE52D79F905504B03041400060808002E5FBC48A6D797065F0000008200000007000000636E782E78
310
6D6C4DCB3B0E80201045D1AD90E9FD7516806B51190811670C8A61F982B1B0BAC9C97B72CA7B1037C6D3332918DA1E04D2CAC69353902EDB8C20262D23F3F59B81A079470595414B17391D1F19B4730A5583A7ED43BBE4025D9592775E5ADFFA01504B03041400060808002E5FBC48ECFD112DA80000002601000013000000
310
5B436F6E74656E745F54797065735D2E786D6C7D4F4B0EC22010BD0A61DF525D18634ABB506FE00510A79458060253536F2FD89D5197F3FED3F68B9BD80362B21E25DFD40D6780DADF2C1AC9671AAA3D677DD75E9E0112CB5A4C928F44E12044D22338956A1F003333F8E814E5331A1194BE2B0362DB343BA13D1220555432
310
78D79E6050F344ECBC6478EDCD76CE8EABAE5449AE4298AC56946789C28AAFBEABC53F3EAF09A84A1441B91F0101CD4780756578C173A578FFDDBD00504B03041400060808002E5FBC483DEE336E64000000790000001B0000006175746F6465736B2D64657369676E2D7061636B6167652E786D6C35CBC10E83200C00D05F
310
21DCA56CA76D41FC96062B120735B69A7DBE268BB7777961F8D5AF396893C2ADB70FE7ADA196782C2DF776D7A97B5933C430F15651E5469C55D70F80A4992A3ADC954792C525AE70A1E4D6AD9816CC044FEFDF01FE3FDE907802504B03041400060808002E5FBC48EE4FBE13F50000008E0100003D0000006662782F314637
310
30453032382D463543312D344437432D424541452D3644314641364231383332372F7265736F75726365732F322F636F72652E786D6C8550CB6E833010FC15B477830D098FC8384A0BF9829E7AB38C43AD041BF951F5F36B072AB5A79E76353B33BB3BF4FCB53CB24F699D32BA079263C8A41666527AEE21F81B6A213B336A
310
8DF1BF689069BEC81E120C8CCED684758784D15EEA846A33C91DE4CE490F9978C4A607273EE4C2731E7C64B87BBE7271E7B3CC49BEF1180D414DBB544DD14DDD94B4C0F06518EBAE3DA0A1797D4187A11B513BD6188DDD955CAA0A37DDB5A4451233EAD5F2B35D58C9BD9C809598D4081F51D9BE11723A36A7B27BA7456232
310
EABC8D3FEF4BD377914E8B0DFDE316D6E97FB7A0B4AFCADD6D533860241EF71C305AA474627946176B4A927D03504B03041400060808002E5FBC4855C965EEFA000000960100003B0000006662782F31463730453032382D463543312D344437432D424541452D3644314641364231383332372F7265736F75726365732F63
310
6F72652E786D6C8550CB6E833010FC15B477834D1E40641CA50DF9829E7AB3CC865A0976E447D5CFAF1DA8D49E7ADAD5ECCCECEEF0E3D77C2F3ED1796D4D0FACA450A05176D466EA21862B69A1380AEEAC0DBF68501839630F1906C12767E363859435014D468D1D7105A5F718A050F7D4F4E0D507CEB294312486BF950FA9
310
6E72C292950B4FF018F5B84AF598DCF455A303414FE761DFB55B726E5E5FC8F6DC0DA41DF6940CDD859D361BDA74979A57592C78D0F3CF76E550061C41D494ED09DD91BA7D63ECB06B0E75F7CEABCC14DC07977E5E97E6EF4038F4363A859E57CBF48F6B7C8CFFBB466DC2A65E5D178507C1D291CF81E0554E29956784A9E6
310
44C537504B03041400060808002E5FBC488F75BB2AF2000000B1010000310000006662782F31463730453032382D463543312D344437432D424541452D3644314641364231383332372F636F72652E786D6C8D50C96EC32014FC158B3BD8907A698489B2D85FD0536F0888831283C552F5F30BB12BB5B79C1E9A37C3CC1B7A
310
F89E1FC597725E5BD3038C2A502823ACD466EA410C57D881E2C0A8B336FCA181C2F059F520C380D1C9D9B86C90B02628935163A5DA40EEBD0AA0108FF4E88117373573C463480C7F470B17773E2984D1CA6334E8F9572A9CE24149C048851B58D590741F18EFEB764FDE3F6999998CC6A8E566A56572D757AD1C60786CABA1
310
221D1CEB33866F97F60C4FC37180CD058FC7E684BB1D696999C58CFAE0D2CDDB27F9BA57E5ABF05FE6B8C817326B137664335C153E79A63CCF05A3652E308D67BB69E6B2D90F504B03041400060808002E5FBC48919E0C0855010000DD0200000C0000006662782F636F72652E786D6C8D52CB6EC32010FC158B3B7EE56547
310
98286D9C2FE8A93702C445B1C1C260E5F30B7EC8F5A1696509A3D9DD999D11E8F46CEAA0E7BA134A162009631070491513B22A8035779881E0849156CAFC680381240D2F808701469556B69D20AAA4E1D2A352313E81A4EBB80101ADDDA5001DFDE20D098935AEA37B842DA10F52F13009C73E8CAC156C1A15CCB189BBE01A
310
E0F87C29F779B68597C3FB1BDC5EF21266E53E86657E4DCE9B4D7CC8AF298AFC30464634B33AD59C18CE004EE3640FE31D4CB38F2439EE0EC734FF4491EFC4A833DA799E44BD3B80EFB7278A467CC5675BF6379F15D26CD2896F9CE8004EDC7A4301A3C8E7E37E4378EB0C9DB0CBCF905B3D5B7838A8E7D428BD7515A6EC52
310
EA496DB9A38E83E143D15875CC03C16F3CE90B9ED71C2E28222BB71A31EE7AB3C6ABAF776AB986BD790652E986D4CB72E38ACBB908AD2CCDE354D54AFF677AB63A8719F98789BF01504B03041400060808002E5FBC485BBA565D08010000B201000008000000636F72652E786D6C8D504B6EC32014BC0A628F0D76E24F8489
310
D2C6394157DD51431C141B2C3E517BFB42EC4AEDAEAB8766E6BD19861E3FE7093CA475CAE80E920C4320F56084D2630783BFA2068223A3D618FF4B0681E6B3EC608221A3A33561D9A0C1682F7542B5117203B973D243304CF1D14137DCE4CC331E7C54B87BB6F0E1CE4799916CD531EAD5FCB33A58C9BD149015985408EF51
310
D1BC1172D8D787A27DA77952321A82129B9512D15D5D95B490E1D3B9AFDA6687CEF5EB0BDA9DDB1E357D8551DF5EC8A92C71DD5E0A9AA765469DB7F1CFDB9198D303C71FC997E62BC5E88731D32688A104307AFA8A26344FC49FD06111FF08ADB42F8BEDE0BAE1202331D09388C6A9C1389EF5C699DA66DF504B0102140014
310
00060808002E5FBC480000000000000000000000003700000000000000000000000000000000006662782F31463730453032382D463543312D344437432D424541452D3644314641364231383332372F617474726962757465732E62696E504B010214001400060808002E5FBC480000000000000000000000003500000000
310
000000000000000000550000006662782F31463730453032382D463543312D344437432D424541452D3644314641364231383332372F76657274696365732E62696E504B010214001400060808002E5FBC48F270F13306000000040000003600000000000000000000000000A80000006662782F31463730453032382D4635
310
43312D344437432D424541452D3644314641364231383332372F747269616E676C65732E62696E504B010214001400060808002E5FBC4888E57597CD3F0000904100004200000000000000000000000000020100006662782F31463730453032382D463543312D344437432D424541452D3644314641364231383332372F72
310
65736F75726365732F322F305F67656E657269632E706E67504B010214001400060808002E5FBC4851464CB4890000004301000036000000000000000000000000002F4100006662782F31463730453032382D463543312D344437432D424541452D3644314641364231383332372F6469726563746F72792E786D6C504B01
310
0214001400060808002E5FBC4881E7E52C38070000201C000034000000000000000000000000000C4200006662782F31463730453032382D463543312D344437432D424541452D3644314641364231383332372F6F626A656374732E786D6C504B010214001400060808002E5FBC4835459555E2000000550100003C000000
310
00000000000000000000964900006662782F31463730453032382D463543312D344437432D424541452D3644314641364231383332372F7265736F75726365732F322F636E782E786D6C504B010214001400060808002E5FBC48FF15A4A45D000000800000003A00000000000000000000000000D24A00006662782F314637
310
30453032382D463543312D344437432D424541452D3644314641364231383332372F7265736F75726365732F636E782E786D6C504B010214001400060808002E5FBC482A7FA11943010000560500003000000000000000000000000000874B00006662782F31463730453032382D463543312D344437432D424541452D3644
310
314641364231383332372F636E782E786D6C504B010214001400060808002E5FBC489833E8EB7F000000A30000000B00000000000000000000000000184D00006662782F636E782E786D6C504B010214001400060808002E5FBC48A6D797065F000000820000000700000000000000000000000000C04D0000636E782E786D
310
6C504B010214001400060808002E5FBC48ECFD112DA8000000260100001300000000000000000000000000444E00005B436F6E74656E745F54797065735D2E786D6C504B010214001400060808002E5FBC483DEE336E64000000790000001B000000000000000000000000001D4F00006175746F6465736B2D64657369676E
310
2D7061636B6167652E786D6C504B010214001400060808002E5FBC48EE4FBE13F50000008E0100003D00000000000000000000000000BA4F00006662782F31463730453032382D463543312D344437432D424541452D3644314641364231383332372F7265736F75726365732F322F636F72652E786D6C504B010214001400
310
060808002E5FBC4855C965EEFA000000960100003B000000000000000000000000000A5100006662782F31463730453032382D463543312D344437432D424541452D3644314641364231383332372F7265736F75726365732F636F72652E786D6C504B010214001400060808002E5FBC488F75BB2AF2000000B10100003100
310
0000000000000000000000005D5200006662782F31463730453032382D463543312D344437432D424541452D3644314641364231383332372F636F72652E786D6C504B010214001400060808002E5FBC48919E0C0855010000DD0200000C000000000000000000000000009E5300006662782F636F72652E786D6C504B0102
310
14001400060808002E5FBC485BBA565D08010000B201000008000000000000000000000000001D550000636F72652E786D6C504B050600000000120012002D0600004B5600000000
  0
XRECORD
  5
17131E
102
{ACAD_REACTORS
330
171319
102
}
330
171319
100
AcDbXrecord
280
     1
270
     1
271
     1
  0
XRECORD
  5
17131D
102
{ACAD_REACTORS
330
171319
102
}
330
171319
100
AcDbXrecord
280
     1
270
     1
271
     1
  0
XRECORD
  5
17131F
102
{ACAD_REACTORS
330
171319
102
}
330
171319
100
AcDbXrecord
280
     1
270
     1
271
     1
  0
XRECORD
  5
17131C
102
{ACAD_REACTORS
330
171319
102
}
330
171319
100
AcDbXrecord
280
     1
270
     1
271
     1
  0
XRECORD
  5
2D4AB9
102
{ACAD_REACTORS
330
2D4AB8
102
}
330
2D4AB8
100
AcDbXrecord
280
     1
102
DISPLAYNAME
  1
Imperial24
102
FLAGS
 90
        0
  0
XRECORD
  5
2D4ABD
102
{ACAD_REACTORS
330
2D4ABC
102
}
330
2D4ABC
100
AcDbXrecord
280
     1
102
DISPLAYNAME
  1
Metric50
102
FLAGS
 90
        0
  0
CELLSTYLEMAP
  5
2D4AB7
102
{ACAD_REACTORS
330
1ABE49
102
}
330
1ABE49
100
AcDbCellStyleMap
 90
        3
300
CELLSTYLE
  1
TABLEFORMAT_BEGIN
 90
        5
170
     1
 91
        0
 92
    32768
 62
   257
 93
        1
300
CONTENTFORMAT
  1
CONTENTFORMAT_BEGIN
 90
        0
 91
        0
 92
      512
 93
        0
300

 40
0.0
140
1.0
 94
        5
 62
     0
340
11F68A
144
0.25
309
CONTENTFORMAT_END
171
     1
301
MARGIN
  1
CELLMARGIN_BEGIN
 40
0.06
 40
0.06
 40
0.06
 40
0.06
 40
0.18
 40
0.18
309
CELLMARGIN_END
 94
        6
 95
        1
302
GRIDFORMAT
  1
GRIDFORMAT_BEGIN
 90
        0
 91
        1
 62
     0
 92
       -2
340
0
 93
        0
 40
0.045
309
GRIDFORMAT_END
 95
        2
302
GRIDFORMAT
  1
GRIDFORMAT_BEGIN
 90
        0
 91
        1
 62
     0
 92
       -2
340
0
 93
        0
 40
0.045
309
GRIDFORMAT_END
 95
        4
302
GRIDFORMAT
  1
GRIDFORMAT_BEGIN
 90
        0
 91
        1
 62
     0
 92
       -2
340
0
 93
        0
 40
0.045
309
GRIDFORMAT_END
 95
        8
302
GRIDFORMAT
  1
GRIDFORMAT_BEGIN
 90
        0
 91
        1
 62
     0
 92
       -2
340
0
 93
        0
 40
0.045
309
GRIDFORMAT_END
 95
       16
302
GRIDFORMAT
  1
GRIDFORMAT_BEGIN
 90
        0
 91
        1
 62
     0
 92
       -2
340
0
 93
        0
 40
0.045
309
GRIDFORMAT_END
 95
       32
302
GRIDFORMAT
  1
GRIDFORMAT_BEGIN
 90
        0
 91
        1
 62
     0
 92
       -2
340
0
 93
        0
 40
0.045
309
GRIDFORMAT_END
309
TABLEFORMAT_END
  1
CELLSTYLE_BEGIN
 90
        1
 91
        1
300
_TITLE
309
CELLSTYLE_END
300
CELLSTYLE
  1
TABLEFORMAT_BEGIN
 90
        5
170
     1
 91
        0
 92
        0
 62
   257
 93
        1
300
CONTENTFORMAT
  1
CONTENTFORMAT_BEGIN
 90
        0
 91
        0
 92
      512
 93
        0
300

 40
0.0
140
1.0
 94
        5
 62
     0
340
11F68A
144
0.18
309
CONTENTFORMAT_END
171
     1
301
MARGIN
  1
CELLMARGIN_BEGIN
 40
0.06
 40
0.06
 40
0.06
 40
0.06
 40
0.18
 40
0.18
309
CELLMARGIN_END
 94
        6
 95
        1
302
GRIDFORMAT
  1
GRIDFORMAT_BEGIN
 90
        0
 91
        1
 62
     0
 92
       -2
340
0
 93
        0
 40
0.045
309
GRIDFORMAT_END
 95
        2
302
GRIDFORMAT
  1
GRIDFORMAT_BEGIN
 90
        0
 91
        1
 62
     0
 92
       -2
340
0
 93
        0
 40
0.045
309
GRIDFORMAT_END
 95
        4
302
GRIDFORMAT
  1
GRIDFORMAT_BEGIN
 90
        0
 91
        1
 62
     0
 92
       -2
340
0
 93
        0
 40
0.045
309
GRIDFORMAT_END
 95
        8
302
GRIDFORMAT
  1
GRIDFORMAT_BEGIN
 90
        0
 91
        1
 62
     0
 92
       -2
340
0
 93
        0
 40
0.045
309
GRIDFORMAT_END
 95
       16
302
GRIDFORMAT
  1
GRIDFORMAT_BEGIN
 90
        0
 91
        1
 62
     0
 92
       -2
340
0
 93
        0
 40
0.045
309
GRIDFORMAT_END
 95
       32
302
GRIDFORMAT
  1
GRIDFORMAT_BEGIN
 90
        0
 91
        1
 62
     0
 92
       -2
340
0
 93
        0
 40
0.045
309
GRIDFORMAT_END
309
TABLEFORMAT_END
  1
CELLSTYLE_BEGIN
 90
        2
 91
        1
300
_HEADER
309
CELLSTYLE_END
300
CELLSTYLE
  1
TABLEFORMAT_BEGIN
 90
        5
170
     1
 91
        0
 92
        0
 62
   257
 93
        1
300
CONTENTFORMAT
  1
CONTENTFORMAT_BEGIN
 90
        0
 91
        0
 92
      512
 93
        0
300

 40
0.0
140
1.0
 94
        2
 62
     0
340
11F68A
144
0.18
309
CONTENTFORMAT_END
171
     1
301
MARGIN
  1
CELLMARGIN_BEGIN
 40
0.06
 40
0.06
 40
0.06
 40
0.06
 40
0.18
 40
0.18
309
CELLMARGIN_END
 94
        6
 95
        1
302
GRIDFORMAT
  1
GRIDFORMAT_BEGIN
 90
        0
 91
        1
 62
     0
 92
       -2
340
0
 93
        0
 40
0.045
309
GRIDFORMAT_END
 95
        2
302
GRIDFORMAT
  1
GRIDFORMAT_BEGIN
 90
        0
 91
        1
 62
     0
 92
       -2
340
0
 93
        0
 40
0.045
309
GRIDFORMAT_END
 95
        4
302
GRIDFORMAT
  1
GRIDFORMAT_BEGIN
 90
        0
 91
        1
 62
     0
 92
       -2
340
0
 93
        0
 40
0.045
309
GRIDFORMAT_END
 95
        8
302
GRIDFORMAT
  1
GRIDFORMAT_BEGIN
 90
        0
 91
        1
 62
     0
 92
       -2
340
0
 93
        0
 40
0.045
309
GRIDFORMAT_END
 95
       16
302
GRIDFORMAT
  1
GRIDFORMAT_BEGIN
 90
        0
 91
        1
 62
     0
 92
       -2
340
0
 93
        0
 40
0.045
309
GRIDFORMAT_END
 95
       32
302
GRIDFORMAT
  1
GRIDFORMAT_BEGIN
 90
        0
 91
        1
 62
     0
 92
       -2
340
0
 93
        0
 40
0.045
309
GRIDFORMAT_END
309
TABLEFORMAT_END
  1
CELLSTYLE_BEGIN
 90
        3
 91
        2
300
_DATA
309
CELLSTYLE_END
  0
ENDSEC
  0
SECTION
  2
ACDSDATA
 70
     2
 71
     6
  0
ACDSSCHEMA
 90
        0
  1
AcDb_Thumbnail_Schema
  2
AcDbDs::ID
280
    10
 91
        8
  2
Thumbnail_Data
280
    15
 91
        0
101
ACDSRECORD
 95
        0
 90
        1
  2
AcDbDs::TreatedAsObjectData
280
     1
291
     1
101
ACDSRECORD
 95
        0
 90
        2
  2
AcDbDs::Legacy
280
     1
291
     1
101
ACDSRECORD
  1
AcDbDs::ID
 90
        3
  2
AcDs:Indexable
280
     1
291
     1
101
ACDSRECORD
  1
AcDbDs::ID
 90
        4
  2
AcDbDs::HandleAttribute
280
     7
282
     1
  0
ACDSSCHEMA
 90
        1
  1
AcDbDs::TreatedAsObjectDataSchema
  2
AcDbDs::TreatedAsObjectData
280
     1
 91
        0
  0
ACDSSCHEMA
 90
        2
  1
AcDbDs::LegacySchema
  2
AcDbDs::Legacy
280
     1
 91
        0
  0
ACDSSCHEMA
 90
        3
  1
AcDbDs::IndexedPropertySchema
  2
AcDs:Indexable
280
     1
 91
        0
  0
ACDSSCHEMA
 90
        4
  1
AcDbDs::HandleAttributeSchema
  2
AcDbDs::HandleAttribute
280
     7
 91
        1
284
     1
  0
ACDSRECORD
 90
        0
  2
AcDbDs::ID
280
    10
320
171356
  2
Thumbnail_Data
280
    15
 94
     1752
310
89504E470D0A1A0A0000000D49484452000001000000007408030000005D681C3700000300504C5445212830000000C8C8C80000000000000000000000000000000000000000000000000000330000660000990000CC0000FF0033000033330033660033990033CC0033FF0066000066330066660066990066CC0066FF0099
310
000099330099660099990099CC0099FF00CC0000CC3300CC6600CC9900CCCC00CCFF00FF0000FF3300FF6600FF9900FFCC00FFFF3300003300333300663300993300CC3300FF3333003333333333663333993333CC3333FF3366003366333366663366993366CC3366FF3399003399333399663399993399CC3399FF33CC00
310
33CC3333CC6633CC9933CCCC33CCFF33FF0033FF3333FF6633FF9933FFCC33FFFF6600006600336600666600996600CC6600FF6633006633336633666633996633CC6633FF6666006666336666666666996666CC6666FF6699006699336699666699996699CC6699FF66CC0066CC3366CC6666CC9966CCCC66CCFF66FF0066
310
FF3366FF6666FF9966FFCC66FFFF9900009900339900669900999900CC9900FF9933009933339933669933999933CC9933FF9966009966339966669966999966CC9966FF9999009999339999669999999999CC9999FF99CC0099CC3399CC6699CC9999CCCC99CCFF99FF0099FF3399FF6699FF9999FFCC99FFFFCC0000CC00
310
33CC0066CC0099CC00CCCC00FFCC3300CC3333CC3366CC3399CC33CCCC33FFCC6600CC6633CC6666CC6699CC66CCCC66FFCC9900CC9933CC9966CC9999CC99CCCC99FFCCCC00CCCC33CCCC66CCCC99CCCCCCCCCCFFCCFF00CCFF33CCFF66CCFF99CCFFCCCCFFFFFF0000FF0033FF0066FF0099FF00CCFF00FFFF3300FF3333
310
FF3366FF3399FF33CCFF33FFFF6600FF6633FF6666FF6699FF66CCFF66FFFF9900FF9933FF9966FF9999FF99CCFF99FFFFCC00FFCC33FFCC66FFCC99FFCCCCFFCCFFFFFF00FFFF33FFFF66FFFF99FFFFCCFFFFFF0000000D0D0D1A1A1A2828283535354343435050505D5D5D6B6B6B787878868686939393A1A1A1AEAEAEBB
310
BBBBC9C9C9D6D6D6E4E4E4F1F1F1FFFFFF000000000000000000000000000000000000000000000000000000000000B21171F6000003934944415478DAED5B518EA3300CF50D720C24246E9943F13542E22FF7C9FFC676121CA0D2AC3AAB1DD3F7AA09C476D1E4D1262FC62502000000000000FE3522080001200004800010
310
000240000800012000048000100002400008000120000480001000029E80AFAF9F22E05B57FA95046439D19672BE39C4FCDAD70FD92701FC9FD3548EBBFE95E14CA5BBEFDACB721677B1D6DEDE7B547BE502CB92C92B01A404E890C910205D4300912560EC3926809B402911CD73A24421704BB398B413AB43A38CA3BDC3FF
310
5C981865380CB2E7D289C691ACA347F9C642B431E67968A9BCB4138D639B2FB19B5CC22DF67D59A88F9674E83C4E31F1F098003A38B9C696194027059F04C83CC88B41CEDAF693761607D325B6AF855E3110701A272901F99680FC0802F62E075A3B748480ABE914EBF9EEEFBBDCC7556E686D874ECEB199CE8E6AD2ABB8FE
310
0AC8649EF3D16EB9BE6415181D975826C0F74258D6F32D8D4BDBBC89691B9641355D62FDEBA030A769625953DAA2F1F43C4D29A9231A472A4AD046B129B499C42578052F22774AB70484818054094803012C8577E7DF0115B956EBCEC6145F39D243A4F0F2AE145E1C4BE1B204C8BFBF4A6F5D8FF630C5B3E91C5BAE907D2F
310
8317757792C24F56829A13784F09BA1EBFEEE3FAA0F22D01F70EC383E3DDA064F7B6226C3791B7ACEE44F11A536CA6751579788A652538F9FE0E9011B94DEBCA2A50A5F0E8B8C4FA5782362566DB7A8883E912EB5707C486100F84579DEF39EEF0FBF301C1DCD510CCBD0D26291A82F9049CA268F73E0770CE57F684B54DB3
310
9A78EBC70488634B87C3C6420A2FCEB3C259256D590E7BCBDAA6B62B274547C72996F2E27A3708292C6A38372E7ADB4D7134DDC4FABEFD3629DA729F54B39E3424456F52A71C5B2FE27823449A01CD43BAF330F5A4E8DA73A5E7A4A8F30D91AE020348729F64A570735C635D437282E92F7282E9613941DEC749F297643824
310
432BE79CFBAC8E581D429664857B54D29CAAF7A4E8DD36C826459FBA196A4AF093EB03F8A95EAF0FD029EEA63E601B4C97D82285FD3E1BD487A33F501FF0B0ACF007D5073412DE4B8ABADE0DFE447DC034B9BEFBEFD707B8CF0A1FCFFC2B662B8567A38EADE339F501F42A2718AE39413A47F9AE14E5296CAF594DFD1C875A
310
35AC22D7D40A0753471CDA368243CB3B7C174B9721D5A26FCA4309741E8BA5F35048DDAAACA5B7785D0C3EFEF7021FFF8B916F013F9A0201000000000000000000000000000000000000000000C07FC21F9C6946B9D75FCC270000000049454E44AE426082
  0
ACDSRECORD
 90
        0
  2
AcDbDs::ID
280
    10
320
171357
  2
Thumbnail_Data
280
    15
 94
     3465
310
89504E470D0A1A0A0000000D4948445200000100000000B5080300000087DCD12600000300504C5445212830000000C8C8C80000000000000000000000000000000000000000000000000000330000660000990000CC0000FF0033000033330033660033990033CC0033FF0066000066330066660066990066CC0066FF0099
310
000099330099660099990099CC0099FF00CC0000CC3300CC6600CC9900CCCC00CCFF00FF0000FF3300FF6600FF9900FFCC00FFFF3300003300333300663300993300CC3300FF3333003333333333663333993333CC3333FF3366003366333366663366993366CC3366FF3399003399333399663399993399CC3399FF33CC00
310
33CC3333CC6633CC9933CCCC33CCFF33FF0033FF3333FF6633FF9933FFCC33FFFF6600006600336600666600996600CC6600FF6633006633336633666633996633CC6633FF6666006666336666666666996666CC6666FF6699006699336699666699996699CC6699FF66CC0066CC3366CC6666CC9966CCCC66CCFF66FF0066
310
FF3366FF6666FF9966FFCC66FFFF9900009900339900669900999900CC9900FF9933009933339933669933999933CC9933FF9966009966339966669966999966CC9966FF9999009999339999669999999999CC9999FF99CC0099CC3399CC6699CC9999CCCC99CCFF99FF0099FF3399FF6699FF9999FFCC99FFFFCC0000CC00
310
33CC0066CC0099CC00CCCC00FFCC3300CC3333CC3366CC3399CC33CCCC33FFCC6600CC6633CC6666CC6699CC66CCCC66FFCC9900CC9933CC9966CC9999CC99CCCC99FFCCCC00CCCC33CCCC66CCCC99CCCCCCCCCCFFCCFF00CCFF33CCFF66CCFF99CCFFCCCCFFFFFF0000FF0033FF0066FF0099FF00CCFF00FFFF3300FF3333
310
FF3366FF3399FF33CCFF33FFFF6600FF6633FF6666FF6699FF66CCFF66FFFF9900FF9933FF9966FF9999FF99CCFF99FFFFCC00FFCC33FFCC66FFCC99FFCCCCFFCCFFFFFF00FFFF33FFFF66FFFF99FFFFCCFFFFFF0000000D0D0D1A1A1A2828283535354343435050505D5D5D6B6B6B787878868686939393A1A1A1AEAEAEBB
310
BBBBC9C9C9D6D6D6E4E4E4F1F1F1FFFFFF000000000000000000000000000000000000000000000000000000000000B21171F600000A444944415478DAED9DC9B1E32010403B0385614A55CE41C13814F2F869F8A82ADF1C01075F2608EEC326895DC802816D3153BF3F48238BE7A6E9661BA03F9DFEFD839F4E27809F0740
310
4F004ACAA45D30D35AF9EE7F50E1930D00E2E7ED1BD2C0D3CA3D4B9D2D005FA0D312C0CA3D5F0D40FCBCDFEFBF0DE0973520257D3300F8750D781300940280786AD84E9C0036034007A4C601947EBDD60194D7D013C009E03B00487B36FF405F0320B52A9A55DF507F540700DD04A0701F781000FA3680D206E0047002F802
310
00B3F11335DAE0E21E0460188E00F08E8FFF59000A843F6D02D0DED30490DFF753008AC684DB6DC0E100D00900414B008CB72B0F0015EE6B777483683B00FC8606141E134906E035D8142DF38D28D3320DF39131FD3766390F00E0790374800684139DDEF59826E00350BC0920DA1A004F3BE8649A6487F7FD323F87FD8AA0
310
06008802B03480D901FA10095D44128D5796E0680915BF6279E1B194205572BD5E43002EB2FD6719424F1F11F203E81010F210572EFC272194FD9125385E42785564A3D04AD427B00CBA22FF57AC8CDFC3D20004350050606F4D840610A2AA00AA04AF94F02435806825682E21011DBF308C426B1A00D05122DFBC23C6954E
310
544ECBCBDAE139379B455EDC199FC31F269F1A00C02BEFB101350140C700102D751D219EBCD480EE615E35F388E72106A067E9F96C0A40D7F5BC8BEB09913294C7539E58D7ED7C1400FBC81E5A01C01B2BFFDE9E3CF56B1227DE272D4504003383E3D806004680F0B71931B0575A9138F13E563FF6D84B1880EC0B0A01A09B
310
00C0435AACFBFD3EFAE5486789AD7C58B24E11E200E09E1100DD0F00A6C568318913EF3B1080584A386C0560796098A7FB1D6794F41A048055BA53765B250D505EA7D2802BA5FDC8557EEC57244EBCAFA7570EE011E90568561BB019C0D404C457C1BCF6EBC8D57B5C9378CEC38ABCF20707DC7C220DE0D80280EE7121B21B
310
142F4EC8189578E5FA22098F1E660D30EBC6F0F4D00A007A915E6B663F40040F2100BC09B0FEB22D00BDAA405CE2C4FBD601647685F703207F2C71C58D4A9C785F1C40FFD7F79983A1DD00BA4EBC387B6D2903792CF35D379507F37100DE11A15A0044FD1FBD484C85450AE5F19427D6753B2F0707824DA06FA809A870D88C
310
E64820FF6E34E833823501200D0015DF553F4AE3E595E32CB1950F4A110DD2308069A7537500984E61AB0A7E3C725C24B6F2AC330F48F65C3C69803DDC593F18B235A04830B46800826600A8EF029936A014805A1A005B00F011A1AB6890F73B5D9538F13E96AE30F7021600190BF27BF24583F03E0046400443228A5B9338
310
F13EFE4422C67EFD1A200CE0BDC2909807801C10C91D0DC2550F861C00D983A17D00401B141DA312CFF9D54151CD13B4354044834E3084CA02985EC20BA0882314D300E608399EE02100021A50C6158E00C8EB0A4FDB8BB7026036781A9EC332D8E1BF4919CF77DD541ECEAB44E5C010D653FF375DCBA301C32E0D28170E5F
310
2E010DE0E1F013F235817735A0F480C83C2AEC71843C5363E88889910000427203E0BD4014C098B717A0BB00103E2CCEA7B498F98A4BEC968357527D62C403A056341800B03235B6486CE5C392AF17B984C3E1CAC19035225428182297F6C2E1403458626A2C1C0D569D1A43BEF1802B9F1E1741CCB82271E27D23E5514174
310
3CA0A511A1225363D7D88850EDA931774C3071CA6B991A03535E2D698C097A83A166A6C6A4452A3035B6362A5C726ACC7BFE500C40914552917981EC8BA472CD0CCDBE7C20AF6201BE2C4EBFEEE641AEAC0CCC0CF57D737383D0F1692FF1F508D981378F65BE9BCBC3F9D8E4685B53637526479FEE32E9CAD3E3E6085040E2
310
C4FBD6A7C70D1B801A5821326E1C131C57174A4601980B253303800D00844F4A664FD02BC745622B1F949446D7082957D074138E5C29EA0C8B170886B411216B60D60A86AA0040070070D6091601302C4ECF260035164AAA9A626245831534008C2650686A2CA201541F1142F50114981AE3736361004630541900510B2579
310
74F264DD9B57320042E2C07553F256457CCBE5554DEDA9B1AA00E63542E6A86E203F8D0A77D628B099472C1842E06E98D08CA03935561F408EA931567F950F0198B7D4F18592795DE1D47981D8A62992BE69CABA6AE5F9D6D128000EA97230E40000B5016EDE14E8942800BA43172A41EA7342000A6C9BDB010048700BA459
310
92B29552960823E803606FDE6F0080202037048B4D910FB509D62D515B67455A2F411786E54AC35B67A967EB2CAA01800F8BCADDD158DB05ED96A8CDD3FAE568893846A18B6B40C6CDD3ED6D9F179610FC3640E35FFB0409D8D804371CA0803C1F511980EF0C115AEE0C1164FD57081E00879E2192FACDE5D20038E808E676
310
011C44E004D02E00E3F4C1ADE7B1B605C0EDB051D273900900350E00C52EA53B2DC70378FF40C5F57E72E779F2079C36EF0100EF01804C362048B68C594C5D28591940B963F58EFC1F26DE04704437B81340720FF57D0044D5D3CF0AFE36006607F5830060EBE9DAFB00BCA6740238011405405B05D06434B800C0091227DE
310
D730008F77FEA084F4E40F933FD2E79284D00B71C6BB5E7A3B602DE1652679115E650158911FA2888FCFF7007F7F7CD22A93646F71B9B8005E260087C01B26E24D006000108B97B9EAF64AAA79FE1DF24A1F9B877C5F8734012BF4571AF01493BCCF3E97646FF1C830E69D1D80B563441941BE765F9C24F51C734910535F74
310
C506A81CC8BFE05CD0DAC95252060088058EECC513E5B82203005E1100BA4D9CCCA1CF50BC32000017805CFBB326F1941F212E9300088B3FD71CC06B1EC12DD96303903943C8E76FD0328F936B72489F24DA6704D7BB845D4690EAF3385865323A4208CA1BC27C002061CC6EA3976703985A3DE83AADA204F975EB562F2DA5
310
1FA9591F80596DA34D4F18841FA8381CE10A5B73B9A56D4010C04B8B161580572100E0F4025B3400366B40A3D1E07703801F04B06744687191D08F0340BFAE01E8A735A0483A019C004E003500D04200B6AFF168D7138C0E9367FD9FA73F0040C116F009003E3E9D003E1DC06D4B1A06B7E4E301D8C7BD68032A37E33418FE
310
EB6DD08B44C9C703986A3D1F31B7FCD4EAA06AED2D19BE0C80EBE42CDFB9B724D352D9DA00680080712452A0A441005B0C9B95161B30807D20D4CD53D228808492981114C267F41D806D03D034FA6666DD1B976F7E4B401704C0956906D4B206D8463027808A8AB0C30668699AF97233B33BB0D6046E1F600386A023640148
310
D400F82C0030D580EA76007C00661083EB19340A608B11F4DA001F80E183001C65041B04B0C5086E8A086FCA3EDCF85F7A0B03508FFF3823B89A342BC94C4710806A359F630334F3E7360603808E6205C0F039BD80DE07C4016CB001C3A73B4229A955009B6DC0D2C387AC8275C171756D4FF05ED5153642BBC506D85ABEBC
310
E0209AF4E084844B3318748F691A088AB8C2037C3A00BA028046010C1FE50A6FD30048D080A87751E2E24677C6F9C743F02983FF1386F88048340D052E0E153ED3F40D62002CBB3A14B838ACBC75B6CF2C0000F20318CA01185601D8D6D35EC13A3DD22D5FAC91EF022F1FBCF63970BF513E980F32FFC1107C550980AE7D82
310
EB08FD603A019C004E00407F3BFDFB0FB9B9B7BF5AFF19730000000049454E44AE426082
  0
ENDSEC
  0
EOF
