  0
SECTION
  2
HEADER
  9
$ACADVER
  1
AC1027
  9
$ACADMAINTVER
 70
    55
  9
$DWGCODEPAGE
  3
ANSI_932
  9
$LASTSAVEDBY
  1
遠藤 健一
  9
$REQUIREDVERSIONS
160
                 0
  9
$INSBASE
 10
0.0
 20
0.0
 30
0.0
  9
$EXTMIN
 10
1002.393728827514
 20
-353.5444166610301
 30
0.0
  9
$EXTMAX
 10
1417.562700601835
 20
-13.01991284770167
 30
0.0
  9
$LIMMIN
 10
1015.377969409344
 20
-400.7220557825569
  9
$LIMMAX
 10
1470.633224762881
 20
39.8806572376468
  9
$ORTHOMODE
 70
     1
  9
$REGENMODE
 70
     1
  9
$FILLMODE
 70
     1
  9
$QTEXTMODE
 70
     0
  9
$MIRRTEXT
 70
     1
  9
$LTSCALE
 40
0.45
  9
$ATTMODE
 70
     1
  9
$TEXTSIZE
 40
6.0
  9
$TRACEWID
 40
0.05
  9
$TEXTSTYLE
  7
ROMAND
  9
$CLAYER
  8
DIMENSION
  9
$CELTYPE
  6
BYLAYER
  9
$CECOLOR
 62
   256
  9
$CELTSCALE
 40
1.0
  9
$DISPSILH
 70
     0
  9
$DIMSCALE
 40
1.0
  9
$DIMASZ
 40
6.0
  9
$DIMEXO
 40
2.0
  9
$DIMDLI
 40
5.0
  9
$DIMRND
 40
0.0
  9
$DIMDLE
 40
0.0
  9
$DIMEXE
 40
2.0
  9
$DIMTP
 40
0.0
  9
$DIMTM
 40
0.0
  9
$DIMTXT
 40
6.0
  9
$DIMCEN
 40
0.0
  9
$DIMTSZ
 40
0.0
  9
$DIMTOL
 70
     0
  9
$DIMLIM
 70
     0
  9
$DIMTIH
 70
     0
  9
$DIMTOH
 70
     0
  9
$DIMSE1
 70
     0
  9
$DIMSE2
 70
     0
  9
$DIMTAD
 70
     1
  9
$DIMZIN
 70
     8
  9
$DIMBLK
  1

  9
$DIMASO
 70
     1
  9
$DIMSHO
 70
     1
  9
$DIMPOST
  1

  9
$DIMAPOST
  1

  9
$DIMALT
 70
     0
  9
$DIMALTD
 70
     2
  9
$DIMALTF
 40
25.4
  9
$DIMLFAC
 40
1.0
  9
$DIMTOFL
 70
     0
  9
$DIMTVP
 40
0.0
  9
$DIMTIX
 70
     0
  9
$DIMSOXD
 70
     0
  9
$DIMSAH
 70
     1
  9
$DIMBLK1
  1
ARROWHEAD
  9
$DIMBLK2
  1
ARROWHEAD
  9
$DIMSTYLE
  2
STANDARD
  9
$DIMCLRD
 70
     0
  9
$DIMCLRE
 70
     0
  9
$DIMCLRT
 70
     0
  9
$DIMTFAC
 40
1.0
  9
$DIMGAP
 40
1.0
  9
$DIMJUST
 70
     0
  9
$DIMSD1
 70
     0
  9
$DIMSD2
 70
     0
  9
$DIMTOLJ
 70
     1
  9
$DIMTZIN
 70
     0
  9
$DIMALTZ
 70
     0
  9
$DIMALTTZ
 70
     0
  9
$DIMUPT
 70
     0
  9
$DIMDEC
 70
     4
  9
$DIMTDEC
 70
     4
  9
$DIMALTU
 70
     2
  9
$DIMALTTD
 70
     2
  9
$DIMTXSTY
  7
ROMAND
  9
$DIMAUNIT
 70
     0
  9
$DIMADEC
 70
     4
  9
$DIMALTRND
 40
0.0
  9
$DIMAZIN
 70
     0
  9
$DIMDSEP
 70
    46
  9
$DIMATFIT
 70
     3
  9
$DIMFRAC
 70
     0
  9
$DIMLDRBLK
  1

  9
$DIMLUNIT
 70
     2
  9
$DIMLWD
 70
    -2
  9
$DIMLWE
 70
    -2
  9
$DIMTMOVE
 70
     0
  9
$DIMFXL
 40
1.0
  9
$DIMFXLON
 70
     0
  9
$DIMJOGANG
 40
0.7853981633974483
  9
$DIMTFILL
 70
     0
  9
$DIMTFILLCLR
 70
     0
  9
$DIMARCSYM
 70
     0
  9
$DIMLTYPE
  6

  9
$DIMLTEX1
  6

  9
$DIMLTEX2
  6

  9
$DIMTXTDIRECTION
 70
     0
  9
$LUNITS
 70
     2
  9
$LUPREC
 70
     4
  9
$SKETCHINC
 40
0.1
  9
$FILLETRAD
 40
2.399999999999999
  9
$AUNITS
 70
     0
  9
$AUPREC
 70
     0
  9
$MENU
  1
acad
  9
$ELEVATION
 40
0.0
  9
$PELEVATION
 40
0.0
  9
$THICKNESS
 40
0.0
  9
$LIMCHECK
 70
     0
  9
$CHAMFERA
 40
17.0
  9
$CHAMFERB
 40
17.0
  9
$CHAMFERC
 40
16.0
  9
$CHAMFERD
 40
0.7853981633974483
  9
$SKPOLY
 70
     0
  9
$TDCREATE
 40
2450344.708499422
  9
$TDUCREATE
 40
2450344.333499422
  9
$TDUPDATE
 40
2461187.643029977
  9
$TDUUPDATE
 40
2461187.268029977
  9
$TDINDWG
 40
13.2297878125
  9
$TDUSRTIMER
 40
13.2297876968
  9
$USRTIMER
 70
     1
  9
$ANGBASE
 50
0.0
  9
$ANGDIR
 70
     0
  9
$PDMODE
 70
     0
  9
$PDSIZE
 40
0.0
  9
$PLINEWID
 40
0.0
  9
$SPLFRAME
 70
     0
  9
$SPLINETYPE
 70
     6
  9
$SPLINESEGS
 70
     8
  9
$HANDSEED
  5
2EEED8
  9
$SURFTAB1
 70
     6
  9
$SURFTAB2
 70
     6
  9
$SURFTYPE
 70
     6
  9
$SURFU
 70
     6
  9
$SURFV
 70
     6
  9
$UCSBASE
  2

  9
$UCSNAME
  2

  9
$UCSORG
 10
0.0
 20
0.0
 30
0.0
  9
$UCSXDIR
 10
1.0
 20
0.0
 30
0.0
  9
$UCSYDIR
 10
0.0
 20
1.0
 30
0.0
  9
$UCSORTHOREF
  2

  9
$UCSORTHOVIEW
 70
     0
  9
$UCSORGTOP
 10
0.0
 20
0.0
 30
0.0
  9
$UCSORGBOTTOM
 10
0.0
 20
0.0
 30
0.0
  9
$UCSORGLEFT
 10
0.0
 20
0.0
 30
0.0
  9
$UCSORGRIGHT
 10
0.0
 20
0.0
 30
0.0
  9
$UCSORGFRONT
 10
0.0
 20
0.0
 30
0.0
  9
$UCSORGBACK
 10
0.0
 20
0.0
 30
0.0
  9
$PUCSBASE
  2

  9
$PUCSNAME
  2

  9
$PUCSORG
 10
0.0
 20
0.0
 30
0.0
  9
$PUCSXDIR
 10
1.0
 20
0.0
 30
0.0
  9
$PUCSYDIR
 10
0.0
 20
1.0
 30
0.0
  9
$PUCSORTHOREF
  2

  9
$PUCSORTHOVIEW
 70
     0
  9
$PUCSORGTOP
 10
0.0
 20
0.0
 30
0.0
  9
$PUCSORGBOTTOM
 10
0.0
 20
0.0
 30
0.0
  9
$PUCSORGLEFT
 10
0.0
 20
0.0
 30
0.0
  9
$PUCSORGRIGHT
 10
0.0
 20
0.0
 30
0.0
  9
$PUCSORGFRONT
 10
0.0
 20
0.0
 30
0.0
  9
$PUCSORGBACK
 10
0.0
 20
0.0
 30
0.0
  9
$USERI1
 70
     0
  9
$USERI2
 70
     0
  9
$USERI3
 70
     0
  9
$USERI4
 70
     0
  9
$USERI5
 70
     0
  9
$USERR1
 40
0.0
  9
$USERR2
 40
0.0
  9
$USERR3
 40
0.0
  9
$USERR4
 40
0.0
  9
$USERR5
 40
0.0
  9
$WORLDVIEW
 70
     1
  9
$SHADEDGE
 70
     3
  9
$SHADEDIF
 70
    70
  9
$TILEMODE
 70
     1
  9
$MAXACTVP
 70
    16
  9
$PINSBASE
 10
0.0
 20
0.0
 30
0.0
  9
$PLIMCHECK
 70
     0
  9
$PEXTMIN
 10
-37.92772424064665
 20
-19.86786597097574
 30
0.0
  9
$PEXTMAX
 10
445.7302333348934
 20
317.1590769778974
 30
0.0
  9
$PLIMMIN
 10
-47.94511021322647
 20
-29.87630432801071
  9
$PLIMMAX
 10
456.9551693147746
 20
327.167516852185
  9
$UNITMODE
 70
     0
  9
$VISRETAIN
 70
     0
  9
$PLINEGEN
 70
     0
  9
$PSLTSCALE
 70
     0
  9
$TREEDEPTH
 70
  3020
  9
$CMLSTYLE
  2
STANDARD
  9
$CMLJUST
 70
     0
  9
$CMLSCALE
 40
1.0
  9
$PROXYGRAPHICS
 70
     1
  9
$MEASUREMENT
 70
     0
  9
$CELWEIGHT
370
    -1
  9
$ENDCAPS
280
     0
  9
$JOINSTYLE
280
     0
  9
$LWDISPLAY
290
     0
  9
$INSUNITS
 70
     0
  9
$HYPERLINKBASE
  1

  9
$STYLESHEET
  1
monochrome.ctb
  9
$XEDIT
290
     1
  9
$CEPSNTYPE
380
     0
  9
$PSTYLEMODE
290
     1
  9
$FINGERPRINTGUID
  2
{7BF6A820-D835-44A2-8555-ECE8B0D02EBB}
  9
$VERSIONGUID
  2
{56FB6034-D212-4856-BAA1-AB8A01E6B86D}
  9
$EXTNAMES
290
     1
  9
$PSVPSCALE
 40
0.0
  9
$OLESTARTUP
290
     0
  9
$SORTENTS
280
    96
  9
$INDEXCTL
280
     0
  9
$HIDETEXT
280
     0
  9
$XCLIPFRAME
280
     2
  9
$HALOGAP
280
     0
  9
$OBSCOLOR
 70
   257
  9
$OBSLTYPE
280
     0
  9
$INTERSECTIONDISPLAY
280
     0
  9
$INTERSECTIONCOLOR
 70
   257
  9
$DIMASSOC
280
     1
  9
$PROJECTNAME
  1

  9
$CAMERADISPLAY
290
     0
  9
$LENSLENGTH
 40
50.0
  9
$CAMERAHEIGHT
 40
0.0
  9
$STEPSPERSEC
 40
2.0
  9
$STEPSIZE
 40
6.0
  9
$3DDWFPREC
 40
2.0
  9
$PSOLWIDTH
 40
0.25
  9
$PSOLHEIGHT
 40
4.0
  9
$LOFTANG1
 40
1.570796326794896
  9
$LOFTANG2
 40
1.570796326794896
  9
$LOFTMAG1
 40
0.0
  9
$LOFTMAG2
 40
0.0
  9
$LOFTPARAM
 70
     7
  9
$LOFTNORMALS
280
     1
  9
$LATITUDE
 40
37.795
  9
$LONGITUDE
 40
-122.394
  9
$NORTHDIRECTION
 40
0.0
  9
$TIMEZONE
 70
 -8000
  9
$LIGHTGLYPHDISPLAY
280
     1
  9
$TILEMODELIGHTSYNCH
280
     1
  9
$CMATERIAL
347
171308
  9
$SOLIDHIST
280
     1
  9
$SHOWHIST
280
     1
  9
$DWFFRAME
280
     2
  9
$DGNFRAME
280
     0
  9
$REALWORLDSCALE
290
     1
  9
$INTERFERECOLOR
 62
     1
  9
$INTERFEREOBJVS
345
17132A
  9
$INTERFEREVPVS
346
171526
  9
$CSHADOW
280
     0
  9
$SHADOWPLANELOCATION
 40
0.0
  0
ENDSEC
  0
SECTION
  2
CLASSES
  0
CLASS
  1
DICTIONARYVAR
  2
AcDbDictionaryVar
  3
ObjectDBX Classes
 90
        0
 91
       14
280
     0
281
     0
  0
CLASS
  1
ACDBDICTIONARYWDFLT
  2
AcDbDictionaryWithDefault
  3
ObjectDBX Classes
 90
        0
 91
        1
280
     0
281
     0
  0
CLASS
  1
MATERIAL
  2
AcDbMaterial
  3
ObjectDBX Classes
 90
     1153
 91
        3
280
     0
281
     0
  0
CLASS
  1
VISUALSTYLE
  2
AcDbVisualStyle
  3
ObjectDBX Classes
 90
     4095
 91
       26
280
     0
281
     0
  0
CLASS
  1
TABLESTYLE
  2
AcDbTableStyle
  3
ObjectDBX Classes
 90
     4095
 91
        1
280
     0
281
     0
  0
CLASS
  1
SCALE
  2
AcDbScale
  3
ObjectDBX Classes
 90
     1153
 91
       17
280
     0
281
     0
  0
CLASS
  1
MLEADERSTYLE
  2
AcDbMLeaderStyle
  3
ACDB_MLEADERSTYLE_CLASS
 90
     4095
 91
        1
280
     0
281
     0
  0
CLASS
  1
ACDBSECTIONVIEWSTYLE
  2
AcDbSectionViewStyle
  3
ObjectDBX Classes
 90
     1025
 91
        2
280
     0
281
     0
  0
CLASS
  1
ACDBDETAILVIEWSTYLE
  2
AcDbDetailViewStyle
  3
ObjectDBX Classes
 90
     1025
 91
        2
280
     0
281
     0
  0
CLASS
  1
DIMASSOC
  2
AcDbDimAssoc
  3
"AcDbDimAssoc|Product Desc:     AcDim ARX App For Dimension|Company:          Autodesk, Inc.|WEB Address:      www.autodesk.com"
 90
        0
 91
        0
280
     0
281
     0
  0
CLASS
  1
SORTENTSTABLE
  2
AcDbSortentsTable
  3
ObjectDBX Classes
 90
        0
 91
        1
280
     0
281
     0
  0
CLASS
  1
NPOCOLLECTION
  2
AcDbImpNonPersistentObjectsCollection
  3
ObjectDBX Classes
 90
     1153
 91
        0
280
     0
281
     0
  0
CLASS
  1
CELLSTYLEMAP
  2
AcDbCellStyleMap
  3
ObjectDBX Classes
 90
     1152
 91
        2
280
     0
281
     0
  0
CLASS
  1
EXACXREFPANELOBJECT
  2
ExAcXREFPanelObject
  3
EXAC_ESW
 90
     1025
 91
        0
280
     0
281
     0
  0
CLASS
  1
SOLID_BACKGROUND
  2
AcDbSolidBackground
  3
SCENEOE
 90
     4095
 91
        0
280
     0
281
     0
  0
CLASS
  1
MULTILEADER
  2
AcDbMLeader
  3
ACDB_MLEADER_CLASS
 90
     1025
 91
        0
280
     0
281
     1
  0
CLASS
  1
ACAD_EVALUATION_GRAPH
  2
AcDbEvalGraph
  3
ObjectDBX Classes
 90
     1153
 91
        0
280
     0
281
     0
  0
CLASS
  1
ACAECUSTOBJ
  2
AcAeEditorObj
  3
AcAeEditorObj
 90
     1024
 91
        0
280
     0
281
     0
  0
CLASS
  1
ACDB_DYNAMICBLOCKPURGEPREVENTER_VERSION
  2
AcDbDynamicBlockPurgePreventer
  3
ObjectDBX Classes
 90
     1153
 91
        0
280
     0
281
     0
  0
CLASS
  1
RAPIDRTRENDERSETTINGS
  2
AcDbRapidRTRenderSettings
  3
ObjectDBX Classes
 90
     1024
 91
        0
280
     0
281
     0
  0
ENDSEC
  0
SECTION
  2
TABLES
  0
TABLE
  2
VPORT
  5
11F682
102
{ACAD_XDICTIONARY
360
1ABE7F
102
}
330
0
100
AcDbSymbolTable
 70
     1
  0
VPORT
  5
11F70E
330
11F682
100
AcDbSymbolTableRecord
100
AcDbViewportTableRecord
  2
*ACTIVE
 70
     0
 10
0.0
 20
0.0
 11
1.0
 21
1.0
 12
-203.373285453711
 22
-818.5045138861848
 13
0.0
 23
0.0
 14
0.5
 24
0.5
 15
0.0
 25
0.0
 16
0.0
 26
0.0
 36
1446.201050328711
 17
1309.059462927271
 27
616.26951099347
 37
0.0
 40
378.086515073906
 41
1.583222370173102
 42
50.0
 43
0.0
 44
0.0
 50
0.0
 51
0.0
 71
     0
 72
   100
 73
     1
 74
     0
 75
     0
 76
     0
 77
     0
 78
     0
281
     0
 65
     1
110
0.0
120
0.0
130
0.0
111
1.0
121
0.0
131
0.0
112
0.0
122
1.0
132
0.0
 79
     0
146
0.0
348
171326
 60
     3
 61
     5
292
     1
282
     1
141
0.0
142
0.0
 63
   250
421
  3355443
1001
ACAD_NAV_VCDISPLAY
1070
     3
  0
ENDTAB
  0
TABLE
  2
LTYPE
  5
11F67F
330
0
100
AcDbSymbolTable
 70
     3
  0
LTYPE
  5
11F68C
330
11F67F
100
AcDbSymbolTableRecord
100
AcDbLinetypeTableRecord
  2
BYBLOCK
 70
     0
  3

 72
    65
 73
     0
 40
0.0
  0
LTYPE
  5
11F68D
330
11F67F
100
AcDbSymbolTableRecord
100
AcDbLinetypeTableRecord
  2
BYLAYER
 70
     0
  3

 72
    65
 73
     0
 40
0.0
  0
LTYPE
  5
11F68E
330
11F67F
100
AcDbSymbolTableRecord
100
AcDbLinetypeTableRecord
  2
CONTINUOUS
 70
     0
  3
Solid line
 72
    65
 73
     0
 40
0.0
  0
LTYPE
  5
11F6F7
330
11F67F
100
AcDbSymbolTableRecord
100
AcDbLinetypeTableRecord
  2
CENTER2
 70
     0
  3
___ _ ___ _ ___ _ ___ _ ___ _ ___ _ ___ _ ___ _
 72
    65
 73
     4
 40
28.575
 49
19.05
 74
     0
 49
-3.174999999999998
 74
     0
 49
3.174999999999998
 74
     0
 49
-3.174999999999998
 74
     0
  0
LTYPE
  5
263B20
330
11F67F
100
AcDbSymbolTableRecord
100
AcDbLinetypeTableRecord
  2
HIDDENX2
 70
     0
  3
Hidden (2x) ____ ____ ____ ____ ____ ____ ____
 72
    65
 73
     2
 40
0.75
 49
0.5
 74
     0
 49
-0.25
 74
     0
  0
ENDTAB
  0
TABLE
  2
LAYER
  5
11F67C
102
{ACAD_XDICTIONARY
360
1713B1
102
}
330
0
100
AcDbSymbolTable
 70
    31
  0
LAYER
  5
11F689
102
{ACAD_XDICTIONARY
360
17136F
102
}
330
11F67C
100
AcDbSymbolTableRecord
100
AcDbLayerTableRecord
  2
0
 70
     0
 62
     7
  6
CONTINUOUS
370
    -3
390
171306
347
171318
348
0
  0
LAYER
  5
11F71A
102
{ACAD_XDICTIONARY
360
171379
102
}
330
11F67C
100
AcDbSymbolTableRecord
100
AcDbLayerTableRecord
  2
CENTER
 70
     0
 62
   243
  6
CENTER2
370
    -3
390
171306
347
171318
348
0
  0
LAYER
  5
11F71D
102
{ACAD_XDICTIONARY
360
17137B
102
}
330
11F67C
100
AcDbSymbolTableRecord
100
AcDbLayerTableRecord
  2
DIMENSION
 70
     0
 62
     3
  6
CONTINUOUS
370
    -3
390
171306
347
171318
348
0
  0
LAYER
  5
11F71E
102
{ACAD_XDICTIONARY
360
17137D
102
}
330
11F67C
100
AcDbSymbolTableRecord
100
AcDbLayerTableRecord
  2
NOTES
 70
     0
 62
     2
  6
CONTINUOUS
370
    -3
390
171306
347
171318
348
0
  0
LAYER
  5
11F720
102
{ACAD_XDICTIONARY
360
171381
102
}
330
11F67C
100
AcDbSymbolTableRecord
100
AcDbLayerTableRecord
  2
VIEWPORT
 70
     1
 62
     7
  6
CONTINUOUS
370
    -3
390
171306
347
171318
348
0
  0
LAYER
  5
1230B7
102
{ACAD_XDICTIONARY
360
171385
102
}
330
11F67C
100
AcDbSymbolTableRecord
100
AcDbLayerTableRecord
  2
DETAIL
 70
     0
 62
     6
  6
CONTINUOUS
370
    -3
390
171306
347
171318
348
0
  0
LAYER
  5
163429
102
{ACAD_XDICTIONARY
360
17138F
102
}
330
11F67C
100
AcDbSymbolTableRecord
100
AcDbLayerTableRecord
  2
SECTION
 70
     0
 62
    31
  6
CONTINUOUS
370
    -3
390
171306
347
171318
348
0
  0
LAYER
  5
1685A9
102
{ACAD_XDICTIONARY
360
1713A5
102
}
330
11F67C
100
AcDbSymbolTableRecord
100
AcDbLayerTableRecord
  2
LINE
 70
     0
 62
     7
  6
CONTINUOUS
370
    -3
390
171306
347
171318
348
0
  0
LAYER
  5
1685AC
330
11F67C
100
AcDbSymbolTableRecord
100
AcDbLayerTableRecord
  2
DEFPOINTS
 70
     0
 62
     7
  6
CONTINUOUS
290
     0
370
    -3
390
171306
347
171318
348
0
  0
LAYER
  5
263B21
330
11F67C
100
AcDbSymbolTableRecord
100
AcDbLayerTableRecord
  2
HIDDEN
 70
     0
 62
     5
  6
HIDDENX2
370
    -3
390
171306
347
171318
348
0
1001
AcAecLayerStandard
1000

1000

  0
LAYER
  5
26E730
330
11F67C
100
AcDbSymbolTableRecord
100
AcDbLayerTableRecord
  2
LINE2
 70
     0
 62
   110
  6
CONTINUOUS
370
    -3
390
171306
347
171318
348
0
1001
AcAecLayerStandard
1000

1000

1001
AcCmTransparency
1071
        0
  0
LAYER
  5
26E731
330
11F67C
100
AcDbSymbolTableRecord
100
AcDbLayerTableRecord
  2
LINE3
 70
     0
 62
   230
  6
CONTINUOUS
370
    -3
390
171306
347
171318
348
0
1001
AcAecLayerStandard
1000

1000

1001
AcCmTransparency
1071
        0
  0
LAYER
  5
273938
330
11F67C
100
AcDbSymbolTableRecord
100
AcDbLayerTableRecord
  2
LINE6
 70
     0
 62
    60
  6
CONTINUOUS
370
    -3
390
171306
347
171318
348
0
1001
AcAecLayerStandard
1000

1000

1001
AcCmTransparency
1071
        0
  0
LAYER
  5
2A4D9E
330
11F67C
100
AcDbSymbolTableRecord
100
AcDbLayerTableRecord
  2
LINE9
 70
     0
 62
    30
  6
CONTINUOUS
370
    -3
390
171306
347
171318
348
0
1001
AcAecLayerStandard
1000

1000

1001
AcCmTransparency
1071
        0
  0
LAYER
  5
2CC7B0
330
11F67C
100
AcDbSymbolTableRecord
100
AcDbLayerTableRecord
  2
LINE5
 70
     0
 62
   200
  6
CONTINUOUS
370
    -3
390
171306
347
171318
348
0
1001
AcAecLayerStandard
1000

1000

1001
AcCmTransparency
1071
        0
  0
LAYER
  5
2D09A7
330
11F67C
100
AcDbSymbolTableRecord
100
AcDbLayerTableRecord
  2
LINE10
 70
     0
 62
    52
  6
CONTINUOUS
370
    -3
390
171306
347
171318
348
0
1001
AcAecLayerStandard
1000

1000

1001
AcCmTransparency
1071
        0
  0
LAYER
  5
2D0C88
330
11F67C
100
AcDbSymbolTableRecord
100
AcDbLayerTableRecord
  2
LINE11
 70
     0
 62
   132
  6
CONTINUOUS
370
    -3
390
171306
347
171318
348
0
1001
AcAecLayerStandard
1000

1000

1001
AcCmTransparency
1071
        0
  0
LAYER
  5
2D0E5B
330
11F67C
100
AcDbSymbolTableRecord
100
AcDbLayerTableRecord
  2
LINE12
 70
     0
 62
   150
  6
CONTINUOUS
370
    -3
390
171306
347
171318
348
0
1001
AcAecLayerStandard
1000

1000

1001
AcCmTransparency
1071
        0
  0
LAYER
  5
2EE247
330
11F67C
100
AcDbSymbolTableRecord
100
AcDbLayerTableRecord
  2
ANA NEJI
 70
     0
 62
     1
  6
CONTINUOUS
370
    -3
390
171306
347
171318
348
0
1001
AcAecLayerStandard
1000

1000

1001
AcCmTransparency
1071
        0
  0
LAYER
  5
2EE248
330
11F67C
100
AcDbSymbolTableRecord
100
AcDbLayerTableRecord
  2
ANA 10
 70
     0
 62
     7
  6
CONTINUOUS
370
    -3
390
171306
347
171318
348
0
1001
AcAecLayerStandard
1000

1000

1001
AcCmTransparency
1071
        0
  0
LAYER
  5
2EE249
330
11F67C
100
AcDbSymbolTableRecord
100
AcDbLayerTableRecord
  2
ANA 12
 70
     0
 62
     6
  6
CONTINUOUS
370
    -3
390
171306
347
171318
348
0
1001
AcAecLayerStandard
1000

1000

1001
AcCmTransparency
1071
        0
  0
LAYER
  5
2EE24A
330
11F67C
100
AcDbSymbolTableRecord
100
AcDbLayerTableRecord
  2
ANA 13
 70
     0
 62
   230
  6
CONTINUOUS
370
    -3
390
171306
347
171318
348
0
1001
AcAecLayerStandard
1000

1000

1001
AcCmTransparency
1071
        0
  0
LAYER
  5
2EE24B
330
11F67C
100
AcDbSymbolTableRecord
100
AcDbLayerTableRecord
  2
ANA 14
 70
     0
 62
   110
  6
CONTINUOUS
370
    -3
390
171306
347
171318
348
0
1001
AcAecLayerStandard
1000

1000

1001
AcCmTransparency
1071
        0
  0
LAYER
  5
2EE24C
330
11F67C
100
AcDbSymbolTableRecord
100
AcDbLayerTableRecord
  2
ANA 16
 70
     0
 62
    30
  6
CONTINUOUS
370
    -3
390
171306
347
171318
348
0
1001
AcAecLayerStandard
1000

1000

1001
AcCmTransparency
1071
        0
  0
LAYER
  5
2EE24D
330
11F67C
100
AcDbSymbolTableRecord
100
AcDbLayerTableRecord
  2
ANA 17.1 Φ6x5°U6.9
 70
     0
 62
     5
  6
CONTINUOUS
370
    -3
390
171306
347
171318
348
0
1001
AcAecLayerStandard
1000

1000

1001
AcCmTransparency
1071
        0
  0
LAYER
  5
2EE24E
330
11F67C
100
AcDbSymbolTableRecord
100
AcDbLayerTableRecord
  2
ANA 20
 70
     0
 62
    60
  6
CONTINUOUS
370
    -3
390
171306
347
171318
348
0
1001
AcAecLayerStandard
1000

1000

1001
AcCmTransparency
1071
        0
  0
LAYER
  5
2EE24F
330
11F67C
100
AcDbSymbolTableRecord
100
AcDbLayerTableRecord
  2
ANA 16.9
 70
     0
 62
   150
  6
CONTINUOUS
370
    -3
390
171306
347
171318
348
0
1001
AcAecLayerStandard
1000

1000

1001
AcCmTransparency
1071
        0
  0
LAYER
  5
2EE250
330
11F67C
100
AcDbSymbolTableRecord
100
AcDbLayerTableRecord
  2
ANA 14.9
 70
     0
 62
   132
  6
CONTINUOUS
370
    -3
390
171306
347
171318
348
0
1001
AcAecLayerStandard
1000

1000

1001
AcCmTransparency
1071
        0
  0
LAYER
  5
2EED74
330
11F67C
100
AcDbSymbolTableRecord
100
AcDbLayerTableRecord
  2
ANA 16.9　Φ3.3
 70
     0
 62
   150
  6
CONTINUOUS
370
    -3
390
171306
347
171318
348
0
1001
AcAecLayerStandard
1000

1000

1001
AcCmTransparency
1071
        0
  0
LAYER
  5
2EEE51
330
11F67C
100
AcDbSymbolTableRecord
100
AcDbLayerTableRecord
  2
ANA 22.5
 70
     0
 62
   200
  6
CONTINUOUS
370
    -3
390
171306
347
171318
348
0
1001
AcAecLayerStandard
1000

1000

1001
AcCmTransparency
1071
        0
  0
LAYER
  5
2EEE61
330
11F67C
100
AcDbSymbolTableRecord
100
AcDbLayerTableRecord
  2
ANA 17.1 Φ3.3
 70
     0
 62
     5
  6
CONTINUOUS
370
    -3
390
171306
347
171318
348
0
1001
AcAecLayerStandard
1000

1000

1001
AcCmTransparency
1071
        0
  0
ENDTAB
  0
TABLE
  2
STYLE
  5
11F67D
330
0
100
AcDbSymbolTable
 70
     2
  0
STYLE
  5
11F68A
330
11F67D
100
AcDbSymbolTableRecord
100
AcDbTextStyleTableRecord
  2
STANDARD
 70
     0
 40
0.0
 41
1.0
 50
0.0
 71
     0
 42
6.599999999999999
  3
txt
  4

  0
STYLE
  5
11F6F2
330
11F67D
100
AcDbSymbolTableRecord
100
AcDbTextStyleTableRecord
  2
ROMAND
 70
     0
 40
6.0
 41
1.0
 50
0.0
 71
     0
 42
6.0
  3
romand.shx
  4

  0
ENDTAB
  0
TABLE
  2
VIEW
  5
11F680
330
0
100
AcDbSymbolTable
 70
     4
  0
VIEW
  5
134A50
330
11F680
100
AcDbSymbolTableRecord
100
AcDbViewTableRecord
  2
OLE1
 70
     0
 40
35.85446284363201
 10
327.1372489898108
 20
351.7279520606295
 41
51.94046332746935
 11
0.0
 21
0.0
 31
1.0
 12
0.0
 22
0.0
 32
0.0
 42
50.0
 43
0.0
 44
0.0
 50
0.0
 71
     0
281
     0
 72
     0
 73
     0
348
171326
  0
VIEW
  5
134C12
330
11F680
100
AcDbSymbolTableRecord
100
AcDbViewTableRecord
  2
OLE2
 70
     0
 40
44.40982457712922
 10
328.3638021163767
 20
337.4415240688995
 41
64.3341632222335
 11
0.0
 21
0.0
 31
1.0
 12
0.0
 22
0.0
 32
0.0
 42
50.0
 43
0.0
 44
0.0
 50
0.0
 71
     0
281
     0
 72
     0
 73
     0
348
171326
  0
VIEW
  5
1CC7D9
102
{ACAD_XDICTIONARY
360
1CC7DA
102
}
330
11F680
100
AcDbSymbolTableRecord
100
AcDbViewTableRecord
  2
OLE3
 70
     0
 40
144.0876742434197
 10
2855.635903666467
 20
561.9303055457163
 41
316.6137052454092
 11
0.0
 21
0.0
 31
1.0
 12
0.0
 22
0.0
 32
0.0
 42
50.0
 43
0.0
 44
0.0
 50
0.0
 71
     0
281
     0
 72
     0
 73
     0
348
171326
  0
VIEW
  5
1EDB3F
102
{ACAD_XDICTIONARY
360
1EDB40
102
}
330
11F680
100
AcDbSymbolTableRecord
100
AcDbViewTableRecord
  2
OLE4
 70
     0
 40
181.4561246268264
 10
19464.61864151297
 20
-151.7093029303184
 41
398.7259580615792
 11
0.0
 21
0.0
 31
1446.201050328711
 12
1309.059462927271
 22
616.26951099347
 32
0.0
 42
50.0
 43
0.0
 44
0.0
 50
0.0
 71
     0
281
     0
 72
     0
 73
     0
348
171326
  0
ENDTAB
  0
TABLE
  2
UCS
  5
11F681
330
0
100
AcDbSymbolTable
 70
     0
  0
ENDTAB
  0
TABLE
  2
APPID
  5
11F683
330
0
100
AcDbSymbolTable
 70
    18
  0
APPID
  5
11F68B
330
11F683
100
AcDbSymbolTableRecord
100
AcDbRegAppTableRecord
  2
ACAD
 70
     0
  0
APPID
  5
13D619
330
11F683
100
AcDbSymbolTableRecord
100
AcDbRegAppTableRecord
  2
AcDbBlockRepETag
 70
     0
  0
APPID
  5
17135D
330
11F683
100
AcDbSymbolTableRecord
100
AcDbRegAppTableRecord
  2
ACAD_PSEXT
 70
     0
  0
APPID
  5
171524
330
11F683
100
AcDbSymbolTableRecord
100
AcDbRegAppTableRecord
  2
AcAecLayerStandard
 70
     0
  0
APPID
  5
171525
330
11F683
100
AcDbSymbolTableRecord
100
AcDbRegAppTableRecord
  2
ACAD_NAV_VCDISPLAY
 70
     0
  0
APPID
  5
1A19A3
330
11F683
100
AcDbSymbolTableRecord
100
AcDbRegAppTableRecord
  2
ACAD_EXEMPT_FROM_CAD_STANDARDS
 70
     0
  0
APPID
  5
1ABECA
330
11F683
100
AcDbSymbolTableRecord
100
AcDbRegAppTableRecord
  2
ACAD_MLEADERVER
 70
     0
  0
APPID
  5
1ABEFA
330
11F683
100
AcDbSymbolTableRecord
100
AcDbRegAppTableRecord
  2
AcadAnnoMonitorAlertIconDisabled
 70
     0
  0
APPID
  5
1AC1AE
330
11F683
100
AcDbSymbolTableRecord
100
AcDbRegAppTableRecord
  2
ACAD_DSTYLE_DIMRADIAL_EXTENSION
 70
     0
  0
APPID
  5
1B3827
330
11F683
100
AcDbSymbolTableRecord
100
AcDbRegAppTableRecord
  2
GradientColor1ACI
 70
     0
  0
APPID
  5
1B3828
330
11F683
100
AcDbSymbolTableRecord
100
AcDbRegAppTableRecord
  2
GradientColor2ACI
 70
     0
  0
APPID
  5
1BDC12
330
11F683
100
AcDbSymbolTableRecord
100
AcDbRegAppTableRecord
  2
AcadStringInfo
 70
     0
  0
APPID
  5
1C6A3D
330
11F683
100
AcDbSymbolTableRecord
100
AcDbRegAppTableRecord
  2
AcCmTransparency
 70
     0
  0
APPID
  5
1CFB93
330
11F683
100
AcDbSymbolTableRecord
100
AcDbRegAppTableRecord
  2
ACAD_DSTYLE_DIMJAG
 70
     0
  0
APPID
  5
1CFB94
330
11F683
100
AcDbSymbolTableRecord
100
AcDbRegAppTableRecord
  2
ACAD_DSTYLE_DIMTALN
 70
     0
  0
APPID
  5
219082
330
11F683
100
AcDbSymbolTableRecord
100
AcDbRegAppTableRecord
  2
ACAUTHENVIRON
 70
     0
  0
APPID
  5
219085
330
11F683
100
AcDbSymbolTableRecord
100
AcDbRegAppTableRecord
  2
AcDbDynamicBlockTrueName
 70
     0
  0
APPID
  5
219086
330
11F683
100
AcDbSymbolTableRecord
100
AcDbRegAppTableRecord
  2
AcDbDynamicBlockGUID
 70
     0
  0
ENDTAB
  0
TABLE
  2
DIMSTYLE
  5
11F684
330
0
100
AcDbSymbolTable
 70
     1
100
AcDbDimStyleTable
 71
     1
340
11F726
  0
DIMSTYLE
105
11F726
102
{ACAD_REACTORS
330
2EEBF9
330
2EEBFA
330
2EEBFB
330
2EEBFD
330
2EEBFE
330
2EEBFF
330
2EEC9C
330
2EEC9D
330
2EEE3B
102
}
330
11F684
100
AcDbSymbolTableRecord
100
AcDbDimStyleTableRecord
  2
STANDARD
 70
     0
340
11F68A
  0
ENDTAB
  0
TABLE
  2
BLOCK_RECORD
  5
11F67B
330
0
100
AcDbSymbolTable
 70
    34
  0
BLOCK_RECORD
  5
11F692
102
{ACAD_XDICTIONARY
360
1A18AA
102
}
330
11F67B
100
AcDbSymbolTableRecord
100
AcDbBlockTableRecord
  2
*MODEL_SPACE
340
171356
 70
     0
280
     1
281
     0
  0
BLOCK_RECORD
  5
11F68F
102
{ACAD_XDICTIONARY
360
1ABE83
102
}
330
11F67B
100
AcDbSymbolTableRecord
100
AcDbBlockTableRecord
  2
*PAPER_SPACE
340
171357
 70
     0
280
     1
281
     0
  0
BLOCK_RECORD
  5
11F699
330
11F67B
100
AcDbSymbolTableRecord
100
AcDbBlockTableRecord
  2
ARROWHEAD
340
0
102
{BLKREFS
331
2EEC5D
331
2EEC5E
331
2EEC67
331
2EEC68
331
2EEC71
331
2EEC72
331
2EECBC
331
2EECBD
331
2EED58
331
2EED59
331
2EED61
331
2EED62
331
2EED6B
331
2EED6C
331
2EED85
331
2EED86
331
2EEE55
331
2EEE56
102
}
 70
     0
280
     1
281
     0
  0
BLOCK_RECORD
  5
2EEC00
330
11F67B
100
AcDbSymbolTableRecord
100
AcDbBlockTableRecord
  2
*D24
340
0
 70
     0
280
     1
281
     0
  0
BLOCK_RECORD
  5
2EEC0D
330
11F67B
100
AcDbSymbolTableRecord
100
AcDbBlockTableRecord
  2
*D25
340
0
 70
     0
280
     1
281
     0
  0
BLOCK_RECORD
  5
2EEC1A
330
11F67B
100
AcDbSymbolTableRecord
100
AcDbBlockTableRecord
  2
*D26
340
0
 70
     0
280
     1
281
     0
  0
BLOCK_RECORD
  5
2EEC34
330
11F67B
100
AcDbSymbolTableRecord
100
AcDbBlockTableRecord
  2
*D28
340
0
 70
     0
280
     1
281
     0
  0
BLOCK_RECORD
  5
2EEC40
330
11F67B
100
AcDbSymbolTableRecord
100
AcDbBlockTableRecord
  2
*D29
340
0
 70
     0
280
     1
281
     0
  0
BLOCK_RECORD
  5
2EEC4C
330
11F67B
100
AcDbSymbolTableRecord
100
AcDbBlockTableRecord
  2
*D30
340
0
 70
     0
280
     1
281
     0
  0
BLOCK_RECORD
  5
2EEC9E
330
11F67B
100
AcDbSymbolTableRecord
100
AcDbBlockTableRecord
  2
*D31
340
0
 70
     0
280
     1
281
     0
  0
BLOCK_RECORD
  5
2EECAB
330
11F67B
100
AcDbSymbolTableRecord
100
AcDbBlockTableRecord
  2
*D32
340
0
 70
     0
280
     1
281
     0
  0
BLOCK_RECORD
  5
2EEE3C
330
11F67B
100
AcDbSymbolTableRecord
100
AcDbBlockTableRecord
  2
*D33
340
0
 70
     0
280
     1
281
     0
  0
ENDTAB
  0
ENDSEC
  0
SECTION
  2
BLOCKS
  0
BLOCK
  5
11F724
330
11F692
100
AcDbEntity
  8
0
100
AcDbBlockBegin
  2
*MODEL_SPACE
 70
     0
 10
0.0
 20
0.0
 30
0.0
  3
*MODEL_SPACE
  1

  0
ENDBLK
  5
11F725
330
11F692
100
AcDbEntity
  8
0
100
AcDbBlockEnd
  0
BLOCK
  5
11F722
330
11F68F
100
AcDbEntity
 67
     1
  8
0
100
AcDbBlockBegin
  2
*PAPER_SPACE
 70
     0
 10
0.0
 20
0.0
 30
0.0
  3
*PAPER_SPACE
  1

  0
ENDBLK
  5
11F723
330
11F68F
100
AcDbEntity
 67
     1
  8
0
100
AcDbBlockEnd
  0
BLOCK
  5
493
330
11F699
100
AcDbEntity
  8
0
100
AcDbBlockBegin
  2
ARROWHEAD
 70
     0
 10
0.0
 20
0.0
 30
0.0
  3
ARROWHEAD
  1

  0
LINE
  5
494
330
11F699
100
AcDbEntity
  8
0
100
AcDbLine
 10
-0.5
 20
-0.25
 30
0.0
 11
0.0
 21
0.0
 31
0.0
  0
LINE
  5
495
330
11F699
100
AcDbEntity
  8
0
100
AcDbLine
 10
-0.5
 20
0.25
 30
0.0
 11
0.0
 21
0.0
 31
0.0
  0
LINE
  5
496
330
11F699
100
AcDbEntity
  8
0
100
AcDbLine
 10
-1.0
 20
0.0
 30
0.0
 11
0.0
 21
0.0
 31
0.0
  0
ENDBLK
  5
497
330
11F699
100
AcDbEntity
  8
0
100
AcDbBlockEnd
  0
BLOCK
  5
2EEC01
330
2EEC00
100
AcDbEntity
  8
0
100
AcDbBlockBegin
  2
*D24
 70
     1
 10
0.0
 20
0.0
 30
0.0
  3
*D24
  1

  0
LINE
  5
2EEC59
330
2EEC00
100
AcDbEntity
  8
ANA 10
 62
     0
440
 16777216
370
    -2
100
AcDbLine
 10
1091.393728827514
 20
-259.2169287080394
 30
0.0
 11
1079.393728827514
 21
-259.2169287080394
 31
0.0
  0
LINE
  5
2EEC5A
330
2EEC00
100
AcDbEntity
  8
ANA 10
 62
     0
440
 16777216
370
    -2
100
AcDbLine
 10
1091.393728827514
 20
-269.2169287080394
 30
0.0
 11
1079.393728827514
 21
-269.2169287080394
 31
0.0
  0
LINE
  5
2EEC5B
330
2EEC00
100
AcDbEntity
  8
ANA 10
 62
     0
440
 16777216
370
    -2
100
AcDbLine
 10
1081.393728827514
 20
-253.2169287080394
 30
0.0
 11
1081.393728827514
 21
-247.2169287080394
 31
0.0
  0
LINE
  5
2EEC5C
330
2EEC00
100
AcDbEntity
  8
ANA 10
 62
     0
440
 16777216
370
    -2
100
AcDbLine
 10
1081.393728827514
 20
-275.2169287080394
 30
0.0
 11
1081.393728827514
 21
-292.0740715651822
 31
0.0
  0
INSERT
  5
2EEC5D
330
2EEC00
100
AcDbEntity
  8
ANA 10
 62
     0
440
 16777216
370
    -2
100
AcDbBlockReference
  2
ARROWHEAD
 10
1081.393728827514
 20
-259.2169287080394
 30
0.0
 41
6.0
 42
6.0
 43
6.0
 50
270.0
  0
INSERT
  5
2EEC5E
330
2EEC00
100
AcDbEntity
  8
ANA 10
 62
     0
440
 16777216
370
    -2
100
AcDbBlockReference
  2
ARROWHEAD
 10
1081.393728827514
 20
-269.2169287080394
 30
0.0
 41
6.0
 42
6.0
 43
6.0
 50
90.0
  0
MTEXT
  5
2EEC5F
330
2EEC00
100
AcDbEntity
  8
ANA 10
 62
     0
440
 16777216
100
AcDbMText
 10
1077.393728827514
 20
-286.6455001366107
 30
0.0
 40
6.0
 41
0.0
 46
0.0
 71
     5
 72
     1
  1
\A1;10
  7
ROMAND
 11
0.0000000000000001
 21
1.0
 31
0.0
 73
     1
 44
1.0
  0
POINT
  5
2EEC60
330
2EEC00
100
AcDbEntity
  8
DEFPOINTS
 62
     0
440
 16777216
100
AcDbPoint
 10
1093.393728827514
 20
-259.2169287080394
 30
0.0
  0
POINT
  5
2EEC61
330
2EEC00
100
AcDbEntity
  8
DEFPOINTS
 62
     0
440
 16777216
100
AcDbPoint
 10
1093.393728827514
 20
-269.2169287080394
 30
0.0
  0
POINT
  5
2EEC62
330
2EEC00
100
AcDbEntity
  8
DEFPOINTS
 62
     0
440
 16777216
100
AcDbPoint
 10
1081.393728827514
 20
-269.2169287080394
 30
0.0
  0
ENDBLK
  5
2EEC02
330
2EEC00
100
AcDbEntity
  8
0
100
AcDbBlockEnd
  0
BLOCK
  5
2EEC0E
330
2EEC0D
100
AcDbEntity
  8
0
100
AcDbBlockBegin
  2
*D25
 70
     1
 10
0.0
 20
0.0
 30
0.0
  3
*D25
  1

  0
LINE
  5
2EEC63
330
2EEC0D
100
AcDbEntity
  8
ANA 12
 62
     0
440
 16777216
370
    -2
100
AcDbLine
 10
1116.58929794932
 20
-257.2169287080394
 30
0.0
 11
1067.393728827514
 21
-257.2169287080394
 31
0.0
  0
LINE
  5
2EEC64
330
2EEC0D
100
AcDbEntity
  8
ANA 12
 62
     0
440
 16777216
370
    -2
100
AcDbLine
 10
1091.393728827514
 20
-269.2169287080394
 30
0.0
 11
1067.393728827514
 21
-269.2169287080394
 31
0.0
  0
LINE
  5
2EEC65
330
2EEC0D
100
AcDbEntity
  8
ANA 12
 62
     0
440
 16777216
370
    -2
100
AcDbLine
 10
1069.393728827514
 20
-251.2169287080394
 30
0.0
 11
1069.393728827514
 21
-245.2169287080394
 31
0.0
  0
LINE
  5
2EEC66
330
2EEC0D
100
AcDbEntity
  8
ANA 12
 62
     0
440
 16777216
370
    -2
100
AcDbLine
 10
1069.393728827514
 20
-275.2169287080394
 30
0.0
 11
1069.393728827514
 21
-281.2169287080394
 31
0.0
  0
INSERT
  5
2EEC67
330
2EEC0D
100
AcDbEntity
  8
ANA 12
 62
     0
440
 16777216
370
    -2
100
AcDbBlockReference
  2
ARROWHEAD
 10
1069.393728827514
 20
-257.2169287080394
 30
0.0
 41
6.0
 42
6.0
 43
6.0
 50
270.0
  0
INSERT
  5
2EEC68
330
2EEC0D
100
AcDbEntity
  8
ANA 12
 62
     0
440
 16777216
370
    -2
100
AcDbBlockReference
  2
ARROWHEAD
 10
1069.393728827514
 20
-269.2169287080394
 30
0.0
 41
6.0
 42
6.0
 43
6.0
 50
90.0
  0
MTEXT
  5
2EEC69
330
2EEC0D
100
AcDbEntity
  8
ANA 12
 62
     0
440
 16777216
100
AcDbMText
 10
1065.393728827514
 20
-263.2169287080392
 30
0.0
 40
6.0
 41
0.0
 46
0.0
 71
     5
 72
     1
  1
\A1;12
  7
ROMAND
 11
0.0000000000000001
 21
1.0
 31
0.0
 73
     1
 44
1.0
  0
POINT
  5
2EEC6A
330
2EEC0D
100
AcDbEntity
  8
DEFPOINTS
 62
     0
440
 16777216
100
AcDbPoint
 10
1118.58929794932
 20
-257.2169287080394
 30
0.0
  0
POINT
  5
2EEC6B
330
2EEC0D
100
AcDbEntity
  8
DEFPOINTS
 62
     0
440
 16777216
100
AcDbPoint
 10
1093.393728827514
 20
-269.2169287080394
 30
0.0
  0
POINT
  5
2EEC6C
330
2EEC0D
100
AcDbEntity
  8
DEFPOINTS
 62
     0
440
 16777216
100
AcDbPoint
 10
1069.393728827514
 20
-269.2169287080394
 30
0.0
  0
ENDBLK
  5
2EEC0F
330
2EEC0D
100
AcDbEntity
  8
0
100
AcDbBlockEnd
  0
BLOCK
  5
2EEC1B
330
2EEC1A
100
AcDbEntity
  8
0
100
AcDbBlockBegin
  2
*D26
 70
     1
 10
0.0
 20
0.0
 30
0.0
  3
*D26
  1

  0
LINE
  5
2EEC6D
330
2EEC1A
100
AcDbEntity
  8
ANA 13
 62
     0
440
 16777216
370
    -2
100
AcDbLine
 10
1143.017082510223
 20
-256.2169287080394
 30
0.0
 11
1055.393728827514
 21
-256.2169287080394
 31
0.0
  0
LINE
  5
2EEC6E
330
2EEC1A
100
AcDbEntity
  8
ANA 13
 62
     0
440
 16777216
370
    -2
100
AcDbLine
 10
1091.393728827514
 20
-269.2169287080394
 30
0.0
 11
1055.393728827514
 21
-269.2169287080394
 31
0.0
  0
LINE
  5
2EEC6F
330
2EEC1A
100
AcDbEntity
  8
ANA 13
 62
     0
440
 16777216
370
    -2
100
AcDbLine
 10
1057.393728827514
 20
-250.2169287080394
 30
0.0
 11
1057.393728827514
 21
-244.2169287080394
 31
0.0
  0
LINE
  5
2EEC70
330
2EEC1A
100
AcDbEntity
  8
ANA 13
 62
     0
440
 16777216
370
    -2
100
AcDbLine
 10
1057.393728827514
 20
-275.2169287080394
 30
0.0
 11
1057.393728827514
 21
-281.2169287080394
 31
0.0
  0
INSERT
  5
2EEC71
330
2EEC1A
100
AcDbEntity
  8
ANA 13
 62
     0
440
 16777216
370
    -2
100
AcDbBlockReference
  2
ARROWHEAD
 10
1057.393728827514
 20
-256.2169287080394
 30
0.0
 41
6.0
 42
6.0
 43
6.0
 50
270.0
  0
INSERT
  5
2EEC72
330
2EEC1A
100
AcDbEntity
  8
ANA 13
 62
     0
440
 16777216
370
    -2
100
AcDbBlockReference
  2
ARROWHEAD
 10
1057.393728827514
 20
-269.2169287080394
 30
0.0
 41
6.0
 42
6.0
 43
6.0
 50
90.0
  0
MTEXT
  5
2EEC73
330
2EEC1A
100
AcDbEntity
  8
ANA 13
 62
     0
440
 16777216
100
AcDbMText
 10
1053.393728827514
 20
-262.7169287080392
 30
0.0
 40
6.0
 41
0.0
 46
0.0
 71
     5
 72
     1
  1
\A1;13
  7
ROMAND
 11
0.0000000000000001
 21
1.0
 31
0.0
 73
     1
 44
1.0
  0
POINT
  5
2EEC74
330
2EEC1A
100
AcDbEntity
  8
DEFPOINTS
 62
     0
440
 16777216
100
AcDbPoint
 10
1145.017082510223
 20
-256.2169287080394
 30
0.0
  0
POINT
  5
2EEC75
330
2EEC1A
100
AcDbEntity
  8
DEFPOINTS
 62
     0
440
 16777216
100
AcDbPoint
 10
1093.393728827514
 20
-269.2169287080394
 30
0.0
  0
POINT
  5
2EEC76
330
2EEC1A
100
AcDbEntity
  8
DEFPOINTS
 62
     0
440
 16777216
100
AcDbPoint
 10
1057.393728827514
 20
-269.2169287080394
 30
0.0
  0
ENDBLK
  5
2EEC1C
330
2EEC1A
100
AcDbEntity
  8
0
100
AcDbBlockEnd
  0
BLOCK
  5
2EEC35
330
2EEC34
100
AcDbEntity
  8
0
100
AcDbBlockBegin
  2
*D28
 70
     1
 10
0.0
 20
0.0
 30
0.0
  3
*D28
  1

  0
LINE
  5
2EED55
330
2EEC34
100
AcDbEntity
  8
ANA 16
 62
     0
440
 16777216
370
    -2
100
AcDbLine
 10
1142.648728827514
 20
-253.2169287080394
 30
0.0
 11
1043.393728827514
 21
-253.2169287080394
 31
0.0
  0
LINE
  5
2EED56
330
2EEC34
100
AcDbEntity
  8
ANA 16
 62
     0
440
 16777216
370
    -2
100
AcDbLine
 10
1091.393728827514
 20
-269.2169287080394
 30
0.0
 11
1043.393728827514
 21
-269.2169287080394
 31
0.0
  0
LINE
  5
2EED57
330
2EEC34
100
AcDbEntity
  8
ANA 16
 62
     0
440
 16777216
370
    -2
100
AcDbLine
 10
1045.393728827514
 20
-259.2169287080394
 30
0.0
 11
1045.393728827514
 21
-263.2169287080394
 31
0.0
  0
INSERT
  5
2EED58
330
2EEC34
100
AcDbEntity
  8
ANA 16
 62
     0
440
 16777216
370
    -2
100
AcDbBlockReference
  2
ARROWHEAD
 10
1045.393728827514
 20
-253.2169287080394
 30
0.0
 41
6.0
 42
6.0
 43
6.0
 50
90.0
  0
INSERT
  5
2EED59
330
2EEC34
100
AcDbEntity
  8
ANA 16
 62
     0
440
 16777216
370
    -2
100
AcDbBlockReference
  2
ARROWHEAD
 10
1045.393728827514
 20
-269.2169287080394
 30
0.0
 41
6.0
 42
6.0
 43
6.0
 50
270.0
  0
MTEXT
  5
2EED5A
330
2EEC34
100
AcDbEntity
  8
ANA 16
 62
     0
440
 16777216
100
AcDbMText
 10
1041.393728827514
 20
-261.2169287080392
 30
0.0
 40
6.0
 41
0.0
 46
0.0
 71
     5
 72
     1
  1
\A1;16
  7
ROMAND
 11
0.0000000000000001
 21
1.0
 31
0.0
 73
     1
 44
1.0
  0
POINT
  5
2EED5B
330
2EEC34
100
AcDbEntity
  8
DEFPOINTS
 62
     0
440
 16777216
100
AcDbPoint
 10
1144.648728827514
 20
-253.2169287080394
 30
0.0
  0
POINT
  5
2EED5C
330
2EEC34
100
AcDbEntity
  8
DEFPOINTS
 62
     0
440
 16777216
100
AcDbPoint
 10
1093.393728827514
 20
-269.2169287080394
 30
0.0
  0
POINT
  5
2EED5D
330
2EEC34
100
AcDbEntity
  8
DEFPOINTS
 62
     0
440
 16777216
100
AcDbPoint
 10
1045.393728827514
 20
-269.2169287080394
 30
0.0
  0
ENDBLK
  5
2EEC36
330
2EEC34
100
AcDbEntity
  8
0
100
AcDbBlockEnd
  0
BLOCK
  5
2EEC41
330
2EEC40
100
AcDbEntity
  8
0
100
AcDbBlockBegin
  2
*D29
 70
     1
 10
0.0
 20
0.0
 30
0.0
  3
*D29
  1

  0
LINE
  5
2EED5E
330
2EEC40
100
AcDbEntity
  8
ANA 20
 62
     0
440
 16777216
370
    -2
100
AcDbLine
 10
1151.419468154508
 20
-249.2169287080394
 30
0.0
 11
1019.393728827514
 21
-249.2169287080394
 31
0.0
  0
LINE
  5
2EED5F
330
2EEC40
100
AcDbEntity
  8
ANA 20
 62
     0
440
 16777216
370
    -2
100
AcDbLine
 10
1089.393728827514
 20
-269.2169287080394
 30
0.0
 11
1019.393728827514
 21
-269.2169287080394
 31
0.0
  0
LINE
  5
2EED60
330
2EEC40
100
AcDbEntity
  8
ANA 20
 62
     0
440
 16777216
370
    -2
100
AcDbLine
 10
1021.393728827514
 20
-255.2169287080394
 30
0.0
 11
1021.393728827514
 21
-263.2169287080394
 31
0.0
  0
INSERT
  5
2EED61
330
2EEC40
100
AcDbEntity
  8
ANA 20
 62
     0
440
 16777216
370
    -2
100
AcDbBlockReference
  2
ARROWHEAD
 10
1021.393728827514
 20
-249.2169287080394
 30
0.0
 41
6.0
 42
6.0
 43
6.0
 50
90.0
  0
INSERT
  5
2EED62
330
2EEC40
100
AcDbEntity
  8
ANA 20
 62
     0
440
 16777216
370
    -2
100
AcDbBlockReference
  2
ARROWHEAD
 10
1021.393728827514
 20
-269.2169287080394
 30
0.0
 41
6.0
 42
6.0
 43
6.0
 50
270.0
  0
MTEXT
  5
2EED63
330
2EEC40
100
AcDbEntity
  8
ANA 20
 62
     0
440
 16777216
100
AcDbMText
 10
1017.393728827514
 20
-259.2169287080392
 30
0.0
 40
6.0
 41
0.0
 46
0.0
 71
     5
 72
     1
  1
\A1;20
  7
ROMAND
 11
0.0000000000000001
 21
1.0
 31
0.0
 73
     1
 44
1.0
  0
POINT
  5
2EED64
330
2EEC40
100
AcDbEntity
  8
DEFPOINTS
 62
     0
440
 16777216
100
AcDbPoint
 10
1153.419468154508
 20
-249.2169287080394
 30
0.0
  0
POINT
  5
2EED65
330
2EEC40
100
AcDbEntity
  8
DEFPOINTS
 62
     0
440
 16777216
100
AcDbPoint
 10
1091.393728827514
 20
-269.2169287080394
 30
0.0
  0
POINT
  5
2EED66
330
2EEC40
100
AcDbEntity
  8
DEFPOINTS
 62
     0
440
 16777216
100
AcDbPoint
 10
1021.393728827514
 20
-269.2169287080394
 30
0.0
  0
ENDBLK
  5
2EEC42
330
2EEC40
100
AcDbEntity
  8
0
100
AcDbBlockEnd
  0
BLOCK
  5
2EEC4D
330
2EEC4C
100
AcDbEntity
  8
0
100
AcDbBlockBegin
  2
*D30
 70
     1
 10
0.0
 20
0.0
 30
0.0
  3
*D30
  1

  0
LINE
  5
2EED67
330
2EEC4C
100
AcDbEntity
  8
ANA 17.1 Φ6x5°U6.9
 62
     0
440
 16777216
370
    -2
100
AcDbLine
 10
1118.215499209925
 20
-252.1169287080394
 30
0.0
 11
1031.393728827514
 21
-252.1169287080394
 31
0.0
  0
LINE
  5
2EED68
330
2EEC4C
100
AcDbEntity
  8
ANA 17.1 Φ6x5°U6.9
 62
     0
440
 16777216
370
    -2
100
AcDbLine
 10
1091.393728827514
 20
-269.2169287080394
 30
0.0
 11
1031.393728827514
 21
-269.2169287080394
 31
0.0
  0
LINE
  5
2EED69
330
2EEC4C
100
AcDbEntity
  8
ANA 17.1 Φ6x5°U6.9
 62
     0
440
 16777216
370
    -2
100
AcDbLine
 10
1033.393728827514
 20
-258.1169287080394
 30
0.0
 11
1033.393728827514
 21
-263.2169287080394
 31
0.0
  0
LINE
  5
2EED6A
330
2EEC4C
100
AcDbEntity
  8
ANA 17.1 Φ6x5°U6.9
 62
     0
440
 16777216
370
    -2
100
AcDbLine
 10
1033.393728827514
 20
-269.2169287080394
 30
0.0
 11
1033.393728827514
 21
-293.2169287080394
 31
0.0
  0
INSERT
  5
2EED6B
330
2EEC4C
100
AcDbEntity
  8
ANA 17.1 Φ6x5°U6.9
 62
     0
440
 16777216
370
    -2
100
AcDbBlockReference
  2
ARROWHEAD
 10
1033.393728827514
 20
-252.1169287080394
 30
0.0
 41
6.0
 42
6.0
 43
6.0
 50
90.0
  0
INSERT
  5
2EED6C
330
2EEC4C
100
AcDbEntity
  8
ANA 17.1 Φ6x5°U6.9
 62
     0
440
 16777216
370
    -2
100
AcDbBlockReference
  2
ARROWHEAD
 10
1033.393728827514
 20
-269.2169287080394
 30
0.0
 41
6.0
 42
6.0
 43
6.0
 50
270.0
  0
MTEXT
  5
2EED6D
330
2EEC4C
100
AcDbEntity
  8
ANA 17.1 Φ6x5°U6.9
 62
     0
440
 16777216
100
AcDbMText
 10
1029.393728827514
 20
-284.2169287080393
 30
0.0
 40
6.0
 41
0.0
 46
0.0
 71
     5
 72
     1
  1
\A1;17.1
  7
ROMAND
 11
0.0000000000000001
 21
1.0
 31
0.0
 73
     1
 44
1.0
  0
POINT
  5
2EED6E
330
2EEC4C
100
AcDbEntity
  8
DEFPOINTS
 62
     0
440
 16777216
100
AcDbPoint
 10
1120.215499209925
 20
-252.1169287080394
 30
0.0
  0
POINT
  5
2EED6F
330
2EEC4C
100
AcDbEntity
  8
DEFPOINTS
 62
     0
440
 16777216
100
AcDbPoint
 10
1093.393728827514
 20
-269.2169287080394
 30
0.0
  0
POINT
  5
2EED70
330
2EEC4C
100
AcDbEntity
  8
DEFPOINTS
 62
     0
440
 16777216
100
AcDbPoint
 10
1033.393728827514
 20
-269.2169287080394
 30
0.0
  0
ENDBLK
  5
2EEC4E
330
2EEC4C
100
AcDbEntity
  8
0
100
AcDbBlockEnd
  0
BLOCK
  5
2EEC9F
330
2EEC9E
100
AcDbEntity
  8
0
100
AcDbBlockBegin
  2
*D31
 70
     1
 10
0.0
 20
0.0
 30
0.0
  3
*D31
  1

  0
LINE
  5
2EECB8
330
2EEC9E
100
AcDbEntity
  8
ANA 16.9
 62
     0
440
 16777216
370
    -2
100
AcDbLine
 10
1390.134129173263
 20
-190.0199128477017
 30
0.0
 11
1390.134129173263
 21
-212.9459182900689
 31
0.0
  0
LINE
  5
2EECB9
330
2EEC9E
100
AcDbEntity
  8
ANA 16.9
 62
     0
440
 16777216
370
    -2
100
AcDbLine
 10
1373.234129173263
 20
-159.9699128477016
 30
0.0
 11
1373.234129173263
 21
-212.9459182900689
 31
0.0
  0
LINE
  5
2EECBA
330
2EEC9E
100
AcDbEntity
  8
ANA 16.9
 62
     0
440
 16777216
370
    -2
100
AcDbLine
 10
1379.234129173263
 20
-210.9459182900689
 30
0.0
 11
1384.134129173263
 21
-210.9459182900689
 31
0.0
  0
LINE
  5
2EECBB
330
2EEC9E
100
AcDbEntity
  8
ANA 16.9
 62
     0
440
 16777216
370
    -2
100
AcDbLine
 10
1390.134129173263
 20
-210.9459182900689
 30
0.0
 11
1417.562700601835
 21
-210.9459182900689
 31
0.0
  0
INSERT
  5
2EECBC
330
2EEC9E
100
AcDbEntity
  8
ANA 16.9
 62
     0
440
 16777216
370
    -2
100
AcDbBlockReference
  2
ARROWHEAD
 10
1373.234129173263
 20
-210.9459182900689
 30
0.0
 41
6.0
 42
6.0
 43
6.0
 50
180.0
  0
INSERT
  5
2EECBD
330
2EEC9E
100
AcDbEntity
  8
ANA 16.9
 62
     0
440
 16777216
370
    -2
100
AcDbBlockReference
  2
ARROWHEAD
 10
1390.134129173263
 20
-210.9459182900689
 30
0.0
 41
6.0
 42
6.0
 43
6.0
  0
MTEXT
  5
2EECBE
330
2EEC9E
100
AcDbEntity
  8
ANA 16.9
 62
     0
440
 16777216
100
AcDbMText
 10
1407.848414887549
 20
-206.9459182900689
 30
0.0
 40
6.0
 41
0.0
 46
0.0
 71
     5
 72
     1
  1
\A1;16.9
  7
ROMAND
 73
     1
 44
1.0
  0
POINT
  5
2EECBF
330
2EEC9E
100
AcDbEntity
  8
DEFPOINTS
 62
     0
440
 16777216
100
AcDbPoint
 10
1390.134129173263
 20
-188.0199128477016
 30
0.0
  0
POINT
  5
2EECC0
330
2EEC9E
100
AcDbEntity
  8
DEFPOINTS
 62
     0
440
 16777216
100
AcDbPoint
 10
1373.234129173263
 20
-157.9699128477016
 30
0.0
  0
POINT
  5
2EECC1
330
2EEC9E
100
AcDbEntity
  8
DEFPOINTS
 62
     0
440
 16777216
100
AcDbPoint
 10
1373.234129173263
 20
-210.9459182900689
 30
0.0
  0
ENDBLK
  5
2EECA0
330
2EEC9E
100
AcDbEntity
  8
0
100
AcDbBlockEnd
  0
BLOCK
  5
2EECAC
330
2EECAB
100
AcDbEntity
  8
0
100
AcDbBlockBegin
  2
*D32
 70
     1
 10
0.0
 20
0.0
 30
0.0
  3
*D32
  1

  0
LINE
  5
2EED81
330
2EECAB
100
AcDbEntity
  8
ANA 14.9
 62
     0
440
 16777216
370
    -2
100
AcDbLine
 10
1375.234129173264
 20
-160.5299128477019
 30
0.0
 11
1375.234129173264
 21
-198.7326554220725
 31
0.0
  0
LINE
  5
2EED82
330
2EECAB
100
AcDbEntity
  8
ANA 14.9
 62
     0
440
 16777216
370
    -2
100
AcDbLine
 10
1390.134129173263
 20
-192.0199128477016
 30
0.0
 11
1390.134129173263
 21
-198.7326554220725
 31
0.0
  0
LINE
  5
2EED83
330
2EECAB
100
AcDbEntity
  8
ANA 14.9
 62
     0
440
 16777216
370
    -2
100
AcDbLine
 10
1381.234129173263
 20
-196.7326554220725
 30
0.0
 11
1384.134129173263
 21
-196.7326554220725
 31
0.0
  0
LINE
  5
2EED84
330
2EECAB
100
AcDbEntity
  8
ANA 14.9
 62
     0
440
 16777216
370
    -2
100
AcDbLine
 10
1390.134129173263
 20
-196.7326554220725
 30
0.0
 11
1415.562700601835
 21
-196.7326554220725
 31
0.0
  0
INSERT
  5
2EED85
330
2EECAB
100
AcDbEntity
  8
ANA 14.9
 62
     0
440
 16777216
370
    -2
100
AcDbBlockReference
  2
ARROWHEAD
 10
1375.234129173264
 20
-196.7326554220725
 30
0.0
 41
6.0
 42
6.0
 43
6.0
 50
180.0
  0
INSERT
  5
2EED86
330
2EECAB
100
AcDbEntity
  8
ANA 14.9
 62
     0
440
 16777216
370
    -2
100
AcDbBlockReference
  2
ARROWHEAD
 10
1390.134129173263
 20
-196.7326554220725
 30
0.0
 41
6.0
 42
6.0
 43
6.0
  0
MTEXT
  5
2EED87
330
2EECAB
100
AcDbEntity
  8
ANA 14.9
 62
     0
440
 16777216
100
AcDbMText
 10
1405.848414887549
 20
-192.7326554220725
 30
0.0
 40
6.0
 41
0.0
 46
0.0
 71
     5
 72
     1
  1
\A1;14.9
  7
ROMAND
 73
     1
 44
1.0
  0
POINT
  5
2EED88
330
2EECAB
100
AcDbEntity
  8
DEFPOINTS
 62
     0
440
 16777216
100
AcDbPoint
 10
1375.234129173264
 20
-158.5299128477019
 30
0.0
  0
POINT
  5
2EED89
330
2EECAB
100
AcDbEntity
  8
DEFPOINTS
 62
     0
440
 16777216
100
AcDbPoint
 10
1390.134129173263
 20
-190.0199128477017
 30
0.0
  0
POINT
  5
2EED8A
330
2EECAB
100
AcDbEntity
  8
DEFPOINTS
 62
     0
440
 16777216
100
AcDbPoint
 10
1390.134129173263
 20
-196.7326554220725
 30
0.0
  0
ENDBLK
  5
2EECAD
330
2EECAB
100
AcDbEntity
  8
0
100
AcDbBlockEnd
  0
BLOCK
  5
2EEE3D
330
2EEE3C
100
AcDbEntity
  8
0
100
AcDbBlockBegin
  2
*D33
 70
     1
 10
0.0
 20
0.0
 30
0.0
  3
*D33
  1

  0
LINE
  5
2EEE52
330
2EEE3C
100
AcDbEntity
  8
ANA 22.5
 62
     0
440
 16777216
370
    -2
100
AcDbLine
 10
1167.008728827514
 20
-246.7169287080394
 30
0.0
 11
1007.393728827514
 21
-246.7169287080394
 31
0.0
  0
LINE
  5
2EEE53
330
2EEE3C
100
AcDbEntity
  8
ANA 22.5
 62
     0
440
 16777216
370
    -2
100
AcDbLine
 10
1091.393728827514
 20
-269.2169287080394
 30
0.0
 11
1007.393728827514
 21
-269.2169287080394
 31
0.0
  0
LINE
  5
2EEE54
330
2EEE3C
100
AcDbEntity
  8
ANA 22.5
 62
     0
440
 16777216
370
    -2
100
AcDbLine
 10
1009.393728827514
 20
-252.7169287080394
 30
0.0
 11
1009.393728827514
 21
-263.2169287080394
 31
0.0
  0
INSERT
  5
2EEE55
330
2EEE3C
100
AcDbEntity
  8
ANA 22.5
 62
     0
440
 16777216
370
    -2
100
AcDbBlockReference
  2
ARROWHEAD
 10
1009.393728827514
 20
-246.7169287080394
 30
0.0
 41
6.0
 42
6.0
 43
6.0
 50
90.0
  0
INSERT
  5
2EEE56
330
2EEE3C
100
AcDbEntity
  8
ANA 22.5
 62
     0
440
 16777216
370
    -2
100
AcDbBlockReference
  2
ARROWHEAD
 10
1009.393728827514
 20
-269.2169287080394
 30
0.0
 41
6.0
 42
6.0
 43
6.0
 50
270.0
  0
MTEXT
  5
2EEE57
330
2EEE3C
100
AcDbEntity
  8
ANA 22.5
 62
     0
440
 16777216
100
AcDbMText
 10
1005.393728827514
 20
-257.9669287080392
 30
0.0
 40
6.0
 41
0.0
 46
0.0
 71
     5
 72
     1
  1
\A1;22.5
  7
ROMAND
 11
0.0000000000000001
 21
1.0
 31
0.0
 73
     1
 44
1.0
  0
POINT
  5
2EEE58
330
2EEE3C
100
AcDbEntity
  8
DEFPOINTS
 62
     0
440
 16777216
100
AcDbPoint
 10
1169.008728827514
 20
-246.7169287080394
 30
0.0
  0
POINT
  5
2EEE59
330
2EEE3C
100
AcDbEntity
  8
DEFPOINTS
 62
     0
440
 16777216
100
AcDbPoint
 10
1093.393728827514
 20
-269.2169287080394
 30
0.0
  0
POINT
  5
2EEE5A
330
2EEE3C
100
AcDbEntity
  8
DEFPOINTS
 62
     0
440
 16777216
100
AcDbPoint
 10
1009.393728827514
 20
-269.2169287080394
 30
0.0
  0
ENDBLK
  5
2EEE3E
330
2EEE3C
100
AcDbEntity
  8
0
100
AcDbBlockEnd
  0
ENDSEC
  0
SECTION
  2
ENTITIES
  0
RAY
  5
29BE1B
330
11F692
100
AcDbEntity
  8
LINE
100
AcDbRay
 10
2048.709367905336
 20
-325121.9921320678
 30
0.0
 11
0.0
 21
-1.0
 31
0.0
  0
LINE
  5
2EB124
330
11F692
100
AcDbEntity
  8
CENTER
100
AcDbLine
 10
1266.085754787286
 20
-131.3849128477017
 30
0.0
 11
1130.701702867742
 21
-131.3849128477017
 31
0.0
  0
LINE
  5
2EB125
330
11F692
100
AcDbEntity
  8
LINE
100
AcDbLine
 10
1165.398728827514
 20
-122.6999128477017
 30
0.0
 11
1153.028728827514
 21
-122.6999128477017
 31
0.0
  0
LINE
  5
2EB126
330
11F692
100
AcDbEntity
  8
LINE9
100
AcDbLine
 10
1154.388728827514
 20
-121.9632054822842
 30
0.0
 11
1153.028728827514
 21
-121.9632054822842
 31
0.0
  0
ARC
  5
2EB127
330
11F692
100
AcDbEntity
  8
LINE9
100
AcDbCircle
 10
1154.388728827514
 20
-121.7632054822842
 30
0.0
 40
0.2
100
AcDbArc
 50
180.0
 51
270.0
  0
LINE
  5
2EB128
330
11F692
100
AcDbEntity
  8
SECTION
100
AcDbLine
 10
1163.056452340291
 20
-120.9809289950611
 30
0.0
 11
1155.371005314737
 21
-120.9809289950611
 31
0.0
  0
ARC
  5
2EB129
330
11F692
100
AcDbEntity
  8
SECTION
100
AcDbCircle
 10
1155.371005314737
 20
-120.7809289950611
 30
0.0
 40
0.2
100
AcDbArc
 50
180.000000000013
 51
270.0
  0
LINE
  5
2EB12A
330
11F692
100
AcDbEntity
  8
LINE
100
AcDbLine
 10
1145.808728827514
 20
-122.6999128477017
 30
0.0
 11
1133.763728827513
 21
-122.6999128477017
 31
0.0
  0
LINE
  5
2EB12B
330
11F692
100
AcDbEntity
  8
LINE9
100
AcDbLine
 10
1145.808728827514
 20
-121.9632054822842
 30
0.0
 11
1144.448728827514
 21
-121.9632054822842
 31
0.0
  0
LINE
  5
2EB12C
330
11F692
100
AcDbEntity
  8
SECTION
100
AcDbLine
 10
1143.466452340291
 20
-120.9809289950611
 30
0.0
 11
1133.763728827513
 21
-120.9809289950612
 31
0.0
  0
LINE
  5
2EB12D
330
11F692
100
AcDbEntity
  8
LINE
100
AcDbLine
 10
1165.398728827514
 20
-131.0299128477017
 30
0.0
 11
1153.028728827514
 21
-131.0299128477017
 31
0.0
  0
LINE
  5
2EB12E
330
11F692
100
AcDbEntity
  8
LINE9
100
AcDbLine
 10
1154.887399649157
 20
-131.7666202131191
 30
0.0
 11
1153.028728827514
 21
-131.7666202131191
 31
0.0
  0
LINE
  5
2EB12F
330
11F692
100
AcDbEntity
  8
LINE6
100
AcDbLine
 10
1155.279867071126
 20
-132.2577584567308
 30
0.0
 11
1154.572873154848
 21
-132.2577584567308
 31
0.0
  0
LINE
  5
2EB130
330
11F692
100
AcDbEntity
  8
SECTION
100
AcDbLine
 10
1162.366572858456
 20
-132.7488967003422
 30
0.0
 11
1155.279867071126
 21
-132.7488967003422
 31
0.0
  0
ARC
  5
2EB131
330
11F692
100
AcDbEntity
  8
LINE6
100
AcDbCircle
 10
1155.279867071126
 20
-132.8577584567308
 30
0.0
 40
0.6
100
AcDbArc
 50
90.0
 51
180.0
  0
ARC
  5
2EB132
330
11F692
100
AcDbEntity
  8
SECTION
100
AcDbCircle
 10
1155.279867071126
 20
-132.8577584567308
 30
0.0
 40
0.1088617563885691
100
AcDbArc
 50
90.0
 51
180.0
  0
LINE
  5
2EB133
330
11F692
100
AcDbEntity
  8
LINE
100
AcDbLine
 10
1145.808728827514
 20
-131.0299128477017
 30
0.0
 11
1133.763728827513
 21
-131.0299128477016
 31
0.0
  0
ARC
  5
2EB134
330
11F692
100
AcDbEntity
  8
LINE
100
AcDbCircle
 10
1133.763728827513
 20
-128.6299128477016
 30
0.0
 40
2.399999999999999
100
AcDbArc
 50
180.0
 51
270.0
  0
ARC
  5
2EB135
330
11F692
100
AcDbEntity
  8
SECTION
100
AcDbCircle
 10
1133.763728827513
 20
-128.6299128477016
 30
0.0
 40
4.118983852640548
100
AcDbArc
 50
180.0
 51
270.0
  0
LINE
  5
2EB136
330
11F692
100
AcDbEntity
  8
SECTION
100
AcDbLine
 10
1142.776572858456
 20
-132.7488967003422
 30
0.0
 11
1133.763728827513
 21
-132.7488967003422
 31
0.0
  0
LINE
  5
2EB137
330
11F692
100
AcDbEntity
  8
LINE2
100
AcDbLine
 10
1145.808728827514
 20
-131.5210510913132
 30
0.0
 11
1143.621617433834
 21
-131.5210510913132
 31
0.0
  0
LINE
  5
2EB138
330
11F692
100
AcDbEntity
  8
LINE
100
AcDbLine
 10
1147.808728827514
 20
-124.6999128477017
 30
0.0
 11
1147.808728827514
 21
-129.0299128477017
 31
0.0
  0
LINE
  5
2EB139
330
11F692
100
AcDbEntity
  8
LINE9
100
AcDbLine
 10
1148.545436192931
 20
-124.6999128477017
 30
0.0
 11
1148.545436192931
 21
-131.4349128477017
 31
0.0
  0
LINE
  5
2EB13A
330
11F692
100
AcDbEntity
  8
LINE
100
AcDbLine
 10
1151.028728827514
 20
-124.6999128477017
 30
0.0
 11
1151.028728827514
 21
-129.0299128477017
 31
0.0
  0
LINE
  5
2EB13B
330
11F692
100
AcDbEntity
  8
LINE9
100
AcDbLine
 10
1150.292021462097
 20
-124.6999128477017
 30
0.0
 11
1150.292021462097
 21
-129.0299128477017
 31
0.0
  0
ARC
  5
2EB13C
330
11F692
100
AcDbEntity
  8
LINE
100
AcDbCircle
 10
1145.808728827514
 20
-124.6999128477017
 30
0.0
 40
2.0
100
AcDbArc
 50
0.0000000000004071
 51
90.0
  0
ARC
  5
2EB13D
330
11F692
100
AcDbEntity
  8
LINE9
100
AcDbCircle
 10
1145.808728827514
 20
-124.6999128477017
 30
0.0
 40
2.736707365417458
100
AcDbArc
 50
0.0000000000004071
 51
90.0
  0
ARC
  5
2EB13E
330
11F692
100
AcDbEntity
  8
LINE
100
AcDbCircle
 10
1145.808728827514
 20
-129.0299128477017
 30
0.0
 40
2.0
100
AcDbArc
 50
269.999999999987
 51
0.0000000000008142
  0
ARC
  5
2EB13F
330
11F692
100
AcDbEntity
  8
LINE2
100
AcDbCircle
 10
1145.808728827514
 20
-129.0299128477017
 30
0.0
 40
2.491138243611459
100
AcDbArc
 50
269.999999999987
 51
0.0000000000008142
  0
ARC
  5
2EB140
330
11F692
100
AcDbEntity
  8
LINE
100
AcDbCircle
 10
1153.028728827514
 20
-124.6999128477017
 30
0.0
 40
2.0
100
AcDbArc
 50
90.0
 51
179.9999999999996
  0
ARC
  5
2EB141
330
11F692
100
AcDbEntity
  8
LINE9
100
AcDbCircle
 10
1153.028728827514
 20
-124.6999128477017
 30
0.0
 40
2.736707365417458
100
AcDbArc
 50
90.0
 51
179.9999999999996
  0
ARC
  5
2EB142
330
11F692
100
AcDbEntity
  8
LINE
100
AcDbCircle
 10
1153.028728827514
 20
-129.0299128477017
 30
0.0
 40
2.0
100
AcDbArc
 50
179.9999999999992
 51
269.999999999987
  0
ARC
  5
2EB143
330
11F692
100
AcDbEntity
  8
LINE9
100
AcDbCircle
 10
1153.028728827514
 20
-129.0299128477017
 30
0.0
 40
2.736707365417458
100
AcDbArc
 50
179.9999999999992
 51
269.999999999987
  0
LINE
  5
2EB144
330
11F692
100
AcDbEntity
  8
LINE9
100
AcDbLine
 10
1150.979381133572
 20
-119.8349128477016
 30
0.0
 11
1147.858076521456
 21
-119.8349128477017
 31
0.0
  0
LINE
  5
2EB145
330
11F692
100
AcDbEntity
  8
SECTION
100
AcDbLine
 10
1150.820908960527
 20
-118.8526363604786
 30
0.0
 11
1148.0165486945
 21
-118.8526363604786
 31
0.0
  0
LINE
  5
2EB146
330
11F692
100
AcDbEntity
  8
LINE9
100
AcDbLine
 10
1144.648728827514
 20
-120.7349128477017
 30
0.0
 11
1144.648728827514
 21
-121.7632054822842
 31
0.0
  0
LINE
  5
2EB147
330
11F692
100
AcDbEntity
  8
SECTION
100
AcDbLine
 10
1143.666452340291
 20
-120.7349128477017
 30
0.0
 11
1143.666452340291
 21
-120.7809289950612
 31
0.0
  0
LINE
  5
2EB148
330
11F692
100
AcDbEntity
  8
LINE9
100
AcDbLine
 10
1154.188728827514
 20
-120.7349128477017
 30
0.0
 11
1154.188728827514
 21
-121.7632054822842
 31
0.0
  0
LINE
  5
2EB149
330
11F692
100
AcDbEntity
  8
SECTION
100
AcDbLine
 10
1155.171005314737
 20
-120.7349128477017
 30
0.0
 11
1155.171005314737
 21
-120.7809289950612
 31
0.0
  0
ARC
  5
2EB14A
330
11F692
100
AcDbEntity
  8
LINE9
100
AcDbCircle
 10
1146.248728827514
 20
-120.7349128477017
 30
0.0
 40
1.6
100
AcDbArc
 50
42.9858860802091
 51
180.0
  0
ARC
  5
2EB14B
330
11F692
100
AcDbEntity
  8
SECTION
100
AcDbCircle
 10
1146.248728827514
 20
-120.7349128477017
 30
0.0
 40
2.582276487223089
100
AcDbArc
 50
46.79604386203299
 51
180.0
  0
ARC
  5
2EB14C
330
11F692
100
AcDbEntity
  8
LINE9
100
AcDbCircle
 10
1147.858076521456
 20
-119.2349128477017
 30
0.0
 40
0.6
100
AcDbArc
 50
222.9858860802091
 51
270.0
  0
ARC
  5
2EB14D
330
11F692
100
AcDbEntity
  8
LINE9
100
AcDbCircle
 10
1152.588728827514
 20
-120.7349128477017
 30
0.0
 40
1.6
100
AcDbArc
 50
0.0
 51
137.0141139197909
  0
ARC
  5
2EB14E
330
11F692
100
AcDbEntity
  8
SECTION
100
AcDbCircle
 10
1152.588728827514
 20
-120.7349128477017
 30
0.0
 40
2.582276487223089
100
AcDbArc
 50
0.0
 51
133.2039561379667
  0
ARC
  5
2EB14F
330
11F692
100
AcDbEntity
  8
LINE9
100
AcDbCircle
 10
1150.979381133572
 20
-119.2349128477017
 30
0.0
 40
0.6
100
AcDbArc
 50
270.0
 51
317.0141139197909
  0
LINE
  5
2EB150
330
11F692
100
AcDbEntity
  8
LINE
100
AcDbLine
 10
1154.188728827514
 20
-121.7632054822842
 30
0.0
 11
1155.171005314737
 21
-120.7809289950612
 31
0.0
  0
LINE
  5
2EB151
330
11F692
100
AcDbEntity
  8
LINE
100
AcDbLine
 10
1155.371005314737
 20
-120.9809289950611
 30
0.0
 11
1154.388728827514
 21
-121.9632054822842
 31
0.0
  0
ARC
  5
2EB152
330
11F692
100
AcDbEntity
  8
LINE9
100
AcDbCircle
 10
1144.448728827514
 20
-121.7632054822842
 30
0.0
 40
0.2
100
AcDbArc
 50
270.0
 51
0.0
  0
ARC
  5
2EB153
330
11F692
100
AcDbEntity
  8
SECTION
100
AcDbCircle
 10
1143.466452340291
 20
-120.7809289950611
 30
0.0
 40
0.2
100
AcDbArc
 50
270.0
 51
359.9999999999866
  0
LINE
  5
2EB154
330
11F692
100
AcDbEntity
  8
LINE
100
AcDbLine
 10
1144.648728827514
 20
-121.7632054822842
 30
0.0
 11
1143.666452340291
 21
-120.7809289950612
 31
0.0
  0
LINE
  5
2EB155
330
11F692
100
AcDbEntity
  8
LINE
100
AcDbLine
 10
1143.466452340291
 20
-120.9809289950611
 30
0.0
 11
1144.448728827514
 21
-121.9632054822842
 31
0.0
  0
LINE
  5
2EB156
330
11F692
100
AcDbEntity
  8
LINE2
100
AcDbLine
 10
1148.299867071125
 20
-129.0299128477017
 30
0.0
 11
1148.299867071125
 21
-131.4349128477017
 31
0.0
  0
LINE
  5
2EB157
330
11F692
100
AcDbEntity
  8
LINE2
100
AcDbLine
 10
1146.699867071125
 20
-133.0349128477017
 30
0.0
 11
1145.398728827514
 21
-133.0349128477017
 31
0.0
  0
LINE
  5
2EB158
330
11F692
100
AcDbEntity
  8
LINE9
100
AcDbLine
 10
1146.699867071125
 20
-133.2804819695076
 30
0.0
 11
1145.398728827514
 21
-133.2804819695076
 31
0.0
  0
ARC
  5
2EB159
330
11F692
100
AcDbEntity
  8
LINE2
100
AcDbCircle
 10
1146.699867071125
 20
-131.4349128477017
 30
0.0
 40
1.6
100
AcDbArc
 50
270.0
 51
0.0
  0
ARC
  5
2EB15A
330
11F692
100
AcDbEntity
  8
LINE9
100
AcDbCircle
 10
1146.699867071125
 20
-131.4349128477017
 30
0.0
 40
1.845569121805942
100
AcDbArc
 50
270.0
 51
0.0
  0
ARC
  5
2EB15B
330
11F692
100
AcDbEntity
  8
LINE2
100
AcDbCircle
 10
1145.398728827514
 20
-131.4349128477017
 30
0.0
 40
1.6
100
AcDbArc
 50
189.1468663314291
 51
270.0
  0
ARC
  5
2EB15C
330
11F692
100
AcDbEntity
  8
LINE9
100
AcDbCircle
 10
1145.398728827514
 20
-131.4349128477017
 30
0.0
 40
1.845569121805942
100
AcDbArc
 50
226.9971007423671
 51
270.0
  0
ARC
  5
2EB15D
330
11F692
100
AcDbEntity
  8
SECTION
100
AcDbCircle
 10
1145.398728827514
 20
-131.4349128477017
 30
0.0
 40
2.827845609029259
100
AcDbArc
 50
210.0013339314951
 51
226.997100742367
  0
ARC
  5
2EB15E
330
11F692
100
AcDbEntity
  8
SECTION
100
AcDbCircle
 10
1142.776572858456
 20
-132.9488967003422
 30
0.0
 40
0.2
100
AcDbArc
 50
30.0013339315014
 51
90.0
  0
ARC
  5
2EB15F
330
11F692
100
AcDbEntity
  8
LINE9
100
AcDbCircle
 10
1143.048728827514
 20
-133.9547236686049
 30
0.0
 40
1.6
100
AcDbArc
 50
359.9999999999996
 51
46.99710074236707
  0
ARC
  5
2EB160
330
11F692
100
AcDbEntity
  8
SECTION
100
AcDbCircle
 10
1143.048728827514
 20
-133.9547236686049
 30
0.0
 40
0.6177235127766836
100
AcDbArc
 50
359.9999999999996
 51
46.99710074236707
  0
ARC
  5
2EB161
330
11F692
100
AcDbEntity
  8
LINE2
100
AcDbCircle
 10
1143.621617433834
 20
-131.7210510913131
 30
0.0
 40
0.2
100
AcDbArc
 50
9.146866331428759
 51
90.0
  0
LINE
  5
2EB162
330
11F692
100
AcDbEntity
  8
LINE9
100
AcDbLine
 10
1144.648728827514
 20
-133.9547236686049
 30
0.0
 11
1144.648728827514
 21
-138.9599128477017
 31
0.0
  0
LINE
  5
2EB163
330
11F692
100
AcDbEntity
  8
SECTION
100
AcDbLine
 10
1143.666452340291
 20
-133.9547236686049
 30
0.0
 11
1143.66645234029
 21
-146.3099128477016
 31
0.0
  0
LINE
  5
2EB164
330
11F692
100
AcDbEntity
  8
LINE3
100
AcDbLine
 10
1145.017082510223
 20
-138.9599128477017
 30
0.0
 11
1145.017082510223
 21
-146.3099128477017
 31
0.0
  0
LINE
  5
2EB165
330
11F692
100
AcDbEntity
  8
LINE9
100
AcDbLine
 10
1154.188728827514
 20
-136.9498309820349
 30
0.0
 11
1154.188728827514
 21
-138.9599128477017
 31
0.0
  0
LINE
  5
2EB166
330
11F692
100
AcDbEntity
  8
LINE3
100
AcDbLine
 10
1153.820375144805
 20
-138.9599128477017
 30
0.0
 11
1153.820375144805
 21
-146.3099128477017
 31
0.0
  0
LINE
  5
2EB167
330
11F692
100
AcDbEntity
  8
SECTION
100
AcDbLine
 10
1155.171005314737
 20
-132.8577584567308
 30
0.0
 11
1155.171005314737
 21
-146.3099128477017
 31
0.0
  0
LINE
  5
2EB168
330
11F692
100
AcDbEntity
  8
LINE6
100
AcDbLine
 10
1154.679867071126
 20
-132.8577584567308
 30
0.0
 11
1154.679867071126
 21
-134.1923770088639
 31
0.0
  0
ARC
  5
2EB169
330
11F692
100
AcDbEntity
  8
LINE3
100
AcDbCircle
 10
1151.920375144805
 20
-138.9599128477017
 30
0.0
 40
1.9
100
AcDbArc
 50
0.0
 51
90.0
  0
ARC
  5
2EB16A
330
11F692
100
AcDbEntity
  8
LINE9
100
AcDbCircle
 10
1151.920375144805
 20
-138.9599128477017
 30
0.0
 40
2.268353682708857
100
AcDbArc
 50
0.0
 51
90.0
  0
LINE
  5
2EB16B
330
11F692
100
AcDbEntity
  8
LINE3
100
AcDbLine
 10
1151.920375144805
 20
-137.0599128477017
 30
0.0
 11
1146.917082510223
 21
-137.0599128477017
 31
0.0
  0
LINE
  5
2EB16C
330
11F692
100
AcDbEntity
  8
LINE9
100
AcDbLine
 10
1151.920375144805
 20
-136.6915591649928
 30
0.0
 11
1146.917082510223
 21
-136.6915591649928
 31
0.0
  0
ARC
  5
2EB16D
330
11F692
100
AcDbEntity
  8
LINE3
100
AcDbCircle
 10
1146.917082510223
 20
-138.9599128477017
 30
0.0
 40
1.9
100
AcDbArc
 50
90.0
 51
180.0
  0
ARC
  5
2EB16E
330
11F692
100
AcDbEntity
  8
LINE9
100
AcDbCircle
 10
1146.917082510223
 20
-138.9599128477017
 30
0.0
 40
2.268353682708857
100
AcDbArc
 50
90.0
 51
180.0
  0
LINE
  5
2EB16F
330
11F692
100
AcDbEntity
  8
LINE3
100
AcDbLine
 10
1151.920375144805
 20
-148.2099128477017
 30
0.0
 11
1146.917082510223
 21
-148.2099128477017
 31
0.0
  0
LINE
  5
2EB170
330
11F692
100
AcDbEntity
  8
SECTION
100
AcDbLine
 10
1151.920375144805
 20
-149.5605430176336
 30
0.0
 11
1146.917082510223
 21
-149.5605430176336
 31
0.0
  0
ARC
  5
2EB171
330
11F692
100
AcDbEntity
  8
LINE3
100
AcDbCircle
 10
1146.917082510223
 20
-146.3099128477017
 30
0.0
 40
1.9
100
AcDbArc
 50
180.0
 51
270.0
  0
ARC
  5
2EB172
330
11F692
100
AcDbEntity
  8
SECTION
100
AcDbCircle
 10
1146.917082510223
 20
-146.3099128477017
 30
0.0
 40
3.250630169931946
100
AcDbArc
 50
180.0
 51
270.0
  0
ARC
  5
2EB173
330
11F692
100
AcDbEntity
  8
LINE3
100
AcDbCircle
 10
1151.920375144805
 20
-146.3099128477017
 30
0.0
 40
1.9
100
AcDbArc
 50
270.0
 51
0.0
  0
ARC
  5
2EB174
330
11F692
100
AcDbEntity
  8
SECTION
100
AcDbCircle
 10
1151.920375144805
 20
-146.3099128477017
 30
0.0
 40
3.250630169931946
100
AcDbArc
 50
270.0
 51
0.0
  0
ARC
  5
2EB175
330
11F692
100
AcDbEntity
  8
LINE9
100
AcDbCircle
 10
1153.278728827514
 20
-134.9649128477016
 30
0.0
 40
1.6
100
AcDbArc
 50
321.6629103003802
 51
59.99999999999959
  0
ARC
  5
2EB176
330
11F692
100
AcDbEntity
  8
LINE9
100
AcDbCircle
 10
1155.788728827514
 20
-136.9498309820349
 30
0.0
 40
1.6
100
AcDbArc
 50
141.6629103003755
 51
180.0
  0
LINE
  5
2EB177
330
11F692
100
AcDbEntity
  8
LINE9
100
AcDbLine
 10
1153.469468154509
 20
-133.2275153880801
 30
0.0
 11
1154.078728827514
 21
-133.5792722016466
 31
0.0
  0
ARC
  5
2EB178
330
11F692
100
AcDbEntity
  8
LINE9
100
AcDbCircle
 10
1153.519468154508
 20
-133.1409128477017
 30
0.0
 40
0.1
100
AcDbArc
 50
120.0000000000004
 51
239.9999999999995
  0
ARC
  5
2EB179
330
11F692
100
AcDbEntity
  8
LINE9
100
AcDbCircle
 10
1153.278728827514
 20
-131.3169128477017
 30
0.0
 40
1.6
100
AcDbArc
 50
300.0000000000004
 51
341.1339194140706
  0
ARC
  5
2EB17A
330
11F692
100
AcDbEntity
  8
LINE9
100
AcDbCircle
 10
1154.887399649157
 20
-131.8666202131191
 30
0.0
 40
0.1
100
AcDbArc
 50
90.0
 51
161.1339194140722
  0
LINE
  5
2EB17B
330
11F692
100
AcDbEntity
  8
LINE9
100
AcDbLine
 10
1153.469468154509
 20
-133.0543103073233
 30
0.0
 11
1154.078728827514
 21
-132.7025534937567
 31
0.0
  0
LINE
  5
2EB17C
330
11F692
100
AcDbEntity
  8
LINE
100
AcDbLine
 10
1143.621617433834
 20
-131.5210510913132
 30
0.0
 11
1142.776572858456
 21
-132.7488967003422
 31
0.0
  0
LINE
  5
2EB17D
330
11F692
100
AcDbEntity
  8
LINE
100
AcDbLine
 10
1143.819074255354
 20
-131.6892579531341
 30
0.0
 11
1142.949775611017
 21
-132.8488926678956
 31
0.0
  0
LINE
  5
2EB17E
330
11F692
100
AcDbEntity
  8
CENTER
100
AcDbLine
 10
1266.085754787286
 20
-84.6549128477017
 30
0.0
 11
1130.701702867742
 21
-84.6549128477017
 31
0.0
  0
LINE
  5
2EB17F
330
11F692
100
AcDbEntity
  8
LINE
100
AcDbLine
 10
1184.988728827514
 20
-122.6999128477017
 30
0.0
 11
1172.618728827514
 21
-122.6999128477017
 31
0.0
  0
LINE
  5
2EB180
330
11F692
100
AcDbEntity
  8
LINE9
100
AcDbLine
 10
1173.978728827514
 20
-121.9632054822842
 30
0.0
 11
1172.618728827514
 21
-121.9632054822842
 31
0.0
  0
ARC
  5
2EB181
330
11F692
100
AcDbEntity
  8
LINE9
100
AcDbCircle
 10
1173.978728827514
 20
-121.7632054822842
 30
0.0
 40
0.2
100
AcDbArc
 50
180.0
 51
270.0
  0
LINE
  5
2EB182
330
11F692
100
AcDbEntity
  8
SECTION
100
AcDbLine
 10
1182.646452340291
 20
-120.9809289950611
 30
0.0
 11
1174.961005314737
 21
-120.9809289950611
 31
0.0
  0
ARC
  5
2EB183
330
11F692
100
AcDbEntity
  8
SECTION
100
AcDbCircle
 10
1174.961005314737
 20
-120.7809289950611
 30
0.0
 40
0.2
100
AcDbArc
 50
180.000000000013
 51
270.0
  0
LINE
  5
2EB184
330
11F692
100
AcDbEntity
  8
LINE9
100
AcDbLine
 10
1165.398728827514
 20
-121.9632054822842
 30
0.0
 11
1164.038728827514
 21
-121.9632054822842
 31
0.0
  0
LINE
  5
2EB185
330
11F692
100
AcDbEntity
  8
LINE
100
AcDbLine
 10
1184.988728827514
 20
-131.0299128477017
 30
0.0
 11
1172.618728827514
 21
-131.0299128477017
 31
0.0
  0
LINE
  5
2EB186
330
11F692
100
AcDbEntity
  8
LINE9
100
AcDbLine
 10
1174.477399649157
 20
-131.7666202131191
 30
0.0
 11
1172.618728827514
 21
-131.7666202131191
 31
0.0
  0
LINE
  5
2EB187
330
11F692
100
AcDbEntity
  8
LINE6
100
AcDbLine
 10
1174.869867071126
 20
-132.2577584567308
 30
0.0
 11
1174.162873154848
 21
-132.2577584567308
 31
0.0
  0
LINE
  5
2EB188
330
11F692
100
AcDbEntity
  8
SECTION
100
AcDbLine
 10
1181.956572858456
 20
-132.7488967003422
 30
0.0
 11
1174.869867071126
 21
-132.7488967003422
 31
0.0
  0
ARC
  5
2EB189
330
11F692
100
AcDbEntity
  8
LINE6
100
AcDbCircle
 10
1174.869867071126
 20
-132.8577584567308
 30
0.0
 40
0.6
100
AcDbArc
 50
90.0
 51
180.0
  0
ARC
  5
2EB18A
330
11F692
100
AcDbEntity
  8
SECTION
100
AcDbCircle
 10
1174.869867071126
 20
-132.8577584567308
 30
0.0
 40
0.1088617563885691
100
AcDbArc
 50
90.0
 51
180.0
  0
LINE
  5
2EB18B
330
11F692
100
AcDbEntity
  8
LINE2
100
AcDbLine
 10
1165.398728827514
 20
-131.5210510913132
 30
0.0
 11
1163.211617433834
 21
-131.5210510913132
 31
0.0
  0
LINE
  5
2EB18C
330
11F692
100
AcDbEntity
  8
LINE
100
AcDbLine
 10
1167.398728827514
 20
-124.6999128477017
 30
0.0
 11
1167.398728827514
 21
-129.0299128477017
 31
0.0
  0
LINE
  5
2EB18D
330
11F692
100
AcDbEntity
  8
LINE9
100
AcDbLine
 10
1168.135436192931
 20
-124.6999128477017
 30
0.0
 11
1168.135436192931
 21
-131.4349128477017
 31
0.0
  0
LINE
  5
2EB18E
330
11F692
100
AcDbEntity
  8
LINE
100
AcDbLine
 10
1170.618728827514
 20
-124.6999128477017
 30
0.0
 11
1170.618728827514
 21
-129.0299128477017
 31
0.0
  0
LINE
  5
2EB18F
330
11F692
100
AcDbEntity
  8
LINE9
100
AcDbLine
 10
1169.882021462096
 20
-124.6999128477017
 30
0.0
 11
1169.882021462096
 21
-129.0299128477017
 31
0.0
  0
ARC
  5
2EB190
330
11F692
100
AcDbEntity
  8
LINE
100
AcDbCircle
 10
1165.398728827514
 20
-124.6999128477017
 30
0.0
 40
2.0
100
AcDbArc
 50
0.0000000000004071
 51
90.0
  0
ARC
  5
2EB191
330
11F692
100
AcDbEntity
  8
LINE9
100
AcDbCircle
 10
1165.398728827514
 20
-124.6999128477017
 30
0.0
 40
2.736707365417458
100
AcDbArc
 50
0.0000000000004071
 51
90.0
  0
ARC
  5
2EB192
330
11F692
100
AcDbEntity
  8
LINE
100
AcDbCircle
 10
1165.398728827514
 20
-129.0299128477017
 30
0.0
 40
2.0
100
AcDbArc
 50
269.999999999987
 51
0.0000000000008142
  0
ARC
  5
2EB193
330
11F692
100
AcDbEntity
  8
LINE2
100
AcDbCircle
 10
1165.398728827514
 20
-129.0299128477017
 30
0.0
 40
2.491138243611459
100
AcDbArc
 50
269.999999999987
 51
0.0000000000008142
  0
ARC
  5
2EB194
330
11F692
100
AcDbEntity
  8
LINE
100
AcDbCircle
 10
1172.618728827514
 20
-124.6999128477017
 30
0.0
 40
2.0
100
AcDbArc
 50
90.0
 51
179.9999999999996
  0
ARC
  5
2EB195
330
11F692
100
AcDbEntity
  8
LINE9
100
AcDbCircle
 10
1172.618728827514
 20
-124.6999128477017
 30
0.0
 40
2.736707365417458
100
AcDbArc
 50
90.0
 51
179.9999999999996
  0
ARC
  5
2EB196
330
11F692
100
AcDbEntity
  8
LINE
100
AcDbCircle
 10
1172.618728827514
 20
-129.0299128477017
 30
0.0
 40
2.0
100
AcDbArc
 50
179.9999999999992
 51
269.999999999987
  0
ARC
  5
2EB197
330
11F692
100
AcDbEntity
  8
LINE9
100
AcDbCircle
 10
1172.618728827514
 20
-129.0299128477017
 30
0.0
 40
2.736707365417458
100
AcDbArc
 50
179.9999999999992
 51
269.999999999987
  0
LINE
  5
2EB198
330
11F692
100
AcDbEntity
  8
LINE9
100
AcDbLine
 10
1170.569381133572
 20
-119.8349128477016
 30
0.0
 11
1167.448076521456
 21
-119.8349128477017
 31
0.0
  0
LINE
  5
2EB199
330
11F692
100
AcDbEntity
  8
LINE9
100
AcDbLine
 10
1164.238728827514
 20
-120.7349128477017
 30
0.0
 11
1164.238728827514
 21
-121.7632054822842
 31
0.0
  0
LINE
  5
2EB19A
330
11F692
100
AcDbEntity
  8
SECTION
100
AcDbLine
 10
1163.256452340291
 20
-120.7349128477017
 30
0.0
 11
1163.256452340291
 21
-120.7809289950612
 31
0.0
  0
LINE
  5
2EB19B
330
11F692
100
AcDbEntity
  8
LINE9
100
AcDbLine
 10
1173.778728827514
 20
-120.7349128477017
 30
0.0
 11
1173.778728827514
 21
-121.7632054822842
 31
0.0
  0
LINE
  5
2EB19C
330
11F692
100
AcDbEntity
  8
SECTION
100
AcDbLine
 10
1174.761005314737
 20
-120.7349128477017
 30
0.0
 11
1174.761005314737
 21
-120.7809289950612
 31
0.0
  0
ARC
  5
2EB19D
330
11F692
100
AcDbEntity
  8
LINE9
100
AcDbCircle
 10
1165.838728827514
 20
-120.7349128477017
 30
0.0
 40
1.6
100
AcDbArc
 50
42.9858860802091
 51
180.0
  0
ARC
  5
2EB19E
330
11F692
100
AcDbEntity
  8
SECTION
100
AcDbCircle
 10
1165.838728827514
 20
-120.7349128477017
 30
0.0
 40
2.582276487223089
100
AcDbArc
 50
68.53021269314166
 51
180.0
  0
ARC
  5
2EB19F
330
11F692
100
AcDbEntity
  8
LINE9
100
AcDbCircle
 10
1167.448076521456
 20
-119.2349128477017
 30
0.0
 40
0.6
100
AcDbArc
 50
222.9858860802091
 51
270.0
  0
ARC
  5
2EB1A0
330
11F692
100
AcDbEntity
  8
LINE9
100
AcDbCircle
 10
1172.178728827514
 20
-120.7349128477017
 30
0.0
 40
1.6
100
AcDbArc
 50
0.0
 51
137.0141139197909
  0
ARC
  5
2EB1A1
330
11F692
100
AcDbEntity
  8
SECTION
100
AcDbCircle
 10
1172.178728827514
 20
-120.7349128477017
 30
0.0
 40
2.582276487223089
100
AcDbArc
 50
0.0
 51
111.4697873068652
  0
ARC
  5
2EB1A2
330
11F692
100
AcDbEntity
  8
LINE9
100
AcDbCircle
 10
1170.569381133572
 20
-119.2349128477017
 30
0.0
 40
0.6
100
AcDbArc
 50
270.0
 51
317.0141139197909
  0
LINE
  5
2EB1A3
330
11F692
100
AcDbEntity
  8
LINE
100
AcDbLine
 10
1173.778728827514
 20
-121.7632054822842
 30
0.0
 11
1174.761005314737
 21
-120.7809289950612
 31
0.0
  0
LINE
  5
2EB1A4
330
11F692
100
AcDbEntity
  8
LINE
100
AcDbLine
 10
1174.961005314737
 20
-120.9809289950611
 30
0.0
 11
1173.978728827514
 21
-121.9632054822842
 31
0.0
  0
ARC
  5
2EB1A5
330
11F692
100
AcDbEntity
  8
LINE9
100
AcDbCircle
 10
1164.038728827514
 20
-121.7632054822842
 30
0.0
 40
0.2
100
AcDbArc
 50
270.0
 51
0.0
  0
ARC
  5
2EB1A6
330
11F692
100
AcDbEntity
  8
SECTION
100
AcDbCircle
 10
1163.056452340291
 20
-120.7809289950611
 30
0.0
 40
0.2
100
AcDbArc
 50
270.0
 51
359.9999999999866
  0
LINE
  5
2EB1A7
330
11F692
100
AcDbEntity
  8
LINE
100
AcDbLine
 10
1164.238728827514
 20
-121.7632054822842
 30
0.0
 11
1163.256452340291
 21
-120.7809289950612
 31
0.0
  0
LINE
  5
2EB1A8
330
11F692
100
AcDbEntity
  8
LINE
100
AcDbLine
 10
1163.056452340291
 20
-120.9809289950611
 30
0.0
 11
1164.038728827514
 21
-121.9632054822842
 31
0.0
  0
LINE
  5
2EB1A9
330
11F692
100
AcDbEntity
  8
LINE2
100
AcDbLine
 10
1167.889867071125
 20
-129.0299128477017
 30
0.0
 11
1167.889867071125
 21
-131.4349128477017
 31
0.0
  0
LINE
  5
2EB1AA
330
11F692
100
AcDbEntity
  8
LINE2
100
AcDbLine
 10
1166.289867071125
 20
-133.0349128477017
 30
0.0
 11
1164.988728827514
 21
-133.0349128477017
 31
0.0
  0
LINE
  5
2EB1AB
330
11F692
100
AcDbEntity
  8
LINE9
100
AcDbLine
 10
1166.289867071125
 20
-133.2804819695076
 30
0.0
 11
1164.988728827514
 21
-133.2804819695076
 31
0.0
  0
ARC
  5
2EB1AC
330
11F692
100
AcDbEntity
  8
LINE2
100
AcDbCircle
 10
1166.289867071125
 20
-131.4349128477017
 30
0.0
 40
1.6
100
AcDbArc
 50
270.0
 51
0.0
  0
ARC
  5
2EB1AD
330
11F692
100
AcDbEntity
  8
LINE9
100
AcDbCircle
 10
1166.289867071125
 20
-131.4349128477017
 30
0.0
 40
1.845569121805942
100
AcDbArc
 50
270.0
 51
0.0
  0
ARC
  5
2EB1AE
330
11F692
100
AcDbEntity
  8
LINE2
100
AcDbCircle
 10
1164.988728827514
 20
-131.4349128477017
 30
0.0
 40
1.6
100
AcDbArc
 50
189.1468663314291
 51
270.0
  0
ARC
  5
2EB1AF
330
11F692
100
AcDbEntity
  8
LINE9
100
AcDbCircle
 10
1164.988728827514
 20
-131.4349128477017
 30
0.0
 40
1.845569121805942
100
AcDbArc
 50
226.9971007423671
 51
270.0
  0
ARC
  5
2EB1B0
330
11F692
100
AcDbEntity
  8
SECTION
100
AcDbCircle
 10
1164.988728827514
 20
-131.4349128477017
 30
0.0
 40
2.827845609029259
100
AcDbArc
 50
210.0013339314951
 51
226.997100742367
  0
ARC
  5
2EB1B1
330
11F692
100
AcDbEntity
  8
SECTION
100
AcDbCircle
 10
1162.366572858456
 20
-132.9488967003422
 30
0.0
 40
0.2
100
AcDbArc
 50
30.0013339315014
 51
90.0
  0
ARC
  5
2EB1B2
330
11F692
100
AcDbEntity
  8
LINE9
100
AcDbCircle
 10
1162.638728827514
 20
-133.9547236686049
 30
0.0
 40
1.6
100
AcDbArc
 50
359.9999999999996
 51
46.99710074236707
  0
ARC
  5
2EB1B3
330
11F692
100
AcDbEntity
  8
SECTION
100
AcDbCircle
 10
1162.638728827514
 20
-133.9547236686049
 30
0.0
 40
0.6177235127766836
100
AcDbArc
 50
359.9999999999996
 51
46.99710074236707
  0
ARC
  5
2EB1B4
330
11F692
100
AcDbEntity
  8
LINE2
100
AcDbCircle
 10
1163.211617433834
 20
-131.7210510913131
 30
0.0
 40
0.2
100
AcDbArc
 50
9.146866331428759
 51
90.0
  0
LINE
  5
2EB1B5
330
11F692
100
AcDbEntity
  8
LINE9
100
AcDbLine
 10
1164.238728827514
 20
-133.9547236686049
 30
0.0
 11
1164.238728827514
 21
-138.9599128477017
 31
0.0
  0
LINE
  5
2EB1B6
330
11F692
100
AcDbEntity
  8
SECTION
100
AcDbLine
 10
1163.256452340291
 20
-133.9547236686049
 30
0.0
 11
1163.256452340291
 21
-146.3099128477016
 31
0.0
  0
LINE
  5
2EB1B7
330
11F692
100
AcDbEntity
  8
LINE3
100
AcDbLine
 10
1164.607082510223
 20
-138.9599128477017
 30
0.0
 11
1164.607082510223
 21
-146.3099128477017
 31
0.0
  0
LINE
  5
2EB1B8
330
11F692
100
AcDbEntity
  8
LINE9
100
AcDbLine
 10
1173.778728827514
 20
-136.9498309820349
 30
0.0
 11
1173.778728827514
 21
-138.9599128477017
 31
0.0
  0
LINE
  5
2EB1B9
330
11F692
100
AcDbEntity
  8
LINE3
100
AcDbLine
 10
1173.410375144805
 20
-138.9599128477017
 30
0.0
 11
1173.410375144805
 21
-146.3099128477017
 31
0.0
  0
LINE
  5
2EB1BA
330
11F692
100
AcDbEntity
  8
SECTION
100
AcDbLine
 10
1174.761005314737
 20
-132.8577584567308
 30
0.0
 11
1174.761005314737
 21
-146.3099128477017
 31
0.0
  0
LINE
  5
2EB1BB
330
11F692
100
AcDbEntity
  8
LINE6
100
AcDbLine
 10
1174.269867071125
 20
-132.8577584567308
 30
0.0
 11
1174.269867071125
 21
-134.1923770088639
 31
0.0
  0
ARC
  5
2EB1BC
330
11F692
100
AcDbEntity
  8
LINE3
100
AcDbCircle
 10
1171.510375144805
 20
-138.9599128477017
 30
0.0
 40
1.9
100
AcDbArc
 50
0.0
 51
90.0
  0
ARC
  5
2EB1BD
330
11F692
100
AcDbEntity
  8
LINE9
100
AcDbCircle
 10
1171.510375144805
 20
-138.9599128477017
 30
0.0
 40
2.268353682708857
100
AcDbArc
 50
0.0
 51
90.0
  0
LINE
  5
2EB1BE
330
11F692
100
AcDbEntity
  8
LINE3
100
AcDbLine
 10
1171.510375144805
 20
-137.0599128477017
 30
0.0
 11
1166.507082510223
 21
-137.0599128477017
 31
0.0
  0
LINE
  5
2EB1BF
330
11F692
100
AcDbEntity
  8
LINE9
100
AcDbLine
 10
1171.510375144805
 20
-136.6915591649928
 30
0.0
 11
1166.507082510223
 21
-136.6915591649928
 31
0.0
  0
ARC
  5
2EB1C0
330
11F692
100
AcDbEntity
  8
LINE3
100
AcDbCircle
 10
1166.507082510223
 20
-138.9599128477017
 30
0.0
 40
1.9
100
AcDbArc
 50
90.0
 51
180.0
  0
ARC
  5
2EB1C1
330
11F692
100
AcDbEntity
  8
LINE9
100
AcDbCircle
 10
1166.507082510223
 20
-138.9599128477017
 30
0.0
 40
2.268353682708857
100
AcDbArc
 50
90.0
 51
180.0
  0
LINE
  5
2EB1C2
330
11F692
100
AcDbEntity
  8
LINE3
100
AcDbLine
 10
1171.510375144805
 20
-148.2099128477017
 30
0.0
 11
1166.507082510223
 21
-148.2099128477017
 31
0.0
  0
LINE
  5
2EB1C3
330
11F692
100
AcDbEntity
  8
SECTION
100
AcDbLine
 10
1171.510375144805
 20
-149.5605430176336
 30
0.0
 11
1166.507082510223
 21
-149.5605430176336
 31
0.0
  0
ARC
  5
2EB1C4
330
11F692
100
AcDbEntity
  8
LINE3
100
AcDbCircle
 10
1166.507082510223
 20
-146.3099128477017
 30
0.0
 40
1.9
100
AcDbArc
 50
180.0
 51
270.0
  0
ARC
  5
2EB1C5
330
11F692
100
AcDbEntity
  8
SECTION
100
AcDbCircle
 10
1166.507082510223
 20
-146.3099128477017
 30
0.0
 40
3.250630169931946
100
AcDbArc
 50
180.0
 51
270.0
  0
ARC
  5
2EB1C6
330
11F692
100
AcDbEntity
  8
LINE3
100
AcDbCircle
 10
1171.510375144805
 20
-146.3099128477017
 30
0.0
 40
1.9
100
AcDbArc
 50
270.0
 51
0.0
  0
ARC
  5
2EB1C7
330
11F692
100
AcDbEntity
  8
SECTION
100
AcDbCircle
 10
1171.510375144805
 20
-146.3099128477017
 30
0.0
 40
3.250630169931946
100
AcDbArc
 50
270.0
 51
0.0
  0
ARC
  5
2EB1C8
330
11F692
100
AcDbEntity
  8
LINE9
100
AcDbCircle
 10
1172.868728827514
 20
-134.9649128477016
 30
0.0
 40
1.6
100
AcDbArc
 50
321.6629103003802
 51
59.99999999999959
  0
ARC
  5
2EB1C9
330
11F692
100
AcDbEntity
  8
LINE9
100
AcDbCircle
 10
1175.378728827514
 20
-136.9498309820349
 30
0.0
 40
1.6
100
AcDbArc
 50
141.6629103003755
 51
180.0
  0
LINE
  5
2EB1CA
330
11F692
100
AcDbEntity
  8
LINE9
100
AcDbLine
 10
1173.059468154508
 20
-133.2275153880801
 30
0.0
 11
1173.668728827514
 21
-133.5792722016466
 31
0.0
  0
ARC
  5
2EB1CB
330
11F692
100
AcDbEntity
  8
LINE9
100
AcDbCircle
 10
1173.109468154509
 20
-133.1409128477017
 30
0.0
 40
0.1
100
AcDbArc
 50
120.0000000000004
 51
239.9999999999995
  0
ARC
  5
2EB1CC
330
11F692
100
AcDbEntity
  8
LINE9
100
AcDbCircle
 10
1172.868728827514
 20
-131.3169128477017
 30
0.0
 40
1.6
100
AcDbArc
 50
300.0000000000004
 51
341.1339194140706
  0
ARC
  5
2EB1CD
330
11F692
100
AcDbEntity
  8
LINE9
100
AcDbCircle
 10
1174.477399649157
 20
-131.8666202131191
 30
0.0
 40
0.1
100
AcDbArc
 50
90.0
 51
161.1339194140722
  0
LINE
  5
2EB1CE
330
11F692
100
AcDbEntity
  8
LINE9
100
AcDbLine
 10
1173.059468154508
 20
-133.0543103073233
 30
0.0
 11
1173.668728827514
 21
-132.7025534937567
 31
0.0
  0
LINE
  5
2EB1CF
330
11F692
100
AcDbEntity
  8
LINE
100
AcDbLine
 10
1163.211617433834
 20
-131.5210510913132
 30
0.0
 11
1162.366572858456
 21
-132.7488967003422
 31
0.0
  0
LINE
  5
2EB1D0
330
11F692
100
AcDbEntity
  8
LINE
100
AcDbLine
 10
1163.409074255354
 20
-131.6892579531341
 30
0.0
 11
1162.539775611017
 21
-132.8488926678956
 31
0.0
  0
LINE
  5
2EB1D1
330
11F692
100
AcDbEntity
  8
LINE
100
AcDbLine
 10
1204.578728827514
 20
-122.6999128477017
 30
0.0
 11
1192.208728827514
 21
-122.6999128477017
 31
0.0
  0
LINE
  5
2EB1D2
330
11F692
100
AcDbEntity
  8
LINE9
100
AcDbLine
 10
1193.568728827514
 20
-121.9632054822842
 30
0.0
 11
1192.208728827514
 21
-121.9632054822842
 31
0.0
  0
ARC
  5
2EB1D3
330
11F692
100
AcDbEntity
  8
LINE9
100
AcDbCircle
 10
1193.568728827514
 20
-121.7632054822842
 30
0.0
 40
0.2
100
AcDbArc
 50
180.0
 51
270.0
  0
LINE
  5
2EB1D4
330
11F692
100
AcDbEntity
  8
SECTION
100
AcDbLine
 10
1202.236452340291
 20
-120.9809289950611
 30
0.0
 11
1194.551005314737
 21
-120.9809289950611
 31
0.0
  0
ARC
  5
2EB1D5
330
11F692
100
AcDbEntity
  8
SECTION
100
AcDbCircle
 10
1194.551005314737
 20
-120.7809289950611
 30
0.0
 40
0.2
100
AcDbArc
 50
180.000000000013
 51
270.0
  0
LINE
  5
2EB1D6
330
11F692
100
AcDbEntity
  8
LINE9
100
AcDbLine
 10
1184.988728827514
 20
-121.9632054822842
 30
0.0
 11
1183.628728827514
 21
-121.9632054822842
 31
0.0
  0
LINE
  5
2EB1D7
330
11F692
100
AcDbEntity
  8
LINE
100
AcDbLine
 10
1204.578728827514
 20
-131.0299128477017
 30
0.0
 11
1192.208728827514
 21
-131.0299128477017
 31
0.0
  0
LINE
  5
2EB1D8
330
11F692
100
AcDbEntity
  8
LINE9
100
AcDbLine
 10
1194.067399649157
 20
-131.7666202131191
 30
0.0
 11
1192.208728827514
 21
-131.7666202131191
 31
0.0
  0
LINE
  5
2EB1D9
330
11F692
100
AcDbEntity
  8
LINE6
100
AcDbLine
 10
1194.459867071125
 20
-132.2577584567308
 30
0.0
 11
1193.752873154848
 21
-132.2577584567308
 31
0.0
  0
LINE
  5
2EB1DA
330
11F692
100
AcDbEntity
  8
SECTION
100
AcDbLine
 10
1201.546572858456
 20
-132.7488967003422
 30
0.0
 11
1194.459867071125
 21
-132.7488967003422
 31
0.0
  0
ARC
  5
2EB1DB
330
11F692
100
AcDbEntity
  8
LINE6
100
AcDbCircle
 10
1194.459867071125
 20
-132.8577584567308
 30
0.0
 40
0.6
100
AcDbArc
 50
90.0
 51
180.0
  0
ARC
  5
2EB1DC
330
11F692
100
AcDbEntity
  8
SECTION
100
AcDbCircle
 10
1194.459867071125
 20
-132.8577584567308
 30
0.0
 40
0.1088617563885691
100
AcDbArc
 50
90.0
 51
180.0
  0
LINE
  5
2EB1DD
330
11F692
100
AcDbEntity
  8
LINE2
100
AcDbLine
 10
1184.988728827514
 20
-131.5210510913132
 30
0.0
 11
1182.801617433834
 21
-131.5210510913132
 31
0.0
  0
LINE
  5
2EB1DE
330
11F692
100
AcDbEntity
  8
LINE
100
AcDbLine
 10
1186.988728827514
 20
-124.6999128477017
 30
0.0
 11
1186.988728827514
 21
-129.0299128477017
 31
0.0
  0
LINE
  5
2EB1DF
330
11F692
100
AcDbEntity
  8
LINE9
100
AcDbLine
 10
1187.725436192931
 20
-124.6999128477017
 30
0.0
 11
1187.725436192931
 21
-131.4349128477017
 31
0.0
  0
LINE
  5
2EB1E0
330
11F692
100
AcDbEntity
  8
LINE
100
AcDbLine
 10
1190.208728827514
 20
-124.6999128477017
 30
0.0
 11
1190.208728827514
 21
-129.0299128477017
 31
0.0
  0
LINE
  5
2EB1E1
330
11F692
100
AcDbEntity
  8
LINE9
100
AcDbLine
 10
1189.472021462096
 20
-124.6999128477017
 30
0.0
 11
1189.472021462096
 21
-129.0299128477017
 31
0.0
  0
ARC
  5
2EB1E2
330
11F692
100
AcDbEntity
  8
LINE
100
AcDbCircle
 10
1184.988728827514
 20
-124.6999128477017
 30
0.0
 40
2.0
100
AcDbArc
 50
0.0000000000004071
 51
90.0
  0
ARC
  5
2EB1E3
330
11F692
100
AcDbEntity
  8
LINE9
100
AcDbCircle
 10
1184.988728827514
 20
-124.6999128477017
 30
0.0
 40
2.736707365417458
100
AcDbArc
 50
0.0000000000004071
 51
90.0
  0
ARC
  5
2EB1E4
330
11F692
100
AcDbEntity
  8
LINE
100
AcDbCircle
 10
1184.988728827514
 20
-129.0299128477017
 30
0.0
 40
2.0
100
AcDbArc
 50
269.999999999987
 51
0.0000000000008142
  0
ARC
  5
2EB1E5
330
11F692
100
AcDbEntity
  8
LINE2
100
AcDbCircle
 10
1184.988728827514
 20
-129.0299128477017
 30
0.0
 40
2.491138243611459
100
AcDbArc
 50
269.999999999987
 51
0.0000000000008142
  0
ARC
  5
2EB1E6
330
11F692
100
AcDbEntity
  8
LINE
100
AcDbCircle
 10
1192.208728827514
 20
-124.6999128477017
 30
0.0
 40
2.0
100
AcDbArc
 50
90.0
 51
179.9999999999996
  0
ARC
  5
2EB1E7
330
11F692
100
AcDbEntity
  8
LINE9
100
AcDbCircle
 10
1192.208728827514
 20
-124.6999128477017
 30
0.0
 40
2.736707365417458
100
AcDbArc
 50
90.0
 51
179.9999999999996
  0
ARC
  5
2EB1E8
330
11F692
100
AcDbEntity
  8
LINE
100
AcDbCircle
 10
1192.208728827514
 20
-129.0299128477017
 30
0.0
 40
2.0
100
AcDbArc
 50
179.9999999999992
 51
269.999999999987
  0
ARC
  5
2EB1E9
330
11F692
100
AcDbEntity
  8
LINE9
100
AcDbCircle
 10
1192.208728827514
 20
-129.0299128477017
 30
0.0
 40
2.736707365417458
100
AcDbArc
 50
179.9999999999992
 51
269.999999999987
  0
LINE
  5
2EB1EA
330
11F692
100
AcDbEntity
  8
LINE9
100
AcDbLine
 10
1190.159381133572
 20
-119.8349128477016
 30
0.0
 11
1187.038076521456
 21
-119.8349128477017
 31
0.0
  0
LINE
  5
2EB1EB
330
11F692
100
AcDbEntity
  8
SECTION
100
AcDbLine
 10
1190.000908960527
 20
-118.8526363604786
 30
0.0
 11
1187.1965486945
 21
-118.8526363604786
 31
0.0
  0
LINE
  5
2EB1EC
330
11F692
100
AcDbEntity
  8
LINE9
100
AcDbLine
 10
1183.828728827514
 20
-120.7349128477017
 30
0.0
 11
1183.828728827514
 21
-121.7632054822842
 31
0.0
  0
LINE
  5
2EB1ED
330
11F692
100
AcDbEntity
  8
SECTION
100
AcDbLine
 10
1182.846452340291
 20
-120.7349128477017
 30
0.0
 11
1182.846452340291
 21
-120.7809289950612
 31
0.0
  0
LINE
  5
2EB1EE
330
11F692
100
AcDbEntity
  8
LINE9
100
AcDbLine
 10
1193.368728827514
 20
-120.7349128477017
 30
0.0
 11
1193.368728827514
 21
-121.7632054822842
 31
0.0
  0
LINE
  5
2EB1EF
330
11F692
100
AcDbEntity
  8
SECTION
100
AcDbLine
 10
1194.351005314737
 20
-120.7349128477017
 30
0.0
 11
1194.351005314737
 21
-120.7809289950612
 31
0.0
  0
ARC
  5
2EB1F0
330
11F692
100
AcDbEntity
  8
LINE9
100
AcDbCircle
 10
1185.428728827514
 20
-120.7349128477017
 30
0.0
 40
1.6
100
AcDbArc
 50
42.9858860802091
 51
180.0
  0
ARC
  5
2EB1F1
330
11F692
100
AcDbEntity
  8
SECTION
100
AcDbCircle
 10
1185.428728827514
 20
-120.7349128477017
 30
0.0
 40
2.582276487223089
100
AcDbArc
 50
46.79604386203299
 51
180.0
  0
ARC
  5
2EB1F2
330
11F692
100
AcDbEntity
  8
LINE9
100
AcDbCircle
 10
1187.038076521456
 20
-119.2349128477017
 30
0.0
 40
0.6
100
AcDbArc
 50
222.9858860802091
 51
270.0
  0
ARC
  5
2EB1F3
330
11F692
100
AcDbEntity
  8
LINE9
100
AcDbCircle
 10
1191.768728827514
 20
-120.7349128477017
 30
0.0
 40
1.6
100
AcDbArc
 50
0.0
 51
137.0141139197909
  0
ARC
  5
2EB1F4
330
11F692
100
AcDbEntity
  8
SECTION
100
AcDbCircle
 10
1191.768728827514
 20
-120.7349128477017
 30
0.0
 40
2.582276487223089
100
AcDbArc
 50
0.0
 51
133.2039561379667
  0
ARC
  5
2EB1F5
330
11F692
100
AcDbEntity
  8
LINE9
100
AcDbCircle
 10
1190.159381133572
 20
-119.2349128477017
 30
0.0
 40
0.6
100
AcDbArc
 50
270.0
 51
317.0141139197909
  0
LINE
  5
2EB1F6
330
11F692
100
AcDbEntity
  8
LINE
100
AcDbLine
 10
1193.368728827514
 20
-121.7632054822842
 30
0.0
 11
1194.351005314737
 21
-120.7809289950612
 31
0.0
  0
LINE
  5
2EB1F7
330
11F692
100
AcDbEntity
  8
LINE
100
AcDbLine
 10
1194.551005314737
 20
-120.9809289950611
 30
0.0
 11
1193.568728827514
 21
-121.9632054822842
 31
0.0
  0
ARC
  5
2EB1F8
330
11F692
100
AcDbEntity
  8
LINE9
100
AcDbCircle
 10
1183.628728827514
 20
-121.7632054822842
 30
0.0
 40
0.2
100
AcDbArc
 50
270.0
 51
0.0
  0
ARC
  5
2EB1F9
330
11F692
100
AcDbEntity
  8
SECTION
100
AcDbCircle
 10
1182.646452340291
 20
-120.7809289950611
 30
0.0
 40
0.2
100
AcDbArc
 50
270.0
 51
359.9999999999866
  0
LINE
  5
2EB1FA
330
11F692
100
AcDbEntity
  8
LINE
100
AcDbLine
 10
1183.828728827514
 20
-121.7632054822842
 30
0.0
 11
1182.846452340291
 21
-120.7809289950612
 31
0.0
  0
LINE
  5
2EB1FB
330
11F692
100
AcDbEntity
  8
LINE
100
AcDbLine
 10
1182.646452340291
 20
-120.9809289950611
 30
0.0
 11
1183.628728827514
 21
-121.9632054822842
 31
0.0
  0
LINE
  5
2EB1FC
330
11F692
100
AcDbEntity
  8
LINE2
100
AcDbLine
 10
1187.479867071125
 20
-129.0299128477017
 30
0.0
 11
1187.479867071125
 21
-131.4349128477017
 31
0.0
  0
LINE
  5
2EB1FD
330
11F692
100
AcDbEntity
  8
LINE2
100
AcDbLine
 10
1185.879867071125
 20
-133.0349128477017
 30
0.0
 11
1184.578728827514
 21
-133.0349128477017
 31
0.0
  0
LINE
  5
2EB1FE
330
11F692
100
AcDbEntity
  8
LINE9
100
AcDbLine
 10
1185.879867071125
 20
-133.2804819695076
 30
0.0
 11
1184.578728827514
 21
-133.2804819695076
 31
0.0
  0
ARC
  5
2EB1FF
330
11F692
100
AcDbEntity
  8
LINE2
100
AcDbCircle
 10
1185.879867071125
 20
-131.4349128477017
 30
0.0
 40
1.6
100
AcDbArc
 50
270.0
 51
0.0
  0
ARC
  5
2EB200
330
11F692
100
AcDbEntity
  8
LINE9
100
AcDbCircle
 10
1185.879867071125
 20
-131.4349128477017
 30
0.0
 40
1.845569121805942
100
AcDbArc
 50
270.0
 51
0.0
  0
ARC
  5
2EB201
330
11F692
100
AcDbEntity
  8
LINE2
100
AcDbCircle
 10
1184.578728827514
 20
-131.4349128477017
 30
0.0
 40
1.6
100
AcDbArc
 50
189.1468663314291
 51
270.0
  0
ARC
  5
2EB202
330
11F692
100
AcDbEntity
  8
LINE9
100
AcDbCircle
 10
1184.578728827514
 20
-131.4349128477017
 30
0.0
 40
1.845569121805942
100
AcDbArc
 50
226.9971007423671
 51
270.0
  0
ARC
  5
2EB203
330
11F692
100
AcDbEntity
  8
SECTION
100
AcDbCircle
 10
1184.578728827514
 20
-131.4349128477017
 30
0.0
 40
2.827845609029259
100
AcDbArc
 50
210.0013339314951
 51
226.997100742367
  0
ARC
  5
2EB204
330
11F692
100
AcDbEntity
  8
SECTION
100
AcDbCircle
 10
1181.956572858456
 20
-132.9488967003422
 30
0.0
 40
0.2
100
AcDbArc
 50
30.0013339315014
 51
90.0
  0
ARC
  5
2EB205
330
11F692
100
AcDbEntity
  8
LINE9
100
AcDbCircle
 10
1182.228728827514
 20
-133.9547236686049
 30
0.0
 40
1.6
100
AcDbArc
 50
359.9999999999996
 51
46.99710074236707
  0
ARC
  5
2EB206
330
11F692
100
AcDbEntity
  8
SECTION
100
AcDbCircle
 10
1182.228728827514
 20
-133.9547236686049
 30
0.0
 40
0.6177235127766836
100
AcDbArc
 50
359.9999999999996
 51
46.99710074236707
  0
ARC
  5
2EB207
330
11F692
100
AcDbEntity
  8
LINE2
100
AcDbCircle
 10
1182.801617433834
 20
-131.7210510913131
 30
0.0
 40
0.2
100
AcDbArc
 50
9.146866331428759
 51
90.0
  0
LINE
  5
2EB208
330
11F692
100
AcDbEntity
  8
LINE9
100
AcDbLine
 10
1183.828728827514
 20
-133.9547236686049
 30
0.0
 11
1183.828728827514
 21
-138.9599128477017
 31
0.0
  0
LINE
  5
2EB209
330
11F692
100
AcDbEntity
  8
SECTION
100
AcDbLine
 10
1182.846452340291
 20
-133.9547236686049
 30
0.0
 11
1182.846452340291
 21
-146.3099128477016
 31
0.0
  0
LINE
  5
2EB20A
330
11F692
100
AcDbEntity
  8
LINE3
100
AcDbLine
 10
1184.197082510223
 20
-138.9599128477017
 30
0.0
 11
1184.197082510223
 21
-146.3099128477017
 31
0.0
  0
LINE
  5
2EB20B
330
11F692
100
AcDbEntity
  8
LINE9
100
AcDbLine
 10
1193.368728827514
 20
-136.9498309820349
 30
0.0
 11
1193.368728827514
 21
-138.9599128477017
 31
0.0
  0
LINE
  5
2EB20C
330
11F692
100
AcDbEntity
  8
LINE3
100
AcDbLine
 10
1193.000375144805
 20
-138.9599128477017
 30
0.0
 11
1193.000375144805
 21
-146.3099128477017
 31
0.0
  0
LINE
  5
2EB20D
330
11F692
100
AcDbEntity
  8
SECTION
100
AcDbLine
 10
1194.351005314737
 20
-132.8577584567308
 30
0.0
 11
1194.351005314737
 21
-146.3099128477017
 31
0.0
  0
LINE
  5
2EB20E
330
11F692
100
AcDbEntity
  8
LINE6
100
AcDbLine
 10
1193.859867071126
 20
-132.8577584567308
 30
0.0
 11
1193.859867071126
 21
-134.1923770088639
 31
0.0
  0
ARC
  5
2EB20F
330
11F692
100
AcDbEntity
  8
LINE3
100
AcDbCircle
 10
1191.100375144805
 20
-138.9599128477017
 30
0.0
 40
1.9
100
AcDbArc
 50
0.0
 51
90.0
  0
ARC
  5
2EB210
330
11F692
100
AcDbEntity
  8
LINE9
100
AcDbCircle
 10
1191.100375144805
 20
-138.9599128477017
 30
0.0
 40
2.268353682708857
100
AcDbArc
 50
0.0
 51
90.0
  0
LINE
  5
2EB211
330
11F692
100
AcDbEntity
  8
LINE3
100
AcDbLine
 10
1191.100375144805
 20
-137.0599128477017
 30
0.0
 11
1186.097082510223
 21
-137.0599128477017
 31
0.0
  0
LINE
  5
2EB212
330
11F692
100
AcDbEntity
  8
LINE9
100
AcDbLine
 10
1191.100375144805
 20
-136.6915591649928
 30
0.0
 11
1186.097082510223
 21
-136.6915591649928
 31
0.0
  0
ARC
  5
2EB213
330
11F692
100
AcDbEntity
  8
LINE3
100
AcDbCircle
 10
1186.097082510223
 20
-138.9599128477017
 30
0.0
 40
1.9
100
AcDbArc
 50
90.0
 51
180.0
  0
ARC
  5
2EB214
330
11F692
100
AcDbEntity
  8
LINE9
100
AcDbCircle
 10
1186.097082510223
 20
-138.9599128477017
 30
0.0
 40
2.268353682708857
100
AcDbArc
 50
90.0
 51
180.0
  0
LINE
  5
2EB215
330
11F692
100
AcDbEntity
  8
LINE3
100
AcDbLine
 10
1191.100375144805
 20
-148.2099128477017
 30
0.0
 11
1186.097082510223
 21
-148.2099128477017
 31
0.0
  0
LINE
  5
2EB216
330
11F692
100
AcDbEntity
  8
SECTION
100
AcDbLine
 10
1191.100375144805
 20
-149.5605430176336
 30
0.0
 11
1186.097082510223
 21
-149.5605430176336
 31
0.0
  0
ARC
  5
2EB217
330
11F692
100
AcDbEntity
  8
LINE3
100
AcDbCircle
 10
1186.097082510223
 20
-146.3099128477017
 30
0.0
 40
1.9
100
AcDbArc
 50
180.0
 51
270.0
  0
ARC
  5
2EB218
330
11F692
100
AcDbEntity
  8
SECTION
100
AcDbCircle
 10
1186.097082510223
 20
-146.3099128477017
 30
0.0
 40
3.250630169931946
100
AcDbArc
 50
180.0
 51
270.0
  0
ARC
  5
2EB219
330
11F692
100
AcDbEntity
  8
LINE3
100
AcDbCircle
 10
1191.100375144805
 20
-146.3099128477017
 30
0.0
 40
1.9
100
AcDbArc
 50
270.0
 51
0.0
  0
ARC
  5
2EB21A
330
11F692
100
AcDbEntity
  8
SECTION
100
AcDbCircle
 10
1191.100375144805
 20
-146.3099128477017
 30
0.0
 40
3.250630169931946
100
AcDbArc
 50
270.0
 51
0.0
  0
ARC
  5
2EB21B
330
11F692
100
AcDbEntity
  8
LINE9
100
AcDbCircle
 10
1192.458728827514
 20
-134.9649128477016
 30
0.0
 40
1.6
100
AcDbArc
 50
321.6629103003802
 51
59.99999999999959
  0
ARC
  5
2EB21C
330
11F692
100
AcDbEntity
  8
LINE9
100
AcDbCircle
 10
1194.968728827514
 20
-136.9498309820349
 30
0.0
 40
1.6
100
AcDbArc
 50
141.6629103003755
 51
180.0
  0
LINE
  5
2EB21D
330
11F692
100
AcDbEntity
  8
LINE9
100
AcDbLine
 10
1192.649468154509
 20
-133.2275153880801
 30
0.0
 11
1193.258728827514
 21
-133.5792722016466
 31
0.0
  0
ARC
  5
2EB21E
330
11F692
100
AcDbEntity
  8
LINE9
100
AcDbCircle
 10
1192.699468154508
 20
-133.1409128477017
 30
0.0
 40
0.1
100
AcDbArc
 50
120.0000000000145
 51
239.9999999999995
  0
ARC
  5
2EB21F
330
11F692
100
AcDbEntity
  8
LINE9
100
AcDbCircle
 10
1192.458728827514
 20
-131.3169128477017
 30
0.0
 40
1.6
100
AcDbArc
 50
300.0000000000004
 51
341.1339194140706
  0
ARC
  5
2EB220
330
11F692
100
AcDbEntity
  8
LINE9
100
AcDbCircle
 10
1194.067399649157
 20
-131.8666202131191
 30
0.0
 40
0.1
100
AcDbArc
 50
90.0
 51
161.1339194140722
  0
LINE
  5
2EB221
330
11F692
100
AcDbEntity
  8
LINE9
100
AcDbLine
 10
1192.649468154509
 20
-133.0543103073233
 30
0.0
 11
1193.258728827514
 21
-132.7025534937567
 31
0.0
  0
LINE
  5
2EB222
330
11F692
100
AcDbEntity
  8
LINE
100
AcDbLine
 10
1182.801617433834
 20
-131.5210510913132
 30
0.0
 11
1181.956572858456
 21
-132.7488967003422
 31
0.0
  0
LINE
  5
2EB223
330
11F692
100
AcDbEntity
  8
LINE
100
AcDbLine
 10
1182.999074255353
 20
-131.6892579531341
 30
0.0
 11
1182.129775611017
 21
-132.8488926678956
 31
0.0
  0
LINE
  5
2EB224
330
11F692
100
AcDbEntity
  8
LINE
100
AcDbLine
 10
1224.168728827514
 20
-122.6999128477017
 30
0.0
 11
1211.798728827514
 21
-122.6999128477017
 31
0.0
  0
LINE
  5
2EB225
330
11F692
100
AcDbEntity
  8
LINE9
100
AcDbLine
 10
1213.158728827514
 20
-121.9632054822842
 30
0.0
 11
1211.798728827514
 21
-121.9632054822842
 31
0.0
  0
ARC
  5
2EB226
330
11F692
100
AcDbEntity
  8
LINE9
100
AcDbCircle
 10
1213.158728827514
 20
-121.7632054822842
 30
0.0
 40
0.2
100
AcDbArc
 50
180.0
 51
270.0
  0
LINE
  5
2EB227
330
11F692
100
AcDbEntity
  8
SECTION
100
AcDbLine
 10
1221.826452340291
 20
-120.9809289950611
 30
0.0
 11
1214.141005314737
 21
-120.9809289950611
 31
0.0
  0
ARC
  5
2EB228
330
11F692
100
AcDbEntity
  8
SECTION
100
AcDbCircle
 10
1214.141005314737
 20
-120.7809289950611
 30
0.0
 40
0.2
100
AcDbArc
 50
180.000000000013
 51
270.0
  0
LINE
  5
2EB229
330
11F692
100
AcDbEntity
  8
LINE9
100
AcDbLine
 10
1204.578728827514
 20
-121.9632054822842
 30
0.0
 11
1203.218728827514
 21
-121.9632054822842
 31
0.0
  0
LINE
  5
2EB22A
330
11F692
100
AcDbEntity
  8
LINE
100
AcDbLine
 10
1224.168728827514
 20
-131.0299128477017
 30
0.0
 11
1211.798728827514
 21
-131.0299128477017
 31
0.0
  0
LINE
  5
2EB22B
330
11F692
100
AcDbEntity
  8
LINE9
100
AcDbLine
 10
1213.657399649157
 20
-131.7666202131191
 30
0.0
 11
1211.798728827514
 21
-131.7666202131191
 31
0.0
  0
LINE
  5
2EB22C
330
11F692
100
AcDbEntity
  8
LINE6
100
AcDbLine
 10
1214.049867071126
 20
-132.2577584567308
 30
0.0
 11
1213.342873154848
 21
-132.2577584567308
 31
0.0
  0
LINE
  5
2EB22D
330
11F692
100
AcDbEntity
  8
SECTION
100
AcDbLine
 10
1221.136572858456
 20
-132.7488967003422
 30
0.0
 11
1214.049867071126
 21
-132.7488967003422
 31
0.0
  0
ARC
  5
2EB22E
330
11F692
100
AcDbEntity
  8
LINE6
100
AcDbCircle
 10
1214.049867071126
 20
-132.8577584567308
 30
0.0
 40
0.6
100
AcDbArc
 50
90.0
 51
180.0
  0
ARC
  5
2EB22F
330
11F692
100
AcDbEntity
  8
SECTION
100
AcDbCircle
 10
1214.049867071126
 20
-132.8577584567308
 30
0.0
 40
0.1088617563885691
100
AcDbArc
 50
90.0
 51
180.0
  0
LINE
  5
2EB230
330
11F692
100
AcDbEntity
  8
LINE2
100
AcDbLine
 10
1204.578728827514
 20
-131.5210510913132
 30
0.0
 11
1202.391617433834
 21
-131.5210510913132
 31
0.0
  0
LINE
  5
2EB231
330
11F692
100
AcDbEntity
  8
LINE
100
AcDbLine
 10
1206.578728827514
 20
-124.6999128477017
 30
0.0
 11
1206.578728827514
 21
-129.0299128477017
 31
0.0
  0
LINE
  5
2EB232
330
11F692
100
AcDbEntity
  8
LINE9
100
AcDbLine
 10
1207.315436192931
 20
-124.6999128477017
 30
0.0
 11
1207.315436192931
 21
-131.4349128477017
 31
0.0
  0
LINE
  5
2EB233
330
11F692
100
AcDbEntity
  8
LINE
100
AcDbLine
 10
1209.798728827514
 20
-124.6999128477017
 30
0.0
 11
1209.798728827514
 21
-129.0299128477017
 31
0.0
  0
LINE
  5
2EB234
330
11F692
100
AcDbEntity
  8
LINE9
100
AcDbLine
 10
1209.062021462096
 20
-124.6999128477017
 30
0.0
 11
1209.062021462096
 21
-129.0299128477017
 31
0.0
  0
ARC
  5
2EB235
330
11F692
100
AcDbEntity
  8
LINE
100
AcDbCircle
 10
1204.578728827514
 20
-124.6999128477017
 30
0.0
 40
2.0
100
AcDbArc
 50
0.0000000000004071
 51
90.0
  0
ARC
  5
2EB236
330
11F692
100
AcDbEntity
  8
LINE9
100
AcDbCircle
 10
1204.578728827514
 20
-124.6999128477017
 30
0.0
 40
2.736707365417458
100
AcDbArc
 50
0.0000000000004071
 51
90.0
  0
ARC
  5
2EB237
330
11F692
100
AcDbEntity
  8
LINE
100
AcDbCircle
 10
1204.578728827514
 20
-129.0299128477017
 30
0.0
 40
2.0
100
AcDbArc
 50
269.999999999987
 51
0.0000000000008142
  0
ARC
  5
2EB238
330
11F692
100
AcDbEntity
  8
LINE2
100
AcDbCircle
 10
1204.578728827514
 20
-129.0299128477017
 30
0.0
 40
2.491138243611459
100
AcDbArc
 50
269.999999999987
 51
0.0000000000008142
  0
ARC
  5
2EB239
330
11F692
100
AcDbEntity
  8
LINE
100
AcDbCircle
 10
1211.798728827514
 20
-124.6999128477017
 30
0.0
 40
2.0
100
AcDbArc
 50
90.0
 51
179.9999999999996
  0
ARC
  5
2EB23A
330
11F692
100
AcDbEntity
  8
LINE9
100
AcDbCircle
 10
1211.798728827514
 20
-124.6999128477017
 30
0.0
 40
2.736707365417458
100
AcDbArc
 50
90.0
 51
179.9999999999996
  0
ARC
  5
2EB23B
330
11F692
100
AcDbEntity
  8
LINE
100
AcDbCircle
 10
1211.798728827514
 20
-129.0299128477017
 30
0.0
 40
2.0
100
AcDbArc
 50
179.9999999999992
 51
269.999999999987
  0
ARC
  5
2EB23C
330
11F692
100
AcDbEntity
  8
LINE9
100
AcDbCircle
 10
1211.798728827514
 20
-129.0299128477017
 30
0.0
 40
2.736707365417458
100
AcDbArc
 50
179.9999999999992
 51
269.999999999987
  0
LINE
  5
2EB23D
330
11F692
100
AcDbEntity
  8
LINE9
100
AcDbLine
 10
1209.749381133572
 20
-119.8349128477016
 30
0.0
 11
1206.628076521456
 21
-119.8349128477017
 31
0.0
  0
LINE
  5
2EB23E
330
11F692
100
AcDbEntity
  8
SECTION
100
AcDbLine
 10
1209.590908960527
 20
-118.8526363604786
 30
0.0
 11
1206.7865486945
 21
-118.8526363604786
 31
0.0
  0
LINE
  5
2EB23F
330
11F692
100
AcDbEntity
  8
LINE9
100
AcDbLine
 10
1203.418728827514
 20
-120.7349128477017
 30
0.0
 11
1203.418728827514
 21
-121.7632054822842
 31
0.0
  0
LINE
  5
2EB240
330
11F692
100
AcDbEntity
  8
SECTION
100
AcDbLine
 10
1202.436452340291
 20
-120.7349128477017
 30
0.0
 11
1202.436452340291
 21
-120.7809289950612
 31
0.0
  0
LINE
  5
2EB241
330
11F692
100
AcDbEntity
  8
LINE9
100
AcDbLine
 10
1212.958728827514
 20
-120.7349128477017
 30
0.0
 11
1212.958728827514
 21
-121.7632054822842
 31
0.0
  0
LINE
  5
2EB242
330
11F692
100
AcDbEntity
  8
SECTION
100
AcDbLine
 10
1213.941005314737
 20
-120.7349128477017
 30
0.0
 11
1213.941005314737
 21
-120.7809289950612
 31
0.0
  0
ARC
  5
2EB243
330
11F692
100
AcDbEntity
  8
LINE9
100
AcDbCircle
 10
1205.018728827514
 20
-120.7349128477017
 30
0.0
 40
1.6
100
AcDbArc
 50
42.9858860802091
 51
180.0
  0
ARC
  5
2EB244
330
11F692
100
AcDbEntity
  8
SECTION
100
AcDbCircle
 10
1205.018728827514
 20
-120.7349128477017
 30
0.0
 40
2.582276487223089
100
AcDbArc
 50
46.79604386203299
 51
180.0
  0
ARC
  5
2EB245
330
11F692
100
AcDbEntity
  8
LINE9
100
AcDbCircle
 10
1206.628076521456
 20
-119.2349128477017
 30
0.0
 40
0.6
100
AcDbArc
 50
222.9858860802091
 51
270.0
  0
ARC
  5
2EB246
330
11F692
100
AcDbEntity
  8
LINE9
100
AcDbCircle
 10
1211.358728827514
 20
-120.7349128477017
 30
0.0
 40
1.6
100
AcDbArc
 50
0.0
 51
137.0141139197909
  0
ARC
  5
2EB247
330
11F692
100
AcDbEntity
  8
SECTION
100
AcDbCircle
 10
1211.358728827514
 20
-120.7349128477017
 30
0.0
 40
2.582276487223089
100
AcDbArc
 50
0.0
 51
133.2039561379667
  0
ARC
  5
2EB248
330
11F692
100
AcDbEntity
  8
LINE9
100
AcDbCircle
 10
1209.749381133572
 20
-119.2349128477017
 30
0.0
 40
0.6
100
AcDbArc
 50
270.0
 51
317.0141139197909
  0
LINE
  5
2EB249
330
11F692
100
AcDbEntity
  8
LINE
100
AcDbLine
 10
1212.958728827514
 20
-121.7632054822842
 30
0.0
 11
1213.941005314737
 21
-120.7809289950612
 31
0.0
  0
LINE
  5
2EB24A
330
11F692
100
AcDbEntity
  8
LINE
100
AcDbLine
 10
1214.141005314737
 20
-120.9809289950611
 30
0.0
 11
1213.158728827514
 21
-121.9632054822842
 31
0.0
  0
ARC
  5
2EB24B
330
11F692
100
AcDbEntity
  8
LINE9
100
AcDbCircle
 10
1203.218728827514
 20
-121.7632054822842
 30
0.0
 40
0.2
100
AcDbArc
 50
270.0
 51
0.0
  0
ARC
  5
2EB24C
330
11F692
100
AcDbEntity
  8
SECTION
100
AcDbCircle
 10
1202.236452340291
 20
-120.7809289950611
 30
0.0
 40
0.2
100
AcDbArc
 50
270.0
 51
359.9999999999866
  0
LINE
  5
2EB24D
330
11F692
100
AcDbEntity
  8
LINE
100
AcDbLine
 10
1203.418728827514
 20
-121.7632054822842
 30
0.0
 11
1202.436452340291
 21
-120.7809289950612
 31
0.0
  0
LINE
  5
2EB24E
330
11F692
100
AcDbEntity
  8
LINE
100
AcDbLine
 10
1202.236452340291
 20
-120.9809289950611
 30
0.0
 11
1203.218728827514
 21
-121.9632054822842
 31
0.0
  0
LINE
  5
2EB24F
330
11F692
100
AcDbEntity
  8
LINE2
100
AcDbLine
 10
1207.069867071125
 20
-129.0299128477017
 30
0.0
 11
1207.069867071125
 21
-131.4349128477017
 31
0.0
  0
LINE
  5
2EB250
330
11F692
100
AcDbEntity
  8
LINE2
100
AcDbLine
 10
1205.469867071125
 20
-133.0349128477017
 30
0.0
 11
1204.168728827514
 21
-133.0349128477017
 31
0.0
  0
LINE
  5
2EB251
330
11F692
100
AcDbEntity
  8
LINE9
100
AcDbLine
 10
1205.469867071125
 20
-133.2804819695076
 30
0.0
 11
1204.168728827514
 21
-133.2804819695076
 31
0.0
  0
ARC
  5
2EB252
330
11F692
100
AcDbEntity
  8
LINE2
100
AcDbCircle
 10
1205.469867071125
 20
-131.4349128477017
 30
0.0
 40
1.6
100
AcDbArc
 50
270.0
 51
0.0
  0
ARC
  5
2EB253
330
11F692
100
AcDbEntity
  8
LINE9
100
AcDbCircle
 10
1205.469867071125
 20
-131.4349128477017
 30
0.0
 40
1.845569121805942
100
AcDbArc
 50
270.0
 51
0.0
  0
ARC
  5
2EB254
330
11F692
100
AcDbEntity
  8
LINE2
100
AcDbCircle
 10
1204.168728827514
 20
-131.4349128477017
 30
0.0
 40
1.6
100
AcDbArc
 50
189.1468663314291
 51
270.0
  0
ARC
  5
2EB255
330
11F692
100
AcDbEntity
  8
LINE9
100
AcDbCircle
 10
1204.168728827514
 20
-131.4349128477017
 30
0.0
 40
1.845569121805942
100
AcDbArc
 50
226.9971007423671
 51
270.0
  0
ARC
  5
2EB256
330
11F692
100
AcDbEntity
  8
SECTION
100
AcDbCircle
 10
1204.168728827514
 20
-131.4349128477017
 30
0.0
 40
2.827845609029259
100
AcDbArc
 50
210.0013339314951
 51
226.997100742367
  0
ARC
  5
2EB257
330
11F692
100
AcDbEntity
  8
SECTION
100
AcDbCircle
 10
1201.546572858456
 20
-132.9488967003422
 30
0.0
 40
0.2
100
AcDbArc
 50
30.0013339315014
 51
90.0
  0
ARC
  5
2EB258
330
11F692
100
AcDbEntity
  8
LINE9
100
AcDbCircle
 10
1201.818728827514
 20
-133.9547236686049
 30
0.0
 40
1.6
100
AcDbArc
 50
359.9999999999996
 51
46.99710074236707
  0
ARC
  5
2EB259
330
11F692
100
AcDbEntity
  8
SECTION
100
AcDbCircle
 10
1201.818728827514
 20
-133.9547236686049
 30
0.0
 40
0.6177235127766836
100
AcDbArc
 50
359.9999999999996
 51
46.99710074236707
  0
ARC
  5
2EB25A
330
11F692
100
AcDbEntity
  8
LINE2
100
AcDbCircle
 10
1202.391617433834
 20
-131.7210510913131
 30
0.0
 40
0.2
100
AcDbArc
 50
9.146866331428759
 51
90.0
  0
LINE
  5
2EB25B
330
11F692
100
AcDbEntity
  8
LINE9
100
AcDbLine
 10
1203.418728827514
 20
-133.9547236686049
 30
0.0
 11
1203.418728827514
 21
-138.9599128477017
 31
0.0
  0
LINE
  5
2EB25C
330
11F692
100
AcDbEntity
  8
SECTION
100
AcDbLine
 10
1202.436452340291
 20
-133.9547236686049
 30
0.0
 11
1202.43645234029
 21
-146.3099128477016
 31
0.0
  0
LINE
  5
2EB25D
330
11F692
100
AcDbEntity
  8
LINE3
100
AcDbLine
 10
1203.787082510223
 20
-138.9599128477017
 30
0.0
 11
1203.787082510223
 21
-146.3099128477017
 31
0.0
  0
LINE
  5
2EB25E
330
11F692
100
AcDbEntity
  8
LINE9
100
AcDbLine
 10
1212.958728827514
 20
-136.9498309820349
 30
0.0
 11
1212.958728827514
 21
-138.9599128477017
 31
0.0
  0
LINE
  5
2EB25F
330
11F692
100
AcDbEntity
  8
LINE3
100
AcDbLine
 10
1212.590375144805
 20
-138.9599128477017
 30
0.0
 11
1212.590375144805
 21
-146.3099128477017
 31
0.0
  0
LINE
  5
2EB260
330
11F692
100
AcDbEntity
  8
SECTION
100
AcDbLine
 10
1213.941005314737
 20
-132.8577584567308
 30
0.0
 11
1213.941005314737
 21
-146.3099128477017
 31
0.0
  0
LINE
  5
2EB261
330
11F692
100
AcDbEntity
  8
LINE6
100
AcDbLine
 10
1213.449867071126
 20
-132.8577584567308
 30
0.0
 11
1213.449867071126
 21
-134.1923770088639
 31
0.0
  0
ARC
  5
2EB262
330
11F692
100
AcDbEntity
  8
LINE3
100
AcDbCircle
 10
1210.690375144805
 20
-138.9599128477017
 30
0.0
 40
1.9
100
AcDbArc
 50
0.0
 51
90.0
  0
ARC
  5
2EB263
330
11F692
100
AcDbEntity
  8
LINE9
100
AcDbCircle
 10
1210.690375144805
 20
-138.9599128477017
 30
0.0
 40
2.268353682708857
100
AcDbArc
 50
0.0
 51
90.0
  0
LINE
  5
2EB264
330
11F692
100
AcDbEntity
  8
LINE3
100
AcDbLine
 10
1210.690375144805
 20
-137.0599128477017
 30
0.0
 11
1205.687082510223
 21
-137.0599128477017
 31
0.0
  0
LINE
  5
2EB265
330
11F692
100
AcDbEntity
  8
LINE9
100
AcDbLine
 10
1210.690375144805
 20
-136.6915591649928
 30
0.0
 11
1205.687082510223
 21
-136.6915591649928
 31
0.0
  0
ARC
  5
2EB266
330
11F692
100
AcDbEntity
  8
LINE3
100
AcDbCircle
 10
1205.687082510223
 20
-138.9599128477017
 30
0.0
 40
1.9
100
AcDbArc
 50
90.0
 51
180.0
  0
ARC
  5
2EB267
330
11F692
100
AcDbEntity
  8
LINE9
100
AcDbCircle
 10
1205.687082510223
 20
-138.9599128477017
 30
0.0
 40
2.268353682708857
100
AcDbArc
 50
90.0
 51
180.0
  0
LINE
  5
2EB268
330
11F692
100
AcDbEntity
  8
LINE3
100
AcDbLine
 10
1210.690375144805
 20
-148.2099128477017
 30
0.0
 11
1205.687082510223
 21
-148.2099128477017
 31
0.0
  0
LINE
  5
2EB269
330
11F692
100
AcDbEntity
  8
SECTION
100
AcDbLine
 10
1210.690375144805
 20
-149.5605430176336
 30
0.0
 11
1205.687082510223
 21
-149.5605430176336
 31
0.0
  0
ARC
  5
2EB26A
330
11F692
100
AcDbEntity
  8
LINE3
100
AcDbCircle
 10
1205.687082510223
 20
-146.3099128477017
 30
0.0
 40
1.9
100
AcDbArc
 50
180.0
 51
270.0
  0
ARC
  5
2EB26B
330
11F692
100
AcDbEntity
  8
SECTION
100
AcDbCircle
 10
1205.687082510223
 20
-146.3099128477017
 30
0.0
 40
3.250630169931946
100
AcDbArc
 50
180.0
 51
270.0
  0
ARC
  5
2EB26C
330
11F692
100
AcDbEntity
  8
LINE3
100
AcDbCircle
 10
1210.690375144805
 20
-146.3099128477017
 30
0.0
 40
1.9
100
AcDbArc
 50
270.0
 51
0.0
  0
ARC
  5
2EB26D
330
11F692
100
AcDbEntity
  8
SECTION
100
AcDbCircle
 10
1210.690375144805
 20
-146.3099128477017
 30
0.0
 40
3.250630169931946
100
AcDbArc
 50
270.0
 51
0.0
  0
ARC
  5
2EB26E
330
11F692
100
AcDbEntity
  8
LINE9
100
AcDbCircle
 10
1212.048728827514
 20
-134.9649128477016
 30
0.0
 40
1.6
100
AcDbArc
 50
321.6629103003802
 51
59.99999999999959
  0
ARC
  5
2EB26F
330
11F692
100
AcDbEntity
  8
LINE9
100
AcDbCircle
 10
1214.558728827514
 20
-136.9498309820349
 30
0.0
 40
1.6
100
AcDbArc
 50
141.6629103003755
 51
180.0
  0
LINE
  5
2EB270
330
11F692
100
AcDbEntity
  8
LINE9
100
AcDbLine
 10
1212.239468154509
 20
-133.2275153880801
 30
0.0
 11
1212.848728827514
 21
-133.5792722016466
 31
0.0
  0
ARC
  5
2EB271
330
11F692
100
AcDbEntity
  8
LINE9
100
AcDbCircle
 10
1212.289468154508
 20
-133.1409128477017
 30
0.0
 40
0.1
100
AcDbArc
 50
120.0000000000145
 51
239.9999999999995
  0
ARC
  5
2EB272
330
11F692
100
AcDbEntity
  8
LINE9
100
AcDbCircle
 10
1212.048728827514
 20
-131.3169128477017
 30
0.0
 40
1.6
100
AcDbArc
 50
300.0000000000004
 51
341.1339194140706
  0
ARC
  5
2EB273
330
11F692
100
AcDbEntity
  8
LINE9
100
AcDbCircle
 10
1213.657399649157
 20
-131.8666202131191
 30
0.0
 40
0.1
100
AcDbArc
 50
90.0
 51
161.1339194140722
  0
LINE
  5
2EB274
330
11F692
100
AcDbEntity
  8
LINE9
100
AcDbLine
 10
1212.239468154509
 20
-133.0543103073233
 30
0.0
 11
1212.848728827514
 21
-132.7025534937567
 31
0.0
  0
LINE
  5
2EB275
330
11F692
100
AcDbEntity
  8
LINE
100
AcDbLine
 10
1202.391617433834
 20
-131.5210510913132
 30
0.0
 11
1201.546572858456
 21
-132.7488967003422
 31
0.0
  0
LINE
  5
2EB276
330
11F692
100
AcDbEntity
  8
LINE
100
AcDbLine
 10
1202.589074255353
 20
-131.6892579531341
 30
0.0
 11
1201.719775611017
 21
-132.8488926678956
 31
0.0
  0
LINE
  5
2EB277
330
11F692
100
AcDbEntity
  8
LINE
100
AcDbLine
 10
1263.023728827515
 20
-122.6999128477017
 30
0.0
 11
1250.978728827514
 21
-122.6999128477017
 31
0.0
  0
LINE
  5
2EB278
330
11F692
100
AcDbEntity
  8
LINE9
100
AcDbLine
 10
1232.748728827514
 20
-121.9632054822842
 30
0.0
 11
1231.388728827514
 21
-121.9632054822842
 31
0.0
  0
ARC
  5
2EB279
330
11F692
100
AcDbEntity
  8
LINE9
100
AcDbCircle
 10
1232.748728827514
 20
-121.7632054822842
 30
0.0
 40
0.2
100
AcDbArc
 50
180.0
 51
270.0
  0
LINE
  5
2EB27A
330
11F692
100
AcDbEntity
  8
SECTION
100
AcDbLine
 10
1263.023728827515
 20
-120.9809289950611
 30
0.0
 11
1253.321005314737
 21
-120.9809289950611
 31
0.0
  0
ARC
  5
2EB27B
330
11F692
100
AcDbEntity
  8
SECTION
100
AcDbCircle
 10
1233.731005314737
 20
-120.7809289950611
 30
0.0
 40
0.2
100
AcDbArc
 50
180.000000000013
 51
270.0
  0
LINE
  5
2EB27C
330
11F692
100
AcDbEntity
  8
LINE9
100
AcDbLine
 10
1224.168728827514
 20
-121.9632054822842
 30
0.0
 11
1222.808728827514
 21
-121.9632054822842
 31
0.0
  0
LINE
  5
2EB27D
330
11F692
100
AcDbEntity
  8
LINE
100
AcDbLine
 10
1263.023728827515
 20
-131.0299128477017
 30
0.0
 11
1250.978728827514
 21
-131.0299128477017
 31
0.0
  0
LINE
  5
2EB27E
330
11F692
100
AcDbEntity
  8
LINE9
100
AcDbLine
 10
1233.247399649157
 20
-131.7666202131191
 30
0.0
 11
1231.388728827514
 21
-131.7666202131191
 31
0.0
  0
LINE
  5
2EB27F
330
11F692
100
AcDbEntity
  8
LINE6
100
AcDbLine
 10
1233.639867071126
 20
-132.2577584567308
 30
0.0
 11
1232.932873154848
 21
-132.2577584567308
 31
0.0
  0
LINE
  5
2EB280
330
11F692
100
AcDbEntity
  8
SECTION
100
AcDbLine
 10
1263.023728827515
 20
-132.7488967003423
 30
0.0
 11
1253.229867071126
 21
-132.7488967003422
 31
0.0
  0
ARC
  5
2EB281
330
11F692
100
AcDbEntity
  8
LINE6
100
AcDbCircle
 10
1233.639867071126
 20
-132.8577584567308
 30
0.0
 40
0.6
100
AcDbArc
 50
90.0
 51
180.0
  0
ARC
  5
2EB282
330
11F692
100
AcDbEntity
  8
SECTION
100
AcDbCircle
 10
1233.639867071126
 20
-132.8577584567308
 30
0.0
 40
0.1088617563885691
100
AcDbArc
 50
90.0
 51
180.0
  0
LINE
  5
2EB283
330
11F692
100
AcDbEntity
  8
LINE2
100
AcDbLine
 10
1224.168728827514
 20
-131.5210510913132
 30
0.0
 11
1221.981617433834
 21
-131.5210510913132
 31
0.0
  0
LINE
  5
2EB284
330
11F692
100
AcDbEntity
  8
LINE
100
AcDbLine
 10
1226.168728827514
 20
-124.6999128477017
 30
0.0
 11
1226.168728827514
 21
-129.0299128477017
 31
0.0
  0
LINE
  5
2EB285
330
11F692
100
AcDbEntity
  8
LINE9
100
AcDbLine
 10
1226.905436192931
 20
-124.6999128477017
 30
0.0
 11
1226.905436192931
 21
-131.4349128477017
 31
0.0
  0
LINE
  5
2EB286
330
11F692
100
AcDbEntity
  8
LINE
100
AcDbLine
 10
1229.388728827514
 20
-124.6999128477017
 30
0.0
 11
1229.388728827514
 21
-129.0299128477017
 31
0.0
  0
LINE
  5
2EB287
330
11F692
100
AcDbEntity
  8
LINE9
100
AcDbLine
 10
1228.652021462096
 20
-124.6999128477017
 30
0.0
 11
1228.652021462096
 21
-129.0299128477017
 31
0.0
  0
ARC
  5
2EB288
330
11F692
100
AcDbEntity
  8
LINE
100
AcDbCircle
 10
1224.168728827514
 20
-124.6999128477017
 30
0.0
 40
2.0
100
AcDbArc
 50
0.0000000000004071
 51
90.0
  0
ARC
  5
2EB289
330
11F692
100
AcDbEntity
  8
LINE9
100
AcDbCircle
 10
1224.168728827514
 20
-124.6999128477017
 30
0.0
 40
2.736707365417458
100
AcDbArc
 50
0.0000000000004071
 51
90.0
  0
ARC
  5
2EB28A
330
11F692
100
AcDbEntity
  8
LINE
100
AcDbCircle
 10
1224.168728827514
 20
-129.0299128477017
 30
0.0
 40
2.0
100
AcDbArc
 50
269.999999999987
 51
0.0000000000008142
  0
ARC
  5
2EB28B
330
11F692
100
AcDbEntity
  8
LINE2
100
AcDbCircle
 10
1224.168728827514
 20
-129.0299128477017
 30
0.0
 40
2.491138243611459
100
AcDbArc
 50
269.999999999987
 51
0.0000000000008142
  0
ARC
  5
2EB28C
330
11F692
100
AcDbEntity
  8
LINE
100
AcDbCircle
 10
1231.388728827514
 20
-124.6999128477017
 30
0.0
 40
2.0
100
AcDbArc
 50
90.0
 51
179.9999999999996
  0
ARC
  5
2EB28D
330
11F692
100
AcDbEntity
  8
LINE9
100
AcDbCircle
 10
1231.388728827514
 20
-124.6999128477017
 30
0.0
 40
2.736707365417458
100
AcDbArc
 50
90.0
 51
179.9999999999996
  0
ARC
  5
2EB28E
330
11F692
100
AcDbEntity
  8
LINE
100
AcDbCircle
 10
1231.388728827514
 20
-129.0299128477017
 30
0.0
 40
2.0
100
AcDbArc
 50
179.9999999999992
 51
269.999999999987
  0
ARC
  5
2EB28F
330
11F692
100
AcDbEntity
  8
LINE9
100
AcDbCircle
 10
1231.388728827514
 20
-129.0299128477017
 30
0.0
 40
2.736707365417458
100
AcDbArc
 50
179.9999999999992
 51
269.999999999987
  0
LINE
  5
2EB290
330
11F692
100
AcDbEntity
  8
LINE9
100
AcDbLine
 10
1229.339381133572
 20
-119.8349128477016
 30
0.0
 11
1226.218076521456
 21
-119.8349128477017
 31
0.0
  0
LINE
  5
2EB292
330
11F692
100
AcDbEntity
  8
LINE9
100
AcDbLine
 10
1223.008728827514
 20
-120.7349128477017
 30
0.0
 11
1223.008728827514
 21
-121.7632054822842
 31
0.0
  0
LINE
  5
2EB293
330
11F692
100
AcDbEntity
  8
SECTION
100
AcDbLine
 10
1222.026452340291
 20
-120.7349128477017
 30
0.0
 11
1222.026452340291
 21
-120.7809289950612
 31
0.0
  0
LINE
  5
2EB294
330
11F692
100
AcDbEntity
  8
LINE9
100
AcDbLine
 10
1232.548728827514
 20
-120.7349128477017
 30
0.0
 11
1232.548728827514
 21
-121.7632054822842
 31
0.0
  0
LINE
  5
2EB295
330
11F692
100
AcDbEntity
  8
SECTION
100
AcDbLine
 10
1233.531005314737
 20
-120.7349128477017
 30
0.0
 11
1233.531005314737
 21
-120.7809289950612
 31
0.0
  0
ARC
  5
2EB296
330
11F692
100
AcDbEntity
  8
LINE9
100
AcDbCircle
 10
1224.608728827514
 20
-120.7349128477017
 30
0.0
 40
1.6
100
AcDbArc
 50
42.9858860802091
 51
180.0
  0
ARC
  5
2EB297
330
11F692
100
AcDbEntity
  8
SECTION
100
AcDbCircle
 10
1224.608728827514
 20
-120.7349128477017
 30
0.0
 40
2.582276487223089
100
AcDbArc
 50
68.53021269313714
 51
180.0
  0
ARC
  5
2EB298
330
11F692
100
AcDbEntity
  8
LINE9
100
AcDbCircle
 10
1226.218076521456
 20
-119.2349128477017
 30
0.0
 40
0.6
100
AcDbArc
 50
222.9858860802091
 51
270.0
  0
ARC
  5
2EB299
330
11F692
100
AcDbEntity
  8
LINE9
100
AcDbCircle
 10
1230.948728827514
 20
-120.7349128477017
 30
0.0
 40
1.6
100
AcDbArc
 50
0.0
 51
137.0141139197909
  0
ARC
  5
2EB29A
330
11F692
100
AcDbEntity
  8
SECTION
100
AcDbCircle
 10
1230.948728827514
 20
-120.7349128477017
 30
0.0
 40
2.582276487223089
100
AcDbArc
 50
0.0
 51
111.4697873068628
  0
ARC
  5
2EB29B
330
11F692
100
AcDbEntity
  8
LINE9
100
AcDbCircle
 10
1229.339381133572
 20
-119.2349128477017
 30
0.0
 40
0.6
100
AcDbArc
 50
270.0
 51
317.0141139197909
  0
LINE
  5
2EB29C
330
11F692
100
AcDbEntity
  8
LINE
100
AcDbLine
 10
1232.548728827514
 20
-121.7632054822842
 30
0.0
 11
1233.531005314737
 21
-120.7809289950612
 31
0.0
  0
LINE
  5
2EB29D
330
11F692
100
AcDbEntity
  8
LINE
100
AcDbLine
 10
1233.731005314737
 20
-120.9809289950611
 30
0.0
 11
1232.748728827514
 21
-121.9632054822842
 31
0.0
  0
ARC
  5
2EB29E
330
11F692
100
AcDbEntity
  8
LINE9
100
AcDbCircle
 10
1222.808728827514
 20
-121.7632054822842
 30
0.0
 40
0.2
100
AcDbArc
 50
270.0
 51
0.0
  0
ARC
  5
2EB29F
330
11F692
100
AcDbEntity
  8
SECTION
100
AcDbCircle
 10
1221.826452340291
 20
-120.7809289950611
 30
0.0
 40
0.2
100
AcDbArc
 50
270.0
 51
359.9999999999866
  0
LINE
  5
2EB2A0
330
11F692
100
AcDbEntity
  8
LINE
100
AcDbLine
 10
1223.008728827514
 20
-121.7632054822842
 30
0.0
 11
1222.026452340291
 21
-120.7809289950612
 31
0.0
  0
LINE
  5
2EB2A1
330
11F692
100
AcDbEntity
  8
LINE
100
AcDbLine
 10
1221.826452340291
 20
-120.9809289950611
 30
0.0
 11
1222.808728827514
 21
-121.9632054822842
 31
0.0
  0
LINE
  5
2EB2A2
330
11F692
100
AcDbEntity
  8
LINE2
100
AcDbLine
 10
1226.659867071125
 20
-129.0299128477017
 30
0.0
 11
1226.659867071125
 21
-131.4349128477017
 31
0.0
  0
LINE
  5
2EB2A3
330
11F692
100
AcDbEntity
  8
LINE2
100
AcDbLine
 10
1225.059867071125
 20
-133.0349128477017
 30
0.0
 11
1223.758728827514
 21
-133.0349128477017
 31
0.0
  0
LINE
  5
2EB2A4
330
11F692
100
AcDbEntity
  8
LINE9
100
AcDbLine
 10
1225.059867071125
 20
-133.2804819695076
 30
0.0
 11
1223.758728827514
 21
-133.2804819695076
 31
0.0
  0
ARC
  5
2EB2A5
330
11F692
100
AcDbEntity
  8
LINE2
100
AcDbCircle
 10
1225.059867071125
 20
-131.4349128477017
 30
0.0
 40
1.6
100
AcDbArc
 50
270.0
 51
0.0
  0
ARC
  5
2EB2A6
330
11F692
100
AcDbEntity
  8
LINE9
100
AcDbCircle
 10
1225.059867071125
 20
-131.4349128477017
 30
0.0
 40
1.845569121805942
100
AcDbArc
 50
270.0
 51
0.0
  0
ARC
  5
2EB2A7
330
11F692
100
AcDbEntity
  8
LINE2
100
AcDbCircle
 10
1223.758728827514
 20
-131.4349128477017
 30
0.0
 40
1.6
100
AcDbArc
 50
189.1468663314291
 51
270.0
  0
ARC
  5
2EB2A8
330
11F692
100
AcDbEntity
  8
LINE9
100
AcDbCircle
 10
1223.758728827514
 20
-131.4349128477017
 30
0.0
 40
1.845569121805942
100
AcDbArc
 50
226.9971007423671
 51
270.0
  0
ARC
  5
2EB2A9
330
11F692
100
AcDbEntity
  8
SECTION
100
AcDbCircle
 10
1223.758728827514
 20
-131.4349128477017
 30
0.0
 40
2.827845609029259
100
AcDbArc
 50
210.0013339314951
 51
226.997100742367
  0
ARC
  5
2EB2AA
330
11F692
100
AcDbEntity
  8
SECTION
100
AcDbCircle
 10
1221.136572858456
 20
-132.9488967003422
 30
0.0
 40
0.2
100
AcDbArc
 50
30.0013339315014
 51
90.0
  0
ARC
  5
2EB2AB
330
11F692
100
AcDbEntity
  8
LINE9
100
AcDbCircle
 10
1221.408728827514
 20
-133.9547236686049
 30
0.0
 40
1.6
100
AcDbArc
 50
359.9999999999996
 51
46.99710074236707
  0
ARC
  5
2EB2AC
330
11F692
100
AcDbEntity
  8
SECTION
100
AcDbCircle
 10
1221.408728827514
 20
-133.9547236686049
 30
0.0
 40
0.6177235127766836
100
AcDbArc
 50
359.9999999999996
 51
46.99710074236707
  0
ARC
  5
2EB2AD
330
11F692
100
AcDbEntity
  8
LINE2
100
AcDbCircle
 10
1221.981617433834
 20
-131.7210510913131
 30
0.0
 40
0.2
100
AcDbArc
 50
9.146866331428759
 51
90.0
  0
LINE
  5
2EB2AE
330
11F692
100
AcDbEntity
  8
LINE9
100
AcDbLine
 10
1223.008728827514
 20
-133.9547236686049
 30
0.0
 11
1223.008728827514
 21
-138.9599128477017
 31
0.0
  0
LINE
  5
2EB2AF
330
11F692
100
AcDbEntity
  8
SECTION
100
AcDbLine
 10
1222.026452340291
 20
-133.9547236686049
 30
0.0
 11
1222.026452340291
 21
-146.3099128477016
 31
0.0
  0
LINE
  5
2EB2B0
330
11F692
100
AcDbEntity
  8
LINE3
100
AcDbLine
 10
1223.377082510223
 20
-138.9599128477017
 30
0.0
 11
1223.377082510223
 21
-146.3099128477017
 31
0.0
  0
LINE
  5
2EB2B1
330
11F692
100
AcDbEntity
  8
LINE9
100
AcDbLine
 10
1232.548728827514
 20
-136.9498309820349
 30
0.0
 11
1232.548728827514
 21
-138.9599128477017
 31
0.0
  0
LINE
  5
2EB2B2
330
11F692
100
AcDbEntity
  8
LINE3
100
AcDbLine
 10
1232.180375144805
 20
-138.9599128477017
 30
0.0
 11
1232.180375144805
 21
-146.3099128477017
 31
0.0
  0
LINE
  5
2EB2B3
330
11F692
100
AcDbEntity
  8
SECTION
100
AcDbLine
 10
1233.531005314737
 20
-132.8577584567308
 30
0.0
 11
1233.531005314737
 21
-146.3099128477017
 31
0.0
  0
LINE
  5
2EB2B4
330
11F692
100
AcDbEntity
  8
LINE6
100
AcDbLine
 10
1233.039867071126
 20
-132.8577584567308
 30
0.0
 11
1233.039867071126
 21
-134.1923770088639
 31
0.0
  0
ARC
  5
2EB2B5
330
11F692
100
AcDbEntity
  8
LINE3
100
AcDbCircle
 10
1230.280375144805
 20
-138.9599128477017
 30
0.0
 40
1.9
100
AcDbArc
 50
0.0
 51
90.0
  0
ARC
  5
2EB2B6
330
11F692
100
AcDbEntity
  8
LINE9
100
AcDbCircle
 10
1230.280375144805
 20
-138.9599128477017
 30
0.0
 40
2.268353682708857
100
AcDbArc
 50
0.0
 51
90.0
  0
LINE
  5
2EB2B7
330
11F692
100
AcDbEntity
  8
LINE3
100
AcDbLine
 10
1230.280375144805
 20
-137.0599128477017
 30
0.0
 11
1225.277082510223
 21
-137.0599128477017
 31
0.0
  0
LINE
  5
2EB2B8
330
11F692
100
AcDbEntity
  8
LINE9
100
AcDbLine
 10
1230.280375144805
 20
-136.6915591649928
 30
0.0
 11
1225.277082510223
 21
-136.6915591649928
 31
0.0
  0
ARC
  5
2EB2B9
330
11F692
100
AcDbEntity
  8
LINE3
100
AcDbCircle
 10
1225.277082510223
 20
-138.9599128477017
 30
0.0
 40
1.9
100
AcDbArc
 50
90.0
 51
180.0
  0
ARC
  5
2EB2BA
330
11F692
100
AcDbEntity
  8
LINE9
100
AcDbCircle
 10
1225.277082510223
 20
-138.9599128477017
 30
0.0
 40
2.268353682708857
100
AcDbArc
 50
90.0
 51
180.0
  0
LINE
  5
2EB2BB
330
11F692
100
AcDbEntity
  8
LINE3
100
AcDbLine
 10
1230.280375144805
 20
-148.2099128477017
 30
0.0
 11
1225.277082510223
 21
-148.2099128477017
 31
0.0
  0
LINE
  5
2EB2BC
330
11F692
100
AcDbEntity
  8
SECTION
100
AcDbLine
 10
1230.280375144805
 20
-149.5605430176336
 30
0.0
 11
1225.277082510223
 21
-149.5605430176336
 31
0.0
  0
ARC
  5
2EB2BD
330
11F692
100
AcDbEntity
  8
LINE3
100
AcDbCircle
 10
1225.277082510223
 20
-146.3099128477017
 30
0.0
 40
1.9
100
AcDbArc
 50
180.0
 51
270.0
  0
ARC
  5
2EB2BE
330
11F692
100
AcDbEntity
  8
SECTION
100
AcDbCircle
 10
1225.277082510223
 20
-146.3099128477017
 30
0.0
 40
3.250630169931946
100
AcDbArc
 50
180.0
 51
270.0
  0
ARC
  5
2EB2BF
330
11F692
100
AcDbEntity
  8
LINE3
100
AcDbCircle
 10
1230.280375144805
 20
-146.3099128477017
 30
0.0
 40
1.9
100
AcDbArc
 50
270.0
 51
0.0
  0
ARC
  5
2EB2C0
330
11F692
100
AcDbEntity
  8
SECTION
100
AcDbCircle
 10
1230.280375144805
 20
-146.3099128477017
 30
0.0
 40
3.250630169931946
100
AcDbArc
 50
270.0
 51
0.0
  0
ARC
  5
2EB2C1
330
11F692
100
AcDbEntity
  8
LINE9
100
AcDbCircle
 10
1231.638728827514
 20
-134.9649128477016
 30
0.0
 40
1.6
100
AcDbArc
 50
321.6629103003802
 51
59.99999999999957
  0
ARC
  5
2EB2C2
330
11F692
100
AcDbEntity
  8
LINE9
100
AcDbCircle
 10
1234.148728827514
 20
-136.9498309820349
 30
0.0
 40
1.6
100
AcDbArc
 50
141.6629103003756
 51
180.0
  0
LINE
  5
2EB2C3
330
11F692
100
AcDbEntity
  8
LINE9
100
AcDbLine
 10
1231.829468154508
 20
-133.2275153880801
 30
0.0
 11
1232.438728827514
 21
-133.5792722016466
 31
0.0
  0
ARC
  5
2EB2C4
330
11F692
100
AcDbEntity
  8
LINE9
100
AcDbCircle
 10
1231.879468154509
 20
-133.1409128477017
 30
0.0
 40
0.1
100
AcDbArc
 50
120.0000000000145
 51
239.9999999999995
  0
ARC
  5
2EB2C5
330
11F692
100
AcDbEntity
  8
LINE9
100
AcDbCircle
 10
1231.638728827514
 20
-131.3169128477017
 30
0.0
 40
1.6
100
AcDbArc
 50
300.0000000000004
 51
341.1339194140706
  0
ARC
  5
2EB2C6
330
11F692
100
AcDbEntity
  8
LINE9
100
AcDbCircle
 10
1233.247399649157
 20
-131.8666202131191
 30
0.0
 40
0.1
100
AcDbArc
 50
90.0
 51
161.1339194140722
  0
LINE
  5
2EB2C7
330
11F692
100
AcDbEntity
  8
LINE9
100
AcDbLine
 10
1231.829468154508
 20
-133.0543103073233
 30
0.0
 11
1232.438728827514
 21
-132.7025534937567
 31
0.0
  0
LINE
  5
2EB2C8
330
11F692
100
AcDbEntity
  8
LINE
100
AcDbLine
 10
1221.981617433834
 20
-131.5210510913132
 30
0.0
 11
1221.136572858456
 21
-132.7488967003422
 31
0.0
  0
LINE
  5
2EB2C9
330
11F692
100
AcDbEntity
  8
LINE
100
AcDbLine
 10
1222.179074255353
 20
-131.6892579531341
 30
0.0
 11
1221.309775611017
 21
-132.8488926678956
 31
0.0
  0
LINE
  5
2EB6AE
330
11F692
100
AcDbEntity
  8
CENTER
100
AcDbLine
 10
1227.778728827514
 20
-72.12263636047868
 30
0.0
 11
1227.778728827514
 21
-149.5605430176336
 31
0.0
  0
LINE
  5
2EB702
330
11F692
100
AcDbEntity
  8
LINE
100
AcDbLine
 10
1131.363728827514
 20
-128.6299128477016
 30
0.0
 11
1131.363728827514
 21
-125.0999128477017
 31
0.0
  0
LINE
  5
2EB703
330
11F692
100
AcDbEntity
  8
SECTION
100
AcDbLine
 10
1129.644744974873
 20
-128.6299128477016
 30
0.0
 11
1129.644744974873
 21
-125.0999128477017
 31
0.0
  0
ARC
  5
2EB704
330
11F692
100
AcDbEntity
  8
LINE
100
AcDbCircle
 10
1133.763728827513
 20
-125.0999128477017
 30
0.0
 40
2.399999999999999
100
AcDbArc
 50
90.0
 51
180.0
  0
ARC
  5
2EB705
330
11F692
100
AcDbEntity
  8
SECTION
100
AcDbCircle
 10
1133.763728827513
 20
-125.0999128477017
 30
0.0
 40
4.118983852640548
100
AcDbArc
 50
90.0
 51
180.0
  0
ARC
  5
2EB706
330
11F692
100
AcDbEntity
  8
LINE
100
AcDbCircle
 10
1263.023728827515
 20
-128.6299128477016
 30
0.0
 40
2.399999999999999
100
AcDbArc
 50
270.0
 51
0.0
  0
ARC
  5
2EB707
330
11F692
100
AcDbEntity
  8
SECTION
100
AcDbCircle
 10
1263.023728827515
 20
-128.6299128477016
 30
0.0
 40
4.118983852640548
100
AcDbArc
 50
270.0
 51
0.0
  0
LINE
  5
2EB708
330
11F692
100
AcDbEntity
  8
LINE
100
AcDbLine
 10
1265.423728827514
 20
-128.6299128477016
 30
0.0
 11
1265.423728827514
 21
-125.0999128477017
 31
0.0
  0
LINE
  5
2EB709
330
11F692
100
AcDbEntity
  8
SECTION
100
AcDbLine
 10
1267.142712680155
 20
-128.6299128477016
 30
0.0
 11
1267.142712680155
 21
-125.0999128477017
 31
0.0
  0
ARC
  5
2EB70A
330
11F692
100
AcDbEntity
  8
LINE
100
AcDbCircle
 10
1263.023728827515
 20
-125.0999128477017
 30
0.0
 40
2.399999999999999
100
AcDbArc
 50
0.0
 51
90.0
  0
ARC
  5
2EB70B
330
11F692
100
AcDbEntity
  8
SECTION
100
AcDbCircle
 10
1263.023728827515
 20
-125.0999128477017
 30
0.0
 40
4.118983852640548
100
AcDbArc
 50
0.0
 51
90.0
  0
LINE
  5
2EB70C
330
11F692
100
AcDbEntity
  8
LINE
100
AcDbLine
 10
1165.398728827514
 20
-75.96991284770172
 30
0.0
 11
1153.028728827514
 21
-75.96991284770172
 31
0.0
  0
LINE
  5
2EB70D
330
11F692
100
AcDbEntity
  8
LINE9
100
AcDbLine
 10
1154.388728827514
 20
-75.23320548228426
 30
0.0
 11
1153.028728827514
 21
-75.23320548228426
 31
0.0
  0
ARC
  5
2EB70E
330
11F692
100
AcDbEntity
  8
LINE9
100
AcDbCircle
 10
1154.388728827514
 20
-75.03320548228427
 30
0.0
 40
0.2
100
AcDbArc
 50
180.0
 51
270.0
  0
LINE
  5
2EB70F
330
11F692
100
AcDbEntity
  8
SECTION
100
AcDbLine
 10
1163.056452340291
 20
-74.25092899506117
 30
0.0
 11
1155.371005314737
 21
-74.25092899506117
 31
0.0
  0
ARC
  5
2EB710
330
11F692
100
AcDbEntity
  8
SECTION
100
AcDbCircle
 10
1155.371005314737
 20
-74.05092899506119
 30
0.0
 40
0.2
100
AcDbArc
 50
180.000000000013
 51
270.0
  0
LINE
  5
2EB711
330
11F692
100
AcDbEntity
  8
LINE
100
AcDbLine
 10
1145.808728827514
 20
-75.96991284770172
 30
0.0
 11
1133.763728827513
 21
-75.96991284770172
 31
0.0
  0
LINE
  5
2EB712
330
11F692
100
AcDbEntity
  8
LINE9
100
AcDbLine
 10
1145.808728827514
 20
-75.23320548228426
 30
0.0
 11
1144.448728827514
 21
-75.23320548228426
 31
0.0
  0
LINE
  5
2EB713
330
11F692
100
AcDbEntity
  8
SECTION
100
AcDbLine
 10
1143.466452340291
 20
-74.25092899506117
 30
0.0
 11
1133.763728827513
 21
-74.2509289950612
 31
0.0
  0
LINE
  5
2EB714
330
11F692
100
AcDbEntity
  8
LINE
100
AcDbLine
 10
1165.398728827514
 20
-84.29991284770173
 30
0.0
 11
1153.028728827514
 21
-84.29991284770171
 31
0.0
  0
LINE
  5
2EB715
330
11F692
100
AcDbEntity
  8
LINE9
100
AcDbLine
 10
1154.887399649157
 20
-85.03662021311916
 30
0.0
 11
1153.028728827514
 21
-85.03662021311916
 31
0.0
  0
LINE
  5
2EB716
330
11F692
100
AcDbEntity
  8
LINE6
100
AcDbLine
 10
1155.279867071126
 20
-85.52775845673082
 30
0.0
 11
1154.572873154848
 21
-85.52775845673082
 31
0.0
  0
LINE
  5
2EB717
330
11F692
100
AcDbEntity
  8
SECTION
100
AcDbLine
 10
1162.366572858456
 20
-86.01889670034228
 30
0.0
 11
1155.279867071126
 21
-86.01889670034225
 31
0.0
  0
ARC
  5
2EB718
330
11F692
100
AcDbEntity
  8
LINE6
100
AcDbCircle
 10
1155.279867071126
 20
-86.12775845673082
 30
0.0
 40
0.6
100
AcDbArc
 50
90.0
 51
180.0
  0
ARC
  5
2EB719
330
11F692
100
AcDbEntity
  8
SECTION
100
AcDbCircle
 10
1155.279867071126
 20
-86.12775845673082
 30
0.0
 40
0.1088617563885691
100
AcDbArc
 50
90.0
 51
180.0
  0
LINE
  5
2EB71A
330
11F692
100
AcDbEntity
  8
LINE
100
AcDbLine
 10
1145.808728827514
 20
-84.29991284770173
 30
0.0
 11
1133.763728827513
 21
-84.29991284770171
 31
0.0
  0
ARC
  5
2EB71B
330
11F692
100
AcDbEntity
  8
LINE
100
AcDbCircle
 10
1133.763728827513
 20
-81.89991284770171
 30
0.0
 40
2.399999999999999
100
AcDbArc
 50
180.0
 51
270.0
  0
ARC
  5
2EB71C
330
11F692
100
AcDbEntity
  8
SECTION
100
AcDbCircle
 10
1133.763728827513
 20
-81.89991284770171
 30
0.0
 40
4.118983852640548
100
AcDbArc
 50
180.0
 51
270.0
  0
LINE
  5
2EB71D
330
11F692
100
AcDbEntity
  8
SECTION
100
AcDbLine
 10
1142.776572858456
 20
-86.01889670034228
 30
0.0
 11
1133.763728827513
 21
-86.01889670034228
 31
0.0
  0
LINE
  5
2EB71E
330
11F692
100
AcDbEntity
  8
LINE2
100
AcDbLine
 10
1145.808728827514
 20
-84.79105109131319
 30
0.0
 11
1143.621617433834
 21
-84.79105109131319
 31
0.0
  0
LINE
  5
2EB71F
330
11F692
100
AcDbEntity
  8
LINE
100
AcDbLine
 10
1147.808728827514
 20
-77.96991284770172
 30
0.0
 11
1147.808728827514
 21
-82.29991284770173
 31
0.0
  0
LINE
  5
2EB720
330
11F692
100
AcDbEntity
  8
LINE9
100
AcDbLine
 10
1148.545436192931
 20
-77.96991284770172
 30
0.0
 11
1148.545436192931
 21
-84.70491284770174
 31
0.0
  0
LINE
  5
2EB721
330
11F692
100
AcDbEntity
  8
LINE
100
AcDbLine
 10
1151.028728827514
 20
-77.96991284770172
 30
0.0
 11
1151.028728827514
 21
-82.2999128477017
 31
0.0
  0
LINE
  5
2EB722
330
11F692
100
AcDbEntity
  8
LINE9
100
AcDbLine
 10
1150.292021462097
 20
-77.96991284770172
 30
0.0
 11
1150.292021462097
 21
-82.2999128477017
 31
0.0
  0
ARC
  5
2EB723
330
11F692
100
AcDbEntity
  8
LINE
100
AcDbCircle
 10
1145.808728827514
 20
-77.96991284770175
 30
0.0
 40
2.0
100
AcDbArc
 50
0.0000000000004071
 51
90.0
  0
ARC
  5
2EB724
330
11F692
100
AcDbEntity
  8
LINE9
100
AcDbCircle
 10
1145.808728827514
 20
-77.96991284770175
 30
0.0
 40
2.736707365417458
100
AcDbArc
 50
0.0000000000004071
 51
90.0
  0
ARC
  5
2EB725
330
11F692
100
AcDbEntity
  8
LINE
100
AcDbCircle
 10
1145.808728827514
 20
-82.29991284770177
 30
0.0
 40
2.0
100
AcDbArc
 50
269.999999999987
 51
0.0000000000008142
  0
ARC
  5
2EB726
330
11F692
100
AcDbEntity
  8
LINE2
100
AcDbCircle
 10
1145.808728827514
 20
-82.29991284770177
 30
0.0
 40
2.491138243611459
100
AcDbArc
 50
269.999999999987
 51
0.0000000000008142
  0
ARC
  5
2EB727
330
11F692
100
AcDbEntity
  8
LINE
100
AcDbCircle
 10
1153.028728827514
 20
-77.96991284770175
 30
0.0
 40
2.0
100
AcDbArc
 50
90.0
 51
179.9999999999996
  0
ARC
  5
2EB728
330
11F692
100
AcDbEntity
  8
LINE9
100
AcDbCircle
 10
1153.028728827514
 20
-77.96991284770175
 30
0.0
 40
2.736707365417458
100
AcDbArc
 50
90.0
 51
179.9999999999996
  0
ARC
  5
2EB729
330
11F692
100
AcDbEntity
  8
LINE
100
AcDbCircle
 10
1153.028728827514
 20
-82.29991284770173
 30
0.0
 40
2.0
100
AcDbArc
 50
179.9999999999992
 51
269.999999999987
  0
ARC
  5
2EB72A
330
11F692
100
AcDbEntity
  8
LINE9
100
AcDbCircle
 10
1153.028728827514
 20
-82.29991284770173
 30
0.0
 40
2.736707365417458
100
AcDbArc
 50
179.9999999999992
 51
269.999999999987
  0
LINE
  5
2EB72B
330
11F692
100
AcDbEntity
  8
LINE9
100
AcDbLine
 10
1150.979381133572
 20
-73.10491284770171
 30
0.0
 11
1147.858076521456
 21
-73.10491284770171
 31
0.0
  0
LINE
  5
2EB72C
330
11F692
100
AcDbEntity
  8
SECTION
100
AcDbLine
 10
1150.820908960527
 20
-72.12263636047862
 30
0.0
 11
1148.0165486945
 21
-72.12263636047865
 31
0.0
  0
LINE
  5
2EB72D
330
11F692
100
AcDbEntity
  8
LINE9
100
AcDbLine
 10
1144.648728827514
 20
-74.00491284770172
 30
0.0
 11
1144.648728827514
 21
-75.03320548228427
 31
0.0
  0
LINE
  5
2EB72E
330
11F692
100
AcDbEntity
  8
LINE9
100
AcDbLine
 10
1154.188728827514
 20
-74.00491284770172
 30
0.0
 11
1154.188728827514
 21
-75.03320548228427
 31
0.0
  0
LINE
  5
2EB72F
330
11F692
100
AcDbEntity
  8
SECTION
100
AcDbLine
 10
1155.171005314737
 20
-74.00491284770172
 30
0.0
 11
1155.171005314737
 21
-74.05092899506121
 31
0.0
  0
ARC
  5
2EB730
330
11F692
100
AcDbEntity
  8
LINE9
100
AcDbCircle
 10
1146.248728827514
 20
-74.00491284770172
 30
0.0
 40
1.6
100
AcDbArc
 50
42.9858860802091
 51
180.0
  0
ARC
  5
2EB731
330
11F692
100
AcDbEntity
  8
SECTION
100
AcDbCircle
 10
1146.248728827514
 20
-74.00491284770172
 30
0.0
 40
2.582276487223089
100
AcDbArc
 50
46.79604386203299
 51
180.0
  0
ARC
  5
2EB732
330
11F692
100
AcDbEntity
  8
LINE9
100
AcDbCircle
 10
1147.858076521456
 20
-72.50491284770172
 30
0.0
 40
0.6
100
AcDbArc
 50
222.9858860802091
 51
270.0
  0
ARC
  5
2EB733
330
11F692
100
AcDbEntity
  8
LINE9
100
AcDbCircle
 10
1152.588728827514
 20
-74.00491284770172
 30
0.0
 40
1.6
100
AcDbArc
 50
0.0
 51
137.0141139197909
  0
ARC
  5
2EB734
330
11F692
100
AcDbEntity
  8
SECTION
100
AcDbCircle
 10
1152.588728827514
 20
-74.00491284770172
 30
0.0
 40
2.582276487223089
100
AcDbArc
 50
0.0
 51
133.2039561379667
  0
ARC
  5
2EB735
330
11F692
100
AcDbEntity
  8
LINE9
100
AcDbCircle
 10
1150.979381133572
 20
-72.50491284770172
 30
0.0
 40
0.6
100
AcDbArc
 50
270.0
 51
317.0141139197909
  0
LINE
  5
2EB736
330
11F692
100
AcDbEntity
  8
LINE
100
AcDbLine
 10
1154.188728827514
 20
-75.03320548228427
 30
0.0
 11
1155.171005314737
 21
-74.05092899506121
 31
0.0
  0
LINE
  5
2EB737
330
11F692
100
AcDbEntity
  8
LINE
100
AcDbLine
 10
1155.371005314737
 20
-74.25092899506117
 30
0.0
 11
1154.388728827514
 21
-75.23320548228426
 31
0.0
  0
ARC
  5
2EB738
330
11F692
100
AcDbEntity
  8
LINE9
100
AcDbCircle
 10
1144.448728827514
 20
-75.03320548228427
 30
0.0
 40
0.2
100
AcDbArc
 50
270.0
 51
0.0
  0
ARC
  5
2EB739
330
11F692
100
AcDbEntity
  8
SECTION
100
AcDbCircle
 10
1143.466452340291
 20
-74.05092899506119
 30
0.0
 40
0.2
100
AcDbArc
 50
270.0
 51
359.9999999999866
  0
LINE
  5
2EB73A
330
11F692
100
AcDbEntity
  8
SECTION
100
AcDbLine
 10
1143.666452340291
 20
-74.00491284770172
 30
0.0
 11
1143.666452340291
 21
-74.05092899506121
 31
0.0
  0
LINE
  5
2EB73B
330
11F692
100
AcDbEntity
  8
LINE
100
AcDbLine
 10
1144.648728827514
 20
-75.03320548228427
 30
0.0
 11
1143.666452340291
 21
-74.05092899506121
 31
0.0
  0
LINE
  5
2EB73C
330
11F692
100
AcDbEntity
  8
LINE
100
AcDbLine
 10
1143.466452340291
 20
-74.25092899506117
 30
0.0
 11
1144.448728827514
 21
-75.23320548228426
 31
0.0
  0
LINE
  5
2EB73D
330
11F692
100
AcDbEntity
  8
LINE2
100
AcDbLine
 10
1148.299867071125
 20
-82.29991284770173
 30
0.0
 11
1148.299867071125
 21
-84.70491284770174
 31
0.0
  0
LINE
  5
2EB73E
330
11F692
100
AcDbEntity
  8
LINE2
100
AcDbLine
 10
1146.699867071125
 20
-86.30491284770172
 30
0.0
 11
1145.398728827514
 21
-86.30491284770172
 31
0.0
  0
LINE
  5
2EB73F
330
11F692
100
AcDbEntity
  8
LINE9
100
AcDbLine
 10
1146.699867071125
 20
-86.55048196950767
 30
0.0
 11
1145.398728827514
 21
-86.55048196950767
 31
0.0
  0
ARC
  5
2EB740
330
11F692
100
AcDbEntity
  8
LINE2
100
AcDbCircle
 10
1146.699867071125
 20
-84.70491284770174
 30
0.0
 40
1.6
100
AcDbArc
 50
270.0
 51
0.0
  0
ARC
  5
2EB741
330
11F692
100
AcDbEntity
  8
LINE9
100
AcDbCircle
 10
1146.699867071125
 20
-84.70491284770174
 30
0.0
 40
1.845569121805942
100
AcDbArc
 50
270.0
 51
0.0
  0
ARC
  5
2EB742
330
11F692
100
AcDbEntity
  8
LINE2
100
AcDbCircle
 10
1145.398728827514
 20
-84.70491284770174
 30
0.0
 40
1.6
100
AcDbArc
 50
189.1468663314291
 51
270.0
  0
ARC
  5
2EB743
330
11F692
100
AcDbEntity
  8
LINE9
100
AcDbCircle
 10
1145.398728827514
 20
-84.70491284770174
 30
0.0
 40
1.845569121805942
100
AcDbArc
 50
226.9971007423671
 51
270.0
  0
ARC
  5
2EB744
330
11F692
100
AcDbEntity
  8
SECTION
100
AcDbCircle
 10
1145.398728827514
 20
-84.70491284770174
 30
0.0
 40
2.827845609029259
100
AcDbArc
 50
210.0013339314951
 51
226.997100742367
  0
ARC
  5
2EB745
330
11F692
100
AcDbEntity
  8
SECTION
100
AcDbCircle
 10
1142.776572858456
 20
-86.2188967003423
 30
0.0
 40
0.2
100
AcDbArc
 50
30.0013339315014
 51
90.0
  0
ARC
  5
2EB746
330
11F692
100
AcDbEntity
  8
LINE9
100
AcDbCircle
 10
1143.048728827514
 20
-87.22472366860495
 30
0.0
 40
1.6
100
AcDbArc
 50
359.9999999999996
 51
46.99710074236707
  0
ARC
  5
2EB747
330
11F692
100
AcDbEntity
  8
SECTION
100
AcDbCircle
 10
1143.048728827514
 20
-87.22472366860495
 30
0.0
 40
0.6177235127766836
100
AcDbArc
 50
359.9999999999996
 51
46.99710074236707
  0
ARC
  5
2EB748
330
11F692
100
AcDbEntity
  8
LINE2
100
AcDbCircle
 10
1143.621617433834
 20
-84.99105109131319
 30
0.0
 40
0.2
100
AcDbArc
 50
9.146866331428759
 51
90.0
  0
LINE
  5
2EB749
330
11F692
100
AcDbEntity
  8
LINE9
100
AcDbLine
 10
1144.648728827514
 20
-87.22472366860499
 30
0.0
 11
1144.648728827514
 21
-92.22991284770168
 31
0.0
  0
LINE
  5
2EB74A
330
11F692
100
AcDbEntity
  8
SECTION
100
AcDbLine
 10
1143.666452340291
 20
-87.22472366860495
 30
0.0
 11
1143.66645234029
 21
-99.57991284770168
 31
0.0
  0
LINE
  5
2EB74B
330
11F692
100
AcDbEntity
  8
LINE3
100
AcDbLine
 10
1145.017082510223
 20
-92.22991284770172
 30
0.0
 11
1145.017082510223
 21
-99.57991284770171
 31
0.0
  0
LINE
  5
2EB74C
330
11F692
100
AcDbEntity
  8
LINE9
100
AcDbLine
 10
1154.188728827514
 20
-90.21983098203497
 30
0.0
 11
1154.188728827514
 21
-92.22991284770172
 31
0.0
  0
LINE
  5
2EB74D
330
11F692
100
AcDbEntity
  8
LINE3
100
AcDbLine
 10
1153.820375144805
 20
-92.22991284770172
 30
0.0
 11
1153.820375144805
 21
-99.57991284770171
 31
0.0
  0
LINE
  5
2EB74E
330
11F692
100
AcDbEntity
  8
SECTION
100
AcDbLine
 10
1155.171005314737
 20
-86.12775845673082
 30
0.0
 11
1155.171005314737
 21
-99.57991284770173
 31
0.0
  0
LINE
  5
2EB74F
330
11F692
100
AcDbEntity
  8
LINE6
100
AcDbLine
 10
1154.679867071126
 20
-86.12775845673082
 30
0.0
 11
1154.679867071126
 21
-87.46237700886396
 31
0.0
  0
ARC
  5
2EB750
330
11F692
100
AcDbEntity
  8
LINE3
100
AcDbCircle
 10
1151.920375144805
 20
-92.22991284770172
 30
0.0
 40
1.9
100
AcDbArc
 50
0.0
 51
90.0
  0
ARC
  5
2EB751
330
11F692
100
AcDbEntity
  8
LINE9
100
AcDbCircle
 10
1151.920375144805
 20
-92.22991284770172
 30
0.0
 40
2.268353682708857
100
AcDbArc
 50
0.0
 51
90.0
  0
LINE
  5
2EB752
330
11F692
100
AcDbEntity
  8
LINE3
100
AcDbLine
 10
1151.920375144805
 20
-90.3299128477017
 30
0.0
 11
1146.917082510223
 21
-90.3299128477017
 31
0.0
  0
LINE
  5
2EB753
330
11F692
100
AcDbEntity
  8
LINE9
100
AcDbLine
 10
1151.920375144805
 20
-89.96155916499285
 30
0.0
 11
1146.917082510223
 21
-89.96155916499285
 31
0.0
  0
ARC
  5
2EB754
330
11F692
100
AcDbEntity
  8
LINE3
100
AcDbCircle
 10
1146.917082510223
 20
-92.22991284770172
 30
0.0
 40
1.9
100
AcDbArc
 50
90.0
 51
180.0
  0
ARC
  5
2EB755
330
11F692
100
AcDbEntity
  8
LINE9
100
AcDbCircle
 10
1146.917082510223
 20
-92.22991284770172
 30
0.0
 40
2.268353682708857
100
AcDbArc
 50
90.0
 51
180.0
  0
LINE
  5
2EB756
330
11F692
100
AcDbEntity
  8
LINE3
100
AcDbLine
 10
1151.920375144805
 20
-101.4799128477017
 30
0.0
 11
1146.917082510223
 21
-101.4799128477017
 31
0.0
  0
LINE
  5
2EB757
330
11F692
100
AcDbEntity
  8
SECTION
100
AcDbLine
 10
1151.920375144805
 20
-102.8305430176336
 30
0.0
 11
1146.917082510223
 21
-102.8305430176336
 31
0.0
  0
ARC
  5
2EB758
330
11F692
100
AcDbEntity
  8
LINE3
100
AcDbCircle
 10
1146.917082510223
 20
-99.57991284770171
 30
0.0
 40
1.9
100
AcDbArc
 50
180.0
 51
270.0
  0
ARC
  5
2EB759
330
11F692
100
AcDbEntity
  8
SECTION
100
AcDbCircle
 10
1146.917082510223
 20
-99.57991284770171
 30
0.0
 40
3.250630169931946
100
AcDbArc
 50
180.0
 51
270.0
  0
ARC
  5
2EB75A
330
11F692
100
AcDbEntity
  8
LINE3
100
AcDbCircle
 10
1151.920375144805
 20
-99.57991284770171
 30
0.0
 40
1.9
100
AcDbArc
 50
270.0
 51
0.0
  0
ARC
  5
2EB75B
330
11F692
100
AcDbEntity
  8
SECTION
100
AcDbCircle
 10
1151.920375144805
 20
-99.57991284770171
 30
0.0
 40
3.250630169931946
100
AcDbArc
 50
270.0
 51
0.0
  0
ARC
  5
2EB75C
330
11F692
100
AcDbEntity
  8
LINE9
100
AcDbCircle
 10
1153.278728827514
 20
-88.2349128477017
 30
0.0
 40
1.6
100
AcDbArc
 50
321.6629103003802
 51
59.99999999999959
  0
ARC
  5
2EB75D
330
11F692
100
AcDbEntity
  8
LINE9
100
AcDbCircle
 10
1155.788728827514
 20
-90.21983098203497
 30
0.0
 40
1.6
100
AcDbArc
 50
141.6629103003755
 51
180.0
  0
LINE
  5
2EB75E
330
11F692
100
AcDbEntity
  8
LINE9
100
AcDbLine
 10
1153.469468154509
 20
-86.49751538808013
 30
0.0
 11
1154.078728827514
 21
-86.84927220164667
 31
0.0
  0
ARC
  5
2EB75F
330
11F692
100
AcDbEntity
  8
LINE9
100
AcDbCircle
 10
1153.519468154508
 20
-86.41091284770173
 30
0.0
 40
0.1
100
AcDbArc
 50
120.0000000000004
 51
239.9999999999995
  0
ARC
  5
2EB760
330
11F692
100
AcDbEntity
  8
LINE9
100
AcDbCircle
 10
1153.278728827514
 20
-84.58691284770171
 30
0.0
 40
1.6
100
AcDbArc
 50
300.0000000000004
 51
341.1339194140706
  0
ARC
  5
2EB761
330
11F692
100
AcDbEntity
  8
LINE9
100
AcDbCircle
 10
1154.887399649157
 20
-85.13662021311915
 30
0.0
 40
0.1
100
AcDbArc
 50
90.0
 51
161.1339194140722
  0
LINE
  5
2EB762
330
11F692
100
AcDbEntity
  8
LINE9
100
AcDbLine
 10
1153.469468154509
 20
-86.32431030732329
 30
0.0
 11
1154.078728827514
 21
-85.97255349375675
 31
0.0
  0
LINE
  5
2EB763
330
11F692
100
AcDbEntity
  8
LINE
100
AcDbLine
 10
1143.621617433834
 20
-84.79105109131319
 30
0.0
 11
1142.776572858456
 21
-86.01889670034228
 31
0.0
  0
LINE
  5
2EB764
330
11F692
100
AcDbEntity
  8
LINE
100
AcDbLine
 10
1143.819074255354
 20
-84.95925795313414
 30
0.0
 11
1142.949775611017
 21
-86.1188926678956
 31
0.0
  0
LINE
  5
2EB766
330
11F692
100
AcDbEntity
  8
LINE
100
AcDbLine
 10
1184.988728827514
 20
-75.96991284770172
 30
0.0
 11
1172.618728827514
 21
-75.96991284770172
 31
0.0
  0
LINE
  5
2EB767
330
11F692
100
AcDbEntity
  8
LINE9
100
AcDbLine
 10
1173.978728827514
 20
-75.23320548228426
 30
0.0
 11
1172.618728827514
 21
-75.23320548228426
 31
0.0
  0
ARC
  5
2EB768
330
11F692
100
AcDbEntity
  8
LINE9
100
AcDbCircle
 10
1173.978728827514
 20
-75.03320548228427
 30
0.0
 40
0.2
100
AcDbArc
 50
180.0
 51
270.0
  0
LINE
  5
2EB769
330
11F692
100
AcDbEntity
  8
SECTION
100
AcDbLine
 10
1182.646452340291
 20
-74.25092899506117
 30
0.0
 11
1174.961005314737
 21
-74.25092899506117
 31
0.0
  0
ARC
  5
2EB76A
330
11F692
100
AcDbEntity
  8
SECTION
100
AcDbCircle
 10
1174.961005314737
 20
-74.05092899506119
 30
0.0
 40
0.2
100
AcDbArc
 50
180.000000000013
 51
270.0
  0
LINE
  5
2EB76B
330
11F692
100
AcDbEntity
  8
LINE9
100
AcDbLine
 10
1165.398728827514
 20
-75.23320548228426
 30
0.0
 11
1164.038728827514
 21
-75.23320548228426
 31
0.0
  0
LINE
  5
2EB76C
330
11F692
100
AcDbEntity
  8
LINE
100
AcDbLine
 10
1184.988728827514
 20
-84.29991284770173
 30
0.0
 11
1172.618728827514
 21
-84.29991284770171
 31
0.0
  0
LINE
  5
2EB76D
330
11F692
100
AcDbEntity
  8
LINE9
100
AcDbLine
 10
1174.477399649157
 20
-85.03662021311916
 30
0.0
 11
1172.618728827514
 21
-85.03662021311916
 31
0.0
  0
LINE
  5
2EB76E
330
11F692
100
AcDbEntity
  8
LINE6
100
AcDbLine
 10
1174.869867071126
 20
-85.52775845673082
 30
0.0
 11
1174.162873154848
 21
-85.52775845673082
 31
0.0
  0
LINE
  5
2EB76F
330
11F692
100
AcDbEntity
  8
SECTION
100
AcDbLine
 10
1181.956572858456
 20
-86.01889670034228
 30
0.0
 11
1174.869867071126
 21
-86.01889670034225
 31
0.0
  0
ARC
  5
2EB770
330
11F692
100
AcDbEntity
  8
LINE6
100
AcDbCircle
 10
1174.869867071126
 20
-86.12775845673082
 30
0.0
 40
0.6
100
AcDbArc
 50
90.0
 51
180.0
  0
ARC
  5
2EB771
330
11F692
100
AcDbEntity
  8
SECTION
100
AcDbCircle
 10
1174.869867071126
 20
-86.12775845673082
 30
0.0
 40
0.1088617563885691
100
AcDbArc
 50
90.0
 51
180.0
  0
LINE
  5
2EB772
330
11F692
100
AcDbEntity
  8
LINE2
100
AcDbLine
 10
1165.398728827514
 20
-84.79105109131319
 30
0.0
 11
1163.211617433834
 21
-84.79105109131319
 31
0.0
  0
LINE
  5
2EB773
330
11F692
100
AcDbEntity
  8
LINE
100
AcDbLine
 10
1167.398728827514
 20
-77.96991284770172
 30
0.0
 11
1167.398728827514
 21
-82.29991284770173
 31
0.0
  0
LINE
  5
2EB774
330
11F692
100
AcDbEntity
  8
LINE9
100
AcDbLine
 10
1168.135436192931
 20
-77.96991284770172
 30
0.0
 11
1168.135436192931
 21
-84.70491284770174
 31
0.0
  0
LINE
  5
2EB775
330
11F692
100
AcDbEntity
  8
LINE
100
AcDbLine
 10
1170.618728827514
 20
-77.96991284770172
 30
0.0
 11
1170.618728827514
 21
-82.2999128477017
 31
0.0
  0
LINE
  5
2EB776
330
11F692
100
AcDbEntity
  8
LINE9
100
AcDbLine
 10
1169.882021462096
 20
-77.96991284770172
 30
0.0
 11
1169.882021462096
 21
-82.2999128477017
 31
0.0
  0
ARC
  5
2EB777
330
11F692
100
AcDbEntity
  8
LINE
100
AcDbCircle
 10
1165.398728827514
 20
-77.96991284770175
 30
0.0
 40
2.0
100
AcDbArc
 50
0.0000000000004071
 51
90.0
  0
ARC
  5
2EB778
330
11F692
100
AcDbEntity
  8
LINE9
100
AcDbCircle
 10
1165.398728827514
 20
-77.96991284770175
 30
0.0
 40
2.736707365417458
100
AcDbArc
 50
0.0000000000004071
 51
90.0
  0
ARC
  5
2EB779
330
11F692
100
AcDbEntity
  8
LINE
100
AcDbCircle
 10
1165.398728827514
 20
-82.29991284770177
 30
0.0
 40
2.0
100
AcDbArc
 50
269.999999999987
 51
0.0000000000008142
  0
ARC
  5
2EB77A
330
11F692
100
AcDbEntity
  8
LINE2
100
AcDbCircle
 10
1165.398728827514
 20
-82.29991284770177
 30
0.0
 40
2.491138243611459
100
AcDbArc
 50
269.999999999987
 51
0.0000000000008142
  0
ARC
  5
2EB77B
330
11F692
100
AcDbEntity
  8
LINE
100
AcDbCircle
 10
1172.618728827514
 20
-77.96991284770175
 30
0.0
 40
2.0
100
AcDbArc
 50
90.0
 51
179.9999999999996
  0
ARC
  5
2EB77C
330
11F692
100
AcDbEntity
  8
LINE9
100
AcDbCircle
 10
1172.618728827514
 20
-77.96991284770175
 30
0.0
 40
2.736707365417458
100
AcDbArc
 50
90.0
 51
179.9999999999996
  0
ARC
  5
2EB77D
330
11F692
100
AcDbEntity
  8
LINE
100
AcDbCircle
 10
1172.618728827514
 20
-82.29991284770173
 30
0.0
 40
2.0
100
AcDbArc
 50
179.9999999999992
 51
269.999999999987
  0
ARC
  5
2EB77E
330
11F692
100
AcDbEntity
  8
LINE9
100
AcDbCircle
 10
1172.618728827514
 20
-82.29991284770173
 30
0.0
 40
2.736707365417458
100
AcDbArc
 50
179.9999999999992
 51
269.999999999987
  0
LINE
  5
2EB77F
330
11F692
100
AcDbEntity
  8
LINE9
100
AcDbLine
 10
1170.569381133572
 20
-73.10491284770171
 30
0.0
 11
1167.448076521456
 21
-73.10491284770171
 31
0.0
  0
LINE
  5
2EB780
330
11F692
100
AcDbEntity
  8
SECTION
100
AcDbLine
 10
1170.410908960527
 20
-72.12263636047862
 30
0.0
 11
1167.6065486945
 21
-72.12263636047865
 31
0.0
  0
LINE
  5
2EB781
330
11F692
100
AcDbEntity
  8
LINE9
100
AcDbLine
 10
1164.238728827514
 20
-74.00491284770172
 30
0.0
 11
1164.238728827514
 21
-75.03320548228427
 31
0.0
  0
LINE
  5
2EB782
330
11F692
100
AcDbEntity
  8
SECTION
100
AcDbLine
 10
1163.256452340291
 20
-74.00491284770172
 30
0.0
 11
1163.256452340291
 21
-74.05092899506124
 31
0.0
  0
LINE
  5
2EB783
330
11F692
100
AcDbEntity
  8
LINE9
100
AcDbLine
 10
1173.778728827514
 20
-74.00491284770172
 30
0.0
 11
1173.778728827514
 21
-75.03320548228427
 31
0.0
  0
LINE
  5
2EB784
330
11F692
100
AcDbEntity
  8
SECTION
100
AcDbLine
 10
1174.761005314737
 20
-74.00491284770172
 30
0.0
 11
1174.761005314737
 21
-74.05092899506121
 31
0.0
  0
ARC
  5
2EB785
330
11F692
100
AcDbEntity
  8
LINE9
100
AcDbCircle
 10
1165.838728827514
 20
-74.00491284770172
 30
0.0
 40
1.6
100
AcDbArc
 50
42.9858860802091
 51
180.0
  0
ARC
  5
2EB786
330
11F692
100
AcDbEntity
  8
SECTION
100
AcDbCircle
 10
1165.838728827514
 20
-74.00491284770172
 30
0.0
 40
2.582276487223089
100
AcDbArc
 50
46.79604386203295
 51
180.0
  0
ARC
  5
2EB787
330
11F692
100
AcDbEntity
  8
LINE9
100
AcDbCircle
 10
1167.448076521456
 20
-72.50491284770172
 30
0.0
 40
0.6
100
AcDbArc
 50
222.985886080209
 51
270.0
  0
ARC
  5
2EB788
330
11F692
100
AcDbEntity
  8
LINE9
100
AcDbCircle
 10
1172.178728827514
 20
-74.00491284770172
 30
0.0
 40
1.6
100
AcDbArc
 50
0.0
 51
137.0141139197909
  0
ARC
  5
2EB789
330
11F692
100
AcDbEntity
  8
SECTION
100
AcDbCircle
 10
1172.178728827514
 20
-74.00491284770172
 30
0.0
 40
2.582276487223089
100
AcDbArc
 50
0.0
 51
133.2039561379667
  0
ARC
  5
2EB78A
330
11F692
100
AcDbEntity
  8
LINE9
100
AcDbCircle
 10
1170.569381133572
 20
-72.50491284770172
 30
0.0
 40
0.6
100
AcDbArc
 50
270.0
 51
317.0141139197909
  0
LINE
  5
2EB78B
330
11F692
100
AcDbEntity
  8
LINE
100
AcDbLine
 10
1173.778728827514
 20
-75.03320548228427
 30
0.0
 11
1174.761005314737
 21
-74.05092899506121
 31
0.0
  0
LINE
  5
2EB78C
330
11F692
100
AcDbEntity
  8
LINE
100
AcDbLine
 10
1174.961005314737
 20
-74.25092899506117
 30
0.0
 11
1173.978728827514
 21
-75.23320548228426
 31
0.0
  0
ARC
  5
2EB78D
330
11F692
100
AcDbEntity
  8
LINE9
100
AcDbCircle
 10
1164.038728827514
 20
-75.03320548228427
 30
0.0
 40
0.2
100
AcDbArc
 50
270.0
 51
0.0
  0
ARC
  5
2EB78E
330
11F692
100
AcDbEntity
  8
SECTION
100
AcDbCircle
 10
1163.056452340291
 20
-74.05092899506119
 30
0.0
 40
0.2
100
AcDbArc
 50
270.0
 51
359.9999999999866
  0
LINE
  5
2EB78F
330
11F692
100
AcDbEntity
  8
LINE
100
AcDbLine
 10
1164.238728827514
 20
-75.03320548228427
 30
0.0
 11
1163.256452340291
 21
-74.05092899506121
 31
0.0
  0
LINE
  5
2EB790
330
11F692
100
AcDbEntity
  8
LINE
100
AcDbLine
 10
1163.056452340291
 20
-74.25092899506117
 30
0.0
 11
1164.038728827514
 21
-75.23320548228426
 31
0.0
  0
LINE
  5
2EB791
330
11F692
100
AcDbEntity
  8
LINE2
100
AcDbLine
 10
1167.889867071125
 20
-82.29991284770173
 30
0.0
 11
1167.889867071125
 21
-84.70491284770174
 31
0.0
  0
LINE
  5
2EB792
330
11F692
100
AcDbEntity
  8
LINE2
100
AcDbLine
 10
1166.289867071125
 20
-86.30491284770172
 30
0.0
 11
1164.988728827514
 21
-86.30491284770172
 31
0.0
  0
LINE
  5
2EB793
330
11F692
100
AcDbEntity
  8
LINE9
100
AcDbLine
 10
1166.289867071125
 20
-86.55048196950767
 30
0.0
 11
1164.988728827514
 21
-86.55048196950767
 31
0.0
  0
ARC
  5
2EB794
330
11F692
100
AcDbEntity
  8
LINE2
100
AcDbCircle
 10
1166.289867071125
 20
-84.70491284770174
 30
0.0
 40
1.6
100
AcDbArc
 50
270.0
 51
0.0
  0
ARC
  5
2EB795
330
11F692
100
AcDbEntity
  8
LINE9
100
AcDbCircle
 10
1166.289867071125
 20
-84.70491284770174
 30
0.0
 40
1.845569121805942
100
AcDbArc
 50
270.0
 51
0.0
  0
ARC
  5
2EB796
330
11F692
100
AcDbEntity
  8
LINE2
100
AcDbCircle
 10
1164.988728827514
 20
-84.70491284770174
 30
0.0
 40
1.6
100
AcDbArc
 50
189.1468663314291
 51
270.0
  0
ARC
  5
2EB797
330
11F692
100
AcDbEntity
  8
LINE9
100
AcDbCircle
 10
1164.988728827514
 20
-84.70491284770174
 30
0.0
 40
1.845569121805942
100
AcDbArc
 50
226.9971007423671
 51
270.0
  0
ARC
  5
2EB798
330
11F692
100
AcDbEntity
  8
SECTION
100
AcDbCircle
 10
1164.988728827514
 20
-84.70491284770174
 30
0.0
 40
2.827845609029259
100
AcDbArc
 50
210.0013339314951
 51
226.997100742367
  0
ARC
  5
2EB799
330
11F692
100
AcDbEntity
  8
SECTION
100
AcDbCircle
 10
1162.366572858456
 20
-86.2188967003423
 30
0.0
 40
0.2
100
AcDbArc
 50
30.0013339315014
 51
90.0
  0
ARC
  5
2EB79A
330
11F692
100
AcDbEntity
  8
LINE9
100
AcDbCircle
 10
1162.638728827514
 20
-87.22472366860495
 30
0.0
 40
1.6
100
AcDbArc
 50
359.9999999999996
 51
46.99710074236707
  0
ARC
  5
2EB79B
330
11F692
100
AcDbEntity
  8
SECTION
100
AcDbCircle
 10
1162.638728827514
 20
-87.22472366860495
 30
0.0
 40
0.6177235127766836
100
AcDbArc
 50
359.9999999999996
 51
46.99710074236707
  0
ARC
  5
2EB79C
330
11F692
100
AcDbEntity
  8
LINE2
100
AcDbCircle
 10
1163.211617433834
 20
-84.99105109131319
 30
0.0
 40
0.2
100
AcDbArc
 50
9.146866331428759
 51
90.0
  0
LINE
  5
2EB79D
330
11F692
100
AcDbEntity
  8
LINE9
100
AcDbLine
 10
1164.238728827514
 20
-87.22472366860499
 30
0.0
 11
1164.238728827514
 21
-92.22991284770168
 31
0.0
  0
LINE
  5
2EB79E
330
11F692
100
AcDbEntity
  8
SECTION
100
AcDbLine
 10
1163.256452340291
 20
-87.22472366860495
 30
0.0
 11
1163.256452340291
 21
-99.57991284770168
 31
0.0
  0
LINE
  5
2EB79F
330
11F692
100
AcDbEntity
  8
LINE3
100
AcDbLine
 10
1164.607082510223
 20
-92.22991284770172
 30
0.0
 11
1164.607082510223
 21
-99.57991284770171
 31
0.0
  0
LINE
  5
2EB7A0
330
11F692
100
AcDbEntity
  8
LINE9
100
AcDbLine
 10
1173.778728827514
 20
-90.21983098203497
 30
0.0
 11
1173.778728827514
 21
-92.22991284770172
 31
0.0
  0
LINE
  5
2EB7A1
330
11F692
100
AcDbEntity
  8
LINE3
100
AcDbLine
 10
1173.410375144805
 20
-92.22991284770172
 30
0.0
 11
1173.410375144805
 21
-99.57991284770171
 31
0.0
  0
LINE
  5
2EB7A2
330
11F692
100
AcDbEntity
  8
SECTION
100
AcDbLine
 10
1174.761005314737
 20
-86.12775845673082
 30
0.0
 11
1174.761005314737
 21
-99.57991284770173
 31
0.0
  0
LINE
  5
2EB7A3
330
11F692
100
AcDbEntity
  8
LINE6
100
AcDbLine
 10
1174.269867071125
 20
-86.12775845673082
 30
0.0
 11
1174.269867071125
 21
-87.46237700886396
 31
0.0
  0
ARC
  5
2EB7A4
330
11F692
100
AcDbEntity
  8
LINE3
100
AcDbCircle
 10
1171.510375144805
 20
-92.22991284770172
 30
0.0
 40
1.9
100
AcDbArc
 50
0.0
 51
90.0
  0
ARC
  5
2EB7A5
330
11F692
100
AcDbEntity
  8
LINE9
100
AcDbCircle
 10
1171.510375144805
 20
-92.22991284770172
 30
0.0
 40
2.268353682708857
100
AcDbArc
 50
0.0
 51
90.0
  0
LINE
  5
2EB7A6
330
11F692
100
AcDbEntity
  8
LINE3
100
AcDbLine
 10
1171.510375144805
 20
-90.3299128477017
 30
0.0
 11
1166.507082510223
 21
-90.3299128477017
 31
0.0
  0
LINE
  5
2EB7A7
330
11F692
100
AcDbEntity
  8
LINE9
100
AcDbLine
 10
1171.510375144805
 20
-89.96155916499285
 30
0.0
 11
1166.507082510223
 21
-89.96155916499285
 31
0.0
  0
ARC
  5
2EB7A8
330
11F692
100
AcDbEntity
  8
LINE3
100
AcDbCircle
 10
1166.507082510223
 20
-92.22991284770172
 30
0.0
 40
1.9
100
AcDbArc
 50
90.0
 51
180.0
  0
ARC
  5
2EB7A9
330
11F692
100
AcDbEntity
  8
LINE9
100
AcDbCircle
 10
1166.507082510223
 20
-92.22991284770172
 30
0.0
 40
2.268353682708857
100
AcDbArc
 50
90.0
 51
180.0
  0
LINE
  5
2EB7AA
330
11F692
100
AcDbEntity
  8
LINE3
100
AcDbLine
 10
1171.510375144805
 20
-101.4799128477017
 30
0.0
 11
1166.507082510223
 21
-101.4799128477017
 31
0.0
  0
LINE
  5
2EB7AB
330
11F692
100
AcDbEntity
  8
SECTION
100
AcDbLine
 10
1171.510375144805
 20
-102.8305430176336
 30
0.0
 11
1171.233588373643
 21
-102.8305430176336
 31
0.0
  0
LINE
  5
2EB7AC
330
11F692
100
AcDbEntity
  8
SECTION
100
AcDbLine
 10
1166.783869281385
 20
-102.8305430176336
 30
0.0
 11
1166.507082510223
 21
-102.8305430176336
 31
0.0
  0
ARC
  5
2EB7AD
330
11F692
100
AcDbEntity
  8
LINE3
100
AcDbCircle
 10
1166.507082510223
 20
-99.57991284770171
 30
0.0
 40
1.9
100
AcDbArc
 50
180.0
 51
270.0
  0
ARC
  5
2EB7AE
330
11F692
100
AcDbEntity
  8
SECTION
100
AcDbCircle
 10
1166.507082510223
 20
-99.57991284770171
 30
0.0
 40
3.250630169931946
100
AcDbArc
 50
180.0
 51
270.0
  0
ARC
  5
2EB7AF
330
11F692
100
AcDbEntity
  8
LINE3
100
AcDbCircle
 10
1171.510375144805
 20
-99.57991284770171
 30
0.0
 40
1.9
100
AcDbArc
 50
270.0
 51
0.0
  0
ARC
  5
2EB7B0
330
11F692
100
AcDbEntity
  8
SECTION
100
AcDbCircle
 10
1171.510375144805
 20
-99.57991284770171
 30
0.0
 40
3.250630169931946
100
AcDbArc
 50
270.0
 51
0.0
  0
ARC
  5
2EB7B1
330
11F692
100
AcDbEntity
  8
LINE9
100
AcDbCircle
 10
1172.868728827514
 20
-88.2349128477017
 30
0.0
 40
1.6
100
AcDbArc
 50
321.6629103003802
 51
59.99999999999959
  0
ARC
  5
2EB7B2
330
11F692
100
AcDbEntity
  8
LINE9
100
AcDbCircle
 10
1175.378728827514
 20
-90.21983098203497
 30
0.0
 40
1.6
100
AcDbArc
 50
141.6629103003755
 51
180.0
  0
LINE
  5
2EB7B3
330
11F692
100
AcDbEntity
  8
LINE9
100
AcDbLine
 10
1173.059468154508
 20
-86.49751538808013
 30
0.0
 11
1173.668728827514
 21
-86.84927220164667
 31
0.0
  0
ARC
  5
2EB7B4
330
11F692
100
AcDbEntity
  8
LINE9
100
AcDbCircle
 10
1173.109468154509
 20
-86.41091284770173
 30
0.0
 40
0.1
100
AcDbArc
 50
120.0000000000004
 51
239.9999999999995
  0
ARC
  5
2EB7B5
330
11F692
100
AcDbEntity
  8
LINE9
100
AcDbCircle
 10
1172.868728827514
 20
-84.58691284770171
 30
0.0
 40
1.6
100
AcDbArc
 50
300.0000000000004
 51
341.1339194140706
  0
ARC
  5
2EB7B6
330
11F692
100
AcDbEntity
  8
LINE9
100
AcDbCircle
 10
1174.477399649157
 20
-85.13662021311915
 30
0.0
 40
0.1
100
AcDbArc
 50
90.0
 51
161.1339194140722
  0
LINE
  5
2EB7B7
330
11F692
100
AcDbEntity
  8
LINE9
100
AcDbLine
 10
1173.059468154508
 20
-86.32431030732329
 30
0.0
 11
1173.668728827514
 21
-85.97255349375675
 31
0.0
  0
LINE
  5
2EB7B8
330
11F692
100
AcDbEntity
  8
LINE
100
AcDbLine
 10
1163.211617433834
 20
-84.79105109131319
 30
0.0
 11
1162.366572858456
 21
-86.01889670034228
 31
0.0
  0
LINE
  5
2EB7B9
330
11F692
100
AcDbEntity
  8
LINE
100
AcDbLine
 10
1163.409074255354
 20
-84.95925795313414
 30
0.0
 11
1162.539775611017
 21
-86.1188926678956
 31
0.0
  0
LINE
  5
2EB7BA
330
11F692
100
AcDbEntity
  8
LINE
100
AcDbLine
 10
1204.578728827514
 20
-75.96991284770172
 30
0.0
 11
1192.208728827514
 21
-75.96991284770172
 31
0.0
  0
LINE
  5
2EB7BB
330
11F692
100
AcDbEntity
  8
LINE9
100
AcDbLine
 10
1193.568728827514
 20
-75.23320548228426
 30
0.0
 11
1192.208728827514
 21
-75.23320548228426
 31
0.0
  0
ARC
  5
2EB7BC
330
11F692
100
AcDbEntity
  8
LINE9
100
AcDbCircle
 10
1193.568728827514
 20
-75.03320548228427
 30
0.0
 40
0.2
100
AcDbArc
 50
180.0
 51
270.0
  0
LINE
  5
2EB7BD
330
11F692
100
AcDbEntity
  8
SECTION
100
AcDbLine
 10
1202.236452340291
 20
-74.25092899506117
 30
0.0
 11
1194.551005314737
 21
-74.25092899506117
 31
0.0
  0
ARC
  5
2EB7BE
330
11F692
100
AcDbEntity
  8
SECTION
100
AcDbCircle
 10
1194.551005314737
 20
-74.05092899506119
 30
0.0
 40
0.2
100
AcDbArc
 50
180.000000000013
 51
270.0
  0
LINE
  5
2EB7BF
330
11F692
100
AcDbEntity
  8
LINE9
100
AcDbLine
 10
1184.988728827514
 20
-75.23320548228426
 30
0.0
 11
1183.628728827514
 21
-75.23320548228426
 31
0.0
  0
LINE
  5
2EB7C0
330
11F692
100
AcDbEntity
  8
LINE
100
AcDbLine
 10
1204.578728827514
 20
-84.29991284770173
 30
0.0
 11
1192.208728827514
 21
-84.29991284770171
 31
0.0
  0
LINE
  5
2EB7C1
330
11F692
100
AcDbEntity
  8
LINE9
100
AcDbLine
 10
1194.067399649157
 20
-85.03662021311916
 30
0.0
 11
1192.208728827514
 21
-85.03662021311916
 31
0.0
  0
LINE
  5
2EB7C2
330
11F692
100
AcDbEntity
  8
LINE6
100
AcDbLine
 10
1194.459867071125
 20
-85.52775845673082
 30
0.0
 11
1193.752873154848
 21
-85.52775845673082
 31
0.0
  0
LINE
  5
2EB7C3
330
11F692
100
AcDbEntity
  8
SECTION
100
AcDbLine
 10
1201.546572858456
 20
-86.01889670034228
 30
0.0
 11
1194.459867071125
 21
-86.01889670034225
 31
0.0
  0
ARC
  5
2EB7C4
330
11F692
100
AcDbEntity
  8
LINE6
100
AcDbCircle
 10
1194.459867071125
 20
-86.12775845673082
 30
0.0
 40
0.6
100
AcDbArc
 50
90.0
 51
180.0
  0
ARC
  5
2EB7C5
330
11F692
100
AcDbEntity
  8
SECTION
100
AcDbCircle
 10
1194.459867071125
 20
-86.12775845673082
 30
0.0
 40
0.1088617563885691
100
AcDbArc
 50
90.0
 51
180.0
  0
LINE
  5
2EB7C6
330
11F692
100
AcDbEntity
  8
LINE2
100
AcDbLine
 10
1184.988728827514
 20
-84.79105109131319
 30
0.0
 11
1182.801617433834
 21
-84.79105109131319
 31
0.0
  0
LINE
  5
2EB7C7
330
11F692
100
AcDbEntity
  8
LINE
100
AcDbLine
 10
1186.988728827514
 20
-77.96991284770172
 30
0.0
 11
1186.988728827514
 21
-82.29991284770173
 31
0.0
  0
LINE
  5
2EB7C8
330
11F692
100
AcDbEntity
  8
LINE9
100
AcDbLine
 10
1187.725436192931
 20
-77.96991284770172
 30
0.0
 11
1187.725436192931
 21
-84.70491284770174
 31
0.0
  0
LINE
  5
2EB7C9
330
11F692
100
AcDbEntity
  8
LINE
100
AcDbLine
 10
1190.208728827514
 20
-77.96991284770172
 30
0.0
 11
1190.208728827514
 21
-82.2999128477017
 31
0.0
  0
LINE
  5
2EB7CA
330
11F692
100
AcDbEntity
  8
LINE9
100
AcDbLine
 10
1189.472021462096
 20
-77.96991284770172
 30
0.0
 11
1189.472021462096
 21
-82.2999128477017
 31
0.0
  0
ARC
  5
2EB7CB
330
11F692
100
AcDbEntity
  8
LINE
100
AcDbCircle
 10
1184.988728827514
 20
-77.96991284770175
 30
0.0
 40
2.0
100
AcDbArc
 50
0.0000000000004071
 51
90.0
  0
ARC
  5
2EB7CC
330
11F692
100
AcDbEntity
  8
LINE9
100
AcDbCircle
 10
1184.988728827514
 20
-77.96991284770175
 30
0.0
 40
2.736707365417458
100
AcDbArc
 50
0.0000000000004071
 51
90.0
  0
ARC
  5
2EB7CD
330
11F692
100
AcDbEntity
  8
LINE
100
AcDbCircle
 10
1184.988728827514
 20
-82.29991284770177
 30
0.0
 40
2.0
100
AcDbArc
 50
269.999999999987
 51
0.0000000000008142
  0
ARC
  5
2EB7CE
330
11F692
100
AcDbEntity
  8
LINE2
100
AcDbCircle
 10
1184.988728827514
 20
-82.29991284770177
 30
0.0
 40
2.491138243611459
100
AcDbArc
 50
269.999999999987
 51
0.0000000000008142
  0
ARC
  5
2EB7CF
330
11F692
100
AcDbEntity
  8
LINE
100
AcDbCircle
 10
1192.208728827514
 20
-77.96991284770175
 30
0.0
 40
2.0
100
AcDbArc
 50
90.0
 51
179.9999999999996
  0
ARC
  5
2EB7D0
330
11F692
100
AcDbEntity
  8
LINE9
100
AcDbCircle
 10
1192.208728827514
 20
-77.96991284770175
 30
0.0
 40
2.736707365417458
100
AcDbArc
 50
90.0
 51
179.9999999999996
  0
ARC
  5
2EB7D1
330
11F692
100
AcDbEntity
  8
LINE
100
AcDbCircle
 10
1192.208728827514
 20
-82.29991284770173
 30
0.0
 40
2.0
100
AcDbArc
 50
179.9999999999992
 51
269.999999999987
  0
ARC
  5
2EB7D2
330
11F692
100
AcDbEntity
  8
LINE9
100
AcDbCircle
 10
1192.208728827514
 20
-82.29991284770173
 30
0.0
 40
2.736707365417458
100
AcDbArc
 50
179.9999999999992
 51
269.999999999987
  0
LINE
  5
2EB7D3
330
11F692
100
AcDbEntity
  8
LINE9
100
AcDbLine
 10
1190.159381133572
 20
-73.10491284770171
 30
0.0
 11
1187.038076521456
 21
-73.10491284770171
 31
0.0
  0
LINE
  5
2EB7D4
330
11F692
100
AcDbEntity
  8
SECTION
100
AcDbLine
 10
1190.000908960527
 20
-72.12263636047862
 30
0.0
 11
1187.1965486945
 21
-72.12263636047865
 31
0.0
  0
LINE
  5
2EB7D5
330
11F692
100
AcDbEntity
  8
LINE9
100
AcDbLine
 10
1183.828728827514
 20
-74.00491284770172
 30
0.0
 11
1183.828728827514
 21
-75.03320548228427
 31
0.0
  0
LINE
  5
2EB7D6
330
11F692
100
AcDbEntity
  8
LINE9
100
AcDbLine
 10
1193.368728827514
 20
-74.00491284770172
 30
0.0
 11
1193.368728827514
 21
-75.03320548228427
 31
0.0
  0
LINE
  5
2EB7D7
330
11F692
100
AcDbEntity
  8
SECTION
100
AcDbLine
 10
1194.351005314737
 20
-74.00491284770172
 30
0.0
 11
1194.351005314737
 21
-74.05092899506121
 31
0.0
  0
ARC
  5
2EB7D8
330
11F692
100
AcDbEntity
  8
LINE9
100
AcDbCircle
 10
1185.428728827514
 20
-74.00491284770172
 30
0.0
 40
1.6
100
AcDbArc
 50
42.9858860802091
 51
180.0
  0
ARC
  5
2EB7D9
330
11F692
100
AcDbEntity
  8
SECTION
100
AcDbCircle
 10
1185.428728827514
 20
-74.00491284770172
 30
0.0
 40
2.582276487223089
100
AcDbArc
 50
46.79604386203325
 51
180.0
  0
ARC
  5
2EB7DA
330
11F692
100
AcDbEntity
  8
LINE9
100
AcDbCircle
 10
1187.038076521456
 20
-72.50491284770172
 30
0.0
 40
0.6
100
AcDbArc
 50
222.9858860802091
 51
270.0
  0
ARC
  5
2EB7DB
330
11F692
100
AcDbEntity
  8
LINE9
100
AcDbCircle
 10
1191.768728827514
 20
-74.00491284770172
 30
0.0
 40
1.6
100
AcDbArc
 50
0.0
 51
137.0141139197909
  0
ARC
  5
2EB7DC
330
11F692
100
AcDbEntity
  8
SECTION
100
AcDbCircle
 10
1191.768728827514
 20
-74.00491284770172
 30
0.0
 40
2.582276487223089
100
AcDbArc
 50
0.0
 51
133.2039561379667
  0
ARC
  5
2EB7DD
330
11F692
100
AcDbEntity
  8
LINE9
100
AcDbCircle
 10
1190.159381133572
 20
-72.50491284770172
 30
0.0
 40
0.6
100
AcDbArc
 50
270.0
 51
317.0141139197909
  0
LINE
  5
2EB7DE
330
11F692
100
AcDbEntity
  8
LINE
100
AcDbLine
 10
1193.368728827514
 20
-75.03320548228427
 30
0.0
 11
1194.351005314737
 21
-74.05092899506121
 31
0.0
  0
LINE
  5
2EB7DF
330
11F692
100
AcDbEntity
  8
LINE
100
AcDbLine
 10
1194.551005314737
 20
-74.25092899506117
 30
0.0
 11
1193.568728827514
 21
-75.23320548228426
 31
0.0
  0
ARC
  5
2EB7E0
330
11F692
100
AcDbEntity
  8
LINE9
100
AcDbCircle
 10
1183.628728827514
 20
-75.03320548228427
 30
0.0
 40
0.2
100
AcDbArc
 50
270.0
 51
0.0
  0
ARC
  5
2EB7E1
330
11F692
100
AcDbEntity
  8
SECTION
100
AcDbCircle
 10
1182.646452340291
 20
-74.05092899506119
 30
0.0
 40
0.2
100
AcDbArc
 50
270.0
 51
359.9999999999866
  0
LINE
  5
2EB7E2
330
11F692
100
AcDbEntity
  8
SECTION
100
AcDbLine
 10
1182.846452340291
 20
-74.00491284770172
 30
0.0
 11
1182.846452340291
 21
-74.05092899506121
 31
0.0
  0
LINE
  5
2EB7E3
330
11F692
100
AcDbEntity
  8
LINE
100
AcDbLine
 10
1183.828728827514
 20
-75.03320548228427
 30
0.0
 11
1182.846452340291
 21
-74.05092899506121
 31
0.0
  0
LINE
  5
2EB7E4
330
11F692
100
AcDbEntity
  8
LINE
100
AcDbLine
 10
1182.646452340291
 20
-74.25092899506117
 30
0.0
 11
1183.628728827514
 21
-75.23320548228426
 31
0.0
  0
LINE
  5
2EB7E5
330
11F692
100
AcDbEntity
  8
LINE2
100
AcDbLine
 10
1187.479867071125
 20
-82.29991284770173
 30
0.0
 11
1187.479867071125
 21
-84.70491284770174
 31
0.0
  0
LINE
  5
2EB7E6
330
11F692
100
AcDbEntity
  8
LINE2
100
AcDbLine
 10
1185.879867071125
 20
-86.30491284770172
 30
0.0
 11
1184.578728827514
 21
-86.30491284770172
 31
0.0
  0
LINE
  5
2EB7E7
330
11F692
100
AcDbEntity
  8
LINE9
100
AcDbLine
 10
1185.879867071125
 20
-86.55048196950767
 30
0.0
 11
1184.578728827514
 21
-86.55048196950767
 31
0.0
  0
ARC
  5
2EB7E8
330
11F692
100
AcDbEntity
  8
LINE2
100
AcDbCircle
 10
1185.879867071125
 20
-84.70491284770174
 30
0.0
 40
1.6
100
AcDbArc
 50
270.0
 51
0.0
  0
ARC
  5
2EB7E9
330
11F692
100
AcDbEntity
  8
LINE9
100
AcDbCircle
 10
1185.879867071125
 20
-84.70491284770174
 30
0.0
 40
1.845569121805942
100
AcDbArc
 50
270.0
 51
0.0
  0
ARC
  5
2EB7EA
330
11F692
100
AcDbEntity
  8
LINE2
100
AcDbCircle
 10
1184.578728827514
 20
-84.70491284770174
 30
0.0
 40
1.6
100
AcDbArc
 50
189.1468663314291
 51
270.0
  0
ARC
  5
2EB7EB
330
11F692
100
AcDbEntity
  8
LINE9
100
AcDbCircle
 10
1184.578728827514
 20
-84.70491284770174
 30
0.0
 40
1.845569121805942
100
AcDbArc
 50
226.9971007423671
 51
270.0
  0
ARC
  5
2EB7EC
330
11F692
100
AcDbEntity
  8
SECTION
100
AcDbCircle
 10
1184.578728827514
 20
-84.70491284770174
 30
0.0
 40
2.827845609029259
100
AcDbArc
 50
210.0013339314951
 51
226.997100742367
  0
ARC
  5
2EB7ED
330
11F692
100
AcDbEntity
  8
SECTION
100
AcDbCircle
 10
1181.956572858456
 20
-86.2188967003423
 30
0.0
 40
0.2
100
AcDbArc
 50
30.0013339315014
 51
90.0
  0
ARC
  5
2EB7EE
330
11F692
100
AcDbEntity
  8
LINE9
100
AcDbCircle
 10
1182.228728827514
 20
-87.22472366860495
 30
0.0
 40
1.6
100
AcDbArc
 50
359.9999999999996
 51
46.99710074236707
  0
ARC
  5
2EB7EF
330
11F692
100
AcDbEntity
  8
SECTION
100
AcDbCircle
 10
1182.228728827514
 20
-87.22472366860495
 30
0.0
 40
0.6177235127766836
100
AcDbArc
 50
359.9999999999996
 51
46.99710074236707
  0
ARC
  5
2EB7F0
330
11F692
100
AcDbEntity
  8
LINE2
100
AcDbCircle
 10
1182.801617433834
 20
-84.99105109131319
 30
0.0
 40
0.2
100
AcDbArc
 50
9.146866331428759
 51
90.0
  0
LINE
  5
2EB7F1
330
11F692
100
AcDbEntity
  8
LINE9
100
AcDbLine
 10
1183.828728827514
 20
-87.22472366860499
 30
0.0
 11
1183.828728827514
 21
-92.22991284770168
 31
0.0
  0
LINE
  5
2EB7F2
330
11F692
100
AcDbEntity
  8
SECTION
100
AcDbLine
 10
1182.846452340291
 20
-87.22472366860495
 30
0.0
 11
1182.846452340291
 21
-99.57991284770168
 31
0.0
  0
LINE
  5
2EB7F3
330
11F692
100
AcDbEntity
  8
LINE3
100
AcDbLine
 10
1184.197082510223
 20
-92.22991284770172
 30
0.0
 11
1184.197082510223
 21
-99.57991284770171
 31
0.0
  0
LINE
  5
2EB7F4
330
11F692
100
AcDbEntity
  8
LINE9
100
AcDbLine
 10
1193.368728827514
 20
-90.21983098203497
 30
0.0
 11
1193.368728827514
 21
-92.22991284770172
 31
0.0
  0
LINE
  5
2EB7F5
330
11F692
100
AcDbEntity
  8
LINE3
100
AcDbLine
 10
1193.000375144805
 20
-92.22991284770172
 30
0.0
 11
1193.000375144805
 21
-99.57991284770171
 31
0.0
  0
LINE
  5
2EB7F6
330
11F692
100
AcDbEntity
  8
SECTION
100
AcDbLine
 10
1194.351005314737
 20
-86.12775845673082
 30
0.0
 11
1194.351005314737
 21
-99.57991284770173
 31
0.0
  0
LINE
  5
2EB7F7
330
11F692
100
AcDbEntity
  8
LINE6
100
AcDbLine
 10
1193.859867071126
 20
-86.12775845673082
 30
0.0
 11
1193.859867071126
 21
-87.46237700886396
 31
0.0
  0
ARC
  5
2EB7F8
330
11F692
100
AcDbEntity
  8
LINE3
100
AcDbCircle
 10
1191.100375144805
 20
-92.22991284770172
 30
0.0
 40
1.9
100
AcDbArc
 50
0.0
 51
90.0
  0
ARC
  5
2EB7F9
330
11F692
100
AcDbEntity
  8
LINE9
100
AcDbCircle
 10
1191.100375144805
 20
-92.22991284770172
 30
0.0
 40
2.268353682708857
100
AcDbArc
 50
0.0
 51
90.0
  0
LINE
  5
2EB7FA
330
11F692
100
AcDbEntity
  8
LINE3
100
AcDbLine
 10
1191.100375144805
 20
-90.3299128477017
 30
0.0
 11
1186.097082510223
 21
-90.3299128477017
 31
0.0
  0
LINE
  5
2EB7FB
330
11F692
100
AcDbEntity
  8
LINE9
100
AcDbLine
 10
1191.100375144805
 20
-89.96155916499285
 30
0.0
 11
1186.097082510223
 21
-89.96155916499285
 31
0.0
  0
ARC
  5
2EB7FC
330
11F692
100
AcDbEntity
  8
LINE3
100
AcDbCircle
 10
1186.097082510223
 20
-92.22991284770172
 30
0.0
 40
1.9
100
AcDbArc
 50
90.0
 51
180.0
  0
ARC
  5
2EB7FD
330
11F692
100
AcDbEntity
  8
LINE9
100
AcDbCircle
 10
1186.097082510223
 20
-92.22991284770172
 30
0.0
 40
2.268353682708857
100
AcDbArc
 50
90.0
 51
180.0
  0
LINE
  5
2EB7FE
330
11F692
100
AcDbEntity
  8
LINE3
100
AcDbLine
 10
1191.100375144805
 20
-101.4799128477017
 30
0.0
 11
1186.097082510223
 21
-101.4799128477017
 31
0.0
  0
LINE
  5
2EB7FF
330
11F692
100
AcDbEntity
  8
SECTION
100
AcDbLine
 10
1191.100375144805
 20
-102.8305430176336
 30
0.0
 11
1186.097082510223
 21
-102.8305430176336
 31
0.0
  0
ARC
  5
2EB800
330
11F692
100
AcDbEntity
  8
LINE3
100
AcDbCircle
 10
1186.097082510223
 20
-99.57991284770171
 30
0.0
 40
1.9
100
AcDbArc
 50
180.0
 51
270.0
  0
ARC
  5
2EB801
330
11F692
100
AcDbEntity
  8
SECTION
100
AcDbCircle
 10
1186.097082510223
 20
-99.57991284770171
 30
0.0
 40
3.250630169931946
100
AcDbArc
 50
180.0
 51
270.0
  0
ARC
  5
2EB802
330
11F692
100
AcDbEntity
  8
LINE3
100
AcDbCircle
 10
1191.100375144805
 20
-99.57991284770171
 30
0.0
 40
1.9
100
AcDbArc
 50
270.0
 51
0.0
  0
ARC
  5
2EB803
330
11F692
100
AcDbEntity
  8
SECTION
100
AcDbCircle
 10
1191.100375144805
 20
-99.57991284770171
 30
0.0
 40
3.250630169931946
100
AcDbArc
 50
270.0
 51
0.0
  0
ARC
  5
2EB804
330
11F692
100
AcDbEntity
  8
LINE9
100
AcDbCircle
 10
1192.458728827514
 20
-88.2349128477017
 30
0.0
 40
1.6
100
AcDbArc
 50
321.6629103003802
 51
59.99999999999959
  0
ARC
  5
2EB805
330
11F692
100
AcDbEntity
  8
LINE9
100
AcDbCircle
 10
1194.968728827514
 20
-90.21983098203497
 30
0.0
 40
1.6
100
AcDbArc
 50
141.6629103003755
 51
180.0
  0
LINE
  5
2EB806
330
11F692
100
AcDbEntity
  8
LINE9
100
AcDbLine
 10
1192.649468154509
 20
-86.49751538808013
 30
0.0
 11
1193.258728827514
 21
-86.84927220164667
 31
0.0
  0
ARC
  5
2EB807
330
11F692
100
AcDbEntity
  8
LINE9
100
AcDbCircle
 10
1192.699468154508
 20
-86.41091284770173
 30
0.0
 40
0.1
100
AcDbArc
 50
120.0000000000145
 51
239.9999999999995
  0
ARC
  5
2EB808
330
11F692
100
AcDbEntity
  8
LINE9
100
AcDbCircle
 10
1192.458728827514
 20
-84.58691284770171
 30
0.0
 40
1.6
100
AcDbArc
 50
300.0000000000004
 51
341.1339194140706
  0
ARC
  5
2EB809
330
11F692
100
AcDbEntity
  8
LINE9
100
AcDbCircle
 10
1194.067399649157
 20
-85.13662021311915
 30
0.0
 40
0.1
100
AcDbArc
 50
90.0
 51
161.1339194140722
  0
LINE
  5
2EB80A
330
11F692
100
AcDbEntity
  8
LINE9
100
AcDbLine
 10
1192.649468154509
 20
-86.32431030732329
 30
0.0
 11
1193.258728827514
 21
-85.97255349375675
 31
0.0
  0
LINE
  5
2EB80B
330
11F692
100
AcDbEntity
  8
LINE
100
AcDbLine
 10
1182.801617433834
 20
-84.79105109131319
 30
0.0
 11
1181.956572858456
 21
-86.01889670034228
 31
0.0
  0
LINE
  5
2EB80C
330
11F692
100
AcDbEntity
  8
LINE
100
AcDbLine
 10
1182.999074255353
 20
-84.95925795313414
 30
0.0
 11
1182.129775611017
 21
-86.1188926678956
 31
0.0
  0
LINE
  5
2EB80D
330
11F692
100
AcDbEntity
  8
LINE
100
AcDbLine
 10
1224.168728827514
 20
-75.96991284770172
 30
0.0
 11
1211.798728827514
 21
-75.96991284770172
 31
0.0
  0
LINE
  5
2EB80E
330
11F692
100
AcDbEntity
  8
LINE9
100
AcDbLine
 10
1213.158728827514
 20
-75.23320548228426
 30
0.0
 11
1211.798728827514
 21
-75.23320548228426
 31
0.0
  0
ARC
  5
2EB80F
330
11F692
100
AcDbEntity
  8
LINE9
100
AcDbCircle
 10
1213.158728827514
 20
-75.03320548228427
 30
0.0
 40
0.2
100
AcDbArc
 50
180.0
 51
270.0
  0
LINE
  5
2EB810
330
11F692
100
AcDbEntity
  8
SECTION
100
AcDbLine
 10
1221.826452340291
 20
-74.25092899506117
 30
0.0
 11
1214.141005314737
 21
-74.25092899506117
 31
0.0
  0
ARC
  5
2EB811
330
11F692
100
AcDbEntity
  8
SECTION
100
AcDbCircle
 10
1214.141005314737
 20
-74.05092899506119
 30
0.0
 40
0.2
100
AcDbArc
 50
180.000000000013
 51
270.0
  0
LINE
  5
2EB812
330
11F692
100
AcDbEntity
  8
LINE9
100
AcDbLine
 10
1204.578728827514
 20
-75.23320548228426
 30
0.0
 11
1203.218728827514
 21
-75.23320548228426
 31
0.0
  0
LINE
  5
2EB813
330
11F692
100
AcDbEntity
  8
LINE
100
AcDbLine
 10
1224.168728827514
 20
-84.29991284770173
 30
0.0
 11
1211.798728827514
 21
-84.29991284770171
 31
0.0
  0
LINE
  5
2EB814
330
11F692
100
AcDbEntity
  8
LINE9
100
AcDbLine
 10
1213.657399649157
 20
-85.03662021311916
 30
0.0
 11
1211.798728827514
 21
-85.03662021311916
 31
0.0
  0
LINE
  5
2EB815
330
11F692
100
AcDbEntity
  8
LINE6
100
AcDbLine
 10
1214.049867071126
 20
-85.52775845673082
 30
0.0
 11
1213.342873154848
 21
-85.52775845673082
 31
0.0
  0
LINE
  5
2EB816
330
11F692
100
AcDbEntity
  8
SECTION
100
AcDbLine
 10
1221.136572858456
 20
-86.01889670034228
 30
0.0
 11
1214.049867071126
 21
-86.01889670034225
 31
0.0
  0
ARC
  5
2EB817
330
11F692
100
AcDbEntity
  8
LINE6
100
AcDbCircle
 10
1214.049867071126
 20
-86.12775845673082
 30
0.0
 40
0.6
100
AcDbArc
 50
90.0
 51
180.0
  0
ARC
  5
2EB818
330
11F692
100
AcDbEntity
  8
SECTION
100
AcDbCircle
 10
1214.049867071126
 20
-86.12775845673082
 30
0.0
 40
0.1088617563885691
100
AcDbArc
 50
90.0
 51
180.0
  0
LINE
  5
2EB819
330
11F692
100
AcDbEntity
  8
LINE2
100
AcDbLine
 10
1204.578728827514
 20
-84.79105109131319
 30
0.0
 11
1202.391617433834
 21
-84.79105109131319
 31
0.0
  0
LINE
  5
2EB81A
330
11F692
100
AcDbEntity
  8
LINE
100
AcDbLine
 10
1206.578728827514
 20
-77.96991284770172
 30
0.0
 11
1206.578728827514
 21
-82.29991284770173
 31
0.0
  0
LINE
  5
2EB81B
330
11F692
100
AcDbEntity
  8
LINE9
100
AcDbLine
 10
1207.315436192931
 20
-77.96991284770172
 30
0.0
 11
1207.315436192931
 21
-84.70491284770174
 31
0.0
  0
LINE
  5
2EB81C
330
11F692
100
AcDbEntity
  8
LINE
100
AcDbLine
 10
1209.798728827514
 20
-77.96991284770172
 30
0.0
 11
1209.798728827514
 21
-82.2999128477017
 31
0.0
  0
LINE
  5
2EB81D
330
11F692
100
AcDbEntity
  8
LINE9
100
AcDbLine
 10
1209.062021462096
 20
-77.96991284770172
 30
0.0
 11
1209.062021462096
 21
-82.2999128477017
 31
0.0
  0
ARC
  5
2EB81E
330
11F692
100
AcDbEntity
  8
LINE
100
AcDbCircle
 10
1204.578728827514
 20
-77.96991284770175
 30
0.0
 40
2.0
100
AcDbArc
 50
0.0000000000004071
 51
90.0
  0
ARC
  5
2EB81F
330
11F692
100
AcDbEntity
  8
LINE9
100
AcDbCircle
 10
1204.578728827514
 20
-77.96991284770175
 30
0.0
 40
2.736707365417458
100
AcDbArc
 50
0.0000000000004071
 51
90.0
  0
ARC
  5
2EB820
330
11F692
100
AcDbEntity
  8
LINE
100
AcDbCircle
 10
1204.578728827514
 20
-82.29991284770177
 30
0.0
 40
2.0
100
AcDbArc
 50
269.999999999987
 51
0.0000000000008142
  0
ARC
  5
2EB821
330
11F692
100
AcDbEntity
  8
LINE2
100
AcDbCircle
 10
1204.578728827514
 20
-82.29991284770177
 30
0.0
 40
2.491138243611459
100
AcDbArc
 50
269.999999999987
 51
0.0000000000008142
  0
ARC
  5
2EB822
330
11F692
100
AcDbEntity
  8
LINE
100
AcDbCircle
 10
1211.798728827514
 20
-77.96991284770175
 30
0.0
 40
2.0
100
AcDbArc
 50
90.0
 51
179.9999999999996
  0
ARC
  5
2EB823
330
11F692
100
AcDbEntity
  8
LINE9
100
AcDbCircle
 10
1211.798728827514
 20
-77.96991284770175
 30
0.0
 40
2.736707365417458
100
AcDbArc
 50
90.0
 51
179.9999999999996
  0
ARC
  5
2EB824
330
11F692
100
AcDbEntity
  8
LINE
100
AcDbCircle
 10
1211.798728827514
 20
-82.29991284770173
 30
0.0
 40
2.0
100
AcDbArc
 50
179.9999999999992
 51
269.999999999987
  0
ARC
  5
2EB825
330
11F692
100
AcDbEntity
  8
LINE9
100
AcDbCircle
 10
1211.798728827514
 20
-82.29991284770173
 30
0.0
 40
2.736707365417458
100
AcDbArc
 50
179.9999999999992
 51
269.999999999987
  0
LINE
  5
2EB826
330
11F692
100
AcDbEntity
  8
LINE9
100
AcDbLine
 10
1209.749381133572
 20
-73.10491284770171
 30
0.0
 11
1206.628076521456
 21
-73.10491284770171
 31
0.0
  0
LINE
  5
2EB827
330
11F692
100
AcDbEntity
  8
SECTION
100
AcDbLine
 10
1209.590908960527
 20
-72.12263636047862
 30
0.0
 11
1206.7865486945
 21
-72.12263636047865
 31
0.0
  0
LINE
  5
2EB828
330
11F692
100
AcDbEntity
  8
LINE9
100
AcDbLine
 10
1203.418728827514
 20
-74.00491284770172
 30
0.0
 11
1203.418728827514
 21
-75.03320548228427
 31
0.0
  0
LINE
  5
2EB829
330
11F692
100
AcDbEntity
  8
SECTION
100
AcDbLine
 10
1202.436452340291
 20
-74.00491284770172
 30
0.0
 11
1202.436452340291
 21
-74.05092899506124
 31
0.0
  0
LINE
  5
2EB82A
330
11F692
100
AcDbEntity
  8
LINE9
100
AcDbLine
 10
1212.958728827514
 20
-74.00491284770172
 30
0.0
 11
1212.958728827514
 21
-75.03320548228427
 31
0.0
  0
LINE
  5
2EB82B
330
11F692
100
AcDbEntity
  8
SECTION
100
AcDbLine
 10
1213.941005314737
 20
-74.00491284770172
 30
0.0
 11
1213.941005314737
 21
-74.05092899506121
 31
0.0
  0
ARC
  5
2EB82C
330
11F692
100
AcDbEntity
  8
LINE9
100
AcDbCircle
 10
1205.018728827514
 20
-74.00491284770172
 30
0.0
 40
1.6
100
AcDbArc
 50
42.9858860802091
 51
180.0
  0
ARC
  5
2EB82D
330
11F692
100
AcDbEntity
  8
SECTION
100
AcDbCircle
 10
1205.018728827514
 20
-74.00491284770172
 30
0.0
 40
2.582276487223089
100
AcDbArc
 50
46.79604386203325
 51
180.0
  0
ARC
  5
2EB82E
330
11F692
100
AcDbEntity
  8
LINE9
100
AcDbCircle
 10
1206.628076521456
 20
-72.50491284770172
 30
0.0
 40
0.6
100
AcDbArc
 50
222.9858860802091
 51
270.0
  0
ARC
  5
2EB82F
330
11F692
100
AcDbEntity
  8
LINE9
100
AcDbCircle
 10
1211.358728827514
 20
-74.00491284770172
 30
0.0
 40
1.6
100
AcDbArc
 50
0.0
 51
137.0141139197909
  0
ARC
  5
2EB830
330
11F692
100
AcDbEntity
  8
SECTION
100
AcDbCircle
 10
1211.358728827514
 20
-74.00491284770172
 30
0.0
 40
2.582276487223089
100
AcDbArc
 50
0.0
 51
133.2039561379667
  0
ARC
  5
2EB831
330
11F692
100
AcDbEntity
  8
LINE9
100
AcDbCircle
 10
1209.749381133572
 20
-72.50491284770172
 30
0.0
 40
0.6
100
AcDbArc
 50
270.0
 51
317.0141139197909
  0
LINE
  5
2EB832
330
11F692
100
AcDbEntity
  8
LINE
100
AcDbLine
 10
1212.958728827514
 20
-75.03320548228427
 30
0.0
 11
1213.941005314737
 21
-74.05092899506121
 31
0.0
  0
LINE
  5
2EB833
330
11F692
100
AcDbEntity
  8
LINE
100
AcDbLine
 10
1214.141005314737
 20
-74.25092899506117
 30
0.0
 11
1213.158728827514
 21
-75.23320548228426
 31
0.0
  0
ARC
  5
2EB834
330
11F692
100
AcDbEntity
  8
LINE9
100
AcDbCircle
 10
1203.218728827514
 20
-75.03320548228427
 30
0.0
 40
0.2
100
AcDbArc
 50
270.0
 51
0.0
  0
ARC
  5
2EB835
330
11F692
100
AcDbEntity
  8
SECTION
100
AcDbCircle
 10
1202.236452340291
 20
-74.05092899506119
 30
0.0
 40
0.2
100
AcDbArc
 50
270.0
 51
359.9999999999866
  0
LINE
  5
2EB836
330
11F692
100
AcDbEntity
  8
LINE
100
AcDbLine
 10
1203.418728827514
 20
-75.03320548228427
 30
0.0
 11
1202.436452340291
 21
-74.05092899506121
 31
0.0
  0
LINE
  5
2EB837
330
11F692
100
AcDbEntity
  8
LINE
100
AcDbLine
 10
1202.236452340291
 20
-74.25092899506117
 30
0.0
 11
1203.218728827514
 21
-75.23320548228426
 31
0.0
  0
LINE
  5
2EB838
330
11F692
100
AcDbEntity
  8
LINE2
100
AcDbLine
 10
1207.069867071125
 20
-82.29991284770173
 30
0.0
 11
1207.069867071125
 21
-84.70491284770174
 31
0.0
  0
LINE
  5
2EB839
330
11F692
100
AcDbEntity
  8
LINE2
100
AcDbLine
 10
1205.469867071125
 20
-86.30491284770172
 30
0.0
 11
1204.168728827514
 21
-86.30491284770172
 31
0.0
  0
LINE
  5
2EB83A
330
11F692
100
AcDbEntity
  8
LINE9
100
AcDbLine
 10
1205.469867071125
 20
-86.55048196950767
 30
0.0
 11
1204.168728827514
 21
-86.55048196950767
 31
0.0
  0
ARC
  5
2EB83B
330
11F692
100
AcDbEntity
  8
LINE2
100
AcDbCircle
 10
1205.469867071125
 20
-84.70491284770174
 30
0.0
 40
1.6
100
AcDbArc
 50
270.0
 51
0.0
  0
ARC
  5
2EB83C
330
11F692
100
AcDbEntity
  8
LINE9
100
AcDbCircle
 10
1205.469867071125
 20
-84.70491284770174
 30
0.0
 40
1.845569121805942
100
AcDbArc
 50
270.0
 51
0.0
  0
ARC
  5
2EB83D
330
11F692
100
AcDbEntity
  8
LINE2
100
AcDbCircle
 10
1204.168728827514
 20
-84.70491284770174
 30
0.0
 40
1.6
100
AcDbArc
 50
189.1468663314291
 51
270.0
  0
ARC
  5
2EB83E
330
11F692
100
AcDbEntity
  8
LINE9
100
AcDbCircle
 10
1204.168728827514
 20
-84.70491284770174
 30
0.0
 40
1.845569121805942
100
AcDbArc
 50
226.9971007423671
 51
270.0
  0
ARC
  5
2EB83F
330
11F692
100
AcDbEntity
  8
SECTION
100
AcDbCircle
 10
1204.168728827514
 20
-84.70491284770174
 30
0.0
 40
2.827845609029259
100
AcDbArc
 50
210.0013339314951
 51
226.997100742367
  0
ARC
  5
2EB840
330
11F692
100
AcDbEntity
  8
SECTION
100
AcDbCircle
 10
1201.546572858456
 20
-86.2188967003423
 30
0.0
 40
0.2
100
AcDbArc
 50
30.0013339315014
 51
90.0
  0
ARC
  5
2EB841
330
11F692
100
AcDbEntity
  8
LINE9
100
AcDbCircle
 10
1201.818728827514
 20
-87.22472366860495
 30
0.0
 40
1.6
100
AcDbArc
 50
359.9999999999996
 51
46.99710074236707
  0
ARC
  5
2EB842
330
11F692
100
AcDbEntity
  8
SECTION
100
AcDbCircle
 10
1201.818728827514
 20
-87.22472366860495
 30
0.0
 40
0.6177235127766836
100
AcDbArc
 50
359.9999999999996
 51
46.99710074236707
  0
ARC
  5
2EB843
330
11F692
100
AcDbEntity
  8
LINE2
100
AcDbCircle
 10
1202.391617433834
 20
-84.99105109131319
 30
0.0
 40
0.2
100
AcDbArc
 50
9.146866331428759
 51
90.0
  0
LINE
  5
2EB844
330
11F692
100
AcDbEntity
  8
LINE9
100
AcDbLine
 10
1203.418728827514
 20
-87.22472366860499
 30
0.0
 11
1203.418728827514
 21
-92.22991284770168
 31
0.0
  0
LINE
  5
2EB845
330
11F692
100
AcDbEntity
  8
SECTION
100
AcDbLine
 10
1202.436452340291
 20
-87.22472366860495
 30
0.0
 11
1202.43645234029
 21
-99.57991284770168
 31
0.0
  0
LINE
  5
2EB846
330
11F692
100
AcDbEntity
  8
LINE3
100
AcDbLine
 10
1203.787082510223
 20
-92.22991284770172
 30
0.0
 11
1203.787082510223
 21
-99.57991284770171
 31
0.0
  0
LINE
  5
2EB847
330
11F692
100
AcDbEntity
  8
LINE9
100
AcDbLine
 10
1212.958728827514
 20
-90.21983098203497
 30
0.0
 11
1212.958728827514
 21
-92.22991284770172
 31
0.0
  0
LINE
  5
2EB848
330
11F692
100
AcDbEntity
  8
LINE3
100
AcDbLine
 10
1212.590375144805
 20
-92.22991284770172
 30
0.0
 11
1212.590375144805
 21
-99.57991284770171
 31
0.0
  0
LINE
  5
2EB849
330
11F692
100
AcDbEntity
  8
SECTION
100
AcDbLine
 10
1213.941005314737
 20
-86.12775845673082
 30
0.0
 11
1213.941005314737
 21
-99.57991284770173
 31
0.0
  0
LINE
  5
2EB84A
330
11F692
100
AcDbEntity
  8
LINE6
100
AcDbLine
 10
1213.449867071126
 20
-86.12775845673082
 30
0.0
 11
1213.449867071126
 21
-87.46237700886396
 31
0.0
  0
ARC
  5
2EB84B
330
11F692
100
AcDbEntity
  8
LINE3
100
AcDbCircle
 10
1210.690375144805
 20
-92.22991284770172
 30
0.0
 40
1.9
100
AcDbArc
 50
0.0
 51
90.0
  0
ARC
  5
2EB84C
330
11F692
100
AcDbEntity
  8
LINE9
100
AcDbCircle
 10
1210.690375144805
 20
-92.22991284770172
 30
0.0
 40
2.268353682708857
100
AcDbArc
 50
0.0
 51
90.0
  0
LINE
  5
2EB84D
330
11F692
100
AcDbEntity
  8
LINE3
100
AcDbLine
 10
1210.690375144805
 20
-90.3299128477017
 30
0.0
 11
1205.687082510223
 21
-90.3299128477017
 31
0.0
  0
LINE
  5
2EB84E
330
11F692
100
AcDbEntity
  8
LINE9
100
AcDbLine
 10
1210.690375144805
 20
-89.96155916499285
 30
0.0
 11
1205.687082510223
 21
-89.96155916499285
 31
0.0
  0
ARC
  5
2EB84F
330
11F692
100
AcDbEntity
  8
LINE3
100
AcDbCircle
 10
1205.687082510223
 20
-92.22991284770172
 30
0.0
 40
1.9
100
AcDbArc
 50
90.0
 51
180.0
  0
ARC
  5
2EB850
330
11F692
100
AcDbEntity
  8
LINE9
100
AcDbCircle
 10
1205.687082510223
 20
-92.22991284770172
 30
0.0
 40
2.268353682708857
100
AcDbArc
 50
90.0
 51
180.0
  0
LINE
  5
2EB851
330
11F692
100
AcDbEntity
  8
LINE3
100
AcDbLine
 10
1210.690375144805
 20
-101.4799128477017
 30
0.0
 11
1205.687082510223
 21
-101.4799128477017
 31
0.0
  0
LINE
  5
2EB852
330
11F692
100
AcDbEntity
  8
SECTION
100
AcDbLine
 10
1210.690375144805
 20
-102.8305430176336
 30
0.0
 11
1205.687082510223
 21
-102.8305430176336
 31
0.0
  0
ARC
  5
2EB853
330
11F692
100
AcDbEntity
  8
LINE3
100
AcDbCircle
 10
1205.687082510223
 20
-99.57991284770171
 30
0.0
 40
1.9
100
AcDbArc
 50
180.0
 51
270.0
  0
ARC
  5
2EB854
330
11F692
100
AcDbEntity
  8
SECTION
100
AcDbCircle
 10
1205.687082510223
 20
-99.57991284770171
 30
0.0
 40
3.250630169931946
100
AcDbArc
 50
180.0
 51
270.0
  0
ARC
  5
2EB855
330
11F692
100
AcDbEntity
  8
LINE3
100
AcDbCircle
 10
1210.690375144805
 20
-99.57991284770171
 30
0.0
 40
1.9
100
AcDbArc
 50
270.0
 51
0.0
  0
ARC
  5
2EB856
330
11F692
100
AcDbEntity
  8
SECTION
100
AcDbCircle
 10
1210.690375144805
 20
-99.57991284770171
 30
0.0
 40
3.250630169931946
100
AcDbArc
 50
270.0
 51
0.0
  0
ARC
  5
2EB857
330
11F692
100
AcDbEntity
  8
LINE9
100
AcDbCircle
 10
1212.048728827514
 20
-88.2349128477017
 30
0.0
 40
1.6
100
AcDbArc
 50
321.6629103003802
 51
59.99999999999959
  0
ARC
  5
2EB858
330
11F692
100
AcDbEntity
  8
LINE9
100
AcDbCircle
 10
1214.558728827514
 20
-90.21983098203497
 30
0.0
 40
1.6
100
AcDbArc
 50
141.6629103003755
 51
180.0
  0
LINE
  5
2EB859
330
11F692
100
AcDbEntity
  8
LINE9
100
AcDbLine
 10
1212.239468154509
 20
-86.49751538808013
 30
0.0
 11
1212.848728827514
 21
-86.84927220164667
 31
0.0
  0
ARC
  5
2EB85A
330
11F692
100
AcDbEntity
  8
LINE9
100
AcDbCircle
 10
1212.289468154508
 20
-86.41091284770173
 30
0.0
 40
0.1
100
AcDbArc
 50
120.0000000000145
 51
239.9999999999995
  0
ARC
  5
2EB85B
330
11F692
100
AcDbEntity
  8
LINE9
100
AcDbCircle
 10
1212.048728827514
 20
-84.58691284770171
 30
0.0
 40
1.6
100
AcDbArc
 50
300.0000000000004
 51
341.1339194140706
  0
ARC
  5
2EB85C
330
11F692
100
AcDbEntity
  8
LINE9
100
AcDbCircle
 10
1213.657399649157
 20
-85.13662021311915
 30
0.0
 40
0.1
100
AcDbArc
 50
90.0
 51
161.1339194140722
  0
LINE
  5
2EB85D
330
11F692
100
AcDbEntity
  8
LINE9
100
AcDbLine
 10
1212.239468154509
 20
-86.32431030732329
 30
0.0
 11
1212.848728827514
 21
-85.97255349375675
 31
0.0
  0
LINE
  5
2EB85E
330
11F692
100
AcDbEntity
  8
LINE
100
AcDbLine
 10
1202.391617433834
 20
-84.79105109131319
 30
0.0
 11
1201.546572858456
 21
-86.01889670034228
 31
0.0
  0
LINE
  5
2EB85F
330
11F692
100
AcDbEntity
  8
LINE
100
AcDbLine
 10
1202.589074255353
 20
-84.95925795313414
 30
0.0
 11
1201.719775611017
 21
-86.1188926678956
 31
0.0
  0
LINE
  5
2EB860
330
11F692
100
AcDbEntity
  8
LINE
100
AcDbLine
 10
1263.023728827515
 20
-75.96991284770172
 30
0.0
 11
1250.978728827514
 21
-75.96991284770172
 31
0.0
  0
LINE
  5
2EB861
330
11F692
100
AcDbEntity
  8
LINE9
100
AcDbLine
 10
1232.748728827514
 20
-75.23320548228426
 30
0.0
 11
1231.388728827514
 21
-75.23320548228426
 31
0.0
  0
ARC
  5
2EB862
330
11F692
100
AcDbEntity
  8
LINE9
100
AcDbCircle
 10
1232.748728827514
 20
-75.03320548228427
 30
0.0
 40
0.2
100
AcDbArc
 50
180.0
 51
270.0
  0
LINE
  5
2EB863
330
11F692
100
AcDbEntity
  8
SECTION
100
AcDbLine
 10
1263.023728827515
 20
-74.25092899506118
 30
0.0
 11
1253.321005314737
 21
-74.25092899506118
 31
0.0
  0
ARC
  5
2EB864
330
11F692
100
AcDbEntity
  8
SECTION
100
AcDbCircle
 10
1233.731005314737
 20
-74.05092899506119
 30
0.0
 40
0.2
100
AcDbArc
 50
180.000000000013
 51
270.0
  0
LINE
  5
2EB865
330
11F692
100
AcDbEntity
  8
LINE9
100
AcDbLine
 10
1224.168728827514
 20
-75.23320548228426
 30
0.0
 11
1222.808728827514
 21
-75.23320548228426
 31
0.0
  0
LINE
  5
2EB866
330
11F692
100
AcDbEntity
  8
LINE
100
AcDbLine
 10
1263.023728827515
 20
-84.29991284770173
 30
0.0
 11
1250.978728827514
 21
-84.29991284770173
 31
0.0
  0
LINE
  5
2EB867
330
11F692
100
AcDbEntity
  8
LINE9
100
AcDbLine
 10
1233.247399649157
 20
-85.03662021311916
 30
0.0
 11
1231.388728827514
 21
-85.03662021311916
 31
0.0
  0
LINE
  5
2EB868
330
11F692
100
AcDbEntity
  8
LINE6
100
AcDbLine
 10
1233.639867071126
 20
-85.52775845673082
 30
0.0
 11
1232.932873154848
 21
-85.52775845673082
 31
0.0
  0
LINE
  5
2EB869
330
11F692
100
AcDbEntity
  8
SECTION
100
AcDbLine
 10
1263.023728827515
 20
-86.0188967003423
 30
0.0
 11
1253.229867071126
 21
-86.01889670034228
 31
0.0
  0
ARC
  5
2EB86A
330
11F692
100
AcDbEntity
  8
LINE6
100
AcDbCircle
 10
1233.639867071126
 20
-86.12775845673082
 30
0.0
 40
0.6
100
AcDbArc
 50
90.0
 51
180.0
  0
ARC
  5
2EB86B
330
11F692
100
AcDbEntity
  8
SECTION
100
AcDbCircle
 10
1233.639867071126
 20
-86.12775845673082
 30
0.0
 40
0.1088617563885691
100
AcDbArc
 50
90.0
 51
180.0
  0
LINE
  5
2EB86C
330
11F692
100
AcDbEntity
  8
LINE2
100
AcDbLine
 10
1224.168728827514
 20
-84.79105109131319
 30
0.0
 11
1221.981617433834
 21
-84.79105109131319
 31
0.0
  0
LINE
  5
2EB86D
330
11F692
100
AcDbEntity
  8
LINE
100
AcDbLine
 10
1226.168728827514
 20
-77.96991284770172
 30
0.0
 11
1226.168728827514
 21
-82.29991284770173
 31
0.0
  0
LINE
  5
2EB86E
330
11F692
100
AcDbEntity
  8
LINE9
100
AcDbLine
 10
1226.905436192931
 20
-77.96991284770172
 30
0.0
 11
1226.905436192931
 21
-84.70491284770174
 31
0.0
  0
LINE
  5
2EB86F
330
11F692
100
AcDbEntity
  8
LINE
100
AcDbLine
 10
1229.388728827514
 20
-77.96991284770172
 30
0.0
 11
1229.388728827514
 21
-82.2999128477017
 31
0.0
  0
LINE
  5
2EB870
330
11F692
100
AcDbEntity
  8
LINE9
100
AcDbLine
 10
1228.652021462096
 20
-77.96991284770172
 30
0.0
 11
1228.652021462096
 21
-82.2999128477017
 31
0.0
  0
ARC
  5
2EB871
330
11F692
100
AcDbEntity
  8
LINE
100
AcDbCircle
 10
1224.168728827514
 20
-77.96991284770175
 30
0.0
 40
2.0
100
AcDbArc
 50
0.0000000000004071
 51
90.0
  0
ARC
  5
2EB872
330
11F692
100
AcDbEntity
  8
LINE9
100
AcDbCircle
 10
1224.168728827514
 20
-77.96991284770175
 30
0.0
 40
2.736707365417458
100
AcDbArc
 50
0.0000000000004071
 51
90.0
  0
ARC
  5
2EB873
330
11F692
100
AcDbEntity
  8
LINE
100
AcDbCircle
 10
1224.168728827514
 20
-82.29991284770177
 30
0.0
 40
2.0
100
AcDbArc
 50
269.999999999987
 51
0.0000000000008142
  0
ARC
  5
2EB874
330
11F692
100
AcDbEntity
  8
LINE2
100
AcDbCircle
 10
1224.168728827514
 20
-82.29991284770177
 30
0.0
 40
2.491138243611459
100
AcDbArc
 50
269.999999999987
 51
0.0000000000008142
  0
ARC
  5
2EB875
330
11F692
100
AcDbEntity
  8
LINE
100
AcDbCircle
 10
1231.388728827514
 20
-77.96991284770175
 30
0.0
 40
2.0
100
AcDbArc
 50
90.0
 51
179.9999999999996
  0
ARC
  5
2EB876
330
11F692
100
AcDbEntity
  8
LINE9
100
AcDbCircle
 10
1231.388728827514
 20
-77.96991284770175
 30
0.0
 40
2.736707365417458
100
AcDbArc
 50
90.0
 51
179.9999999999996
  0
ARC
  5
2EB877
330
11F692
100
AcDbEntity
  8
LINE
100
AcDbCircle
 10
1231.388728827514
 20
-82.29991284770173
 30
0.0
 40
2.0
100
AcDbArc
 50
179.9999999999992
 51
269.999999999987
  0
ARC
  5
2EB878
330
11F692
100
AcDbEntity
  8
LINE9
100
AcDbCircle
 10
1231.388728827514
 20
-82.29991284770173
 30
0.0
 40
2.736707365417458
100
AcDbArc
 50
179.9999999999992
 51
269.999999999987
  0
LINE
  5
2EB879
330
11F692
100
AcDbEntity
  8
LINE9
100
AcDbLine
 10
1229.339381133572
 20
-73.10491284770171
 30
0.0
 11
1226.218076521456
 21
-73.10491284770171
 31
0.0
  0
LINE
  5
2EB87A
330
11F692
100
AcDbEntity
  8
SECTION
100
AcDbLine
 10
1229.180908960527
 20
-72.12263636047862
 30
0.0
 11
1226.3765486945
 21
-72.12263636047865
 31
0.0
  0
LINE
  5
2EB87B
330
11F692
100
AcDbEntity
  8
LINE9
100
AcDbLine
 10
1223.008728827514
 20
-74.00491284770172
 30
0.0
 11
1223.008728827514
 21
-75.03320548228427
 31
0.0
  0
LINE
  5
2EB87C
330
11F692
100
AcDbEntity
  8
LINE9
100
AcDbLine
 10
1232.548728827514
 20
-74.00491284770172
 30
0.0
 11
1232.548728827514
 21
-75.03320548228427
 31
0.0
  0
LINE
  5
2EB87D
330
11F692
100
AcDbEntity
  8
SECTION
100
AcDbLine
 10
1233.531005314737
 20
-74.00491284770172
 30
0.0
 11
1233.531005314737
 21
-74.05092899506121
 31
0.0
  0
ARC
  5
2EB87E
330
11F692
100
AcDbEntity
  8
LINE9
100
AcDbCircle
 10
1224.608728827514
 20
-74.00491284770172
 30
0.0
 40
1.6
100
AcDbArc
 50
42.9858860802091
 51
180.0
  0
ARC
  5
2EB87F
330
11F692
100
AcDbEntity
  8
SECTION
100
AcDbCircle
 10
1224.608728827514
 20
-74.00491284770172
 30
0.0
 40
2.582276487223089
100
AcDbArc
 50
46.79604386203325
 51
180.0
  0
ARC
  5
2EB880
330
11F692
100
AcDbEntity
  8
LINE9
100
AcDbCircle
 10
1226.218076521456
 20
-72.50491284770172
 30
0.0
 40
0.6
100
AcDbArc
 50
222.9858860802091
 51
270.0
  0
ARC
  5
2EB881
330
11F692
100
AcDbEntity
  8
LINE9
100
AcDbCircle
 10
1230.948728827514
 20
-74.00491284770172
 30
0.0
 40
1.6
100
AcDbArc
 50
0.0
 51
137.0141139197909
  0
ARC
  5
2EB882
330
11F692
100
AcDbEntity
  8
SECTION
100
AcDbCircle
 10
1230.948728827514
 20
-74.00491284770172
 30
0.0
 40
2.582276487223089
100
AcDbArc
 50
0.0
 51
133.2039561379667
  0
ARC
  5
2EB883
330
11F692
100
AcDbEntity
  8
LINE9
100
AcDbCircle
 10
1229.339381133572
 20
-72.50491284770172
 30
0.0
 40
0.6
100
AcDbArc
 50
270.0
 51
317.0141139197909
  0
LINE
  5
2EB884
330
11F692
100
AcDbEntity
  8
LINE
100
AcDbLine
 10
1232.548728827514
 20
-75.03320548228427
 30
0.0
 11
1233.531005314737
 21
-74.05092899506121
 31
0.0
  0
LINE
  5
2EB885
330
11F692
100
AcDbEntity
  8
LINE
100
AcDbLine
 10
1233.731005314737
 20
-74.25092899506117
 30
0.0
 11
1232.748728827514
 21
-75.23320548228426
 31
0.0
  0
ARC
  5
2EB886
330
11F692
100
AcDbEntity
  8
LINE9
100
AcDbCircle
 10
1222.808728827514
 20
-75.03320548228427
 30
0.0
 40
0.2
100
AcDbArc
 50
270.0
 51
0.0
  0
ARC
  5
2EB887
330
11F692
100
AcDbEntity
  8
SECTION
100
AcDbCircle
 10
1221.826452340291
 20
-74.05092899506119
 30
0.0
 40
0.2
100
AcDbArc
 50
270.0
 51
359.9999999999866
  0
LINE
  5
2EB888
330
11F692
100
AcDbEntity
  8
SECTION
100
AcDbLine
 10
1222.026452340291
 20
-74.00491284770172
 30
0.0
 11
1222.026452340291
 21
-74.05092899506121
 31
0.0
  0
LINE
  5
2EB889
330
11F692
100
AcDbEntity
  8
LINE
100
AcDbLine
 10
1223.008728827514
 20
-75.03320548228427
 30
0.0
 11
1222.026452340291
 21
-74.05092899506121
 31
0.0
  0
LINE
  5
2EB88A
330
11F692
100
AcDbEntity
  8
LINE
100
AcDbLine
 10
1221.826452340291
 20
-74.25092899506117
 30
0.0
 11
1222.808728827514
 21
-75.23320548228426
 31
0.0
  0
LINE
  5
2EB88B
330
11F692
100
AcDbEntity
  8
LINE2
100
AcDbLine
 10
1226.659867071125
 20
-82.29991284770173
 30
0.0
 11
1226.659867071125
 21
-84.70491284770174
 31
0.0
  0
LINE
  5
2EB88C
330
11F692
100
AcDbEntity
  8
LINE2
100
AcDbLine
 10
1225.059867071125
 20
-86.30491284770172
 30
0.0
 11
1223.758728827514
 21
-86.30491284770172
 31
0.0
  0
LINE
  5
2EB88D
330
11F692
100
AcDbEntity
  8
LINE9
100
AcDbLine
 10
1225.059867071125
 20
-86.55048196950767
 30
0.0
 11
1223.758728827514
 21
-86.55048196950767
 31
0.0
  0
ARC
  5
2EB88E
330
11F692
100
AcDbEntity
  8
LINE2
100
AcDbCircle
 10
1225.059867071125
 20
-84.70491284770174
 30
0.0
 40
1.6
100
AcDbArc
 50
270.0
 51
0.0
  0
ARC
  5
2EB88F
330
11F692
100
AcDbEntity
  8
LINE9
100
AcDbCircle
 10
1225.059867071125
 20
-84.70491284770174
 30
0.0
 40
1.845569121805942
100
AcDbArc
 50
270.0
 51
0.0
  0
ARC
  5
2EB890
330
11F692
100
AcDbEntity
  8
LINE2
100
AcDbCircle
 10
1223.758728827514
 20
-84.70491284770174
 30
0.0
 40
1.6
100
AcDbArc
 50
189.1468663314291
 51
270.0
  0
ARC
  5
2EB891
330
11F692
100
AcDbEntity
  8
LINE9
100
AcDbCircle
 10
1223.758728827514
 20
-84.70491284770174
 30
0.0
 40
1.845569121805942
100
AcDbArc
 50
226.9971007423671
 51
270.0
  0
ARC
  5
2EB892
330
11F692
100
AcDbEntity
  8
SECTION
100
AcDbCircle
 10
1223.758728827514
 20
-84.70491284770174
 30
0.0
 40
2.827845609029259
100
AcDbArc
 50
210.0013339314951
 51
226.997100742367
  0
ARC
  5
2EB893
330
11F692
100
AcDbEntity
  8
SECTION
100
AcDbCircle
 10
1221.136572858456
 20
-86.2188967003423
 30
0.0
 40
0.2
100
AcDbArc
 50
30.0013339315014
 51
90.0
  0
ARC
  5
2EB894
330
11F692
100
AcDbEntity
  8
LINE9
100
AcDbCircle
 10
1221.408728827514
 20
-87.22472366860495
 30
0.0
 40
1.6
100
AcDbArc
 50
359.9999999999996
 51
46.99710074236707
  0
ARC
  5
2EB895
330
11F692
100
AcDbEntity
  8
SECTION
100
AcDbCircle
 10
1221.408728827514
 20
-87.22472366860495
 30
0.0
 40
0.6177235127766836
100
AcDbArc
 50
359.9999999999996
 51
46.99710074236707
  0
ARC
  5
2EB896
330
11F692
100
AcDbEntity
  8
LINE2
100
AcDbCircle
 10
1221.981617433834
 20
-84.99105109131319
 30
0.0
 40
0.2
100
AcDbArc
 50
9.146866331428759
 51
90.0
  0
LINE
  5
2EB897
330
11F692
100
AcDbEntity
  8
LINE9
100
AcDbLine
 10
1223.008728827514
 20
-87.22472366860499
 30
0.0
 11
1223.008728827514
 21
-92.22991284770168
 31
0.0
  0
LINE
  5
2EB898
330
11F692
100
AcDbEntity
  8
SECTION
100
AcDbLine
 10
1222.026452340291
 20
-87.22472366860495
 30
0.0
 11
1222.026452340291
 21
-99.57991284770168
 31
0.0
  0
LINE
  5
2EB899
330
11F692
100
AcDbEntity
  8
LINE3
100
AcDbLine
 10
1223.377082510223
 20
-92.22991284770172
 30
0.0
 11
1223.377082510223
 21
-99.57991284770171
 31
0.0
  0
LINE
  5
2EB89A
330
11F692
100
AcDbEntity
  8
LINE9
100
AcDbLine
 10
1232.548728827514
 20
-90.21983098203497
 30
0.0
 11
1232.548728827514
 21
-92.22991284770172
 31
0.0
  0
LINE
  5
2EB89B
330
11F692
100
AcDbEntity
  8
LINE3
100
AcDbLine
 10
1232.180375144805
 20
-92.22991284770172
 30
0.0
 11
1232.180375144805
 21
-99.57991284770171
 31
0.0
  0
LINE
  5
2EB89C
330
11F692
100
AcDbEntity
  8
SECTION
100
AcDbLine
 10
1233.531005314737
 20
-86.12775845673082
 30
0.0
 11
1233.531005314737
 21
-99.57991284770173
 31
0.0
  0
LINE
  5
2EB89D
330
11F692
100
AcDbEntity
  8
LINE6
100
AcDbLine
 10
1233.039867071126
 20
-86.12775845673082
 30
0.0
 11
1233.039867071126
 21
-87.46237700886396
 31
0.0
  0
ARC
  5
2EB89E
330
11F692
100
AcDbEntity
  8
LINE3
100
AcDbCircle
 10
1230.280375144805
 20
-92.22991284770172
 30
0.0
 40
1.9
100
AcDbArc
 50
0.0
 51
90.0
  0
ARC
  5
2EB89F
330
11F692
100
AcDbEntity
  8
LINE9
100
AcDbCircle
 10
1230.280375144805
 20
-92.22991284770172
 30
0.0
 40
2.268353682708857
100
AcDbArc
 50
0.0
 51
90.0
  0
LINE
  5
2EB8A0
330
11F692
100
AcDbEntity
  8
LINE3
100
AcDbLine
 10
1230.280375144805
 20
-90.3299128477017
 30
0.0
 11
1225.277082510223
 21
-90.3299128477017
 31
0.0
  0
LINE
  5
2EB8A1
330
11F692
100
AcDbEntity
  8
LINE9
100
AcDbLine
 10
1230.280375144805
 20
-89.96155916499285
 30
0.0
 11
1225.277082510223
 21
-89.96155916499285
 31
0.0
  0
ARC
  5
2EB8A2
330
11F692
100
AcDbEntity
  8
LINE3
100
AcDbCircle
 10
1225.277082510223
 20
-92.22991284770172
 30
0.0
 40
1.9
100
AcDbArc
 50
90.0
 51
180.0
  0
ARC
  5
2EB8A3
330
11F692
100
AcDbEntity
  8
LINE9
100
AcDbCircle
 10
1225.277082510223
 20
-92.22991284770172
 30
0.0
 40
2.268353682708857
100
AcDbArc
 50
90.0
 51
180.0
  0
LINE
  5
2EB8A4
330
11F692
100
AcDbEntity
  8
LINE3
100
AcDbLine
 10
1230.280375144805
 20
-101.4799128477017
 30
0.0
 11
1225.277082510223
 21
-101.4799128477017
 31
0.0
  0
LINE
  5
2EB8A5
330
11F692
100
AcDbEntity
  8
SECTION
100
AcDbLine
 10
1230.280375144805
 20
-102.8305430176336
 30
0.0
 11
1230.003588373643
 21
-102.8305430176336
 31
0.0
  0
ARC
  5
2EB8A6
330
11F692
100
AcDbEntity
  8
LINE3
100
AcDbCircle
 10
1225.277082510223
 20
-99.57991284770171
 30
0.0
 40
1.9
100
AcDbArc
 50
180.0
 51
270.0
  0
ARC
  5
2EB8A7
330
11F692
100
AcDbEntity
  8
SECTION
100
AcDbCircle
 10
1225.277082510223
 20
-99.57991284770171
 30
0.0
 40
3.250630169931946
100
AcDbArc
 50
180.0
 51
270.0
  0
ARC
  5
2EB8A8
330
11F692
100
AcDbEntity
  8
LINE3
100
AcDbCircle
 10
1230.280375144805
 20
-99.57991284770171
 30
0.0
 40
1.9
100
AcDbArc
 50
270.0
 51
0.0
  0
ARC
  5
2EB8A9
330
11F692
100
AcDbEntity
  8
SECTION
100
AcDbCircle
 10
1230.280375144805
 20
-99.57991284770171
 30
0.0
 40
3.250630169931946
100
AcDbArc
 50
270.0
 51
0.0
  0
ARC
  5
2EB8AA
330
11F692
100
AcDbEntity
  8
LINE9
100
AcDbCircle
 10
1231.638728827514
 20
-88.2349128477017
 30
0.0
 40
1.6
100
AcDbArc
 50
321.6629103003802
 51
59.99999999999957
  0
ARC
  5
2EB8AB
330
11F692
100
AcDbEntity
  8
LINE9
100
AcDbCircle
 10
1234.148728827514
 20
-90.21983098203497
 30
0.0
 40
1.6
100
AcDbArc
 50
141.6629103003755
 51
180.0
  0
LINE
  5
2EB8AC
330
11F692
100
AcDbEntity
  8
LINE9
100
AcDbLine
 10
1231.829468154508
 20
-86.49751538808013
 30
0.0
 11
1232.438728827514
 21
-86.84927220164667
 31
0.0
  0
ARC
  5
2EB8AD
330
11F692
100
AcDbEntity
  8
LINE9
100
AcDbCircle
 10
1231.879468154509
 20
-86.41091284770173
 30
0.0
 40
0.1
100
AcDbArc
 50
120.0000000000145
 51
239.9999999999995
  0
ARC
  5
2EB8AE
330
11F692
100
AcDbEntity
  8
LINE9
100
AcDbCircle
 10
1231.638728827514
 20
-84.58691284770171
 30
0.0
 40
1.6
100
AcDbArc
 50
300.0000000000004
 51
341.1339194140706
  0
ARC
  5
2EB8AF
330
11F692
100
AcDbEntity
  8
LINE9
100
AcDbCircle
 10
1233.247399649157
 20
-85.13662021311915
 30
0.0
 40
0.1
100
AcDbArc
 50
90.0
 51
161.1339194140722
  0
LINE
  5
2EB8B0
330
11F692
100
AcDbEntity
  8
LINE9
100
AcDbLine
 10
1231.829468154508
 20
-86.32431030732329
 30
0.0
 11
1232.438728827514
 21
-85.97255349375675
 31
0.0
  0
LINE
  5
2EB8B1
330
11F692
100
AcDbEntity
  8
LINE
100
AcDbLine
 10
1221.981617433834
 20
-84.79105109131319
 30
0.0
 11
1221.136572858456
 21
-86.01889670034228
 31
0.0
  0
LINE
  5
2EB8B2
330
11F692
100
AcDbEntity
  8
LINE
100
AcDbLine
 10
1222.179074255353
 20
-84.95925795313414
 30
0.0
 11
1221.309775611017
 21
-86.1188926678956
 31
0.0
  0
LINE
  5
2EBCEA
330
11F692
100
AcDbEntity
  8
LINE
100
AcDbLine
 10
1131.363728827514
 20
-81.89991284770171
 30
0.0
 11
1131.363728827514
 21
-78.36991284770173
 31
0.0
  0
LINE
  5
2EBCEB
330
11F692
100
AcDbEntity
  8
SECTION
100
AcDbLine
 10
1129.644744974873
 20
-81.89991284770171
 30
0.0
 11
1129.644744974873
 21
-78.36991284770173
 31
0.0
  0
ARC
  5
2EBCEC
330
11F692
100
AcDbEntity
  8
LINE
100
AcDbCircle
 10
1133.763728827513
 20
-78.36991284770173
 30
0.0
 40
2.399999999999999
100
AcDbArc
 50
90.0
 51
180.0
  0
ARC
  5
2EBCED
330
11F692
100
AcDbEntity
  8
SECTION
100
AcDbCircle
 10
1133.763728827513
 20
-78.36991284770173
 30
0.0
 40
4.118983852640548
100
AcDbArc
 50
90.0
 51
180.0
  0
ARC
  5
2EBCEE
330
11F692
100
AcDbEntity
  8
LINE
100
AcDbCircle
 10
1263.023728827515
 20
-81.89991284770171
 30
0.0
 40
2.399999999999999
100
AcDbArc
 50
270.0
 51
0.0
  0
ARC
  5
2EBCEF
330
11F692
100
AcDbEntity
  8
SECTION
100
AcDbCircle
 10
1263.023728827515
 20
-81.89991284770171
 30
0.0
 40
4.118983852640548
100
AcDbArc
 50
270.0
 51
0.0
  0
LINE
  5
2EBCF0
330
11F692
100
AcDbEntity
  8
LINE
100
AcDbLine
 10
1265.423728827514
 20
-81.89991284770171
 30
0.0
 11
1265.423728827514
 21
-78.36991284770173
 31
0.0
  0
LINE
  5
2EBCF1
330
11F692
100
AcDbEntity
  8
SECTION
100
AcDbLine
 10
1267.142712680155
 20
-81.89991284770171
 30
0.0
 11
1267.142712680155
 21
-78.36991284770173
 31
0.0
  0
ARC
  5
2EBCF2
330
11F692
100
AcDbEntity
  8
LINE
100
AcDbCircle
 10
1263.023728827515
 20
-78.36991284770173
 30
0.0
 40
2.399999999999999
100
AcDbArc
 50
0.0
 51
90.0
  0
ARC
  5
2EBCF3
330
11F692
100
AcDbEntity
  8
SECTION
100
AcDbCircle
 10
1263.023728827515
 20
-78.36991284770173
 30
0.0
 40
4.118983852640548
100
AcDbArc
 50
0.0
 51
90.0
  0
LWPOLYLINE
  5
2ED492
330
11F692
100
AcDbEntity
  8
LINE
100
AcDbPolyline
 90
        3
 70
     0
 43
0.0
 10
1278.443728827515
 20
-59.9599128477017
 42
0.4142135623730971
 10
1265.843728827515
 20
-47.35991284770167
 10
1130.943728827514
 20
-47.35991284770167
  0
LWPOLYLINE
  5
2ED493
330
11F692
100
AcDbEntity
  8
LINE
100
AcDbPolyline
 90
        3
 70
     0
 43
0.0
 10
1130.943728827514
 20
-47.35991284770167
 42
0.4142135623730958
 10
1118.343728827513
 20
-59.9599128477017
 10
1118.343728827513
 20
-105.6115939319432
  0
LWPOLYLINE
  5
2ED496
330
11F692
100
AcDbEntity
  8
LINE
100
AcDbPolyline
 90
        2
 70
     0
 43
0.0
 10
1118.343728827513
 20
-59.95991284770174
 10
1118.343728827513
 20
-105.6115939319432
  0
LWPOLYLINE
  5
2ED497
330
11F692
100
AcDbEntity
  8
LINE
100
AcDbPolyline
 90
        6
 70
     0
 43
0.0
 10
1118.343728827513
 20
-110.4282317634601
 10
1118.343728827513
 20
-150.8399128477017
 42
0.1989123673796541
 10
1120.276824071682
 20
-155.5068176035329
 10
1131.516824071682
 20
-166.7468176035329
 42
0.1989123673796587
 10
1136.183728827514
 20
-168.6799128477017
 10
1265.843728827515
 20
-168.6799128477017
  0
LWPOLYLINE
  5
2ED498
330
11F692
100
AcDbEntity
  8
SECTION
100
AcDbPolyline
 90
        3
 70
     0
 43
0.0
 10
1276.724744974874
 20
-59.9599128477017
 42
0.414213562373066
 10
1265.843728827515
 20
-49.07889670034236
 10
1130.943728827514
 20
-49.07889670034236
  0
LWPOLYLINE
  5
2ED49B
330
11F692
100
AcDbEntity
  8
SECTION
100
AcDbPolyline
 90
        4
 70
     0
 43
0.0
 10
1162.680380481512
 20
-49.07889670034236
 10
1130.943728827514
 20
-49.07889670034236
 42
0.4142135623730958
 10
1120.062712680154
 20
-59.9599128477017
 10
1120.062712680154
 20
-71.59156450170062
  0
LWPOLYLINE
  5
2ED4A2
330
11F692
100
AcDbEntity
  8
SECTION
100
AcDbPolyline
 90
        2
 70
     0
 43
0.0
 10
1120.062712680154
 20
-96.69826119370268
 10
1120.062712680154
 20
-104.9805103233096
  0
LWPOLYLINE
  5
2ED4A3
330
11F692
100
AcDbEntity
  8
SECTION
100
AcDbPolyline
 90
        2
 70
     0
 43
0.0
 10
1120.062712680154
 20
-111.0593153720937
 10
1120.062712680154
 20
-119.3415645017006
  0
LWPOLYLINE
  5
2ED4A4
330
11F692
100
AcDbEntity
  8
SECTION
100
AcDbPolyline
 90
        6
 70
     0
 43
0.0
 10
1120.062712680154
 20
-144.4482611937028
 10
1120.062712680154
 20
-150.8399128477017
 42
0.1989123673796549
 10
1121.492329210635
 20
-154.2913124645805
 10
1132.732329210635
 20
-165.5313124645805
 42
0.1989123673796594
 10
1136.183728827514
 20
-166.960928995061
 10
1198.393728827514
 20
-166.960928995061
  0
LWPOLYLINE
  5
2ED4A7
330
11F692
100
AcDbEntity
  8
SECTION
100
AcDbPolyline
 90
        2
 70
     0
 43
0.0
 10
1198.393728827514
 20
-166.960928995061
 10
1265.843728827515
 20
-166.960928995061
  0
LWPOLYLINE
  5
2ED4A8
330
11F692
100
AcDbEntity
  8
LINE
100
AcDbPolyline
 90
        2
 70
     0
 43
0.0
 10
1278.443728827515
 20
-59.9599128477017
 10
1278.443728827515
 20
-105.6115939319433
  0
LWPOLYLINE
  5
2ED4AB
330
11F692
100
AcDbEntity
  8
LINE
100
AcDbPolyline
 90
        2
 70
     0
 43
0.0
 10
1278.443728827515
 20
-59.95991284770171
 10
1278.443728827515
 20
-105.6115939319433
  0
LWPOLYLINE
  5
2ED4AC
330
11F692
100
AcDbEntity
  8
LINE
100
AcDbPolyline
 90
        3
 70
     0
 43
0.0
 10
1278.443728827515
 20
-110.42823176346
 10
1278.443728827515
 20
-156.0799128477017
 42
-0.4142135623730964
 10
1265.843728827515
 20
-168.6799128477017
  0
LWPOLYLINE
  5
2ED4AD
330
11F692
100
AcDbEntity
  8
SECTION
100
AcDbPolyline
 90
        2
 70
     0
 43
0.0
 10
1276.724744974874
 20
-59.9599128477017
 10
1276.724744974874
 20
-71.5915645017005
  0
LWPOLYLINE
  5
2ED4B1
330
11F692
100
AcDbEntity
  8
SECTION
100
AcDbPolyline
 90
        2
 70
     0
 43
0.0
 10
1276.724744974874
 20
-96.69826119370268
 10
1276.724744974874
 20
-104.9805103233096
  0
LWPOLYLINE
  5
2ED4B2
330
11F692
100
AcDbEntity
  8
SECTION
100
AcDbPolyline
 90
        2
 70
     0
 43
0.0
 10
1276.724744974874
 20
-111.0593153720937
 10
1276.724744974874
 20
-119.3415645017006
  0
LWPOLYLINE
  5
2ED4B3
330
11F692
100
AcDbEntity
  8
SECTION
100
AcDbPolyline
 90
        3
 70
     0
 43
0.0
 10
1276.724744974874
 20
-144.4482611937028
 10
1276.724744974874
 20
-156.0799128477017
 42
-0.4142135623730951
 10
1265.843728827515
 20
-166.960928995061
  0
ARC
  5
2ED4D4
330
11F692
100
AcDbEntity
  8
DETAIL
100
AcDbCircle
 10
1112.978728827513
 20
-131.8949128477017
 30
0.0
 40
12.4
100
AcDbArc
 50
303.1868576786822
 51
56.81314232131775
  0
ARC
  5
2ED4D5
330
11F692
100
AcDbEntity
  8
SECTION
100
AcDbCircle
 10
1112.978728827513
 20
-131.8949128477017
 30
0.0
 40
13.87341473083486
100
AcDbArc
 50
303.1868576786822
 51
56.81314232131775
  0
LINE
  5
2ED4D6
330
11F692
100
AcDbEntity
  8
DETAIL
100
AcDbLine
 10
1118.589297949319
 20
-119.3415645017006
 30
0.0
 11
1118.589297949319
 21
-144.4482611937028
 31
0.0
  0
ARC
  5
2ED4D7
330
11F692
100
AcDbEntity
  8
DETAIL
100
AcDbCircle
 10
1121.189297949319
 20
-144.4482611937028
 30
0.0
 40
2.6
100
AcDbArc
 50
123.1868576786822
 51
180.0
  0
ARC
  5
2ED4D8
330
11F692
100
AcDbEntity
  8
SECTION
100
AcDbCircle
 10
1121.189297949319
 20
-144.4482611937028
 30
0.0
 40
1.126585269165139
100
AcDbArc
 50
123.1868576786822
 51
180.0
  0
ARC
  5
2ED4D9
330
11F692
100
AcDbEntity
  8
DETAIL
100
AcDbCircle
 10
1121.189297949319
 20
-119.3415645017006
 30
0.0
 40
2.6
100
AcDbArc
 50
180.0
 51
236.8131423213178
  0
ARC
  5
2ED4DA
330
11F692
100
AcDbEntity
  8
SECTION
100
AcDbCircle
 10
1121.189297949319
 20
-119.3415645017006
 30
0.0
 40
1.126585269165139
100
AcDbArc
 50
180.0
 51
236.8131423213178
  0
LINE
  5
2ED4DB
330
11F692
100
AcDbEntity
  8
CENTER
100
AcDbLine
 10
1115.933728827513
 20
-131.8949128477017
 30
0.0
 11
1128.365907691358
 21
-131.8949128477017
 31
0.0
  0
LINE
  5
2ED4E6
330
11F692
100
AcDbEntity
  8
CENTER
100
AcDbLine
 10
1122.160742091796
 20
-108.0199128477016
 30
0.0
 11
1115.933728827513
 21
-108.0199128477017
 31
0.0
  0
ARC
  5
2ED4E7
330
11F692
100
AcDbEntity
  8
LINE
100
AcDbCircle
 10
1115.943728827514
 20
-108.0199128477017
 30
0.0
 40
3.399999999999999
100
AcDbArc
 50
314.9008721559754
 51
45.09912784402455
  0
ARC
  5
2ED4E8
330
11F692
100
AcDbEntity
  8
SECTION
100
AcDbCircle
 10
1115.943728827514
 20
-108.0199128477017
 30
0.0
 40
5.11898385264069
100
AcDbArc
 50
323.5763448178478
 51
36.42365518215212
  0
LINE
  5
2ED4E9
330
11F692
100
AcDbEntity
  8
LINE
100
AcDbLine
 10
1118.343728827513
 20
-110.4282317634601
 30
0.0
 11
1120.062712680154
 21
-111.0593153720938
 31
0.0
  0
LINE
  5
2ED4EA
330
11F692
100
AcDbEntity
  8
LINE
100
AcDbLine
 10
1118.343728827513
 20
-105.6115939319432
 30
0.0
 11
1120.062712680154
 21
-104.9805103233095
 31
0.0
  0
ARC
  5
2ED513
330
11F692
100
AcDbEntity
  8
DETAIL
100
AcDbCircle
 10
1283.808728827515
 20
-131.8949128477017
 30
0.0
 40
12.4
100
AcDbArc
 50
123.1868576786822
 51
236.8131423213178
  0
ARC
  5
2ED514
330
11F692
100
AcDbEntity
  8
SECTION
100
AcDbCircle
 10
1283.808728827515
 20
-131.8949128477017
 30
0.0
 40
13.87341473083486
100
AcDbArc
 50
123.1868576786822
 51
236.8131423213178
  0
LINE
  5
2ED515
330
11F692
100
AcDbEntity
  8
DETAIL
100
AcDbLine
 10
1278.198159705709
 20
-119.3415645017006
 30
0.0
 11
1278.198159705709
 21
-144.4482611937028
 31
0.0
  0
ARC
  5
2ED516
330
11F692
100
AcDbEntity
  8
DETAIL
100
AcDbCircle
 10
1275.598159705709
 20
-144.4482611937028
 30
0.0
 40
2.6
100
AcDbArc
 50
0.0
 51
56.81314232131775
  0
ARC
  5
2ED517
330
11F692
100
AcDbEntity
  8
SECTION
100
AcDbCircle
 10
1275.598159705709
 20
-144.4482611937028
 30
0.0
 40
1.126585269165139
100
AcDbArc
 50
0.0
 51
56.81314232131775
  0
ARC
  5
2ED518
330
11F692
100
AcDbEntity
  8
DETAIL
100
AcDbCircle
 10
1275.598159705709
 20
-119.3415645017006
 30
0.0
 40
2.6
100
AcDbArc
 50
303.1868576786822
 51
0.0
  0
ARC
  5
2ED519
330
11F692
100
AcDbEntity
  8
SECTION
100
AcDbCircle
 10
1275.598159705709
 20
-119.3415645017006
 30
0.0
 40
1.126585269165139
100
AcDbArc
 50
303.1868576786822
 51
0.0
  0
LINE
  5
2ED51A
330
11F692
100
AcDbEntity
  8
CENTER
100
AcDbLine
 10
1280.853728827515
 20
-131.8949128477017
 30
0.0
 11
1268.42154996367
 21
-131.8949128477017
 31
0.0
  0
LINE
  5
2ED525
330
11F692
100
AcDbEntity
  8
CENTER
100
AcDbLine
 10
1274.626715563232
 20
-108.0199128477016
 30
0.0
 11
1280.853728827515
 21
-108.0199128477017
 31
0.0
  0
ARC
  5
2ED526
330
11F692
100
AcDbEntity
  8
LINE
100
AcDbCircle
 10
1280.843728827515
 20
-108.0199128477017
 30
0.0
 40
3.399999999999999
100
AcDbArc
 50
134.900872155976
 51
225.099127844024
  0
ARC
  5
2ED527
330
11F692
100
AcDbEntity
  8
SECTION
100
AcDbCircle
 10
1280.843728827515
 20
-108.0199128477017
 30
0.0
 40
5.11898385264069
100
AcDbArc
 50
143.5763448178478
 51
216.4236551821521
  0
LINE
  5
2ED528
330
11F692
100
AcDbEntity
  8
LINE
100
AcDbLine
 10
1278.443728827515
 20
-110.4282317634601
 30
0.0
 11
1276.724744974874
 21
-111.0593153720938
 31
0.0
  0
LINE
  5
2ED529
330
11F692
100
AcDbEntity
  8
LINE
100
AcDbLine
 10
1278.443728827515
 20
-105.6115939319432
 30
0.0
 11
1276.724744974874
 21
-104.9805103233095
 31
0.0
  0
LINE
  5
2ED55F
330
11F692
100
AcDbEntity
  8
SECTION
100
AcDbLine
 10
1120.062712680154
 20
-245.2169287080394
 30
0.0
 11
1276.724744974874
 21
-245.2169287080394
 31
0.0
  0
LINE
  5
2ED560
330
11F692
100
AcDbEntity
  8
LINE
100
AcDbLine
 10
1115.168728827513
 20
-259.2169287080394
 30
0.0
 11
1119.343728827513
 21
-259.2169287080394
 31
0.0
  0
LINE
  5
2ED561
330
11F692
100
AcDbEntity
  8
LINE
100
AcDbLine
 10
1131.363728827513
 20
-259.2169287080394
 30
0.0
 11
1280.64316262537
 21
-259.2169287080394
 31
0.0
  0
LINE
  5
2ED562
330
11F692
100
AcDbEntity
  8
LINE
100
AcDbLine
 10
1120.062712680154
 20
-245.2169287080394
 30
0.0
 11
1118.343728827513
 21
-259.2169287080394
 31
0.0
  0
LINE
  5
2ED563
330
11F692
100
AcDbEntity
  8
LINE
100
AcDbLine
 10
1148.198728827512
 20
-259.2169287080394
 30
0.0
 11
1131.363728827514
 21
-259.2169287080394
 31
0.0
  0
LINE
  5
2ED564
330
11F692
100
AcDbEntity
  8
LINE
100
AcDbLine
 10
1129.644744974872
 20
-245.2169287080394
 30
0.0
 11
1131.363728827513
 21
-259.2169287080394
 31
0.0
  0
LINE
  5
2ED565
330
11F692
100
AcDbEntity
  8
DETAIL
100
AcDbLine
 10
1118.589297949319
 20
-257.2169287080394
 30
0.0
 11
1125.378728827513
 21
-257.2169287080394
 31
0.0
  0
LINE
  5
2ED566
330
11F692
100
AcDbEntity
  8
DETAIL
100
AcDbLine
 10
1126.852143558348
 20
-245.2169287080394
 30
0.0
 11
1125.378728827513
 21
-257.2169287080394
 31
0.0
  0
LINE
  5
2ED567
330
11F692
100
AcDbEntity
  8
LINE
100
AcDbLine
 10
1121.062712680154
 20
-245.2169287080394
 30
0.0
 11
1119.343728827513
 21
-259.2169287080394
 31
0.0
  0
LINE
  5
2ED56E
330
11F692
100
AcDbEntity
  8
SECTION
100
AcDbLine
 10
1366.134129173263
 20
-49.07889670034236
 30
0.0
 11
1366.134129173263
 21
-166.9609289950611
 31
0.0
  0
LINE
  5
2ED56F
330
11F692
100
AcDbEntity
  8
LINE
100
AcDbLine
 10
1380.134129173263
 20
-168.6799128477017
 30
0.0
 11
1380.134129173263
 21
-171.7499128477017
 31
0.0
  0
LINE
  5
2ED570
330
11F692
100
AcDbEntity
  8
LINE
100
AcDbLine
 10
1366.134129173264
 20
-166.9609289950611
 30
0.0
 11
1380.134129173263
 21
-168.6799128477018
 31
0.0
  0
LINE
  5
2ED571
330
11F692
100
AcDbEntity
  8
DETAIL
100
AcDbLine
 10
1378.134129173263
 20
-168.4343437258959
 30
0.0
 11
1378.134129173263
 21
-161.6449128477017
 31
0.0
  0
LINE
  5
2ED572
330
11F692
100
AcDbEntity
  8
DETAIL
100
AcDbLine
 10
1366.134129173263
 20
-160.1714981168669
 30
0.0
 11
1378.134129173263
 21
-161.6449128477017
 31
0.0
  0
LINE
  5
2ED573
330
11F692
100
AcDbEntity
  8
LINE
100
AcDbLine
 10
1366.134129173263
 20
-165.9609289950611
 30
0.0
 11
1380.134129173263
 21
-167.6799128477018
 31
0.0
  0
LINE
  5
2ED574
330
11F692
100
AcDbEntity
  8
LINE
100
AcDbLine
 10
1380.134129173263
 20
-153.5999128477017
 30
0.0
 11
1380.134129173263
 21
-163.4599128477018
 31
0.0
  0
LINE
  5
2ED575
330
11F692
100
AcDbEntity
  8
CENTER
100
AcDbLine
 10
1363.121462856512
 20
-158.5299128477017
 30
0.0
 11
1383.062970167071
 21
-158.5299128477017
 31
0.0
  0
LINE
  5
2ED576
330
11F692
100
AcDbEntity
  8
LINE
100
AcDbLine
 10
1373.234129173263
 20
-153.5999128477017
 30
0.0
 11
1380.134129173263
 21
-153.5999128477017
 31
0.0
  0
LINE
  5
2ED577
330
11F692
100
AcDbEntity
  8
LINE
100
AcDbLine
 10
1373.234129173263
 20
-163.4599128477018
 30
0.0
 11
1380.134129173263
 21
-163.4599128477018
 31
0.0
  0
LINE
  5
2ED578
330
11F692
100
AcDbEntity
  8
LINE12
100
AcDbLine
 10
1373.234129173263
 20
-152.7999128477018
 30
0.0
 11
1373.234129173264
 21
-164.2599128477018
 31
0.0
  0
LINE
  5
2ED579
330
11F692
100
AcDbEntity
  8
LINE12
100
AcDbLine
 10
1366.134129173263
 20
-151.9281424652911
 30
0.0
 11
1373.234129173263
 21
-152.7999128477017
 31
0.0
  0
LINE
  5
2ED57A
330
11F692
100
AcDbEntity
  8
LINE12
100
AcDbLine
 10
1366.134129173263
 20
-165.1316832301124
 30
0.0
 11
1373.234129173263
 21
-164.2599128477017
 31
0.0
  0
ARC
  5
2ED57B
330
11F692
100
AcDbEntity
  8
LINE10
100
AcDbCircle
 10
1364.734129173263
 20
-158.5299128477017
 30
0.0
 40
5.4
100
AcDbArc
 50
285.026113759125
 51
74.97388624087505
  0
ARC
  5
2ED57C
330
11F692
100
AcDbEntity
  8
LINE11
100
AcDbCircle
 10
1371.834129173264
 20
-158.5299128477017
 30
0.0
 40
3.399999999999999
100
AcDbArc
 50
294.3157391711815
 51
65.68426082881849
  0
LINE
  5
2ED57D
330
11F692
100
AcDbEntity
  8
LINE
100
AcDbLine
 10
1380.134129173263
 20
-47.35991284770167
 30
0.0
 11
1380.134129173263
 21
-44.28991284770169
 31
0.0
  0
LINE
  5
2ED57E
330
11F692
100
AcDbEntity
  8
LINE
100
AcDbLine
 10
1366.134129173264
 20
-49.07889670034236
 30
0.0
 11
1380.134129173263
 21
-47.35991284770167
 31
0.0
  0
LINE
  5
2ED57F
330
11F692
100
AcDbEntity
  8
DETAIL
100
AcDbLine
 10
1378.134129173263
 20
-47.6054819695075
 30
0.0
 11
1378.134129173263
 21
-54.3949128477017
 31
0.0
  0
LINE
  5
2ED580
330
11F692
100
AcDbEntity
  8
DETAIL
100
AcDbLine
 10
1366.134129173263
 20
-55.86832757853656
 30
0.0
 11
1378.134129173263
 21
-54.3949128477017
 31
0.0
  0
LINE
  5
2ED581
330
11F692
100
AcDbEntity
  8
LINE
100
AcDbLine
 10
1366.134129173263
 20
-50.07889670034237
 30
0.0
 11
1380.134129173263
 21
-48.35991284770168
 31
0.0
  0
LINE
  5
2ED592
330
11F692
100
AcDbEntity
  8
CENTER
100
AcDbLine
 10
1266.085754787286
 20
-84.6549128477017
 30
0.0
 11
1130.701702867742
 21
-84.65491284770175
 31
0.0
  0
ARC
  5
2EDB81
330
11F692
100
AcDbEntity
  8
DETAIL
100
AcDbCircle
 10
1146.046186900188
 20
-147.2074339477727
 30
0.0
 40
2.5
100
AcDbArc
 50
161.9794339031004
 51
289.7457397409063
  0
ARC
  5
2EDB82
330
11F692
100
AcDbEntity
  8
HIDDEN
100
AcDbCircle
 10
1146.046186900188
 20
-147.2074339477727
 30
0.0
 40
3.0
100
AcDbArc
 50
142.4897905404702
 51
308.3375801848804
  0
ARC
  5
2EDB83
330
11F692
100
AcDbEntity
  8
DETAIL
100
AcDbCircle
 10
1204.816186900188
 20
-147.2074339477727
 30
0.0
 40
2.5
100
AcDbArc
 50
161.9794339031005
 51
289.7457397409063
  0
ARC
  5
2EDB84
330
11F692
100
AcDbEntity
  8
HIDDEN
100
AcDbCircle
 10
1204.816186900188
 20
-147.2074339477727
 30
0.0
 40
3.0
100
AcDbArc
 50
142.4897905404702
 51
308.3375801848804
  0
ARC
  5
2EDB8F
330
11F692
100
AcDbEntity
  8
DETAIL
100
AcDbCircle
 10
1146.046186900188
 20
-100.4774339477728
 30
0.0
 40
2.5
100
AcDbArc
 50
161.9794339031003
 51
289.7457397409063
  0
ARC
  5
2EDB90
330
11F692
100
AcDbEntity
  8
HIDDEN
100
AcDbCircle
 10
1146.046186900188
 20
-100.4774339477728
 30
0.0
 40
3.0
100
AcDbArc
 50
142.4897905404703
 51
308.3375801848804
  0
ARC
  5
2EDB91
330
11F692
100
AcDbEntity
  8
DETAIL
100
AcDbCircle
 10
1204.816186900188
 20
-100.4774339477728
 30
0.0
 40
2.5
100
AcDbArc
 50
161.9794339031007
 51
289.7457397409063
  0
ARC
  5
2EDB92
330
11F692
100
AcDbEntity
  8
HIDDEN
100
AcDbCircle
 10
1204.816186900188
 20
-100.4774339477728
 30
0.0
 40
3.0
100
AcDbArc
 50
142.4897905404701
 51
308.3375801848804
  0
ARC
  5
2EDBDB
330
11F692
100
AcDbEntity
  8
DETAIL
100
AcDbCircle
 10
1264.508643215061
 20
-123.5883729701196
 30
0.0
 40
2.5
100
AcDbArc
 50
348.1932179392064
 51
103.0619135031151
  0
ARC
  5
2EDBDC
330
11F692
100
AcDbEntity
  8
HIDDEN
100
AcDbCircle
 10
1264.508643215061
 20
-123.5883729701196
 30
0.0
 40
3.0
100
AcDbArc
 50
327.0315898876542
 51
123.8914441658111
  0
ARC
  5
2EDBE5
330
11F692
100
AcDbEntity
  8
DETAIL
100
AcDbCircle
 10
1237.573728827514
 20
-122.9809289950613
 30
0.0
 40
2.5
100
AcDbArc
 50
53.13010235415435
 51
126.8698976458456
  0
ARC
  5
2EDBE6
330
11F692
100
AcDbEntity
  8
HIDDEN
100
AcDbCircle
 10
1237.573728827514
 20
-122.9809289950613
 30
0.0
 40
3.0
100
AcDbArc
 50
41.81031489578383
 51
138.1896851042162
  0
ARC
  5
2EDBE7
330
11F692
100
AcDbEntity
  8
DETAIL
100
AcDbCircle
 10
1178.803728827514
 20
-122.9809289950613
 30
0.0
 40
2.5
100
AcDbArc
 50
53.13010235415435
 51
126.8698976458456
  0
ARC
  5
2EDBE8
330
11F692
100
AcDbEntity
  8
HIDDEN
100
AcDbCircle
 10
1178.803728827514
 20
-122.9809289950613
 30
0.0
 40
3.0
100
AcDbArc
 50
41.81031489578383
 51
138.1896851042162
  0
ARC
  5
2EDBE9
330
11F692
100
AcDbEntity
  8
DETAIL
100
AcDbCircle
 10
1132.278814439967
 20
-123.5883729701196
 30
0.0
 40
2.5
100
AcDbArc
 50
76.93808649688486
 51
191.8067820607938
  0
ARC
  5
2EDBEA
330
11F692
100
AcDbEntity
  8
HIDDEN
100
AcDbCircle
 10
1132.278814439967
 20
-123.5883729701196
 30
0.0
 40
3.0
100
AcDbArc
 50
56.10855583418892
 51
212.9684101123457
  0
ARC
  5
2EDBEB
330
11F692
100
AcDbEntity
  8
DETAIL
100
AcDbCircle
 10
1264.508643215061
 20
-76.85837297011966
 30
0.0
 40
2.5
100
AcDbArc
 50
348.1932179392063
 51
103.0619135031151
  0
ARC
  5
2EDBEC
330
11F692
100
AcDbEntity
  8
HIDDEN
100
AcDbCircle
 10
1264.508643215061
 20
-76.85837297011966
 30
0.0
 40
3.0
100
AcDbArc
 50
327.0315898876541
 51
123.8914441658111
  0
ARC
  5
2EDBF5
330
11F692
100
AcDbEntity
  8
DETAIL
100
AcDbCircle
 10
1237.573728827514
 20
-76.25092899506137
 30
0.0
 40
2.5
100
AcDbArc
 50
53.13010235415435
 51
126.8698976458456
  0
ARC
  5
2EDBF6
330
11F692
100
AcDbEntity
  8
HIDDEN
100
AcDbCircle
 10
1237.573728827514
 20
-76.25092899506137
 30
0.0
 40
3.0
100
AcDbArc
 50
41.81031489578388
 51
138.1896851042161
  0
ARC
  5
2EDBF7
330
11F692
100
AcDbEntity
  8
DETAIL
100
AcDbCircle
 10
1178.803728827514
 20
-76.25092899506137
 30
0.0
 40
2.5
100
AcDbArc
 50
53.13010235415435
 51
126.8698976458456
  0
ARC
  5
2EDBF8
330
11F692
100
AcDbEntity
  8
HIDDEN
100
AcDbCircle
 10
1178.803728827514
 20
-76.25092899506137
 30
0.0
 40
3.0
100
AcDbArc
 50
41.81031489578388
 51
138.1896851042161
  0
ARC
  5
2EDBF9
330
11F692
100
AcDbEntity
  8
DETAIL
100
AcDbCircle
 10
1132.278814439967
 20
-76.85837297011966
 30
0.0
 40
2.5
100
AcDbArc
 50
76.93808649688486
 51
191.8067820607937
  0
ARC
  5
2EDBFA
330
11F692
100
AcDbEntity
  8
HIDDEN
100
AcDbCircle
 10
1132.278814439967
 20
-76.85837297011966
 30
0.0
 40
3.0
100
AcDbArc
 50
56.10855583418893
 51
212.9684101123459
  0
LINE
  5
2EDC47
330
11F692
100
AcDbEntity
  8
LINE
100
AcDbLine
 10
1380.134129173263
 20
-62.43991284770166
 30
0.0
 11
1380.134129173263
 21
-52.57991284770165
 31
0.0
  0
LINE
  5
2EDC48
330
11F692
100
AcDbEntity
  8
CENTER
100
AcDbLine
 10
1363.121462856512
 20
-57.50991284770169
 30
0.0
 11
1383.062970167071
 21
-57.50991284770169
 31
0.0
  0
LINE
  5
2EDC49
330
11F692
100
AcDbEntity
  8
LINE
100
AcDbLine
 10
1373.234129173263
 20
-62.43991284770166
 30
0.0
 11
1380.134129173263
 21
-62.43991284770166
 31
0.0
  0
LINE
  5
2EDC4A
330
11F692
100
AcDbEntity
  8
LINE
100
AcDbLine
 10
1373.234129173263
 20
-52.57991284770165
 30
0.0
 11
1380.134129173263
 21
-52.57991284770165
 31
0.0
  0
LINE
  5
2EDC4B
330
11F692
100
AcDbEntity
  8
LINE12
100
AcDbLine
 10
1373.234129173263
 20
-63.23991284770162
 30
0.0
 11
1373.234129173264
 21
-51.77991284770164
 31
0.0
  0
LINE
  5
2EDC4C
330
11F692
100
AcDbEntity
  8
LINE12
100
AcDbLine
 10
1366.134129173263
 20
-64.11168323011228
 30
0.0
 11
1373.234129173263
 21
-63.23991284770167
 31
0.0
  0
LINE
  5
2EDC4D
330
11F692
100
AcDbEntity
  8
LINE12
100
AcDbLine
 10
1366.134129173263
 20
-50.90814246529103
 30
0.0
 11
1373.234129173263
 21
-51.77991284770169
 31
0.0
  0
ARC
  5
2EDC4E
330
11F692
100
AcDbEntity
  8
LINE10
100
AcDbCircle
 10
1364.734129173263
 20
-57.50991284770169
 30
0.0
 40
5.4
100
AcDbArc
 50
285.026113759125
 51
74.97388624087505
  0
ARC
  5
2EDC4F
330
11F692
100
AcDbEntity
  8
LINE11
100
AcDbCircle
 10
1371.834129173264
 20
-57.50991284770169
 30
0.0
 40
3.399999999999999
100
AcDbArc
 50
294.3157391711815
 51
65.68426082881853
  0
LINE
  5
2EDC50
330
11F692
100
AcDbEntity
  8
CENTER
100
AcDbLine
 10
1383.779990722459
 20
-131.3849128477017
 30
0.0
 11
1363.507199099603
 21
-131.3849128477017
 31
0.0
  0
LINE
  5
2EDC51
330
11F692
100
AcDbEntity
  8
LINE9
100
AcDbLine
 10
1366.134129173263
 20
-118.8526363604784
 30
0.0
 11
1374.134129173263
 21
-119.8349128477017
 31
0.0
  0
LINE
  5
2EDC52
330
11F692
100
AcDbEntity
  8
LINE
100
AcDbLine
 10
1380.134129173263
 20
-122.6999128477017
 30
0.0
 11
1380.134129173263
 21
-131.0299128477017
 31
0.0
  0
LINE
  5
2EDC53
330
11F692
100
AcDbEntity
  8
LINE2
100
AcDbLine
 10
1376.134129173263
 20
-131.5210510913136
 30
0.0
 11
1376.134129173263
 21
-133.0349128477017
 31
0.0
  0
LINE
  5
2EDC54
330
11F692
100
AcDbEntity
  8
LINE3
100
AcDbLine
 10
1377.134129173263
 20
-137.0599128477017
 30
0.0
 11
1377.134129173263
 21
-148.2099128477017
 31
0.0
  0
LINE
  5
2EDC55
330
11F692
100
AcDbEntity
  8
LINE9
100
AcDbLine
 10
1374.134129173263
 20
-119.8349128477017
 30
0.0
 11
1374.134129173263
 21
-148.5782665304103
 31
0.0
  0
LINE
  5
2EDC56
330
11F692
100
AcDbEntity
  8
LINE6
100
AcDbLine
 10
1370.134129173263
 20
-132.3883094779507
 30
0.0
 11
1370.134129173263
 21
-134.2765162174535
 31
0.0
  0
LINE
  5
2EDC57
330
11F692
100
AcDbEntity
  8
LINE
100
AcDbLine
 10
1380.134129173263
 20
-131.0299128477017
 30
0.0
 11
1366.134129173263
 21
-132.7488967003434
 31
0.0
  0
LINE
  5
2EDC58
330
11F692
100
AcDbEntity
  8
LINE3
100
AcDbLine
 10
1377.134129173263
 20
-148.2099128477017
 30
0.0
 11
1366.134129173263
 21
-149.5605430176337
 31
0.0
  0
LINE
  5
2EDC59
330
11F692
100
AcDbEntity
  8
LINE3
100
AcDbLine
 10
1377.134129173263
 20
-137.0599128477017
 30
0.0
 11
1374.134129173263
 21
-136.6915591649931
 31
0.0
  0
LINE
  5
2EDC5A
330
11F692
100
AcDbEntity
  8
LINE
100
AcDbLine
 10
1380.134129173263
 20
-122.6999128477017
 30
0.0
 11
1366.134129173263
 21
-120.9809289950598
 31
0.0
  0
LINE
  5
2EDC5B
330
11F692
100
AcDbEntity
  8
LINE
100
AcDbLine
 10
1370.134129173263
 20
-134.2765162174535
 30
0.0
 11
1374.134129173263
 21
-134.2765162174535
 31
0.0
  0
LINE
  5
2EDC5C
330
11F692
100
AcDbEntity
  8
LINE
100
AcDbLine
 10
1370.134129173263
 20
-132.3883094779507
 30
0.0
 11
1374.134129173263
 21
-132.3883094779507
 31
0.0
  0
LINE
  5
2EDC5D
330
11F692
100
AcDbEntity
  8
LINE5
100
AcDbLine
 10
1367.634129173264
 20
-102.6463661762792
 30
0.0
 11
1367.634129173263
 21
-119.0368132018328
 31
0.0
  0
LINE
  5
2EDC5E
330
11F692
100
AcDbEntity
  8
CENTER
100
AcDbLine
 10
1149.418728827514
 20
-242.2374806237095
 30
0.0
 11
1149.418728827514
 21
-261.9192886971652
 31
0.0
  0
LINE
  5
2EDC5F
330
11F692
100
AcDbEntity
  8
LINE9
100
AcDbLine
 10
1144.648728827514
 20
-253.2169287080394
 30
0.0
 11
1154.188728827514
 21
-253.2169287080394
 31
0.0
  0
LINE
  5
2EDC60
330
11F692
100
AcDbEntity
  8
LINE6
100
AcDbLine
 10
1153.419468154508
 20
-249.2169287080394
 30
0.0
 11
1154.679867071126
 21
-249.2169287080394
 31
0.0
  0
LINE
  5
2EDC61
330
11F692
100
AcDbEntity
  8
LINE2
100
AcDbLine
 10
1148.299867071125
 20
-255.2169287080394
 30
0.0
 11
1144.894297949319
 21
-255.2169287080394
 31
0.0
  0
LINE
  5
2EDC62
330
11F692
100
AcDbEntity
  8
LINE3
100
AcDbLine
 10
1153.820375144805
 20
-256.2169287080394
 30
0.0
 11
1145.017082510223
 21
-256.2169287080394
 31
0.0
  0
LINE
  5
2EDC63
330
11F692
100
AcDbEntity
  8
LINE9
100
AcDbLine
 10
1155.171005314737
 20
-245.2169287080394
 30
0.0
 11
1153.820375144805
 21
-256.2169287080394
 31
0.0
  0
LINE
  5
2EDC64
330
11F692
100
AcDbEntity
  8
LINE9
100
AcDbLine
 10
1143.666452340291
 20
-245.2169287080394
 30
0.0
 11
1145.017082510223
 21
-256.2169287080394
 31
0.0
  0
LINE
  5
2EDC65
330
11F692
100
AcDbEntity
  8
LINE9
100
AcDbLine
 10
1153.419468154508
 20
-249.2169287080394
 30
0.0
 11
1153.419468154508
 21
-253.2169287080394
 31
0.0
  0
LINE
  5
2EDC66
330
11F692
100
AcDbEntity
  8
LINE
100
AcDbLine
 10
1150.292021462096
 20
-253.2169287080394
 30
0.0
 11
1151.028728827514
 21
-259.2169287080394
 31
0.0
  0
LINE
  5
2EDC67
330
11F692
100
AcDbEntity
  8
LINE
100
AcDbLine
 10
1148.545436192931
 20
-253.2169287080394
 30
0.0
 11
1147.808728827513
 21
-259.2169287080394
 31
0.0
  0
LINE
  5
2EDC68
330
11F692
100
AcDbEntity
  8
LINE2
100
AcDbLine
 10
1376.134129173263
 20
-133.0349128477017
 30
0.0
 11
1374.134129173263
 21
-133.2804819695077
 31
0.0
  0
LINE
  5
2EDC69
330
11F692
100
AcDbEntity
  8
CENTER
100
AcDbLine
 10
1383.779990722459
 20
-84.6549128477017
 30
0.0
 11
1363.507199099603
 21
-84.6549128477017
 31
0.0
  0
LINE
  5
2EDC6A
330
11F692
100
AcDbEntity
  8
LINE9
100
AcDbLine
 10
1366.134129173263
 20
-72.12263636047841
 30
0.0
 11
1374.134129173263
 21
-73.10491284770172
 31
0.0
  0
LINE
  5
2EDC6B
330
11F692
100
AcDbEntity
  8
LINE
100
AcDbLine
 10
1380.134129173263
 20
-75.96991284770175
 30
0.0
 11
1380.134129173263
 21
-84.29991284770171
 31
0.0
  0
LINE
  5
2EDC6C
330
11F692
100
AcDbEntity
  8
LINE2
100
AcDbLine
 10
1376.134129173263
 20
-84.79105109131358
 30
0.0
 11
1376.134129173263
 21
-86.30491284770176
 31
0.0
  0
LINE
  5
2EDC6D
330
11F692
100
AcDbEntity
  8
LINE3
100
AcDbLine
 10
1377.134129173263
 20
-90.32991284770174
 30
0.0
 11
1377.134129173263
 21
-101.4799128477017
 31
0.0
  0
LINE
  5
2EDC6E
330
11F692
100
AcDbEntity
  8
LINE9
100
AcDbLine
 10
1374.134129173263
 20
-73.10491284770172
 30
0.0
 11
1374.134129173263
 21
-101.8482665304103
 31
0.0
  0
LINE
  5
2EDC6F
330
11F692
100
AcDbEntity
  8
LINE6
100
AcDbLine
 10
1370.134129173263
 20
-85.65830947795069
 30
0.0
 11
1370.134129173263
 21
-87.54651621745352
 31
0.0
  0
LINE
  5
2EDC70
330
11F692
100
AcDbEntity
  8
LINE
100
AcDbLine
 10
1380.134129173263
 20
-84.29991284770171
 30
0.0
 11
1366.134129173263
 21
-86.01889670034342
 31
0.0
  0
LINE
  5
2EDC71
330
11F692
100
AcDbEntity
  8
LINE3
100
AcDbLine
 10
1377.134129173263
 20
-101.4799128477017
 30
0.0
 11
1366.134129173263
 21
-102.8305430176337
 31
0.0
  0
LINE
  5
2EDC72
330
11F692
100
AcDbEntity
  8
LINE3
100
AcDbLine
 10
1377.134129173263
 20
-90.32991284770174
 30
0.0
 11
1374.134129173263
 21
-89.9615591649931
 31
0.0
  0
LINE
  5
2EDC73
330
11F692
100
AcDbEntity
  8
LINE
100
AcDbLine
 10
1380.134129173263
 20
-75.96991284770175
 30
0.0
 11
1366.134129173263
 21
-74.25092899505981
 31
0.0
  0
LINE
  5
2EDC74
330
11F692
100
AcDbEntity
  8
LINE
100
AcDbLine
 10
1370.134129173263
 20
-87.54651621745352
 30
0.0
 11
1374.134129173263
 21
-87.54651621745352
 31
0.0
  0
LINE
  5
2EDC75
330
11F692
100
AcDbEntity
  8
LINE
100
AcDbLine
 10
1370.134129173263
 20
-85.65830947795069
 30
0.0
 11
1374.134129173263
 21
-85.65830947795069
 31
0.0
  0
LINE
  5
2EDC76
330
11F692
100
AcDbEntity
  8
LINE2
100
AcDbLine
 10
1376.134129173263
 20
-86.30491284770176
 30
0.0
 11
1374.134129173263
 21
-86.55048196950771
 31
0.0
  0
LINE
  5
2EDCC2
330
11F692
100
AcDbEntity
  8
CENTER
100
AcDbLine
 10
1169.008728827514
 20
-242.2374806237095
 30
0.0
 11
1169.008728827514
 21
-261.9192886971652
 31
0.0
  0
LINE
  5
2EDCC3
330
11F692
100
AcDbEntity
  8
LINE9
100
AcDbLine
 10
1164.238728827514
 20
-253.2169287080394
 30
0.0
 11
1173.778728827514
 21
-253.2169287080394
 31
0.0
  0
LINE
  5
2EDCC4
330
11F692
100
AcDbEntity
  8
LINE6
100
AcDbLine
 10
1173.009468154508
 20
-249.2169287080394
 30
0.0
 11
1174.269867071125
 21
-249.2169287080394
 31
0.0
  0
LINE
  5
2EDCC5
330
11F692
100
AcDbEntity
  8
LINE2
100
AcDbLine
 10
1167.889867071125
 20
-255.2169287080394
 30
0.0
 11
1164.484297949319
 21
-255.2169287080394
 31
0.0
  0
LINE
  5
2EDCC6
330
11F692
100
AcDbEntity
  8
LINE3
100
AcDbLine
 10
1173.410375144805
 20
-256.2169287080394
 30
0.0
 11
1164.607082510222
 21
-256.2169287080394
 31
0.0
  0
LINE
  5
2EDCC7
330
11F692
100
AcDbEntity
  8
LINE9
100
AcDbLine
 10
1174.761005314737
 20
-245.2169287080394
 30
0.0
 11
1173.410375144805
 21
-256.2169287080394
 31
0.0
  0
LINE
  5
2EDCC8
330
11F692
100
AcDbEntity
  8
LINE9
100
AcDbLine
 10
1163.256452340291
 20
-245.2169287080394
 30
0.0
 11
1164.607082510222
 21
-256.2169287080394
 31
0.0
  0
LINE
  5
2EDCC9
330
11F692
100
AcDbEntity
  8
LINE9
100
AcDbLine
 10
1173.009468154508
 20
-249.2169287080394
 30
0.0
 11
1173.009468154508
 21
-253.2169287080394
 31
0.0
  0
LINE
  5
2EDCCA
330
11F692
100
AcDbEntity
  8
LINE
100
AcDbLine
 10
1169.882021462096
 20
-253.2169287080394
 30
0.0
 11
1170.618728827514
 21
-259.2169287080394
 31
0.0
  0
LINE
  5
2EDCCB
330
11F692
100
AcDbEntity
  8
LINE
100
AcDbLine
 10
1168.135436192931
 20
-253.2169287080394
 30
0.0
 11
1167.398728827513
 21
-259.2169287080394
 31
0.0
  0
ARC
  5
2EDCCC
330
11F692
100
AcDbEntity
  8
LINE5
100
AcDbCircle
 10
1169.008728827514
 20
-244.3169287080394
 30
0.0
 40
2.399999999999999
100
AcDbArc
 50
202.0243128370428
 51
337.9756871629571
  0
LINE
  5
2EDCCD
330
11F692
100
AcDbEntity
  8
CENTER
100
AcDbLine
 10
1188.598728827514
 20
-242.2374806237095
 30
0.0
 11
1188.598728827514
 21
-261.9192886971652
 31
0.0
  0
LINE
  5
2EDCCE
330
11F692
100
AcDbEntity
  8
LINE9
100
AcDbLine
 10
1183.828728827514
 20
-253.2169287080394
 30
0.0
 11
1193.368728827514
 21
-253.2169287080394
 31
0.0
  0
LINE
  5
2EDCCF
330
11F692
100
AcDbEntity
  8
LINE6
100
AcDbLine
 10
1192.599468154508
 20
-249.2169287080394
 30
0.0
 11
1193.859867071126
 21
-249.2169287080394
 31
0.0
  0
LINE
  5
2EDCD0
330
11F692
100
AcDbEntity
  8
LINE2
100
AcDbLine
 10
1187.479867071125
 20
-255.2169287080394
 30
0.0
 11
1184.07429794932
 21
-255.2169287080394
 31
0.0
  0
LINE
  5
2EDCD1
330
11F692
100
AcDbEntity
  8
LINE3
100
AcDbLine
 10
1193.000375144805
 20
-256.2169287080394
 30
0.0
 11
1184.197082510223
 21
-256.2169287080394
 31
0.0
  0
LINE
  5
2EDCD2
330
11F692
100
AcDbEntity
  8
LINE9
100
AcDbLine
 10
1194.351005314737
 20
-245.2169287080394
 30
0.0
 11
1193.000375144805
 21
-256.2169287080394
 31
0.0
  0
LINE
  5
2EDCD3
330
11F692
100
AcDbEntity
  8
LINE9
100
AcDbLine
 10
1182.846452340291
 20
-245.2169287080394
 30
0.0
 11
1184.197082510223
 21
-256.2169287080394
 31
0.0
  0
LINE
  5
2EDCD4
330
11F692
100
AcDbEntity
  8
LINE9
100
AcDbLine
 10
1192.599468154508
 20
-249.2169287080394
 30
0.0
 11
1192.599468154508
 21
-253.2169287080394
 31
0.0
  0
LINE
  5
2EDCD5
330
11F692
100
AcDbEntity
  8
LINE
100
AcDbLine
 10
1189.472021462096
 20
-253.2169287080394
 30
0.0
 11
1190.208728827514
 21
-259.2169287080394
 31
0.0
  0
LINE
  5
2EDCD6
330
11F692
100
AcDbEntity
  8
LINE
100
AcDbLine
 10
1187.725436192931
 20
-253.2169287080394
 30
0.0
 11
1186.988728827513
 21
-259.2169287080394
 31
0.0
  0
LINE
  5
2EDCD7
330
11F692
100
AcDbEntity
  8
CENTER
100
AcDbLine
 10
1208.188728827514
 20
-242.2374806237095
 30
0.0
 11
1208.188728827514
 21
-261.9192886971652
 31
0.0
  0
LINE
  5
2EDCD8
330
11F692
100
AcDbEntity
  8
LINE9
100
AcDbLine
 10
1203.418728827514
 20
-253.2169287080394
 30
0.0
 11
1212.958728827514
 21
-253.2169287080394
 31
0.0
  0
LINE
  5
2EDCD9
330
11F692
100
AcDbEntity
  8
LINE6
100
AcDbLine
 10
1212.189468154508
 20
-249.2169287080394
 30
0.0
 11
1213.449867071126
 21
-249.2169287080394
 31
0.0
  0
LINE
  5
2EDCDA
330
11F692
100
AcDbEntity
  8
LINE2
100
AcDbLine
 10
1207.069867071125
 20
-255.2169287080394
 30
0.0
 11
1203.664297949319
 21
-255.2169287080394
 31
0.0
  0
LINE
  5
2EDCDB
330
11F692
100
AcDbEntity
  8
LINE3
100
AcDbLine
 10
1212.590375144805
 20
-256.2169287080394
 30
0.0
 11
1203.787082510223
 21
-256.2169287080394
 31
0.0
  0
LINE
  5
2EDCDC
330
11F692
100
AcDbEntity
  8
LINE9
100
AcDbLine
 10
1213.941005314737
 20
-245.2169287080394
 30
0.0
 11
1212.590375144805
 21
-256.2169287080394
 31
0.0
  0
LINE
  5
2EDCDD
330
11F692
100
AcDbEntity
  8
LINE9
100
AcDbLine
 10
1202.436452340291
 20
-245.2169287080394
 30
0.0
 11
1203.787082510223
 21
-256.2169287080394
 31
0.0
  0
LINE
  5
2EDCDE
330
11F692
100
AcDbEntity
  8
LINE9
100
AcDbLine
 10
1212.189468154508
 20
-249.2169287080394
 30
0.0
 11
1212.189468154508
 21
-253.2169287080394
 31
0.0
  0
LINE
  5
2EDCDF
330
11F692
100
AcDbEntity
  8
LINE
100
AcDbLine
 10
1209.062021462096
 20
-253.2169287080394
 30
0.0
 11
1209.798728827514
 21
-259.2169287080394
 31
0.0
  0
LINE
  5
2EDCE0
330
11F692
100
AcDbEntity
  8
LINE
100
AcDbLine
 10
1207.315436192931
 20
-253.2169287080394
 30
0.0
 11
1206.578728827513
 21
-259.2169287080394
 31
0.0
  0
LINE
  5
2EDCE1
330
11F692
100
AcDbEntity
  8
CENTER
100
AcDbLine
 10
1227.778728827514
 20
-242.2374806237095
 30
0.0
 11
1227.778728827514
 21
-261.9192886971652
 31
0.0
  0
LINE
  5
2EDCE2
330
11F692
100
AcDbEntity
  8
LINE9
100
AcDbLine
 10
1223.008728827514
 20
-253.2169287080394
 30
0.0
 11
1232.548728827514
 21
-253.2169287080394
 31
0.0
  0
LINE
  5
2EDCE3
330
11F692
100
AcDbEntity
  8
LINE6
100
AcDbLine
 10
1231.779468154508
 20
-249.2169287080394
 30
0.0
 11
1233.039867071126
 21
-249.2169287080394
 31
0.0
  0
LINE
  5
2EDCE4
330
11F692
100
AcDbEntity
  8
LINE2
100
AcDbLine
 10
1226.659867071125
 20
-255.2169287080394
 30
0.0
 11
1223.254297949319
 21
-255.2169287080394
 31
0.0
  0
LINE
  5
2EDCE5
330
11F692
100
AcDbEntity
  8
LINE3
100
AcDbLine
 10
1232.180375144805
 20
-256.2169287080394
 30
0.0
 11
1223.377082510223
 21
-256.2169287080394
 31
0.0
  0
LINE
  5
2EDCE6
330
11F692
100
AcDbEntity
  8
LINE9
100
AcDbLine
 10
1233.531005314737
 20
-245.2169287080394
 30
0.0
 11
1232.180375144805
 21
-256.2169287080394
 31
0.0
  0
LINE
  5
2EDCE7
330
11F692
100
AcDbEntity
  8
LINE9
100
AcDbLine
 10
1222.026452340291
 20
-245.2169287080394
 30
0.0
 11
1223.377082510223
 21
-256.2169287080394
 31
0.0
  0
LINE
  5
2EDCE8
330
11F692
100
AcDbEntity
  8
LINE9
100
AcDbLine
 10
1231.779468154508
 20
-249.2169287080394
 30
0.0
 11
1231.779468154508
 21
-253.2169287080394
 31
0.0
  0
LINE
  5
2EDCE9
330
11F692
100
AcDbEntity
  8
LINE
100
AcDbLine
 10
1228.652021462096
 20
-253.2169287080394
 30
0.0
 11
1229.388728827514
 21
-259.2169287080394
 31
0.0
  0
LINE
  5
2EDCEA
330
11F692
100
AcDbEntity
  8
LINE
100
AcDbLine
 10
1226.905436192931
 20
-253.2169287080394
 30
0.0
 11
1226.168728827513
 21
-259.2169287080394
 31
0.0
  0
LINE
  5
2EDCEB
330
11F692
100
AcDbEntity
  8
CENTER
100
AcDbLine
 10
1247.368728827514
 20
-242.2374806237095
 30
0.0
 11
1247.368728827514
 21
-261.9192886971652
 31
0.0
  0
LINE
  5
2EDCEC
330
11F692
100
AcDbEntity
  8
LINE9
100
AcDbLine
 10
1242.598728827514
 20
-253.2169287080394
 30
0.0
 11
1252.138728827514
 21
-253.2169287080394
 31
0.0
  0
LINE
  5
2EDCED
330
11F692
100
AcDbEntity
  8
LINE6
100
AcDbLine
 10
1251.369468154508
 20
-249.2169287080394
 30
0.0
 11
1252.629867071126
 21
-249.2169287080394
 31
0.0
  0
LINE
  5
2EDCEE
330
11F692
100
AcDbEntity
  8
LINE2
100
AcDbLine
 10
1246.249867071125
 20
-255.2169287080394
 30
0.0
 11
1242.844297949319
 21
-255.2169287080394
 31
0.0
  0
LINE
  5
2EDCEF
330
11F692
100
AcDbEntity
  8
LINE3
100
AcDbLine
 10
1251.770375144805
 20
-256.2169287080394
 30
0.0
 11
1242.967082510223
 21
-256.2169287080394
 31
0.0
  0
LINE
  5
2EDCF0
330
11F692
100
AcDbEntity
  8
LINE9
100
AcDbLine
 10
1253.121005314737
 20
-245.2169287080394
 30
0.0
 11
1251.770375144805
 21
-256.2169287080394
 31
0.0
  0
LINE
  5
2EDCF1
330
11F692
100
AcDbEntity
  8
LINE9
100
AcDbLine
 10
1241.616452340291
 20
-245.2169287080394
 30
0.0
 11
1242.967082510223
 21
-256.2169287080394
 31
0.0
  0
LINE
  5
2EDCF2
330
11F692
100
AcDbEntity
  8
LINE9
100
AcDbLine
 10
1251.369468154508
 20
-249.2169287080394
 30
0.0
 11
1251.369468154508
 21
-253.2169287080394
 31
0.0
  0
LINE
  5
2EDCF3
330
11F692
100
AcDbEntity
  8
LINE
100
AcDbLine
 10
1248.242021462096
 20
-253.2169287080394
 30
0.0
 11
1248.978728827514
 21
-259.2169287080394
 31
0.0
  0
LINE
  5
2EDCF4
330
11F692
100
AcDbEntity
  8
LINE
100
AcDbLine
 10
1246.495436192931
 20
-253.2169287080394
 30
0.0
 11
1245.758728827513
 21
-259.2169287080394
 31
0.0
  0
ARC
  5
2EDD6D
330
11F692
100
AcDbEntity
  8
LINE5
100
AcDbCircle
 10
1227.778728827514
 20
-244.3169287080394
 30
0.0
 40
2.399999999999999
100
AcDbArc
 50
202.0243128370428
 51
337.9756871629571
  0
LINE
  5
2EDD72
330
11F692
100
AcDbEntity
  8
SECTION
100
AcDbLine
 10
1166.783869281385
 20
-118.3318187215964
 30
0.0
 11
1166.783869281385
 21
-102.8305430176336
 31
0.0
  0
LINE
  5
2EDD73
330
11F692
100
AcDbEntity
  8
SECTION
100
AcDbLine
 10
1171.233588373643
 20
-118.3318187215965
 30
0.0
 11
1171.233588373643
 21
-102.8305430176336
 31
0.0
  0
ARC
  5
2EDD74
330
11F692
100
AcDbEntity
  8
LINE5
100
AcDbCircle
 10
1169.008728827514
 20
-116.1766262031115
 30
0.0
 40
13.53026002683222
100
AcDbArc
 50
80.53553770024793
 51
99.46446229975208
  0
ARC
  5
2EDD75
330
11F692
100
AcDbEntity
  8
LINE5
100
AcDbCircle
 10
1169.008728827514
 20
-115.1736501772529
 30
0.0
 40
3.8631630245799
100
AcDbArc
 50
234.8361554986818
 51
305.1638445013121
  0
LINE
  5
2EDD8A
330
11F692
100
AcDbEntity
  8
SECTION
100
AcDbLine
 10
1225.553869281385
 20
-118.3318187215964
 30
0.0
 11
1225.553869281385
 21
-102.8305430176336
 31
0.0
  0
LINE
  5
2EDD8B
330
11F692
100
AcDbEntity
  8
SECTION
100
AcDbLine
 10
1230.003588373643
 20
-118.3318187215965
 30
0.0
 11
1230.003588373643
 21
-102.8305430176336
 31
0.0
  0
ARC
  5
2EDD8C
330
11F692
100
AcDbEntity
  8
LINE5
100
AcDbCircle
 10
1227.778728827514
 20
-116.1766262031115
 30
0.0
 40
13.53026002683222
100
AcDbArc
 50
80.53553770024793
 51
99.46446229975208
  0
ARC
  5
2EDD8D
330
11F692
100
AcDbEntity
  8
LINE5
100
AcDbCircle
 10
1227.778728827514
 20
-115.1736501772529
 30
0.0
 40
3.8631630245799
100
AcDbArc
 50
234.8361554986818
 51
305.1638445013121
  0
LINE
  5
2EDE1E
330
11F692
100
AcDbEntity
  8
CENTER
100
AcDbLine
 10
1227.778728827514
 20
-72.12263636047868
 30
0.0
 11
1227.778728827514
 21
-149.5605430176336
 31
0.0
  0
LINE
  5
2EDE1F
330
11F692
100
AcDbEntity
  8
CENTER
100
AcDbLine
 10
1208.188728827514
 20
-72.12263636047868
 30
0.0
 11
1208.188728827514
 21
-149.5605430176336
 31
0.0
  0
LINE
  5
2EDE20
330
11F692
100
AcDbEntity
  8
CENTER
100
AcDbLine
 10
1188.598728827514
 20
-72.12263636047868
 30
0.0
 11
1188.598728827514
 21
-149.5605430176336
 31
0.0
  0
LINE
  5
2EDE21
330
11F692
100
AcDbEntity
  8
CENTER
100
AcDbLine
 10
1169.008728827514
 20
-72.12263636047868
 30
0.0
 11
1169.008728827514
 21
-149.5605430176336
 31
0.0
  0
LINE
  5
2EDE22
330
11F692
100
AcDbEntity
  8
CENTER
100
AcDbLine
 10
1149.418728827514
 20
-72.12263636047868
 30
0.0
 11
1149.418728827514
 21
-149.5605430176336
 31
0.0
  0
LWPOLYLINE
  5
2EDE33
330
11F692
100
AcDbEntity
  8
LINE
100
AcDbPolyline
 90
        8
 70
     1
 43
0.0
 10
1146.238728827514
 20
-160.0599128477017
 10
1146.238728827514
 20
-156.9999128477017
 42
-0.4142135623730951
 10
1149.638728827514
 20
-153.5999128477017
 10
1163.738728827514
 20
-153.5999128477017
 42
-0.4142135623730951
 10
1167.138728827514
 20
-156.9999128477017
 10
1167.138728827514
 20
-160.0599128477017
 42
-0.4142135623730951
 10
1163.738728827514
 20
-163.4599128477018
 10
1149.638728827514
 20
-163.4599128477018
 42
-0.4142135623730951
  0
LWPOLYLINE
  5
2EDE34
330
11F692
100
AcDbEntity
  8
LINE
100
AcDbPolyline
 90
        8
 70
     1
 43
0.0
 10
1174.378728827514
 20
-160.0599128477017
 10
1174.378728827514
 20
-156.9999128477017
 42
-0.4142135623730951
 10
1177.778728827514
 20
-153.5999128477017
 10
1191.878728827514
 20
-153.5999128477017
 42
-0.4142135623730951
 10
1195.278728827514
 20
-156.9999128477017
 10
1195.278728827514
 20
-160.0599128477017
 42
-0.4142135623730951
 10
1191.878728827514
 20
-163.4599128477018
 10
1177.778728827514
 20
-163.4599128477018
 42
-0.4142135623730951
  0
LWPOLYLINE
  5
2EDE35
330
11F692
100
AcDbEntity
  8
LINE12
100
AcDbPolyline
 90
        8
 70
     1
 43
0.0
 10
1145.438728827514
 20
-160.0599128477017
 10
1145.438728827514
 20
-156.9999128477017
 42
-0.4142135623730891
 10
1149.638728827514
 20
-152.7999128477017
 10
1191.878728827514
 20
-152.799912847702
 42
-0.4142135623730971
 10
1196.078728827514
 20
-156.9999128477017
 10
1196.078728827514
 20
-160.0599128477017
 42
-0.4142135623730971
 10
1191.878728827514
 20
-164.2599128477017
 10
1149.638728827514
 20
-164.2599128477017
 42
-0.4142135623730889
  0
LWPOLYLINE
  5
2EDE36
330
11F692
100
AcDbEntity
  8
SECTION
100
AcDbPolyline
 90
        4
 70
     0
 43
0.0
 10
1195.363117195626
 20
-163.7452747718639
 42
-0.1916393334194734
 10
1191.878728827514
 20
-165.1316832301123
 10
1149.638728827514
 20
-165.1316832301124
 42
-0.4142135623704853
 10
1144.56695844512
 20
-160.05991284773
  0
LWPOLYLINE
  5
2EDE37
330
11F692
100
AcDbEntity
  8
SECTION
100
AcDbPolyline
 90
        4
 70
     0
 43
0.0
 10
1144.566958445103
 20
-156.9999128477299
 42
-0.4142135623747298
 10
1149.638728827514
 20
-151.928142465291
 10
1191.878728827514
 20
-151.9281424652914
 42
-0.1916393334194686
 10
1195.363117195626
 20
-153.3145509235396
 42
-0.1916393334194686
  0
LWPOLYLINE
  5
2EDE38
330
11F692
100
AcDbEntity
  8
LINE
100
AcDbPolyline
 90
        8
 70
     1
 43
0.0
 10
1201.508728827514
 20
-160.0599128477017
 10
1201.508728827514
 20
-156.9999128477017
 42
-0.4142135623730951
 10
1204.908728827514
 20
-153.5999128477017
 10
1219.008728827514
 20
-153.5999128477017
 42
-0.4142135623730951
 10
1222.408728827514
 20
-156.9999128477017
 10
1222.408728827514
 20
-160.0599128477017
 42
-0.4142135623730951
 10
1219.008728827514
 20
-163.4599128477018
 10
1204.908728827514
 20
-163.4599128477018
 42
-0.4142135623730951
  0
LWPOLYLINE
  5
2EDE39
330
11F692
100
AcDbEntity
  8
LINE
100
AcDbPolyline
 90
        8
 70
     1
 43
0.0
 10
1229.648728827514
 20
-160.0599128477017
 10
1229.648728827514
 20
-156.9999128477017
 42
-0.4142135623730951
 10
1233.048728827514
 20
-153.5999128477017
 10
1247.148728827514
 20
-153.5999128477017
 42
-0.4142135623730951
 10
1250.548728827514
 20
-156.9999128477017
 10
1250.548728827514
 20
-160.0599128477017
 42
-0.4142135623730951
 10
1247.148728827514
 20
-163.4599128477018
 10
1233.048728827514
 20
-163.4599128477018
 42
-0.4142135623730951
  0
LWPOLYLINE
  5
2EDE3A
330
11F692
100
AcDbEntity
  8
LINE12
100
AcDbPolyline
 90
        8
 70
     1
 43
0.0
 10
1200.708728827514
 20
-160.0599128477017
 10
1200.708728827514
 20
-156.9999128477017
 42
-0.4142135623730891
 10
1204.908728827514
 20
-152.7999128477017
 10
1247.148728827514
 20
-152.799912847702
 42
-0.4142135623730971
 10
1251.348728827514
 20
-156.9999128477017
 10
1251.348728827514
 20
-160.0599128477017
 42
-0.4142135623730971
 10
1247.148728827514
 20
-164.2599128477017
 10
1204.908728827514
 20
-164.2599128477017
 42
-0.4142135623730889
  0
LWPOLYLINE
  5
2EDE3B
330
11F692
100
AcDbEntity
  8
SECTION
100
AcDbPolyline
 90
        8
 70
     0
 43
0.0
 10
1201.424340459402
 20
-153.3145509235396
 42
-0.1916393334194754
 10
1204.908728827514
 20
-151.928142465291
 10
1247.148728827514
 20
-151.9281424652914
 42
-0.4142135623731066
 10
1252.220499209925
 20
-156.9999128477017
 10
1252.220499209925
 20
-160.0599128477017
 42
-0.4142135623731049
 10
1247.148728827514
 20
-165.1316832301123
 10
1204.908728827514
 20
-165.1316832301124
 42
-0.1916393334194611
 10
1201.424340459402
 20
-163.7452747718639
 42
-0.1916393334194611
  0
LINE
  5
2EDE3C
330
11F692
100
AcDbEntity
  8
LINE11
100
AcDbLine
 10
1230.032081146475
 20
-155.4315261707359
 30
0.0
 11
1222.025376508553
 21
-155.4315261707359
 31
0.0
  0
LINE
  5
2EDE3D
330
11F692
100
AcDbEntity
  8
LINE11
100
AcDbLine
 10
1230.032081146475
 20
-161.6282995246677
 30
0.0
 11
1222.025376508552
 21
-161.6282995246677
 31
0.0
  0
LINE
  5
2EDE3E
330
11F692
100
AcDbEntity
  8
SECTION
100
AcDbLine
 10
1201.424340459402
 20
-153.3145509235396
 30
0.0
 11
1195.363117195626
 21
-153.3145509235396
 31
0.0
  0
LINE
  5
2EDE3F
330
11F692
100
AcDbEntity
  8
SECTION
100
AcDbLine
 10
1195.363117195626
 20
-163.7452747718639
 30
0.0
 11
1201.424340459402
 21
-163.7452747718639
 31
0.0
  0
ARC
  5
2EDE40
330
11F692
100
AcDbEntity
  8
LINE10
100
AcDbCircle
 10
1183.664342081873
 20
-158.5299128477018
 30
0.0
 40
12.80864314289992
100
AcDbArc
 50
335.9724911843168
 51
24.02750881568364
  0
ARC
  5
2EDE41
330
11F692
100
AcDbEntity
  8
LINE10
100
AcDbCircle
 10
1213.123115573156
 20
-158.5299128477014
 30
0.0
 40
12.80864314290063
100
AcDbArc
 50
155.972491184319
 51
204.0275088156836
  0
LINE
  5
2EDE42
330
11F692
100
AcDbEntity
  8
SECTION
100
AcDbLine
 10
1144.56695844512
 20
-160.0599128477018
 30
0.0
 11
1144.566958445103
 21
-156.9999128477017
 31
0.0
  0
LWPOLYLINE
  5
2EDE53
330
11F692
100
AcDbEntity
  8
LINE
100
AcDbPolyline
 90
        4
 70
     1
 43
0.0
 10
1093.393728827514
 20
-188.0199128477016
 10
1303.393728827514
 20
-188.0199128477016
 10
1303.393728827514
 20
-28.01991284770166
 10
1093.393728827514
 20
-28.01991284770166
  0
LINE
  5
2EDE9F
330
11F692
100
AcDbEntity
  8
LINE9
100
AcDbLine
 10
1252.338728827514
 20
-121.9632054822842
 30
0.0
 11
1250.978728827514
 21
-121.9632054822842
 31
0.0
  0
ARC
  5
2EDEA0
330
11F692
100
AcDbEntity
  8
LINE9
100
AcDbCircle
 10
1252.338728827514
 20
-121.7632054822842
 30
0.0
 40
0.2
100
AcDbArc
 50
180.0
 51
270.0
  0
ARC
  5
2EDEA1
330
11F692
100
AcDbEntity
  8
SECTION
100
AcDbCircle
 10
1253.321005314737
 20
-120.7809289950611
 30
0.0
 40
0.2
100
AcDbArc
 50
180.000000000013
 51
270.0
  0
LINE
  5
2EDEA2
330
11F692
100
AcDbEntity
  8
LINE9
100
AcDbLine
 10
1243.758728827514
 20
-121.9632054822842
 30
0.0
 11
1242.398728827514
 21
-121.9632054822842
 31
0.0
  0
LINE
  5
2EDEA3
330
11F692
100
AcDbEntity
  8
LINE9
100
AcDbLine
 10
1252.837399649157
 20
-131.7666202131191
 30
0.0
 11
1250.978728827514
 21
-131.7666202131191
 31
0.0
  0
LINE
  5
2EDEA4
330
11F692
100
AcDbEntity
  8
LINE6
100
AcDbLine
 10
1253.229867071126
 20
-132.2577584567308
 30
0.0
 11
1252.522873154848
 21
-132.2577584567308
 31
0.0
  0
ARC
  5
2EDEA5
330
11F692
100
AcDbEntity
  8
LINE6
100
AcDbCircle
 10
1253.229867071126
 20
-132.8577584567308
 30
0.0
 40
0.6
100
AcDbArc
 50
90.0
 51
180.0
  0
ARC
  5
2EDEA6
330
11F692
100
AcDbEntity
  8
SECTION
100
AcDbCircle
 10
1253.229867071126
 20
-132.8577584567308
 30
0.0
 40
0.1088617563885691
100
AcDbArc
 50
90.0
 51
180.0
  0
LINE
  5
2EDEA7
330
11F692
100
AcDbEntity
  8
LINE2
100
AcDbLine
 10
1243.758728827514
 20
-131.5210510913132
 30
0.0
 11
1241.571617433834
 21
-131.5210510913132
 31
0.0
  0
LINE
  5
2EDEA8
330
11F692
100
AcDbEntity
  8
LINE
100
AcDbLine
 10
1245.758728827514
 20
-124.6999128477017
 30
0.0
 11
1245.758728827514
 21
-129.0299128477017
 31
0.0
  0
LINE
  5
2EDEA9
330
11F692
100
AcDbEntity
  8
LINE9
100
AcDbLine
 10
1246.495436192931
 20
-124.6999128477017
 30
0.0
 11
1246.495436192931
 21
-131.4349128477017
 31
0.0
  0
LINE
  5
2EDEAA
330
11F692
100
AcDbEntity
  8
LINE
100
AcDbLine
 10
1248.978728827514
 20
-124.6999128477017
 30
0.0
 11
1248.978728827514
 21
-129.0299128477017
 31
0.0
  0
LINE
  5
2EDEAB
330
11F692
100
AcDbEntity
  8
LINE9
100
AcDbLine
 10
1248.242021462096
 20
-124.6999128477017
 30
0.0
 11
1248.242021462096
 21
-129.0299128477017
 31
0.0
  0
ARC
  5
2EDEAC
330
11F692
100
AcDbEntity
  8
LINE
100
AcDbCircle
 10
1243.758728827514
 20
-124.6999128477017
 30
0.0
 40
2.0
100
AcDbArc
 50
0.0000000000004071
 51
90.0
  0
ARC
  5
2EDEAD
330
11F692
100
AcDbEntity
  8
LINE9
100
AcDbCircle
 10
1243.758728827514
 20
-124.6999128477017
 30
0.0
 40
2.736707365417458
100
AcDbArc
 50
0.0000000000004071
 51
90.0
  0
ARC
  5
2EDEAE
330
11F692
100
AcDbEntity
  8
LINE
100
AcDbCircle
 10
1243.758728827514
 20
-129.0299128477017
 30
0.0
 40
2.0
100
AcDbArc
 50
269.999999999987
 51
0.0000000000008142
  0
ARC
  5
2EDEAF
330
11F692
100
AcDbEntity
  8
LINE2
100
AcDbCircle
 10
1243.758728827514
 20
-129.0299128477017
 30
0.0
 40
2.491138243611459
100
AcDbArc
 50
269.999999999987
 51
0.0000000000008142
  0
ARC
  5
2EDEB0
330
11F692
100
AcDbEntity
  8
LINE
100
AcDbCircle
 10
1250.978728827514
 20
-124.6999128477017
 30
0.0
 40
2.0
100
AcDbArc
 50
90.0
 51
179.9999999999996
  0
ARC
  5
2EDEB1
330
11F692
100
AcDbEntity
  8
LINE9
100
AcDbCircle
 10
1250.978728827514
 20
-124.6999128477017
 30
0.0
 40
2.736707365417458
100
AcDbArc
 50
90.0
 51
179.9999999999996
  0
ARC
  5
2EDEB2
330
11F692
100
AcDbEntity
  8
LINE
100
AcDbCircle
 10
1250.978728827514
 20
-129.0299128477017
 30
0.0
 40
2.0
100
AcDbArc
 50
179.9999999999992
 51
269.999999999987
  0
ARC
  5
2EDEB3
330
11F692
100
AcDbEntity
  8
LINE9
100
AcDbCircle
 10
1250.978728827514
 20
-129.0299128477017
 30
0.0
 40
2.736707365417458
100
AcDbArc
 50
179.9999999999992
 51
269.999999999987
  0
LINE
  5
2EDEB4
330
11F692
100
AcDbEntity
  8
LINE9
100
AcDbLine
 10
1248.929381133572
 20
-119.8349128477016
 30
0.0
 11
1245.808076521456
 21
-119.8349128477017
 31
0.0
  0
LINE
  5
2EDEB5
330
11F692
100
AcDbEntity
  8
SECTION
100
AcDbLine
 10
1248.770908960527
 20
-118.8526363604786
 30
0.0
 11
1245.966548694501
 21
-118.8526363604786
 31
0.0
  0
LINE
  5
2EDEB6
330
11F692
100
AcDbEntity
  8
LINE9
100
AcDbLine
 10
1242.598728827514
 20
-120.7349128477017
 30
0.0
 11
1242.598728827514
 21
-121.7632054822842
 31
0.0
  0
LINE
  5
2EDEB7
330
11F692
100
AcDbEntity
  8
SECTION
100
AcDbLine
 10
1241.616452340291
 20
-120.7349128477017
 30
0.0
 11
1241.616452340291
 21
-120.7809289950612
 31
0.0
  0
LINE
  5
2EDEB8
330
11F692
100
AcDbEntity
  8
LINE9
100
AcDbLine
 10
1252.138728827514
 20
-120.7349128477017
 30
0.0
 11
1252.138728827514
 21
-121.7632054822842
 31
0.0
  0
LINE
  5
2EDEB9
330
11F692
100
AcDbEntity
  8
SECTION
100
AcDbLine
 10
1253.121005314737
 20
-120.7349128477017
 30
0.0
 11
1253.121005314737
 21
-120.7809289950612
 31
0.0
  0
ARC
  5
2EDEBA
330
11F692
100
AcDbEntity
  8
LINE9
100
AcDbCircle
 10
1244.198728827514
 20
-120.7349128477017
 30
0.0
 40
1.6
100
AcDbArc
 50
42.98588608020909
 51
180.0
  0
ARC
  5
2EDEBB
330
11F692
100
AcDbEntity
  8
SECTION
100
AcDbCircle
 10
1244.198728827514
 20
-120.7349128477017
 30
0.0
 40
2.582276487223089
100
AcDbArc
 50
46.79604386203303
 51
180.0
  0
ARC
  5
2EDEBC
330
11F692
100
AcDbEntity
  8
LINE9
100
AcDbCircle
 10
1245.808076521456
 20
-119.2349128477017
 30
0.0
 40
0.6
100
AcDbArc
 50
222.9858860802091
 51
270.0
  0
ARC
  5
2EDEBD
330
11F692
100
AcDbEntity
  8
LINE9
100
AcDbCircle
 10
1250.538728827514
 20
-120.7349128477017
 30
0.0
 40
1.6
100
AcDbArc
 50
0.0
 51
137.0141139197909
  0
ARC
  5
2EDEBE
330
11F692
100
AcDbEntity
  8
SECTION
100
AcDbCircle
 10
1250.538728827514
 20
-120.7349128477017
 30
0.0
 40
2.582276487223089
100
AcDbArc
 50
0.0
 51
133.2039561379668
  0
ARC
  5
2EDEBF
330
11F692
100
AcDbEntity
  8
LINE9
100
AcDbCircle
 10
1248.929381133572
 20
-119.2349128477017
 30
0.0
 40
0.6
100
AcDbArc
 50
270.0
 51
317.0141139197909
  0
LINE
  5
2EDEC0
330
11F692
100
AcDbEntity
  8
LINE
100
AcDbLine
 10
1252.138728827514
 20
-121.7632054822842
 30
0.0
 11
1253.121005314737
 21
-120.7809289950612
 31
0.0
  0
LINE
  5
2EDEC1
330
11F692
100
AcDbEntity
  8
LINE
100
AcDbLine
 10
1253.321005314737
 20
-120.9809289950611
 30
0.0
 11
1252.338728827514
 21
-121.9632054822842
 31
0.0
  0
ARC
  5
2EDEC2
330
11F692
100
AcDbEntity
  8
LINE9
100
AcDbCircle
 10
1242.398728827514
 20
-121.7632054822842
 30
0.0
 40
0.2
100
AcDbArc
 50
270.0
 51
0.0
  0
ARC
  5
2EDEC3
330
11F692
100
AcDbEntity
  8
SECTION
100
AcDbCircle
 10
1241.416452340291
 20
-120.7809289950611
 30
0.0
 40
0.2
100
AcDbArc
 50
270.0
 51
359.9999999999866
  0
LINE
  5
2EDEC4
330
11F692
100
AcDbEntity
  8
LINE
100
AcDbLine
 10
1242.598728827514
 20
-121.7632054822842
 30
0.0
 11
1241.616452340291
 21
-120.7809289950612
 31
0.0
  0
LINE
  5
2EDEC5
330
11F692
100
AcDbEntity
  8
LINE
100
AcDbLine
 10
1241.416452340291
 20
-120.9809289950611
 30
0.0
 11
1242.398728827514
 21
-121.9632054822842
 31
0.0
  0
LINE
  5
2EDEC6
330
11F692
100
AcDbEntity
  8
LINE2
100
AcDbLine
 10
1246.249867071125
 20
-129.0299128477017
 30
0.0
 11
1246.249867071125
 21
-131.4349128477017
 31
0.0
  0
LINE
  5
2EDEC7
330
11F692
100
AcDbEntity
  8
LINE2
100
AcDbLine
 10
1244.649867071125
 20
-133.0349128477017
 30
0.0
 11
1243.348728827514
 21
-133.0349128477017
 31
0.0
  0
LINE
  5
2EDEC8
330
11F692
100
AcDbEntity
  8
LINE9
100
AcDbLine
 10
1244.649867071125
 20
-133.2804819695076
 30
0.0
 11
1243.348728827514
 21
-133.2804819695076
 31
0.0
  0
ARC
  5
2EDEC9
330
11F692
100
AcDbEntity
  8
LINE2
100
AcDbCircle
 10
1244.649867071125
 20
-131.4349128477017
 30
0.0
 40
1.6
100
AcDbArc
 50
270.0
 51
0.0
  0
ARC
  5
2EDECA
330
11F692
100
AcDbEntity
  8
LINE9
100
AcDbCircle
 10
1244.649867071125
 20
-131.4349128477017
 30
0.0
 40
1.845569121805942
100
AcDbArc
 50
270.0
 51
0.0
  0
ARC
  5
2EDECB
330
11F692
100
AcDbEntity
  8
LINE2
100
AcDbCircle
 10
1243.348728827514
 20
-131.4349128477017
 30
0.0
 40
1.6
100
AcDbArc
 50
189.1468663314291
 51
270.0
  0
ARC
  5
2EDECC
330
11F692
100
AcDbEntity
  8
LINE9
100
AcDbCircle
 10
1243.348728827514
 20
-131.4349128477017
 30
0.0
 40
1.845569121805942
100
AcDbArc
 50
226.997100742367
 51
270.0
  0
ARC
  5
2EDECD
330
11F692
100
AcDbEntity
  8
SECTION
100
AcDbCircle
 10
1243.348728827514
 20
-131.4349128477017
 30
0.0
 40
2.827845609029259
100
AcDbArc
 50
210.001333931495
 51
226.997100742367
  0
ARC
  5
2EDECE
330
11F692
100
AcDbEntity
  8
SECTION
100
AcDbCircle
 10
1240.726572858456
 20
-132.9488967003422
 30
0.0
 40
0.2
100
AcDbArc
 50
30.0013339315014
 51
90.0
  0
ARC
  5
2EDECF
330
11F692
100
AcDbEntity
  8
LINE9
100
AcDbCircle
 10
1240.998728827514
 20
-133.9547236686049
 30
0.0
 40
1.6
100
AcDbArc
 50
359.9999999999996
 51
46.99710074236706
  0
ARC
  5
2EDED0
330
11F692
100
AcDbEntity
  8
SECTION
100
AcDbCircle
 10
1240.998728827514
 20
-133.9547236686049
 30
0.0
 40
0.6177235127766836
100
AcDbArc
 50
359.9999999999996
 51
46.99710074236706
  0
ARC
  5
2EDED1
330
11F692
100
AcDbEntity
  8
LINE2
100
AcDbCircle
 10
1241.571617433834
 20
-131.7210510913131
 30
0.0
 40
0.2
100
AcDbArc
 50
9.146866331428734
 51
90.0
  0
LINE
  5
2EDED2
330
11F692
100
AcDbEntity
  8
LINE9
100
AcDbLine
 10
1242.598728827514
 20
-133.9547236686049
 30
0.0
 11
1242.598728827514
 21
-138.9599128477017
 31
0.0
  0
LINE
  5
2EDED3
330
11F692
100
AcDbEntity
  8
SECTION
100
AcDbLine
 10
1241.616452340291
 20
-133.9547236686049
 30
0.0
 11
1241.616452340291
 21
-146.3099128477016
 31
0.0
  0
LINE
  5
2EDED4
330
11F692
100
AcDbEntity
  8
LINE3
100
AcDbLine
 10
1242.967082510223
 20
-138.9599128477017
 30
0.0
 11
1242.967082510223
 21
-146.3099128477017
 31
0.0
  0
LINE
  5
2EDED5
330
11F692
100
AcDbEntity
  8
LINE9
100
AcDbLine
 10
1252.138728827514
 20
-136.9498309820349
 30
0.0
 11
1252.138728827514
 21
-138.9599128477017
 31
0.0
  0
LINE
  5
2EDED6
330
11F692
100
AcDbEntity
  8
LINE3
100
AcDbLine
 10
1251.770375144805
 20
-138.9599128477017
 30
0.0
 11
1251.770375144805
 21
-146.3099128477017
 31
0.0
  0
LINE
  5
2EDED7
330
11F692
100
AcDbEntity
  8
SECTION
100
AcDbLine
 10
1253.121005314737
 20
-132.8577584567308
 30
0.0
 11
1253.121005314737
 21
-146.3099128477017
 31
0.0
  0
LINE
  5
2EDED8
330
11F692
100
AcDbEntity
  8
LINE6
100
AcDbLine
 10
1252.629867071126
 20
-132.8577584567308
 30
0.0
 11
1252.629867071126
 21
-134.1923770088639
 31
0.0
  0
ARC
  5
2EDED9
330
11F692
100
AcDbEntity
  8
LINE3
100
AcDbCircle
 10
1249.870375144805
 20
-138.9599128477017
 30
0.0
 40
1.9
100
AcDbArc
 50
0.0
 51
90.0
  0
ARC
  5
2EDEDA
330
11F692
100
AcDbEntity
  8
LINE9
100
AcDbCircle
 10
1249.870375144805
 20
-138.9599128477017
 30
0.0
 40
2.268353682708857
100
AcDbArc
 50
0.0
 51
90.0
  0
LINE
  5
2EDEDB
330
11F692
100
AcDbEntity
  8
LINE3
100
AcDbLine
 10
1249.870375144805
 20
-137.0599128477017
 30
0.0
 11
1244.867082510223
 21
-137.0599128477017
 31
0.0
  0
LINE
  5
2EDEDC
330
11F692
100
AcDbEntity
  8
LINE9
100
AcDbLine
 10
1249.870375144805
 20
-136.6915591649928
 30
0.0
 11
1244.867082510223
 21
-136.6915591649928
 31
0.0
  0
ARC
  5
2EDEDD
330
11F692
100
AcDbEntity
  8
LINE3
100
AcDbCircle
 10
1244.867082510223
 20
-138.9599128477017
 30
0.0
 40
1.9
100
AcDbArc
 50
90.0
 51
180.0
  0
ARC
  5
2EDEDE
330
11F692
100
AcDbEntity
  8
LINE9
100
AcDbCircle
 10
1244.867082510223
 20
-138.9599128477017
 30
0.0
 40
2.268353682708857
100
AcDbArc
 50
90.0
 51
180.0
  0
LINE
  5
2EDEDF
330
11F692
100
AcDbEntity
  8
LINE3
100
AcDbLine
 10
1249.870375144805
 20
-148.2099128477017
 30
0.0
 11
1244.867082510223
 21
-148.2099128477017
 31
0.0
  0
LINE
  5
2EDEE0
330
11F692
100
AcDbEntity
  8
SECTION
100
AcDbLine
 10
1249.870375144805
 20
-149.5605430176336
 30
0.0
 11
1244.867082510223
 21
-149.5605430176336
 31
0.0
  0
ARC
  5
2EDEE1
330
11F692
100
AcDbEntity
  8
LINE3
100
AcDbCircle
 10
1244.867082510223
 20
-146.3099128477017
 30
0.0
 40
1.9
100
AcDbArc
 50
180.0
 51
270.0
  0
ARC
  5
2EDEE2
330
11F692
100
AcDbEntity
  8
SECTION
100
AcDbCircle
 10
1244.867082510223
 20
-146.3099128477017
 30
0.0
 40
3.250630169931946
100
AcDbArc
 50
180.0
 51
270.0
  0
ARC
  5
2EDEE3
330
11F692
100
AcDbEntity
  8
LINE3
100
AcDbCircle
 10
1249.870375144805
 20
-146.3099128477017
 30
0.0
 40
1.9
100
AcDbArc
 50
270.0
 51
0.0
  0
ARC
  5
2EDEE4
330
11F692
100
AcDbEntity
  8
SECTION
100
AcDbCircle
 10
1249.870375144805
 20
-146.3099128477017
 30
0.0
 40
3.250630169931946
100
AcDbArc
 50
270.0
 51
0.0
  0
ARC
  5
2EDEE5
330
11F692
100
AcDbEntity
  8
LINE9
100
AcDbCircle
 10
1251.228728827514
 20
-134.9649128477016
 30
0.0
 40
1.6
100
AcDbArc
 50
321.6629103003803
 51
59.99999999999955
  0
ARC
  5
2EDEE6
330
11F692
100
AcDbEntity
  8
LINE9
100
AcDbCircle
 10
1253.738728827514
 20
-136.9498309820349
 30
0.0
 40
1.6
100
AcDbArc
 50
141.6629103003756
 51
180.0
  0
LINE
  5
2EDEE7
330
11F692
100
AcDbEntity
  8
LINE9
100
AcDbLine
 10
1251.419468154508
 20
-133.2275153880801
 30
0.0
 11
1252.028728827514
 21
-133.5792722016466
 31
0.0
  0
ARC
  5
2EDEE8
330
11F692
100
AcDbEntity
  8
LINE9
100
AcDbCircle
 10
1251.469468154508
 20
-133.1409128477017
 30
0.0
 40
0.1
100
AcDbArc
 50
120.0000000000145
 51
239.9999999999995
  0
ARC
  5
2EDEE9
330
11F692
100
AcDbEntity
  8
LINE9
100
AcDbCircle
 10
1251.228728827514
 20
-131.3169128477017
 30
0.0
 40
1.6
100
AcDbArc
 50
300.0000000000004
 51
341.1339194140706
  0
ARC
  5
2EDEEA
330
11F692
100
AcDbEntity
  8
LINE9
100
AcDbCircle
 10
1252.837399649157
 20
-131.8666202131191
 30
0.0
 40
0.1
100
AcDbArc
 50
90.0
 51
161.1339194140722
  0
LINE
  5
2EDEEB
330
11F692
100
AcDbEntity
  8
LINE9
100
AcDbLine
 10
1251.419468154508
 20
-133.0543103073233
 30
0.0
 11
1252.028728827514
 21
-132.7025534937567
 31
0.0
  0
LINE
  5
2EDEEC
330
11F692
100
AcDbEntity
  8
LINE
100
AcDbLine
 10
1241.571617433834
 20
-131.5210510913132
 30
0.0
 11
1240.726572858456
 21
-132.7488967003422
 31
0.0
  0
LINE
  5
2EDEED
330
11F692
100
AcDbEntity
  8
LINE
100
AcDbLine
 10
1241.769074255353
 20
-131.6892579531341
 30
0.0
 11
1240.899775611017
 21
-132.8488926678956
 31
0.0
  0
LINE
  5
2EDEEE
330
11F692
100
AcDbEntity
  8
LINE9
100
AcDbLine
 10
1252.338728827514
 20
-75.23320548228426
 30
0.0
 11
1250.978728827514
 21
-75.23320548228426
 31
0.0
  0
ARC
  5
2EDEEF
330
11F692
100
AcDbEntity
  8
LINE9
100
AcDbCircle
 10
1252.338728827514
 20
-75.03320548228427
 30
0.0
 40
0.2
100
AcDbArc
 50
180.0
 51
270.0
  0
ARC
  5
2EDEF0
330
11F692
100
AcDbEntity
  8
SECTION
100
AcDbCircle
 10
1253.321005314737
 20
-74.05092899506119
 30
0.0
 40
0.2
100
AcDbArc
 50
180.000000000013
 51
270.0
  0
LINE
  5
2EDEF1
330
11F692
100
AcDbEntity
  8
LINE9
100
AcDbLine
 10
1243.758728827514
 20
-75.23320548228426
 30
0.0
 11
1242.398728827514
 21
-75.23320548228426
 31
0.0
  0
LINE
  5
2EDEF2
330
11F692
100
AcDbEntity
  8
LINE9
100
AcDbLine
 10
1252.837399649157
 20
-85.03662021311916
 30
0.0
 11
1250.978728827514
 21
-85.03662021311916
 31
0.0
  0
LINE
  5
2EDEF3
330
11F692
100
AcDbEntity
  8
LINE6
100
AcDbLine
 10
1253.229867071126
 20
-85.52775845673082
 30
0.0
 11
1252.522873154848
 21
-85.52775845673082
 31
0.0
  0
ARC
  5
2EDEF4
330
11F692
100
AcDbEntity
  8
LINE6
100
AcDbCircle
 10
1253.229867071126
 20
-86.12775845673082
 30
0.0
 40
0.6
100
AcDbArc
 50
90.0
 51
180.0
  0
ARC
  5
2EDEF5
330
11F692
100
AcDbEntity
  8
SECTION
100
AcDbCircle
 10
1253.229867071126
 20
-86.12775845673082
 30
0.0
 40
0.1088617563885691
100
AcDbArc
 50
90.0
 51
180.0
  0
LINE
  5
2EDEF6
330
11F692
100
AcDbEntity
  8
LINE2
100
AcDbLine
 10
1243.758728827514
 20
-84.79105109131319
 30
0.0
 11
1241.571617433834
 21
-84.79105109131319
 31
0.0
  0
LINE
  5
2EDEF7
330
11F692
100
AcDbEntity
  8
LINE
100
AcDbLine
 10
1245.758728827514
 20
-77.96991284770172
 30
0.0
 11
1245.758728827514
 21
-82.29991284770173
 31
0.0
  0
LINE
  5
2EDEF8
330
11F692
100
AcDbEntity
  8
LINE9
100
AcDbLine
 10
1246.495436192931
 20
-77.96991284770172
 30
0.0
 11
1246.495436192931
 21
-84.70491284770174
 31
0.0
  0
LINE
  5
2EDEF9
330
11F692
100
AcDbEntity
  8
LINE
100
AcDbLine
 10
1248.978728827514
 20
-77.96991284770172
 30
0.0
 11
1248.978728827514
 21
-82.2999128477017
 31
0.0
  0
LINE
  5
2EDEFA
330
11F692
100
AcDbEntity
  8
LINE9
100
AcDbLine
 10
1248.242021462096
 20
-77.96991284770172
 30
0.0
 11
1248.242021462096
 21
-82.2999128477017
 31
0.0
  0
ARC
  5
2EDEFB
330
11F692
100
AcDbEntity
  8
LINE
100
AcDbCircle
 10
1243.758728827514
 20
-77.96991284770175
 30
0.0
 40
2.0
100
AcDbArc
 50
0.0000000000004071
 51
90.0
  0
ARC
  5
2EDEFC
330
11F692
100
AcDbEntity
  8
LINE9
100
AcDbCircle
 10
1243.758728827514
 20
-77.96991284770175
 30
0.0
 40
2.736707365417458
100
AcDbArc
 50
0.0000000000004071
 51
90.0
  0
ARC
  5
2EDEFD
330
11F692
100
AcDbEntity
  8
LINE
100
AcDbCircle
 10
1243.758728827514
 20
-82.29991284770177
 30
0.0
 40
2.0
100
AcDbArc
 50
269.999999999987
 51
0.0000000000008142
  0
ARC
  5
2EDEFE
330
11F692
100
AcDbEntity
  8
LINE2
100
AcDbCircle
 10
1243.758728827514
 20
-82.29991284770177
 30
0.0
 40
2.491138243611459
100
AcDbArc
 50
269.999999999987
 51
0.0000000000008142
  0
ARC
  5
2EDEFF
330
11F692
100
AcDbEntity
  8
LINE
100
AcDbCircle
 10
1250.978728827514
 20
-77.96991284770175
 30
0.0
 40
2.0
100
AcDbArc
 50
90.0
 51
179.9999999999996
  0
ARC
  5
2EDF00
330
11F692
100
AcDbEntity
  8
LINE9
100
AcDbCircle
 10
1250.978728827514
 20
-77.96991284770175
 30
0.0
 40
2.736707365417458
100
AcDbArc
 50
90.0
 51
179.9999999999996
  0
ARC
  5
2EDF01
330
11F692
100
AcDbEntity
  8
LINE
100
AcDbCircle
 10
1250.978728827514
 20
-82.29991284770173
 30
0.0
 40
2.0
100
AcDbArc
 50
179.9999999999992
 51
269.999999999987
  0
ARC
  5
2EDF02
330
11F692
100
AcDbEntity
  8
LINE9
100
AcDbCircle
 10
1250.978728827514
 20
-82.29991284770173
 30
0.0
 40
2.736707365417458
100
AcDbArc
 50
179.9999999999992
 51
269.999999999987
  0
LINE
  5
2EDF03
330
11F692
100
AcDbEntity
  8
LINE9
100
AcDbLine
 10
1248.929381133572
 20
-73.10491284770171
 30
0.0
 11
1245.808076521456
 21
-73.10491284770171
 31
0.0
  0
LINE
  5
2EDF04
330
11F692
100
AcDbEntity
  8
SECTION
100
AcDbLine
 10
1248.770908960527
 20
-72.12263636047862
 30
0.0
 11
1245.966548694501
 21
-72.12263636047865
 31
0.0
  0
LINE
  5
2EDF05
330
11F692
100
AcDbEntity
  8
LINE9
100
AcDbLine
 10
1242.598728827514
 20
-74.00491284770172
 30
0.0
 11
1242.598728827514
 21
-75.03320548228427
 31
0.0
  0
LINE
  5
2EDF06
330
11F692
100
AcDbEntity
  8
SECTION
100
AcDbLine
 10
1241.616452340291
 20
-74.00491284770172
 30
0.0
 11
1241.616452340291
 21
-74.05092899506124
 31
0.0
  0
LINE
  5
2EDF07
330
11F692
100
AcDbEntity
  8
LINE9
100
AcDbLine
 10
1252.138728827514
 20
-74.00491284770172
 30
0.0
 11
1252.138728827514
 21
-75.03320548228427
 31
0.0
  0
LINE
  5
2EDF08
330
11F692
100
AcDbEntity
  8
SECTION
100
AcDbLine
 10
1253.121005314737
 20
-74.00491284770172
 30
0.0
 11
1253.121005314737
 21
-74.05092899506121
 31
0.0
  0
ARC
  5
2EDF09
330
11F692
100
AcDbEntity
  8
LINE9
100
AcDbCircle
 10
1244.198728827514
 20
-74.00491284770172
 30
0.0
 40
1.6
100
AcDbArc
 50
42.98588608020909
 51
180.0
  0
ARC
  5
2EDF0A
330
11F692
100
AcDbEntity
  8
SECTION
100
AcDbCircle
 10
1244.198728827514
 20
-74.00491284770172
 30
0.0
 40
2.582276487223089
100
AcDbArc
 50
46.79604386203314
 51
180.0
  0
ARC
  5
2EDF0B
330
11F692
100
AcDbEntity
  8
LINE9
100
AcDbCircle
 10
1245.808076521456
 20
-72.50491284770172
 30
0.0
 40
0.6
100
AcDbArc
 50
222.9858860802091
 51
270.0
  0
ARC
  5
2EDF0C
330
11F692
100
AcDbEntity
  8
LINE9
100
AcDbCircle
 10
1250.538728827514
 20
-74.00491284770172
 30
0.0
 40
1.6
100
AcDbArc
 50
0.0
 51
137.0141139197909
  0
ARC
  5
2EDF0D
330
11F692
100
AcDbEntity
  8
SECTION
100
AcDbCircle
 10
1250.538728827514
 20
-74.00491284770172
 30
0.0
 40
2.582276487223089
100
AcDbArc
 50
0.0
 51
133.2039561379668
  0
ARC
  5
2EDF0E
330
11F692
100
AcDbEntity
  8
LINE9
100
AcDbCircle
 10
1248.929381133572
 20
-72.50491284770172
 30
0.0
 40
0.6
100
AcDbArc
 50
270.0
 51
317.0141139197909
  0
LINE
  5
2EDF0F
330
11F692
100
AcDbEntity
  8
LINE
100
AcDbLine
 10
1252.138728827514
 20
-75.03320548228427
 30
0.0
 11
1253.121005314737
 21
-74.05092899506121
 31
0.0
  0
LINE
  5
2EDF10
330
11F692
100
AcDbEntity
  8
LINE
100
AcDbLine
 10
1253.321005314737
 20
-74.25092899506117
 30
0.0
 11
1252.338728827514
 21
-75.23320548228426
 31
0.0
  0
ARC
  5
2EDF11
330
11F692
100
AcDbEntity
  8
LINE9
100
AcDbCircle
 10
1242.398728827514
 20
-75.03320548228427
 30
0.0
 40
0.2
100
AcDbArc
 50
270.0
 51
0.0
  0
ARC
  5
2EDF12
330
11F692
100
AcDbEntity
  8
SECTION
100
AcDbCircle
 10
1241.416452340291
 20
-74.05092899506119
 30
0.0
 40
0.2
100
AcDbArc
 50
270.0
 51
359.9999999999866
  0
LINE
  5
2EDF13
330
11F692
100
AcDbEntity
  8
LINE
100
AcDbLine
 10
1242.598728827514
 20
-75.03320548228427
 30
0.0
 11
1241.616452340291
 21
-74.05092899506121
 31
0.0
  0
LINE
  5
2EDF14
330
11F692
100
AcDbEntity
  8
LINE
100
AcDbLine
 10
1241.416452340291
 20
-74.25092899506117
 30
0.0
 11
1242.398728827514
 21
-75.23320548228426
 31
0.0
  0
LINE
  5
2EDF15
330
11F692
100
AcDbEntity
  8
LINE2
100
AcDbLine
 10
1246.249867071125
 20
-82.29991284770173
 30
0.0
 11
1246.249867071125
 21
-84.70491284770174
 31
0.0
  0
LINE
  5
2EDF16
330
11F692
100
AcDbEntity
  8
LINE2
100
AcDbLine
 10
1244.649867071125
 20
-86.30491284770172
 30
0.0
 11
1243.348728827514
 21
-86.30491284770172
 31
0.0
  0
LINE
  5
2EDF17
330
11F692
100
AcDbEntity
  8
LINE9
100
AcDbLine
 10
1244.649867071125
 20
-86.55048196950767
 30
0.0
 11
1243.348728827514
 21
-86.55048196950767
 31
0.0
  0
ARC
  5
2EDF18
330
11F692
100
AcDbEntity
  8
LINE2
100
AcDbCircle
 10
1244.649867071125
 20
-84.70491284770174
 30
0.0
 40
1.6
100
AcDbArc
 50
270.0
 51
0.0
  0
ARC
  5
2EDF19
330
11F692
100
AcDbEntity
  8
LINE9
100
AcDbCircle
 10
1244.649867071125
 20
-84.70491284770174
 30
0.0
 40
1.845569121805942
100
AcDbArc
 50
270.0
 51
0.0
  0
ARC
  5
2EDF1A
330
11F692
100
AcDbEntity
  8
LINE2
100
AcDbCircle
 10
1243.348728827514
 20
-84.70491284770174
 30
0.0
 40
1.6
100
AcDbArc
 50
189.1468663314291
 51
270.0
  0
ARC
  5
2EDF1B
330
11F692
100
AcDbEntity
  8
LINE9
100
AcDbCircle
 10
1243.348728827514
 20
-84.70491284770174
 30
0.0
 40
1.845569121805942
100
AcDbArc
 50
226.997100742367
 51
270.0
  0
ARC
  5
2EDF1C
330
11F692
100
AcDbEntity
  8
SECTION
100
AcDbCircle
 10
1243.348728827514
 20
-84.70491284770174
 30
0.0
 40
2.827845609029259
100
AcDbArc
 50
210.001333931495
 51
226.997100742367
  0
ARC
  5
2EDF1D
330
11F692
100
AcDbEntity
  8
SECTION
100
AcDbCircle
 10
1240.726572858456
 20
-86.2188967003423
 30
0.0
 40
0.2
100
AcDbArc
 50
30.0013339315014
 51
90.0
  0
ARC
  5
2EDF1E
330
11F692
100
AcDbEntity
  8
LINE9
100
AcDbCircle
 10
1240.998728827514
 20
-87.22472366860495
 30
0.0
 40
1.6
100
AcDbArc
 50
359.9999999999996
 51
46.99710074236706
  0
ARC
  5
2EDF1F
330
11F692
100
AcDbEntity
  8
SECTION
100
AcDbCircle
 10
1240.998728827514
 20
-87.22472366860495
 30
0.0
 40
0.6177235127766836
100
AcDbArc
 50
359.9999999999996
 51
46.99710074236706
  0
ARC
  5
2EDF20
330
11F692
100
AcDbEntity
  8
LINE2
100
AcDbCircle
 10
1241.571617433834
 20
-84.99105109131319
 30
0.0
 40
0.2
100
AcDbArc
 50
9.146866331428734
 51
90.0
  0
LINE
  5
2EDF21
330
11F692
100
AcDbEntity
  8
LINE9
100
AcDbLine
 10
1242.598728827514
 20
-87.22472366860499
 30
0.0
 11
1242.598728827514
 21
-92.22991284770168
 31
0.0
  0
LINE
  5
2EDF22
330
11F692
100
AcDbEntity
  8
SECTION
100
AcDbLine
 10
1241.616452340291
 20
-87.22472366860495
 30
0.0
 11
1241.616452340291
 21
-99.57991284770168
 31
0.0
  0
LINE
  5
2EDF23
330
11F692
100
AcDbEntity
  8
LINE3
100
AcDbLine
 10
1242.967082510223
 20
-92.22991284770172
 30
0.0
 11
1242.967082510223
 21
-99.57991284770171
 31
0.0
  0
LINE
  5
2EDF24
330
11F692
100
AcDbEntity
  8
LINE9
100
AcDbLine
 10
1252.138728827514
 20
-90.21983098203497
 30
0.0
 11
1252.138728827514
 21
-92.22991284770172
 31
0.0
  0
LINE
  5
2EDF25
330
11F692
100
AcDbEntity
  8
LINE3
100
AcDbLine
 10
1251.770375144805
 20
-92.22991284770172
 30
0.0
 11
1251.770375144805
 21
-99.57991284770171
 31
0.0
  0
LINE
  5
2EDF26
330
11F692
100
AcDbEntity
  8
SECTION
100
AcDbLine
 10
1253.121005314737
 20
-86.12775845673082
 30
0.0
 11
1253.121005314737
 21
-99.57991284770173
 31
0.0
  0
LINE
  5
2EDF27
330
11F692
100
AcDbEntity
  8
LINE6
100
AcDbLine
 10
1252.629867071126
 20
-86.12775845673082
 30
0.0
 11
1252.629867071126
 21
-87.46237700886396
 31
0.0
  0
ARC
  5
2EDF28
330
11F692
100
AcDbEntity
  8
LINE3
100
AcDbCircle
 10
1249.870375144805
 20
-92.22991284770172
 30
0.0
 40
1.9
100
AcDbArc
 50
0.0
 51
90.0
  0
ARC
  5
2EDF29
330
11F692
100
AcDbEntity
  8
LINE9
100
AcDbCircle
 10
1249.870375144805
 20
-92.22991284770172
 30
0.0
 40
2.268353682708857
100
AcDbArc
 50
0.0
 51
90.0
  0
LINE
  5
2EDF2A
330
11F692
100
AcDbEntity
  8
LINE3
100
AcDbLine
 10
1249.870375144805
 20
-90.3299128477017
 30
0.0
 11
1244.867082510223
 21
-90.3299128477017
 31
0.0
  0
LINE
  5
2EDF2B
330
11F692
100
AcDbEntity
  8
LINE9
100
AcDbLine
 10
1249.870375144805
 20
-89.96155916499285
 30
0.0
 11
1244.867082510223
 21
-89.96155916499285
 31
0.0
  0
ARC
  5
2EDF2C
330
11F692
100
AcDbEntity
  8
LINE3
100
AcDbCircle
 10
1244.867082510223
 20
-92.22991284770172
 30
0.0
 40
1.9
100
AcDbArc
 50
90.0
 51
180.0
  0
ARC
  5
2EDF2D
330
11F692
100
AcDbEntity
  8
LINE9
100
AcDbCircle
 10
1244.867082510223
 20
-92.22991284770172
 30
0.0
 40
2.268353682708857
100
AcDbArc
 50
90.0
 51
180.0
  0
LINE
  5
2EDF2E
330
11F692
100
AcDbEntity
  8
LINE3
100
AcDbLine
 10
1249.870375144805
 20
-101.4799128477017
 30
0.0
 11
1244.867082510223
 21
-101.4799128477017
 31
0.0
  0
LINE
  5
2EDF2F
330
11F692
100
AcDbEntity
  8
SECTION
100
AcDbLine
 10
1249.870375144805
 20
-102.8305430176336
 30
0.0
 11
1244.867082510223
 21
-102.8305430176336
 31
0.0
  0
ARC
  5
2EDF30
330
11F692
100
AcDbEntity
  8
LINE3
100
AcDbCircle
 10
1244.867082510223
 20
-99.57991284770171
 30
0.0
 40
1.9
100
AcDbArc
 50
180.0
 51
270.0
  0
ARC
  5
2EDF31
330
11F692
100
AcDbEntity
  8
SECTION
100
AcDbCircle
 10
1244.867082510223
 20
-99.57991284770171
 30
0.0
 40
3.250630169931946
100
AcDbArc
 50
180.0
 51
270.0
  0
ARC
  5
2EDF32
330
11F692
100
AcDbEntity
  8
LINE3
100
AcDbCircle
 10
1249.870375144805
 20
-99.57991284770171
 30
0.0
 40
1.9
100
AcDbArc
 50
270.0
 51
0.0
  0
ARC
  5
2EDF33
330
11F692
100
AcDbEntity
  8
SECTION
100
AcDbCircle
 10
1249.870375144805
 20
-99.57991284770171
 30
0.0
 40
3.250630169931946
100
AcDbArc
 50
270.0
 51
0.0
  0
ARC
  5
2EDF34
330
11F692
100
AcDbEntity
  8
LINE9
100
AcDbCircle
 10
1251.228728827514
 20
-88.2349128477017
 30
0.0
 40
1.6
100
AcDbArc
 50
321.6629103003803
 51
59.99999999999955
  0
ARC
  5
2EDF35
330
11F692
100
AcDbEntity
  8
LINE9
100
AcDbCircle
 10
1253.738728827514
 20
-90.21983098203497
 30
0.0
 40
1.6
100
AcDbArc
 50
141.6629103003756
 51
180.0
  0
LINE
  5
2EDF36
330
11F692
100
AcDbEntity
  8
LINE9
100
AcDbLine
 10
1251.419468154508
 20
-86.49751538808013
 30
0.0
 11
1252.028728827514
 21
-86.84927220164667
 31
0.0
  0
ARC
  5
2EDF37
330
11F692
100
AcDbEntity
  8
LINE9
100
AcDbCircle
 10
1251.469468154508
 20
-86.41091284770173
 30
0.0
 40
0.1
100
AcDbArc
 50
120.0000000000145
 51
239.9999999999995
  0
ARC
  5
2EDF38
330
11F692
100
AcDbEntity
  8
LINE9
100
AcDbCircle
 10
1251.228728827514
 20
-84.58691284770171
 30
0.0
 40
1.6
100
AcDbArc
 50
300.0000000000004
 51
341.1339194140706
  0
ARC
  5
2EDF39
330
11F692
100
AcDbEntity
  8
LINE9
100
AcDbCircle
 10
1252.837399649157
 20
-85.13662021311915
 30
0.0
 40
0.1
100
AcDbArc
 50
90.0
 51
161.1339194140722
  0
LINE
  5
2EDF3A
330
11F692
100
AcDbEntity
  8
LINE9
100
AcDbLine
 10
1251.419468154508
 20
-86.32431030732329
 30
0.0
 11
1252.028728827514
 21
-85.97255349375675
 31
0.0
  0
LINE
  5
2EDF3B
330
11F692
100
AcDbEntity
  8
LINE
100
AcDbLine
 10
1241.571617433834
 20
-84.79105109131319
 30
0.0
 11
1240.726572858456
 21
-86.01889670034228
 31
0.0
  0
LINE
  5
2EDF3C
330
11F692
100
AcDbEntity
  8
LINE
100
AcDbLine
 10
1241.769074255353
 20
-84.95925795313414
 30
0.0
 11
1240.899775611017
 21
-86.1188926678956
 31
0.0
  0
ARC
  5
2EDF3D
330
11F692
100
AcDbEntity
  8
DETAIL
100
AcDbCircle
 10
1250.74127075484
 20
-147.2074339477727
 30
0.0
 40
2.5
100
AcDbArc
 50
250.2542602590814
 51
18.02056609689894
  0
ARC
  5
2EDF3E
330
11F692
100
AcDbEntity
  8
HIDDEN
100
AcDbCircle
 10
1250.74127075484
 20
-147.2074339477727
 30
0.0
 40
3.0
100
AcDbArc
 50
231.6624198151296
 51
37.51020945952638
  0
ARC
  5
2EDF3F
330
11F692
100
AcDbEntity
  8
DETAIL
100
AcDbCircle
 10
1250.74127075484
 20
-100.4774339477728
 30
0.0
 40
2.5
100
AcDbArc
 50
250.2542602590814
 51
18.02056609689883
  0
ARC
  5
2EDF40
330
11F692
100
AcDbEntity
  8
HIDDEN
100
AcDbCircle
 10
1250.74127075484
 20
-100.4774339477728
 30
0.0
 40
3.0
100
AcDbArc
 50
231.6624198151296
 51
37.51020945952642
  0
LINE
  5
2EDF41
330
11F692
100
AcDbEntity
  8
CENTER
100
AcDbLine
 10
1247.368728827514
 20
-72.12263636047868
 30
0.0
 11
1247.368728827514
 21
-149.5605430176336
 31
0.0
  0
LINE
  5
2EDF52
330
11F692
100
AcDbEntity
  8
SECTION
100
AcDbLine
 10
1241.416452340291
 20
-74.25092899506118
 30
0.0
 11
1233.731005314737
 21
-74.25092899506117
 31
0.0
  0
LINE
  5
2EDF54
330
11F692
100
AcDbEntity
  8
LINE
100
AcDbLine
 10
1243.758728827514
 20
-75.96991284770172
 30
0.0
 11
1231.388728827514
 21
-75.96991284770172
 31
0.0
  0
LINE
  5
2EDF56
330
11F692
100
AcDbEntity
  8
LINE
100
AcDbLine
 10
1243.758728827514
 20
-84.29991284770173
 30
0.0
 11
1231.388728827514
 21
-84.29991284770171
 31
0.0
  0
LINE
  5
2EDF58
330
11F692
100
AcDbEntity
  8
SECTION
100
AcDbLine
 10
1240.726572858456
 20
-86.01889670034225
 30
0.0
 11
1233.639867071126
 21
-86.01889670034225
 31
0.0
  0
LINE
  5
2EDF5A
330
11F692
100
AcDbEntity
  8
SECTION
100
AcDbLine
 10
1241.416452340291
 20
-120.9809289950611
 30
0.0
 11
1233.731005314737
 21
-120.9809289950611
 31
0.0
  0
LINE
  5
2EDF5C
330
11F692
100
AcDbEntity
  8
LINE
100
AcDbLine
 10
1243.758728827514
 20
-131.0299128477017
 30
0.0
 11
1231.388728827514
 21
-131.0299128477017
 31
0.0
  0
LINE
  5
2EDF5E
330
11F692
100
AcDbEntity
  8
SECTION
100
AcDbLine
 10
1240.726572858456
 20
-132.7488967003422
 30
0.0
 11
1233.639867071126
 21
-132.7488967003422
 31
0.0
  0
LINE
  5
2EDF6C
330
11F692
100
AcDbEntity
  8
CENTER
100
AcDbLine
 10
1078.393728827514
 20
-108.0199128477016
 30
0.0
 11
1407.764994992968
 21
-108.0199128477016
 31
0.0
  0
LINE
  5
2EDF7A
330
11F692
100
AcDbEntity
  8
CENTER
100
AcDbLine
 10
1198.393728827514
 20
-13.01991284770167
 30
0.0
 11
1198.393728827514
 21
-295.5786804511993
 31
0.0
  0
ARC
  5
2EDF7B
330
11F692
100
AcDbEntity
  8
DETAIL
100
AcDbCircle
 10
1112.978728827513
 20
-84.14491284770159
 30
0.0
 40
12.4
100
AcDbArc
 50
303.1868576786818
 51
56.81314232131819
  0
ARC
  5
2EDF7C
330
11F692
100
AcDbEntity
  8
SECTION
100
AcDbCircle
 10
1112.978728827513
 20
-84.14491284770159
 30
0.0
 40
13.87341473083486
100
AcDbArc
 50
303.1868576786818
 51
56.81314232131819
  0
LINE
  5
2EDF7D
330
11F692
100
AcDbEntity
  8
DETAIL
100
AcDbLine
 10
1118.589297949319
 20
-96.69826119370268
 30
0.0
 11
1118.589297949319
 21
-71.5915645017005
 31
0.0
  0
ARC
  5
2EDF7E
330
11F692
100
AcDbEntity
  8
DETAIL
100
AcDbCircle
 10
1121.189297949319
 20
-71.5915645017005
 30
0.0
 40
2.6
100
AcDbArc
 50
180.0
 51
236.8131423213182
  0
ARC
  5
2EDF7F
330
11F692
100
AcDbEntity
  8
SECTION
100
AcDbCircle
 10
1121.189297949319
 20
-71.5915645017005
 30
0.0
 40
1.126585269165139
100
AcDbArc
 50
180.0
 51
236.8131423213182
  0
ARC
  5
2EDF80
330
11F692
100
AcDbEntity
  8
DETAIL
100
AcDbCircle
 10
1121.189297949319
 20
-96.69826119370268
 30
0.0
 40
2.6
100
AcDbArc
 50
123.1868576786818
 51
180.0
  0
ARC
  5
2EDF81
330
11F692
100
AcDbEntity
  8
SECTION
100
AcDbCircle
 10
1121.189297949319
 20
-96.69826119370268
 30
0.0
 40
1.126585269165139
100
AcDbArc
 50
123.1868576786818
 51
180.0
  0
LINE
  5
2EDF82
330
11F692
100
AcDbEntity
  8
CENTER
100
AcDbLine
 10
1115.933728827513
 20
-84.14491284770159
 30
0.0
 11
1128.365907691358
 21
-84.14491284770159
 31
0.0
  0
ARC
  5
2EDF83
330
11F692
100
AcDbEntity
  8
DETAIL
100
AcDbCircle
 10
1283.808728827515
 20
-84.14491284770159
 30
0.0
 40
12.4
100
AcDbArc
 50
123.1868576786818
 51
236.8131423213182
  0
ARC
  5
2EDF84
330
11F692
100
AcDbEntity
  8
SECTION
100
AcDbCircle
 10
1283.808728827515
 20
-84.14491284770159
 30
0.0
 40
13.87341473083486
100
AcDbArc
 50
123.1868576786818
 51
236.8131423213182
  0
LINE
  5
2EDF85
330
11F692
100
AcDbEntity
  8
DETAIL
100
AcDbLine
 10
1278.198159705709
 20
-96.69826119370268
 30
0.0
 11
1278.198159705709
 21
-71.5915645017005
 31
0.0
  0
ARC
  5
2EDF86
330
11F692
100
AcDbEntity
  8
DETAIL
100
AcDbCircle
 10
1275.598159705709
 20
-71.5915645017005
 30
0.0
 40
2.6
100
AcDbArc
 50
303.1868576786818
 51
0.0
  0
ARC
  5
2EDF87
330
11F692
100
AcDbEntity
  8
SECTION
100
AcDbCircle
 10
1275.598159705709
 20
-71.5915645017005
 30
0.0
 40
1.126585269165139
100
AcDbArc
 50
303.1868576786818
 51
0.0
  0
ARC
  5
2EDF88
330
11F692
100
AcDbEntity
  8
DETAIL
100
AcDbCircle
 10
1275.598159705709
 20
-96.69826119370268
 30
0.0
 40
2.6
100
AcDbArc
 50
0.0
 51
56.81314232131819
  0
ARC
  5
2EDF89
330
11F692
100
AcDbEntity
  8
SECTION
100
AcDbCircle
 10
1275.598159705709
 20
-96.69826119370268
 30
0.0
 40
1.126585269165139
100
AcDbArc
 50
0.0
 51
56.81314232131819
  0
LINE
  5
2EDF8A
330
11F692
100
AcDbEntity
  8
CENTER
100
AcDbLine
 10
1280.853728827515
 20
-84.14491284770159
 30
0.0
 11
1268.42154996367
 21
-84.14491284770159
 31
0.0
  0
LINE
  5
2EDF8C
330
11F692
100
AcDbEntity
  8
LINE11
100
AcDbLine
 10
1166.755376508553
 20
-155.4315261707359
 30
0.0
 11
1174.762081146475
 21
-155.4315261707359
 31
0.0
  0
LINE
  5
2EDF8D
330
11F692
100
AcDbEntity
  8
LINE11
100
AcDbLine
 10
1166.755376508553
 20
-161.6282995246677
 30
0.0
 11
1174.762081146476
 21
-161.6282995246677
 31
0.0
  0
LWPOLYLINE
  5
2EDF8E
330
11F692
100
AcDbEntity
  8
SECTION
100
AcDbPolyline
 90
        2
 70
     0
 43
0.0
 10
1276.724744974874
 20
-96.69826119370268
 10
1276.724744974874
 20
-104.9805103233095
  0
LINE
  5
2EDF8F
330
11F692
100
AcDbEntity
  8
SECTION
100
AcDbLine
 10
1225.553869281385
 20
-102.8305430176336
 30
0.0
 11
1225.277082510223
 21
-102.8305430176336
 31
0.0
  0
LWPOLYLINE
  5
2EDF90
330
11F692
100
AcDbEntity
  8
LINE
100
AcDbPolyline
 90
        8
 70
     1
 43
0.0
 10
1146.238728827514
 20
-55.97991284770157
 10
1146.238728827514
 20
-59.03991284770157
 42
0.4142135623730951
 10
1149.638728827514
 20
-62.43991284770155
 10
1163.738728827514
 20
-62.43991284770155
 42
0.4142135623730951
 10
1167.138728827514
 20
-59.03991284770157
 10
1167.138728827514
 20
-55.97991284770157
 42
0.4142135623730951
 10
1163.738728827514
 20
-52.57991284770153
 10
1149.638728827514
 20
-52.57991284770153
 42
0.4142135623730951
  0
LWPOLYLINE
  5
2EDF91
330
11F692
100
AcDbEntity
  8
LINE
100
AcDbPolyline
 90
        8
 70
     1
 43
0.0
 10
1174.378728827514
 20
-55.97991284770157
 10
1174.378728827514
 20
-59.03991284770157
 42
0.4142135623730951
 10
1177.778728827514
 20
-62.43991284770155
 10
1191.878728827514
 20
-62.43991284770155
 42
0.4142135623730951
 10
1195.278728827514
 20
-59.03991284770157
 10
1195.278728827514
 20
-55.97991284770157
 42
0.4142135623730951
 10
1191.878728827514
 20
-52.57991284770153
 10
1177.778728827514
 20
-52.57991284770153
 42
0.4142135623730951
  0
LWPOLYLINE
  5
2EDF92
330
11F692
100
AcDbEntity
  8
LINE12
100
AcDbPolyline
 90
        8
 70
     1
 43
0.0
 10
1145.438728827514
 20
-55.97991284770157
 10
1145.438728827514
 20
-59.03991284770157
 42
0.4142135623730891
 10
1149.638728827514
 20
-63.23991284770162
 10
1191.878728827514
 20
-63.23991284770127
 42
0.4142135623730971
 10
1196.078728827514
 20
-59.03991284770157
 10
1196.078728827514
 20
-55.97991284770157
 42
0.4142135623730971
 10
1191.878728827514
 20
-51.77991284770158
 10
1149.638728827514
 20
-51.77991284770158
 42
0.4142135623730889
  0
LWPOLYLINE
  5
2EDF93
330
11F692
100
AcDbEntity
  8
SECTION
100
AcDbPolyline
 90
        4
 70
     0
 43
0.0
 10
1195.363117195626
 20
-52.29455092353939
 42
0.1916393334194734
 10
1191.878728827514
 20
-50.90814246529103
 10
1149.638728827514
 20
-50.90814246529092
 42
0.4142135623704853
 10
1144.56695844512
 20
-55.97991284767326
  0
LWPOLYLINE
  5
2EDF94
330
11F692
100
AcDbEntity
  8
SECTION
100
AcDbPolyline
 90
        4
 70
     0
 43
0.0
 10
1144.566958445103
 20
-59.03991284767338
 42
0.4142135623747298
 10
1149.638728827514
 20
-64.11168323011228
 10
1191.878728827514
 20
-64.11168323011193
 42
0.1916393334194686
 10
1195.363117195626
 20
-62.72527477186369
 42
0.1916393334194686
  0
LWPOLYLINE
  5
2EDF95
330
11F692
100
AcDbEntity
  8
LINE
100
AcDbPolyline
 90
        8
 70
     1
 43
0.0
 10
1201.508728827514
 20
-55.97991284770157
 10
1201.508728827514
 20
-59.03991284770157
 42
0.4142135623730951
 10
1204.908728827514
 20
-62.43991284770155
 10
1219.008728827514
 20
-62.43991284770155
 42
0.4142135623730951
 10
1222.408728827514
 20
-59.03991284770157
 10
1222.408728827514
 20
-55.97991284770157
 42
0.4142135623730951
 10
1219.008728827514
 20
-52.57991284770153
 10
1204.908728827514
 20
-52.57991284770153
 42
0.4142135623730951
  0
LWPOLYLINE
  5
2EDF96
330
11F692
100
AcDbEntity
  8
LINE
100
AcDbPolyline
 90
        8
 70
     1
 43
0.0
 10
1229.648728827514
 20
-55.97991284770157
 10
1229.648728827514
 20
-59.03991284770157
 42
0.4142135623730951
 10
1233.048728827514
 20
-62.43991284770155
 10
1247.148728827514
 20
-62.43991284770155
 42
0.4142135623730951
 10
1250.548728827514
 20
-59.03991284770157
 10
1250.548728827514
 20
-55.97991284770157
 42
0.4142135623730951
 10
1247.148728827514
 20
-52.57991284770153
 10
1233.048728827514
 20
-52.57991284770153
 42
0.4142135623730951
  0
LWPOLYLINE
  5
2EDF97
330
11F692
100
AcDbEntity
  8
LINE12
100
AcDbPolyline
 90
        8
 70
     1
 43
0.0
 10
1200.708728827514
 20
-55.97991284770157
 10
1200.708728827514
 20
-59.03991284770157
 42
0.4142135623730891
 10
1204.908728827514
 20
-63.23991284770162
 10
1247.148728827514
 20
-63.23991284770127
 42
0.4142135623730971
 10
1251.348728827514
 20
-59.03991284770157
 10
1251.348728827514
 20
-55.97991284770157
 42
0.4142135623730971
 10
1247.148728827514
 20
-51.77991284770158
 10
1204.908728827514
 20
-51.77991284770158
 42
0.4142135623730889
  0
LWPOLYLINE
  5
2EDF98
330
11F692
100
AcDbEntity
  8
SECTION
100
AcDbPolyline
 90
        8
 70
     0
 43
0.0
 10
1201.424340459402
 20
-62.72527477186369
 42
0.1916393334194754
 10
1204.908728827514
 20
-64.11168323011228
 10
1247.148728827514
 20
-64.11168323011193
 42
0.4142135623731066
 10
1252.220499209925
 20
-59.03991284770157
 10
1252.220499209925
 20
-55.97991284770157
 42
0.4142135623731049
 10
1247.148728827514
 20
-50.90814246529103
 10
1204.908728827514
 20
-50.90814246529092
 42
0.1916393334194611
 10
1201.424340459402
 20
-52.29455092353939
 42
0.1916393334194611
  0
LINE
  5
2EDF99
330
11F692
100
AcDbEntity
  8
LINE11
100
AcDbLine
 10
1230.032081146475
 20
-60.60829952466739
 30
0.0
 11
1222.025376508553
 21
-60.60829952466739
 31
0.0
  0
LINE
  5
2EDF9A
330
11F692
100
AcDbEntity
  8
LINE11
100
AcDbLine
 10
1230.032081146475
 20
-54.41152617073564
 30
0.0
 11
1222.025376508552
 21
-54.41152617073564
 31
0.0
  0
LINE
  5
2EDF9B
330
11F692
100
AcDbEntity
  8
SECTION
100
AcDbLine
 10
1201.424340459402
 20
-62.72527477186369
 30
0.0
 11
1195.363117195626
 21
-62.72527477186369
 31
0.0
  0
LINE
  5
2EDF9C
330
11F692
100
AcDbEntity
  8
SECTION
100
AcDbLine
 10
1195.363117195626
 20
-52.29455092353939
 30
0.0
 11
1201.424340459402
 21
-52.29455092353939
 31
0.0
  0
ARC
  5
2EDF9D
330
11F692
100
AcDbEntity
  8
LINE10
100
AcDbCircle
 10
1183.664342081873
 20
-57.50991284770148
 30
0.0
 40
12.80864314289992
100
AcDbArc
 50
335.9724911843169
 51
24.02750881568302
  0
ARC
  5
2EDF9E
330
11F692
100
AcDbEntity
  8
LINE10
100
AcDbCircle
 10
1213.123115573156
 20
-57.50991284770194
 30
0.0
 40
12.80864314290063
100
AcDbArc
 50
155.9724911843169
 51
204.0275088156811
  0
LINE
  5
2EDF9F
330
11F692
100
AcDbEntity
  8
SECTION
100
AcDbLine
 10
1144.56695844512
 20
-55.97991284770151
 30
0.0
 11
1144.566958445103
 21
-59.03991284770163
 31
0.0
  0
LINE
  5
2EDFA0
330
11F692
100
AcDbEntity
  8
LINE11
100
AcDbLine
 10
1166.755376508553
 20
-60.60829952466739
 30
0.0
 11
1174.762081146475
 21
-60.60829952466739
 31
0.0
  0
LINE
  5
2EDFA1
330
11F692
100
AcDbEntity
  8
LINE11
100
AcDbLine
 10
1166.755376508553
 20
-54.41152617073564
 30
0.0
 11
1174.762081146476
 21
-54.41152617073564
 31
0.0
  0
LINE
  5
2EDFB7
330
11F692
100
AcDbEntity
  8
LINE
100
AcDbLine
 10
1281.618728827515
 20
-259.2169287080394
 30
0.0
 11
1277.443728827515
 21
-259.2169287080394
 31
0.0
  0
LINE
  5
2EDFB8
330
11F692
100
AcDbEntity
  8
LINE
100
AcDbLine
 10
1276.724744974874
 20
-245.2169287080394
 30
0.0
 11
1278.443728827515
 21
-259.2169287080394
 31
0.0
  0
LINE
  5
2EDFB9
330
11F692
100
AcDbEntity
  8
LINE
100
AcDbLine
 10
1267.142712680156
 20
-245.2169287080394
 30
0.0
 11
1265.423728827515
 21
-259.2169287080394
 31
0.0
  0
LINE
  5
2EDFBA
330
11F692
100
AcDbEntity
  8
DETAIL
100
AcDbLine
 10
1278.198159705709
 20
-257.2169287080394
 30
0.0
 11
1271.408728827515
 21
-257.2169287080394
 31
0.0
  0
LINE
  5
2EDFBB
330
11F692
100
AcDbEntity
  8
DETAIL
100
AcDbLine
 10
1269.93531409668
 20
-245.2169287080394
 30
0.0
 11
1271.408728827515
 21
-257.2169287080394
 31
0.0
  0
LINE
  5
2EDFBC
330
11F692
100
AcDbEntity
  8
LINE
100
AcDbLine
 10
1275.724744974874
 20
-245.2169287080394
 30
0.0
 11
1277.443728827515
 21
-259.2169287080394
 31
0.0
  0
LWPOLYLINE
  5
2EDFBE
330
11F692
100
AcDbEntity
  8
LINE
100
AcDbPolyline
 90
        4
 70
     1
 43
0.0
 10
1093.393728827514
 20
-271.2169287080394
 10
1303.393728827514
 20
-271.2169287080394
 10
1303.393728827514
 20
-259.2169287080394
 10
1093.393728827514
 20
-259.2169287080394
  0
LWPOLYLINE
  5
2EDFBF
330
11F692
100
AcDbEntity
  8
LINE
100
AcDbPolyline
 90
        4
 70
     1
 43
0.0
 10
1380.134129173263
 20
-188.0199128477016
 10
1392.134129173263
 20
-188.0199128477016
 10
1392.134129173263
 20
-28.01991284770166
 10
1380.134129173263
 20
-28.01991284770166
  0
TEXT
  5
2EE010
330
11F692
100
AcDbEntity
  8
NOTES
100
AcDbText
 10
1097.010589271878
 20
-334.0825958618088
 30
0.0
 40
6.569164800000001
  1
2. MATERIAL, PS 0.8t (COLOR, BLACK) CONDUCTIVE
  7
ROMAND
100
AcDbText
  0
TEXT
  5
2EE011
330
11F692
100
AcDbEntity
  8
NOTES
100
AcDbText
 10
1096.304830213874
 20
-298.9088759101286
 30
0.0
 40
6.569164800000001
  1
NOTES
  7
ROMAND
100
AcDbText
  0
TEXT
  5
2EE012
330
11F692
100
AcDbEntity
  8
NOTES
100
AcDbText
 10
1228.161603787782
 20
-315.6795167315193
 30
0.0
 40
6.569164800000001
  1
%%P0.1
  7
ROMAND
 72
     4
 11
1239.266620473496
 21
-312.3949343315193
 31
0.0
100
AcDbText
  0
TEXT
  5
2EE013
330
11F692
100
AcDbEntity
  8
NOTES
100
AcDbText
 10
1097.010589271878
 20
-315.9689004836348
 30
0.0
 40
6.569164800000001
  1
1. GENERAL TOLERANCE,
  7
ROMAND
100
AcDbText
  0
TEXT
  5
2EE014
330
11F692
100
AcDbEntity
  8
NOTES
100
AcDbText
 10
1096.598131775168
 20
-351.7073730072485
 30
0.0
 40
6.569164800000001
  1
3. DRAFT ANGLE, 
  7
ROMAND
100
AcDbText
  0
TEXT
  5
2EE015
330
11F692
100
AcDbEntity
  8
NOTES
100
AcDbText
 10
1219.951407234322
 20
-352.2931471753158
 30
0.0
 40
6.569164800000001
  1
MAX, TYP.
  7
ROMAND
100
AcDbText
  0
TEXT
  5
2EE016
330
11F692
100
AcDbEntity
  8
NOTES
100
AcDbText
 10
1196.325718370127
 20
-351.6960862735212
 30
0.0
 40
6.569164800000001
  1
7%%D
  7
ROMAND
 72
     4
 11
1201.017978941556
 21
-348.4115038735212
 31
0.0
100
AcDbText
  0
LWPOLYLINE
  5
2EE0D2
330
11F692
100
AcDbEntity
  8
LINE
100
AcDbPolyline
 90
        2
 70
     0
 43
0.0
 10
1118.343728827513
 20
-110.4282317634601
 10
1118.343728827513
 20
-116.9115939319432
  0
LWPOLYLINE
  5
2EE0D3
330
11F692
100
AcDbEntity
  8
LINE
100
AcDbPolyline
 90
        2
 70
     0
 43
0.0
 10
1278.443728827515
 20
-110.42823176346
 10
1278.443728827515
 20
-116.9115939319433
  0
LINE
  5
2EE0D4
330
11F692
100
AcDbEntity
  8
LINE
100
AcDbLine
 10
1243.758728827514
 20
-122.6999128477017
 30
0.0
 11
1231.388728827514
 21
-122.6999128477017
 31
0.0
  0
DIMENSION
  5
2EEBF9
330
11F692
100
AcDbEntity
  8
ANA 10
100
AcDbDimension
280
     0
  2
*D24
 10
1081.393728827514
 20
-269.2169287080394
 30
0.0
 11
1077.393728827514
 21
-286.6455001366107
 31
0.0
 70
    32
 71
     5
 42
10.0
 73
     0
 74
     0
 75
     0
  3
STANDARD
100
AcDbAlignedDimension
 13
1093.393728827514
 23
-259.2169287080394
 33
0.0
 14
1093.393728827514
 24
-269.2169287080394
 34
0.0
 50
90.0
100
AcDbRotatedDimension
1001
ACAD
1000
DSTYLE
1002
{
1070
    41
1040
6.0
1070
    42
1040
2.0
1070
    43
1040
5.0
1070
    44
1040
2.0
1070
    73
1070
     0
1070
    74
1070
     0
1070
    77
1070
     1
1070
    78
1070
     8
1070
   140
1040
6.0
1070
   141
1040
0.0
1070
   147
1040
1.0
1070
   173
1070
     1
1070
   179
1070
     4
1070
   340
1005
11F6F2
1070
   343
1005
11F699
1070
   344
1005
11F699
1002
}
  0
DIMENSION
  5
2EEBFA
330
11F692
100
AcDbEntity
  8
ANA 12
100
AcDbDimension
280
     0
  2
*D25
 10
1069.393728827514
 20
-269.2169287080394
 30
0.0
 11
1065.393728827514
 21
-263.2169287080392
 31
0.0
 70
    32
 71
     5
 42
12.0
 73
     0
 74
     0
 75
     0
  3
STANDARD
100
AcDbAlignedDimension
 13
1118.58929794932
 23
-257.2169287080394
 33
0.0
 14
1093.393728827514
 24
-269.2169287080394
 34
0.0
 50
90.0
100
AcDbRotatedDimension
1001
ACAD
1000
DSTYLE
1002
{
1070
    41
1040
6.0
1070
    42
1040
2.0
1070
    43
1040
5.0
1070
    44
1040
2.0
1070
    73
1070
     0
1070
    74
1070
     0
1070
    77
1070
     1
1070
    78
1070
     8
1070
   140
1040
6.0
1070
   141
1040
0.0
1070
   147
1040
1.0
1070
   173
1070
     1
1070
   179
1070
     4
1070
   340
1005
11F6F2
1070
   343
1005
11F699
1070
   344
1005
11F699
1002
}
  0
DIMENSION
  5
2EEBFB
330
11F692
100
AcDbEntity
  8
ANA 13
100
AcDbDimension
280
     0
  2
*D26
 10
1057.393728827514
 20
-269.2169287080394
 30
0.0
 11
1053.393728827514
 21
-262.7169287080392
 31
0.0
 70
    32
 71
     5
 42
13.0
 73
     0
 74
     0
 75
     0
  3
STANDARD
100
AcDbAlignedDimension
 13
1145.017082510223
 23
-256.2169287080394
 33
0.0
 14
1093.393728827514
 24
-269.2169287080394
 34
0.0
 50
90.0
100
AcDbRotatedDimension
1001
ACAD
1000
DSTYLE
1002
{
1070
    41
1040
6.0
1070
    42
1040
2.0
1070
    43
1040
5.0
1070
    44
1040
2.0
1070
    73
1070
     0
1070
    74
1070
     0
1070
    77
1070
     1
1070
    78
1070
     8
1070
   140
1040
6.0
1070
   141
1040
0.0
1070
   147
1040
1.0
1070
   173
1070
     1
1070
   179
1070
     4
1070
   340
1005
11F6F2
1070
   343
1005
11F699
1070
   344
1005
11F699
1002
}
  0
DIMENSION
  5
2EEBFD
330
11F692
100
AcDbEntity
  8
ANA 16
100
AcDbDimension
280
     0
  2
*D28
 10
1045.393728827514
 20
-269.2169287080394
 30
0.0
 11
1041.393728827514
 21
-261.2169287080392
 31
0.0
 70
    32
 71
     5
 42
16.00000000000003
 73
     0
 74
     0
 75
     0
  3
STANDARD
100
AcDbAlignedDimension
 13
1144.648728827514
 23
-253.2169287080394
 33
0.0
 14
1093.393728827514
 24
-269.2169287080394
 34
0.0
 50
90.0
100
AcDbRotatedDimension
1001
ACAD
1000
DSTYLE
1002
{
1070
    41
1040
6.0
1070
    42
1040
2.0
1070
    43
1040
5.0
1070
    44
1040
2.0
1070
    73
1070
     0
1070
    74
1070
     0
1070
    77
1070
     1
1070
    78
1070
     8
1070
   140
1040
6.0
1070
   141
1040
0.0
1070
   147
1040
1.0
1070
   173
1070
     1
1070
   179
1070
     4
1070
   340
1005
11F6F2
1070
   343
1005
11F699
1070
   344
1005
11F699
1002
}
  0
DIMENSION
  5
2EEBFE
330
11F692
100
AcDbEntity
  8
ANA 20
100
AcDbDimension
280
     0
  2
*D29
 10
1021.393728827514
 20
-269.2169287080394
 30
0.0
 11
1017.393728827514
 21
-259.2169287080392
 31
0.0
 70
    32
 71
     5
 42
20.00000000000003
 73
     0
 74
     0
 75
     0
  3
STANDARD
100
AcDbAlignedDimension
 13
1153.419468154508
 23
-249.2169287080394
 33
0.0
 14
1091.393728827514
 24
-269.2169287080394
 34
0.0
 50
90.0
100
AcDbRotatedDimension
1001
ACAD
1000
DSTYLE
1002
{
1070
    41
1040
6.0
1070
    42
1040
2.0
1070
    43
1040
5.0
1070
    44
1040
2.0
1070
    73
1070
     0
1070
    74
1070
     0
1070
    77
1070
     1
1070
    78
1070
     8
1070
   140
1040
6.0
1070
   141
1040
0.0
1070
   147
1040
1.0
1070
   173
1070
     1
1070
   179
1070
     4
1070
   340
1005
11F6F2
1070
   343
1005
11F699
1070
   344
1005
11F699
1002
}
  0
DIMENSION
  5
2EEBFF
330
11F692
100
AcDbEntity
  8
ANA 17.1 Φ6x5°U6.9
100
AcDbDimension
280
     0
  2
*D30
 10
1033.393728827514
 20
-269.2169287080394
 30
0.0
 11
1029.393728827514
 21
-284.2169287080393
 31
0.0
 70
    32
 71
     5
 42
17.10000000000002
 73
     0
 74
     0
 75
     0
  3
STANDARD
100
AcDbAlignedDimension
 13
1120.215499209925
 23
-252.1169287080394
 33
0.0
 14
1093.393728827514
 24
-269.2169287080394
 34
0.0
 50
90.0
100
AcDbRotatedDimension
1001
ACAD
1000
DSTYLE
1002
{
1070
    41
1040
6.0
1070
    42
1040
2.0
1070
    43
1040
5.0
1070
    44
1040
2.0
1070
    73
1070
     0
1070
    74
1070
     0
1070
    77
1070
     1
1070
    78
1070
     8
1070
   140
1040
6.0
1070
   141
1040
0.0
1070
   147
1040
1.0
1070
   173
1070
     1
1070
   179
1070
     4
1070
   340
1005
11F6F2
1070
   343
1005
11F699
1070
   344
1005
11F699
1002
}
  0
DIMENSION
  5
2EEC9C
330
11F692
100
AcDbEntity
  8
ANA 16.9
100
AcDbDimension
280
     0
  2
*D31
 10
1373.234129173263
 20
-210.9459182900689
 30
0.0
 11
1407.848414887549
 21
-210.9459182900689
 31
0.0
 70
   160
 71
     5
 42
16.90000000000009
 73
     0
 74
     0
 75
     0
  3
STANDARD
100
AcDbAlignedDimension
 13
1390.134129173263
 23
-188.0199128477016
 33
0.0
 14
1373.234129173263
 24
-157.9699128477016
 34
0.0
100
AcDbRotatedDimension
1001
ACAD
1000
DSTYLE
1002
{
1070
    41
1040
6.0
1070
    42
1040
2.0
1070
    43
1040
5.0
1070
    44
1040
2.0
1070
    73
1070
     0
1070
    74
1070
     0
1070
    77
1070
     1
1070
    78
1070
     8
1070
   140
1040
6.0
1070
   141
1040
0.0
1070
   147
1040
1.0
1070
   173
1070
     1
1070
   179
1070
     4
1070
   340
1005
11F6F2
1070
   343
1005
11F699
1070
   344
1005
11F699
1002
}
  0
DIMENSION
  5
2EEC9D
330
11F692
100
AcDbEntity
  8
ANA 14.9
100
AcDbDimension
280
     0
  2
*D32
 10
1390.134129173263
 20
-196.7326554220725
 30
0.0
 11
1405.848414887549
 21
-192.7326554220725
 31
0.0
 70
    32
 71
     5
 42
14.89999999999986
 73
     0
 74
     0
 75
     0
  3
STANDARD
100
AcDbAlignedDimension
 13
1375.234129173264
 23
-158.5299128477019
 33
0.0
 14
1390.134129173263
 24
-190.0199128477017
 34
0.0
100
AcDbRotatedDimension
1001
ACAD
1000
DSTYLE
1002
{
1070
    41
1040
6.0
1070
    42
1040
2.0
1070
    43
1040
5.0
1070
    44
1040
2.0
1070
    73
1070
     0
1070
    74
1070
     0
1070
    77
1070
     1
1070
    78
1070
     8
1070
   140
1040
6.0
1070
   141
1040
0.0
1070
   147
1040
1.0
1070
   173
1070
     1
1070
   179
1070
     4
1070
   340
1005
11F6F2
1070
   343
1005
11F699
1070
   344
1005
11F699
1002
}
  0
CIRCLE
  5
2EECE7
330
11F692
100
AcDbEntity
  8
ANA NEJI
100
AcDbCircle
 10
1103.393728827514
 20
-38.01991284770167
 30
0.0
 40
2.1
  0
CIRCLE
  5
2EECE8
330
11F692
100
AcDbEntity
  8
ANA NEJI
100
AcDbCircle
 10
1293.393728827514
 20
-38.01991284770167
 30
0.0
 40
2.1
  0
CIRCLE
  5
2EECE9
330
11F692
100
AcDbEntity
  8
ANA NEJI
100
AcDbCircle
 10
1103.393728827514
 20
-178.0199128477022
 30
0.0
 40
2.1
  0
CIRCLE
  5
2EECEA
330
11F692
100
AcDbEntity
  8
ANA NEJI
100
AcDbCircle
 10
1293.393728827514
 20
-178.0199128477018
 30
0.0
 40
2.1
  0
CIRCLE
  5
2EECEB
330
11F692
100
AcDbEntity
  8
ANA 10
100
AcDbCircle
 10
1125.896824071682
 20
-161.1268176035329
 30
0.0
 40
2.1
  0
CIRCLE
  5
2EECEC
330
11F692
100
AcDbEntity
  8
ANA 10
100
AcDbCircle
 10
1133.658018173904
 20
-168.1775177622762
 30
0.0
 40
2.1
  0
CIRCLE
  5
2EECED
330
11F692
100
AcDbEntity
  8
ANA 10
100
AcDbCircle
 10
1118.846123912939
 20
-153.3656235013113
 30
0.0
 40
2.1
  0
CIRCLE
  5
2EECEE
330
11F692
100
AcDbEntity
  8
ANA 10
100
AcDbCircle
 10
1118.343728827513
 20
-131.8949128477017
 30
0.0
 40
2.1
  0
CIRCLE
  5
2EECEF
330
11F692
100
AcDbEntity
  8
ANA 10
100
AcDbCircle
 10
1119.343728827514
 20
-108.0199128477017
 30
0.0
 40
2.1
  0
CIRCLE
  5
2EECF0
330
11F692
100
AcDbEntity
  8
ANA 10
100
AcDbCircle
 10
1118.343728827513
 20
-84.14491284770159
 30
0.0
 40
2.1
  0
CIRCLE
  5
2EECF1
330
11F692
100
AcDbEntity
  8
ANA 10
100
AcDbCircle
 10
1118.343728827513
 20
-59.95991284770174
 30
0.0
 40
2.1
  0
CIRCLE
  5
2EECF2
330
11F692
100
AcDbEntity
  8
ANA 10
100
AcDbCircle
 10
1122.034183384563
 20
-51.05036740475125
 30
0.0
 40
2.1
  0
CIRCLE
  5
2EECF3
330
11F692
100
AcDbEntity
  8
ANA 10
100
AcDbCircle
 10
1130.943728827514
 20
-47.35991284770167
 30
0.0
 40
2.1
  0
CIRCLE
  5
2EECF4
330
11F692
100
AcDbEntity
  8
ANA 10
100
AcDbCircle
 10
1198.393728827514
 20
-46.58848177718411
 30
0.0
 40
2.1
  0
CIRCLE
  5
2EECF5
330
11F692
100
AcDbEntity
  8
ANA 10
100
AcDbCircle
 10
1170.131849418044
 20
-46.47965853572483
 30
0.0
 40
2.1
  0
CIRCLE
  5
2EECF6
330
11F692
100
AcDbEntity
  8
ANA 10
100
AcDbCircle
 10
1226.038474401218
 20
-46.47965853572483
 30
0.0
 40
2.1
  0
CIRCLE
  5
2EECF7
330
11F692
100
AcDbEntity
  8
ANA 10
100
AcDbCircle
 10
1265.843728827515
 20
-47.35991284770157
 30
0.0
 40
2.1
  0
CIRCLE
  5
2EECF8
330
11F692
100
AcDbEntity
  8
ANA 10
100
AcDbCircle
 10
1274.753274270465
 20
-51.05036740475111
 30
0.0
 40
2.1
  0
CIRCLE
  5
2EECF9
330
11F692
100
AcDbEntity
  8
ANA 10
100
AcDbCircle
 10
1278.443728827515
 20
-59.95991284770162
 30
0.0
 40
2.1
  0
CIRCLE
  5
2EECFA
330
11F692
100
AcDbEntity
  8
ANA 10
100
AcDbCircle
 10
1278.443728827515
 20
-84.14491284770159
 30
0.0
 40
2.1
  0
CIRCLE
  5
2EECFB
330
11F692
100
AcDbEntity
  8
ANA 10
100
AcDbCircle
 10
1277.443728827515
 20
-108.0199128477017
 30
0.0
 40
2.1
  0
CIRCLE
  5
2EECFC
330
11F692
100
AcDbEntity
  8
ANA 10
100
AcDbCircle
 10
1278.443728827515
 20
-131.8949128477017
 30
0.0
 40
2.1
  0
CIRCLE
  5
2EECFD
330
11F692
100
AcDbEntity
  8
ANA 10
100
AcDbCircle
 10
1278.443728827515
 20
-156.0799128477017
 30
0.0
 40
2.1
  0
CIRCLE
  5
2EECFE
330
11F692
100
AcDbEntity
  8
ANA 10
100
AcDbCircle
 10
1274.753274270465
 20
-164.9894582906522
 30
0.0
 40
2.1
  0
CIRCLE
  5
2EECFF
330
11F692
100
AcDbEntity
  8
ANA 10
100
AcDbCircle
 10
1265.843728827515
 20
-168.6799128477018
 30
0.0
 40
2.1
  0
CIRCLE
  5
2EED01
330
11F692
100
AcDbEntity
  8
ANA 10
100
AcDbCircle
 10
1226.26909616173
 20
-169.3986445001875
 30
0.0
 40
2.1
  0
CIRCLE
  5
2EED02
330
11F692
100
AcDbEntity
  8
ANA 10
100
AcDbCircle
 10
1170.865993298627
 20
-169.329025416626
 30
0.0
 40
2.1
  0
CIRCLE
  5
2EED03
330
11F692
100
AcDbEntity
  8
ANA 10
100
AcDbCircle
 10
1147.23456577148
 20
-154.5957497916675
 30
0.0
 40
2.1
  0
CIRCLE
  5
2EED04
330
11F692
100
AcDbEntity
  8
ANA 10
100
AcDbCircle
 10
1147.23456577148
 20
-162.4640759037359
 30
0.0
 40
2.1
  0
CIRCLE
  5
2EED05
330
11F692
100
AcDbEntity
  8
ANA 10
100
AcDbCircle
 10
1166.142891883548
 20
-162.4640759037359
 30
0.0
 40
2.1
  0
CIRCLE
  5
2EED06
330
11F692
100
AcDbEntity
  8
ANA 10
100
AcDbCircle
 10
1166.142891883548
 20
-154.5957497916676
 30
0.0
 40
2.1
  0
CIRCLE
  5
2EED07
330
11F692
100
AcDbEntity
  8
ANA 10
100
AcDbCircle
 10
1175.37456577148
 20
-154.5957497916674
 30
0.0
 40
2.1
  0
CIRCLE
  5
2EED08
330
11F692
100
AcDbEntity
  8
ANA 10
100
AcDbCircle
 10
1175.37456577148
 20
-162.4640759037361
 30
0.0
 40
2.1
  0
CIRCLE
  5
2EED09
330
11F692
100
AcDbEntity
  8
ANA 10
100
AcDbCircle
 10
1193.982891883548
 20
-154.5957497916674
 30
0.0
 40
2.1
  0
CIRCLE
  5
2EED0A
330
11F692
100
AcDbEntity
  8
ANA 10
100
AcDbCircle
 10
1193.982891883549
 20
-162.4640759037361
 30
0.0
 40
2.1
  0
CIRCLE
  5
2EED0B
330
11F692
100
AcDbEntity
  8
ANA 10
100
AcDbCircle
 10
1202.80456577148
 20
-154.5957497916675
 30
0.0
 40
2.1
  0
CIRCLE
  5
2EED0C
330
11F692
100
AcDbEntity
  8
ANA 10
100
AcDbCircle
 10
1202.80456577148
 20
-162.4640759037359
 30
0.0
 40
2.1
  0
CIRCLE
  5
2EED0D
330
11F692
100
AcDbEntity
  8
ANA 10
100
AcDbCircle
 10
1221.412891883548
 20
-154.5957497916676
 30
0.0
 40
2.1
  0
CIRCLE
  5
2EED0E
330
11F692
100
AcDbEntity
  8
ANA 10
100
AcDbCircle
 10
1221.412891883548
 20
-162.4640759037359
 30
0.0
 40
2.1
  0
CIRCLE
  5
2EED0F
330
11F692
100
AcDbEntity
  8
ANA 10
100
AcDbCircle
 10
1230.644565771479
 20
-154.5957497916674
 30
0.0
 40
2.1
  0
CIRCLE
  5
2EED10
330
11F692
100
AcDbEntity
  8
ANA 10
100
AcDbCircle
 10
1230.64456577148
 20
-162.4640759037361
 30
0.0
 40
2.1
  0
CIRCLE
  5
2EED11
330
11F692
100
AcDbEntity
  8
ANA 10
100
AcDbCircle
 10
1249.552891883548
 20
-154.5957497916674
 30
0.0
 40
2.1
  0
CIRCLE
  5
2EED12
330
11F692
100
AcDbEntity
  8
ANA 10
100
AcDbCircle
 10
1249.552891883549
 20
-162.4640759037361
 30
0.0
 40
2.1
  0
CIRCLE
  5
2EED15
330
11F692
100
AcDbEntity
  8
ANA 14.9
100
AcDbCircle
 10
1170.758728827514
 20
-158.5299128477017
 30
0.0
 40
2.1
  0
CIRCLE
  5
2EED16
330
11F692
100
AcDbEntity
  8
ANA 14.9
100
AcDbCircle
 10
1226.028728827514
 20
-158.5299128477017
 30
0.0
 40
2.1
  0
CIRCLE
  5
2EED17
330
11F692
100
AcDbEntity
  8
ANA 16.9
100
AcDbCircle
 10
1142.091088462898
 20
-158.5299128477018
 30
0.0
 40
2.1
  0
CIRCLE
  5
2EED18
330
11F692
100
AcDbEntity
  8
ANA 16.9
100
AcDbCircle
 10
1254.69636919213
 20
-158.5299128477018
 30
0.0
 40
2.1
  0
CIRCLE
  5
2EED23
330
11F692
100
AcDbEntity
  8
ANA 10
100
AcDbCircle
 10
1147.23456577148
 20
-61.44407590373581
 30
0.0
 40
2.1
  0
CIRCLE
  5
2EED24
330
11F692
100
AcDbEntity
  8
ANA 10
100
AcDbCircle
 10
1147.23456577148
 20
-53.57574979166736
 30
0.0
 40
2.1
  0
CIRCLE
  5
2EED25
330
11F692
100
AcDbEntity
  8
ANA 10
100
AcDbCircle
 10
1166.142891883548
 20
-53.57574979166739
 30
0.0
 40
2.1
  0
CIRCLE
  5
2EED26
330
11F692
100
AcDbEntity
  8
ANA 10
100
AcDbCircle
 10
1166.142891883548
 20
-61.44407590373572
 30
0.0
 40
2.1
  0
CIRCLE
  5
2EED28
330
11F692
100
AcDbEntity
  8
ANA 10
100
AcDbCircle
 10
1175.37456577148
 20
-53.57574979166719
 30
0.0
 40
2.1
  0
CIRCLE
  5
2EED2A
330
11F692
100
AcDbEntity
  8
ANA 10
100
AcDbCircle
 10
1193.982891883549
 20
-53.57574979166719
 30
0.0
 40
2.1
  0
CIRCLE
  5
2EED2B
330
11F692
100
AcDbEntity
  8
ANA 10
100
AcDbCircle
 10
1202.80456577148
 20
-61.44407590373581
 30
0.0
 40
2.1
  0
CIRCLE
  5
2EED2C
330
11F692
100
AcDbEntity
  8
ANA 10
100
AcDbCircle
 10
1202.80456577148
 20
-53.57574979166736
 30
0.0
 40
2.1
  0
CIRCLE
  5
2EED2D
330
11F692
100
AcDbEntity
  8
ANA 10
100
AcDbCircle
 10
1221.412891883548
 20
-61.44407590373572
 30
0.0
 40
2.1
  0
CIRCLE
  5
2EED2E
330
11F692
100
AcDbEntity
  8
ANA 10
100
AcDbCircle
 10
1221.412891883548
 20
-53.57574979166739
 30
0.0
 40
2.1
  0
CIRCLE
  5
2EED2F
330
11F692
100
AcDbEntity
  8
ANA 10
100
AcDbCircle
 10
1230.644565771479
 20
-61.44407590373592
 30
0.0
 40
2.1
  0
CIRCLE
  5
2EED30
330
11F692
100
AcDbEntity
  8
ANA 10
100
AcDbCircle
 10
1230.64456577148
 20
-53.57574979166719
 30
0.0
 40
2.1
  0
CIRCLE
  5
2EED31
330
11F692
100
AcDbEntity
  8
ANA 10
100
AcDbCircle
 10
1249.552891883548
 20
-61.44407590373589
 30
0.0
 40
2.1
  0
CIRCLE
  5
2EED32
330
11F692
100
AcDbEntity
  8
ANA 10
100
AcDbCircle
 10
1249.552891883549
 20
-53.57574979166719
 30
0.0
 40
2.1
  0
CIRCLE
  5
2EED33
330
11F692
100
AcDbEntity
  8
ANA 14.9
100
AcDbCircle
 10
1170.758728827514
 20
-57.50991284770157
 30
0.0
 40
2.1
  0
CIRCLE
  5
2EED34
330
11F692
100
AcDbEntity
  8
ANA 14.9
100
AcDbCircle
 10
1226.028728827514
 20
-57.50991284770157
 30
0.0
 40
2.1
  0
CIRCLE
  5
2EED35
330
11F692
100
AcDbEntity
  8
ANA 16.9
100
AcDbCircle
 10
1142.091088462898
 20
-57.50991284770154
 30
0.0
 40
2.1
  0
CIRCLE
  5
2EED36
330
11F692
100
AcDbEntity
  8
ANA 16.9
100
AcDbCircle
 10
1254.69636919213
 20
-57.50991284770154
 30
0.0
 40
2.1
  0
CIRCLE
  5
2EED37
330
11F692
100
AcDbEntity
  8
ANA 12
100
AcDbCircle
 10
1125.378646951819
 20
-131.8498516612496
 30
0.0
 40
2.1
  0
CIRCLE
  5
2EED38
330
11F692
100
AcDbEntity
  8
ANA 12
100
AcDbCircle
 10
1125.378728827514
 20
-84.14491284770159
 30
0.0
 40
2.1
  0
CIRCLE
  5
2EED39
330
11F692
100
AcDbEntity
  8
ANA 12
100
AcDbCircle
 10
1271.408728827514
 20
-84.14491284770159
 30
0.0
 40
2.1
  0
CIRCLE
  5
2EED3A
330
11F692
100
AcDbEntity
  8
ANA 12
100
AcDbCircle
 10
1271.408728827514
 20
-131.8949128477017
 30
0.0
 40
2.1
  0
CIRCLE
  5
2EED3B
330
11F692
100
AcDbEntity
  8
ANA 13
100
AcDbCircle
 10
1145.573579625968
 20
-147.6534157319561
 30
0.0
 40
2.1
  0
CIRCLE
  5
2EED3C
330
11F692
100
AcDbEntity
  8
ANA 13
100
AcDbCircle
 10
1153.26387802906
 20
-147.6534157319561
 30
0.0
 40
2.1
  0
CIRCLE
  5
2EED3E
330
11F692
100
AcDbEntity
  8
ANA 13
100
AcDbCircle
 10
1152.835019079189
 20
-138.7306874206531
 30
0.0
 40
2.1
  0
CIRCLE
  5
2EED3F
330
11F692
100
AcDbEntity
  8
ANA 13
100
AcDbCircle
 10
1148.94975076473
 20
-135.180561154806
 30
0.0
 40
2.1
  0
CIRCLE
  5
2EED40
330
11F692
100
AcDbEntity
  8
ANA 10
100
AcDbCircle
 10
1146.722942389887
 20
-130.444126410075
 30
0.0
 40
2.1
  0
CIRCLE
  5
2EED41
330
11F692
100
AcDbEntity
  8
ANA 10
100
AcDbCircle
 10
1152.114515265141
 20
-130.4441264100746
 30
0.0
 40
2.1
  0
CIRCLE
  5
2EED42
330
11F692
100
AcDbEntity
  8
ANA 10
100
AcDbCircle
 10
1152.114515265141
 20
-123.2856992853286
 30
0.0
 40
2.1
  0
CIRCLE
  5
2EED43
330
11F692
100
AcDbEntity
  8
ANA 10
100
AcDbCircle
 10
1146.722942389887
 20
-123.2856992853286
 30
0.0
 40
2.1
  0
CIRCLE
  5
2EED44
330
11F692
100
AcDbEntity
  8
ANA 10
100
AcDbCircle
 10
1132.066672552666
 20
-123.402856572854
 30
0.0
 40
2.1
  0
CIRCLE
  5
2EED45
330
11F692
100
AcDbEntity
  8
ANA 10
100
AcDbCircle
 10
1132.066672552666
 20
-130.3269691225493
 30
0.0
 40
2.1
  0
CIRCLE
  5
2EED46
330
11F692
100
AcDbEntity
  8
ANA 13
100
AcDbCircle
 10
1143.578088165986
 20
-135.2339875286747
 30
0.0
 40
2.1
  0
CIRCLE
  5
2EED48
330
11F692
100
AcDbEntity
  8
ANA 20
100
AcDbCircle
 10
1157.858792318441
 20
-135.4949274161209
 30
0.0
 40
2.1
  0
CIRCLE
  5
2EED4A
330
11F692
100
AcDbEntity
  8
ANA 16
100
AcDbCircle
 10
1153.674947430764
 20
-117.746172524743
 30
0.0
 40
2.1
  0
CIRCLE
  5
2EED54
330
11F692
100
AcDbEntity
  8
ANA 16
100
AcDbCircle
 10
1145.162510224263
 20
-117.7461725247416
 30
0.0
 40
2.1
  0
CIRCLE
  5
2EED71
330
11F692
100
AcDbEntity
  8
ANA 17.1 Φ6x5°U6.9
100
AcDbCircle
 10
1141.940238013457
 20
-151.3440151623476
 30
0.0
 40
2.1
  0
CIRCLE
  5
2EED73
330
11F692
100
AcDbEntity
  8
ANA 16.9　Φ3.3
100
AcDbCircle
 10
1170.8012354058
 20
-164.4827071810163
 30
0.0
 40
1.649999999999999
  0
CIRCLE
  5
2EED75
330
11F692
100
AcDbEntity
  8
ANA 16.9　Φ3.3
100
AcDbCircle
 10
1170.8012354058
 20
-152.4179792230636
 30
0.0
 40
1.649999999999999
  0
CIRCLE
  5
2EED76
330
11F692
100
AcDbEntity
  8
ANA 16.9　Φ3.3
100
AcDbCircle
 10
1225.986222249228
 20
-164.4827071810163
 30
0.0
 40
1.649999999999999
  0
CIRCLE
  5
2EED77
330
11F692
100
AcDbEntity
  8
ANA 16.9　Φ3.3
100
AcDbCircle
 10
1225.986222249228
 20
-152.4179792230636
 30
0.0
 40
1.649999999999999
  0
CIRCLE
  5
2EED8F
330
11F692
100
AcDbEntity
  8
ANA 10
100
AcDbCircle
 10
1175.37456577148
 20
-61.44407590373589
 30
0.0
 40
2.1
  0
CIRCLE
  5
2EED91
330
11F692
100
AcDbEntity
  8
ANA 10
100
AcDbCircle
 10
1193.982891883548
 20
-61.44407590373586
 30
0.0
 40
2.1
  0
CIRCLE
  5
2EED9F
330
11F692
100
AcDbEntity
  8
ANA 16.9　Φ3.3
100
AcDbCircle
 10
1170.8012354058
 20
-51.55711851438695
 30
0.0
 40
1.649999999999999
  0
CIRCLE
  5
2EEDA0
330
11F692
100
AcDbEntity
  8
ANA 16.9　Φ3.3
100
AcDbCircle
 10
1170.8012354058
 20
-63.62184647233966
 30
0.0
 40
1.649999999999999
  0
CIRCLE
  5
2EEDA1
330
11F692
100
AcDbEntity
  8
ANA 16.9　Φ3.3
100
AcDbCircle
 10
1225.986222249228
 20
-51.55711851438695
 30
0.0
 40
1.649999999999999
  0
CIRCLE
  5
2EEDA2
330
11F692
100
AcDbEntity
  8
ANA 16.9　Φ3.3
100
AcDbCircle
 10
1225.986222249228
 20
-63.62184647233966
 30
0.0
 40
1.649999999999999
  0
CIRCLE
  5
2EEDA3
330
11F692
100
AcDbEntity
  8
ANA 16.9　Φ3.3
100
AcDbCircle
 10
1198.393728827514
 20
-51.55711851438695
 30
0.0
 40
1.649999999999999
  0
CIRCLE
  5
2EEDA4
330
11F692
100
AcDbEntity
  8
ANA 16.9　Φ3.3
100
AcDbCircle
 10
1198.393728827514
 20
-63.62184647233965
 30
0.0
 40
1.649999999999999
  0
CIRCLE
  5
2EEDA5
330
11F692
100
AcDbEntity
  8
ANA 16.9　Φ3.3
100
AcDbCircle
 10
1198.393728827514
 20
-164.4827071810163
 30
0.0
 40
1.649999999999999
  0
CIRCLE
  5
2EEDA6
330
11F692
100
AcDbEntity
  8
ANA 16.9　Φ3.3
100
AcDbCircle
 10
1198.393728827514
 20
-153.1853046046435
 30
0.0
 40
1.649999999999999
  0
CIRCLE
  5
2EEDA7
330
11F692
100
AcDbEntity
  8
ANA 10
100
AcDbCircle
 10
1198.393728827514
 20
-169.3949334160737
 30
0.0
 40
2.1
  0
CIRCLE
  5
2EEDB1
330
11F692
100
AcDbEntity
  8
ANA 13
100
AcDbCircle
 10
1165.163579625968
 20
-147.6534157319561
 30
0.0
 40
2.1
  0
CIRCLE
  5
2EEDB2
330
11F692
100
AcDbEntity
  8
ANA 13
100
AcDbCircle
 10
1172.85387802906
 20
-147.6534157319561
 30
0.0
 40
2.1
  0
CIRCLE
  5
2EEDB3
330
11F692
100
AcDbEntity
  8
ANA 13
100
AcDbCircle
 10
1172.425019079189
 20
-138.7306874206531
 30
0.0
 40
2.1
  0
CIRCLE
  5
2EEDB4
330
11F692
100
AcDbEntity
  8
ANA 13
100
AcDbCircle
 10
1168.53975076473
 20
-135.180561154806
 30
0.0
 40
2.1
  0
CIRCLE
  5
2EEDB5
330
11F692
100
AcDbEntity
  8
ANA 10
100
AcDbCircle
 10
1166.312942389887
 20
-130.444126410075
 30
0.0
 40
2.1
  0
CIRCLE
  5
2EEDB6
330
11F692
100
AcDbEntity
  8
ANA 10
100
AcDbCircle
 10
1171.704515265141
 20
-130.4441264100746
 30
0.0
 40
2.1
  0
CIRCLE
  5
2EEDB7
330
11F692
100
AcDbEntity
  8
ANA 10
100
AcDbCircle
 10
1171.704515265141
 20
-123.2856992853286
 30
0.0
 40
2.1
  0
CIRCLE
  5
2EEDB8
330
11F692
100
AcDbEntity
  8
ANA 10
100
AcDbCircle
 10
1166.312942389887
 20
-123.2856992853286
 30
0.0
 40
2.1
  0
CIRCLE
  5
2EEDB9
330
11F692
100
AcDbEntity
  8
ANA 13
100
AcDbCircle
 10
1163.168088165986
 20
-135.2339875286747
 30
0.0
 40
2.1
  0
CIRCLE
  5
2EEDBA
330
11F692
100
AcDbEntity
  8
ANA 20
100
AcDbCircle
 10
1177.448792318441
 20
-135.4949274161209
 30
0.0
 40
2.1
  0
CIRCLE
  5
2EEDBB
330
11F692
100
AcDbEntity
  8
ANA 16
100
AcDbCircle
 10
1173.264947430764
 20
-117.746172524743
 30
0.0
 40
2.1
  0
CIRCLE
  5
2EEDBC
330
11F692
100
AcDbEntity
  8
ANA 16
100
AcDbCircle
 10
1164.752510224263
 20
-117.7461725247416
 30
0.0
 40
2.1
  0
CIRCLE
  5
2EEDBD
330
11F692
100
AcDbEntity
  8
ANA 13
100
AcDbCircle
 10
1184.753579625968
 20
-147.6534157319561
 30
0.0
 40
2.1
  0
CIRCLE
  5
2EEDBE
330
11F692
100
AcDbEntity
  8
ANA 13
100
AcDbCircle
 10
1192.44387802906
 20
-147.6534157319561
 30
0.0
 40
2.1
  0
CIRCLE
  5
2EEDBF
330
11F692
100
AcDbEntity
  8
ANA 13
100
AcDbCircle
 10
1192.015019079189
 20
-138.7306874206531
 30
0.0
 40
2.1
  0
CIRCLE
  5
2EEDC0
330
11F692
100
AcDbEntity
  8
ANA 13
100
AcDbCircle
 10
1188.12975076473
 20
-135.180561154806
 30
0.0
 40
2.1
  0
CIRCLE
  5
2EEDC1
330
11F692
100
AcDbEntity
  8
ANA 10
100
AcDbCircle
 10
1185.902942389887
 20
-130.444126410075
 30
0.0
 40
2.1
  0
CIRCLE
  5
2EEDC2
330
11F692
100
AcDbEntity
  8
ANA 10
100
AcDbCircle
 10
1191.294515265141
 20
-130.4441264100746
 30
0.0
 40
2.1
  0
CIRCLE
  5
2EEDC3
330
11F692
100
AcDbEntity
  8
ANA 10
100
AcDbCircle
 10
1191.294515265141
 20
-123.2856992853286
 30
0.0
 40
2.1
  0
CIRCLE
  5
2EEDC4
330
11F692
100
AcDbEntity
  8
ANA 10
100
AcDbCircle
 10
1185.902942389887
 20
-123.2856992853286
 30
0.0
 40
2.1
  0
CIRCLE
  5
2EEDC5
330
11F692
100
AcDbEntity
  8
ANA 13
100
AcDbCircle
 10
1182.758088165987
 20
-135.2339875286747
 30
0.0
 40
2.1
  0
CIRCLE
  5
2EEDC6
330
11F692
100
AcDbEntity
  8
ANA 20
100
AcDbCircle
 10
1197.038792318441
 20
-135.4949274161209
 30
0.0
 40
2.1
  0
CIRCLE
  5
2EEDC7
330
11F692
100
AcDbEntity
  8
ANA 16
100
AcDbCircle
 10
1192.854947430764
 20
-117.746172524743
 30
0.0
 40
2.1
  0
CIRCLE
  5
2EEDC8
330
11F692
100
AcDbEntity
  8
ANA 16
100
AcDbCircle
 10
1184.342510224263
 20
-117.7461725247416
 30
0.0
 40
2.1
  0
CIRCLE
  5
2EEDC9
330
11F692
100
AcDbEntity
  8
ANA 13
100
AcDbCircle
 10
1204.715291199481
 20
-147.0696928923262
 30
0.0
 40
2.1
  0
CIRCLE
  5
2EEDCA
330
11F692
100
AcDbEntity
  8
ANA 13
100
AcDbCircle
 10
1212.03387802906
 20
-147.6534157319561
 30
0.0
 40
2.1
  0
CIRCLE
  5
2EEDCB
330
11F692
100
AcDbEntity
  8
ANA 13
100
AcDbCircle
 10
1211.605019079189
 20
-138.7306874206531
 30
0.0
 40
2.1
  0
CIRCLE
  5
2EEDCC
330
11F692
100
AcDbEntity
  8
ANA 13
100
AcDbCircle
 10
1207.71975076473
 20
-135.180561154806
 30
0.0
 40
2.1
  0
CIRCLE
  5
2EEDCD
330
11F692
100
AcDbEntity
  8
ANA 10
100
AcDbCircle
 10
1205.492942389887
 20
-130.444126410075
 30
0.0
 40
2.1
  0
CIRCLE
  5
2EEDCE
330
11F692
100
AcDbEntity
  8
ANA 10
100
AcDbCircle
 10
1210.884515265141
 20
-130.4441264100746
 30
0.0
 40
2.1
  0
CIRCLE
  5
2EEDCF
330
11F692
100
AcDbEntity
  8
ANA 10
100
AcDbCircle
 10
1210.884515265141
 20
-123.2856992853286
 30
0.0
 40
2.1
  0
CIRCLE
  5
2EEDD0
330
11F692
100
AcDbEntity
  8
ANA 10
100
AcDbCircle
 10
1205.492942389887
 20
-123.2856992853286
 30
0.0
 40
2.1
  0
CIRCLE
  5
2EEDD1
330
11F692
100
AcDbEntity
  8
ANA 13
100
AcDbCircle
 10
1202.348088165986
 20
-135.2339875286747
 30
0.0
 40
2.1
  0
CIRCLE
  5
2EEDD2
330
11F692
100
AcDbEntity
  8
ANA 20
100
AcDbCircle
 10
1216.628792318441
 20
-135.4949274161209
 30
0.0
 40
2.1
  0
CIRCLE
  5
2EEDD3
330
11F692
100
AcDbEntity
  8
ANA 16
100
AcDbCircle
 10
1212.444947430764
 20
-117.746172524743
 30
0.0
 40
2.1
  0
CIRCLE
  5
2EEDD4
330
11F692
100
AcDbEntity
  8
ANA 16
100
AcDbCircle
 10
1203.932510224263
 20
-117.7461725247416
 30
0.0
 40
2.1
  0
CIRCLE
  5
2EEDD5
330
11F692
100
AcDbEntity
  8
ANA 13
100
AcDbCircle
 10
1223.933579625968
 20
-147.6534157319561
 30
0.0
 40
2.1
  0
CIRCLE
  5
2EEDD6
330
11F692
100
AcDbEntity
  8
ANA 13
100
AcDbCircle
 10
1231.62387802906
 20
-147.6534157319561
 30
0.0
 40
2.1
  0
CIRCLE
  5
2EEDD7
330
11F692
100
AcDbEntity
  8
ANA 13
100
AcDbCircle
 10
1231.195019079189
 20
-138.7306874206531
 30
0.0
 40
2.1
  0
CIRCLE
  5
2EEDD8
330
11F692
100
AcDbEntity
  8
ANA 13
100
AcDbCircle
 10
1227.30975076473
 20
-135.180561154806
 30
0.0
 40
2.1
  0
CIRCLE
  5
2EEDD9
330
11F692
100
AcDbEntity
  8
ANA 10
100
AcDbCircle
 10
1225.082942389887
 20
-130.444126410075
 30
0.0
 40
2.1
  0
CIRCLE
  5
2EEDDA
330
11F692
100
AcDbEntity
  8
ANA 10
100
AcDbCircle
 10
1230.474515265141
 20
-130.4441264100746
 30
0.0
 40
2.1
  0
CIRCLE
  5
2EEDDB
330
11F692
100
AcDbEntity
  8
ANA 10
100
AcDbCircle
 10
1230.474515265141
 20
-123.2856992853286
 30
0.0
 40
2.1
  0
CIRCLE
  5
2EEDDC
330
11F692
100
AcDbEntity
  8
ANA 10
100
AcDbCircle
 10
1225.082942389887
 20
-123.2856992853286
 30
0.0
 40
2.1
  0
CIRCLE
  5
2EEDDD
330
11F692
100
AcDbEntity
  8
ANA 13
100
AcDbCircle
 10
1221.938088165986
 20
-135.2339875286747
 30
0.0
 40
2.1
  0
CIRCLE
  5
2EEDDE
330
11F692
100
AcDbEntity
  8
ANA 20
100
AcDbCircle
 10
1236.218792318441
 20
-135.4949274161209
 30
0.0
 40
2.1
  0
CIRCLE
  5
2EEDDF
330
11F692
100
AcDbEntity
  8
ANA 16
100
AcDbCircle
 10
1232.034947430764
 20
-117.746172524743
 30
0.0
 40
2.1
  0
CIRCLE
  5
2EEDE0
330
11F692
100
AcDbEntity
  8
ANA 16
100
AcDbCircle
 10
1223.522510224263
 20
-117.7461725247416
 30
0.0
 40
2.1
  0
CIRCLE
  5
2EEDE1
330
11F692
100
AcDbEntity
  8
ANA 13
100
AcDbCircle
 10
1243.523579625968
 20
-147.6534157319561
 30
0.0
 40
2.1
  0
CIRCLE
  5
2EEDE2
330
11F692
100
AcDbEntity
  8
ANA 13
100
AcDbCircle
 10
1251.21387802906
 20
-147.6534157319561
 30
0.0
 40
2.1
  0
CIRCLE
  5
2EEDE3
330
11F692
100
AcDbEntity
  8
ANA 13
100
AcDbCircle
 10
1250.785019079189
 20
-138.7306874206531
 30
0.0
 40
2.1
  0
CIRCLE
  5
2EEDE4
330
11F692
100
AcDbEntity
  8
ANA 13
100
AcDbCircle
 10
1246.89975076473
 20
-135.180561154806
 30
0.0
 40
2.1
  0
CIRCLE
  5
2EEDE5
330
11F692
100
AcDbEntity
  8
ANA 10
100
AcDbCircle
 10
1244.672942389887
 20
-130.444126410075
 30
0.0
 40
2.1
  0
CIRCLE
  5
2EEDE6
330
11F692
100
AcDbEntity
  8
ANA 10
100
AcDbCircle
 10
1250.064515265141
 20
-130.4441264100746
 30
0.0
 40
2.1
  0
CIRCLE
  5
2EEDE7
330
11F692
100
AcDbEntity
  8
ANA 10
100
AcDbCircle
 10
1250.064515265141
 20
-123.2856992853286
 30
0.0
 40
2.1
  0
CIRCLE
  5
2EEDE8
330
11F692
100
AcDbEntity
  8
ANA 10
100
AcDbCircle
 10
1244.672942389887
 20
-123.2856992853286
 30
0.0
 40
2.1
  0
CIRCLE
  5
2EEDE9
330
11F692
100
AcDbEntity
  8
ANA 13
100
AcDbCircle
 10
1241.528088165987
 20
-135.2339875286747
 30
0.0
 40
2.1
  0
CIRCLE
  5
2EEDEA
330
11F692
100
AcDbEntity
  8
ANA 20
100
AcDbCircle
 10
1255.808792318441
 20
-135.4949274161209
 30
0.0
 40
2.1
  0
CIRCLE
  5
2EEDEB
330
11F692
100
AcDbEntity
  8
ANA 16
100
AcDbCircle
 10
1251.624947430764
 20
-117.746172524743
 30
0.0
 40
2.1
  0
CIRCLE
  5
2EEDEC
330
11F692
100
AcDbEntity
  8
ANA 16
100
AcDbCircle
 10
1243.112510224263
 20
-117.7461725247416
 30
0.0
 40
2.1
  0
CIRCLE
  5
2EEDED
330
11F692
100
AcDbEntity
  8
ANA 13
100
AcDbCircle
 10
1243.523579625968
 20
-100.9234157319561
 30
0.0
 40
2.1
  0
CIRCLE
  5
2EEDEE
330
11F692
100
AcDbEntity
  8
ANA 13
100
AcDbCircle
 10
1251.21387802906
 20
-100.9234157319561
 30
0.0
 40
2.1
  0
CIRCLE
  5
2EEDEF
330
11F692
100
AcDbEntity
  8
ANA 13
100
AcDbCircle
 10
1250.785019079189
 20
-92.00068742065312
 30
0.0
 40
2.1
  0
CIRCLE
  5
2EEDF0
330
11F692
100
AcDbEntity
  8
ANA 13
100
AcDbCircle
 10
1246.89975076473
 20
-88.45056115480602
 30
0.0
 40
2.1
  0
CIRCLE
  5
2EEDF1
330
11F692
100
AcDbEntity
  8
ANA 10
100
AcDbCircle
 10
1244.672942389887
 20
-83.714126410075
 30
0.0
 40
2.1
  0
CIRCLE
  5
2EEDF2
330
11F692
100
AcDbEntity
  8
ANA 10
100
AcDbCircle
 10
1250.064515265141
 20
-83.71412641007466
 30
0.0
 40
2.1
  0
CIRCLE
  5
2EEDF3
330
11F692
100
AcDbEntity
  8
ANA 10
100
AcDbCircle
 10
1250.064515265141
 20
-76.55569928532862
 30
0.0
 40
2.1
  0
CIRCLE
  5
2EEDF4
330
11F692
100
AcDbEntity
  8
ANA 10
100
AcDbCircle
 10
1244.672942389887
 20
-76.55569928532862
 30
0.0
 40
2.1
  0
CIRCLE
  5
2EEDF5
330
11F692
100
AcDbEntity
  8
ANA 13
100
AcDbCircle
 10
1241.528088165987
 20
-88.50398752867475
 30
0.0
 40
2.1
  0
CIRCLE
  5
2EEDF6
330
11F692
100
AcDbEntity
  8
ANA 20
100
AcDbCircle
 10
1255.808792318441
 20
-88.76492741612096
 30
0.0
 40
2.1
  0
CIRCLE
  5
2EEDF7
330
11F692
100
AcDbEntity
  8
ANA 16
100
AcDbCircle
 10
1251.624947430764
 20
-71.01617252474305
 30
0.0
 40
2.1
  0
CIRCLE
  5
2EEDF8
330
11F692
100
AcDbEntity
  8
ANA 16
100
AcDbCircle
 10
1243.112510224263
 20
-71.0161725247416
 30
0.0
 40
2.1
  0
CIRCLE
  5
2EEDF9
330
11F692
100
AcDbEntity
  8
ANA 13
100
AcDbCircle
 10
1223.933579625968
 20
-100.9234157319561
 30
0.0
 40
2.1
  0
CIRCLE
  5
2EEDFA
330
11F692
100
AcDbEntity
  8
ANA 13
100
AcDbCircle
 10
1231.62387802906
 20
-100.9234157319561
 30
0.0
 40
2.1
  0
CIRCLE
  5
2EEDFB
330
11F692
100
AcDbEntity
  8
ANA 13
100
AcDbCircle
 10
1231.195019079189
 20
-92.00068742065312
 30
0.0
 40
2.1
  0
CIRCLE
  5
2EEDFC
330
11F692
100
AcDbEntity
  8
ANA 13
100
AcDbCircle
 10
1227.30975076473
 20
-88.45056115480602
 30
0.0
 40
2.1
  0
CIRCLE
  5
2EEDFD
330
11F692
100
AcDbEntity
  8
ANA 10
100
AcDbCircle
 10
1225.082942389887
 20
-83.714126410075
 30
0.0
 40
2.1
  0
CIRCLE
  5
2EEDFE
330
11F692
100
AcDbEntity
  8
ANA 10
100
AcDbCircle
 10
1230.474515265141
 20
-83.71412641007466
 30
0.0
 40
2.1
  0
CIRCLE
  5
2EEDFF
330
11F692
100
AcDbEntity
  8
ANA 10
100
AcDbCircle
 10
1230.474515265141
 20
-76.55569928532862
 30
0.0
 40
2.1
  0
CIRCLE
  5
2EEE00
330
11F692
100
AcDbEntity
  8
ANA 10
100
AcDbCircle
 10
1225.082942389887
 20
-76.55569928532862
 30
0.0
 40
2.1
  0
CIRCLE
  5
2EEE01
330
11F692
100
AcDbEntity
  8
ANA 13
100
AcDbCircle
 10
1221.938088165987
 20
-88.50398752867475
 30
0.0
 40
2.1
  0
CIRCLE
  5
2EEE02
330
11F692
100
AcDbEntity
  8
ANA 20
100
AcDbCircle
 10
1236.218792318441
 20
-88.76492741612096
 30
0.0
 40
2.1
  0
CIRCLE
  5
2EEE03
330
11F692
100
AcDbEntity
  8
ANA 16
100
AcDbCircle
 10
1232.034947430764
 20
-71.01617252474305
 30
0.0
 40
2.1
  0
CIRCLE
  5
2EEE04
330
11F692
100
AcDbEntity
  8
ANA 16
100
AcDbCircle
 10
1223.522510224263
 20
-71.0161725247416
 30
0.0
 40
2.1
  0
CIRCLE
  5
2EEE05
330
11F692
100
AcDbEntity
  8
ANA 13
100
AcDbCircle
 10
1204.343579625968
 20
-100.9234157319562
 30
0.0
 40
2.1
  0
CIRCLE
  5
2EEE06
330
11F692
100
AcDbEntity
  8
ANA 13
100
AcDbCircle
 10
1212.03387802906
 20
-100.9234157319562
 30
0.0
 40
2.1
  0
CIRCLE
  5
2EEE07
330
11F692
100
AcDbEntity
  8
ANA 13
100
AcDbCircle
 10
1211.605019079189
 20
-92.00068742065315
 30
0.0
 40
2.1
  0
CIRCLE
  5
2EEE08
330
11F692
100
AcDbEntity
  8
ANA 13
100
AcDbCircle
 10
1207.71975076473
 20
-88.45056115480605
 30
0.0
 40
2.1
  0
CIRCLE
  5
2EEE09
330
11F692
100
AcDbEntity
  8
ANA 10
100
AcDbCircle
 10
1205.492942389887
 20
-83.71412641007504
 30
0.0
 40
2.1
  0
CIRCLE
  5
2EEE0A
330
11F692
100
AcDbEntity
  8
ANA 10
100
AcDbCircle
 10
1210.884515265141
 20
-83.7141264100747
 30
0.0
 40
2.1
  0
CIRCLE
  5
2EEE0B
330
11F692
100
AcDbEntity
  8
ANA 10
100
AcDbCircle
 10
1210.884515265141
 20
-76.55569928532866
 30
0.0
 40
2.1
  0
CIRCLE
  5
2EEE0C
330
11F692
100
AcDbEntity
  8
ANA 10
100
AcDbCircle
 10
1205.492942389887
 20
-76.55569928532866
 30
0.0
 40
2.1
  0
CIRCLE
  5
2EEE0D
330
11F692
100
AcDbEntity
  8
ANA 13
100
AcDbCircle
 10
1202.348088165986
 20
-88.50398752867477
 30
0.0
 40
2.1
  0
CIRCLE
  5
2EEE0E
330
11F692
100
AcDbEntity
  8
ANA 20
100
AcDbCircle
 10
1216.628792318441
 20
-88.764927416121
 30
0.0
 40
2.1
  0
CIRCLE
  5
2EEE0F
330
11F692
100
AcDbEntity
  8
ANA 16
100
AcDbCircle
 10
1212.444947430764
 20
-71.01617252474309
 30
0.0
 40
2.1
  0
CIRCLE
  5
2EEE10
330
11F692
100
AcDbEntity
  8
ANA 16
100
AcDbCircle
 10
1203.932510224263
 20
-71.01617252474163
 30
0.0
 40
2.1
  0
CIRCLE
  5
2EEE11
330
11F692
100
AcDbEntity
  8
ANA 13
100
AcDbCircle
 10
1184.753579625968
 20
-100.9234157319562
 30
0.0
 40
2.1
  0
CIRCLE
  5
2EEE12
330
11F692
100
AcDbEntity
  8
ANA 13
100
AcDbCircle
 10
1192.44387802906
 20
-100.9234157319562
 30
0.0
 40
2.1
  0
CIRCLE
  5
2EEE13
330
11F692
100
AcDbEntity
  8
ANA 13
100
AcDbCircle
 10
1192.015019079189
 20
-92.00068742065315
 30
0.0
 40
2.1
  0
CIRCLE
  5
2EEE14
330
11F692
100
AcDbEntity
  8
ANA 13
100
AcDbCircle
 10
1188.12975076473
 20
-88.45056115480605
 30
0.0
 40
2.1
  0
CIRCLE
  5
2EEE15
330
11F692
100
AcDbEntity
  8
ANA 10
100
AcDbCircle
 10
1185.902942389887
 20
-83.71412641007504
 30
0.0
 40
2.1
  0
CIRCLE
  5
2EEE16
330
11F692
100
AcDbEntity
  8
ANA 10
100
AcDbCircle
 10
1191.294515265141
 20
-83.7141264100747
 30
0.0
 40
2.1
  0
CIRCLE
  5
2EEE17
330
11F692
100
AcDbEntity
  8
ANA 10
100
AcDbCircle
 10
1191.294515265141
 20
-76.55569928532866
 30
0.0
 40
2.1
  0
CIRCLE
  5
2EEE18
330
11F692
100
AcDbEntity
  8
ANA 10
100
AcDbCircle
 10
1185.902942389887
 20
-76.55569928532866
 30
0.0
 40
2.1
  0
CIRCLE
  5
2EEE19
330
11F692
100
AcDbEntity
  8
ANA 13
100
AcDbCircle
 10
1182.758088165987
 20
-88.50398752867477
 30
0.0
 40
2.1
  0
CIRCLE
  5
2EEE1A
330
11F692
100
AcDbEntity
  8
ANA 20
100
AcDbCircle
 10
1197.038792318441
 20
-88.764927416121
 30
0.0
 40
2.1
  0
CIRCLE
  5
2EEE1B
330
11F692
100
AcDbEntity
  8
ANA 16
100
AcDbCircle
 10
1192.854947430764
 20
-71.01617252474309
 30
0.0
 40
2.1
  0
CIRCLE
  5
2EEE1C
330
11F692
100
AcDbEntity
  8
ANA 16
100
AcDbCircle
 10
1184.342510224263
 20
-71.01617252474163
 30
0.0
 40
2.1
  0
CIRCLE
  5
2EEE1D
330
11F692
100
AcDbEntity
  8
ANA 13
100
AcDbCircle
 10
1165.163579625968
 20
-100.9234157319561
 30
0.0
 40
2.1
  0
CIRCLE
  5
2EEE1E
330
11F692
100
AcDbEntity
  8
ANA 13
100
AcDbCircle
 10
1172.85387802906
 20
-100.9234157319561
 30
0.0
 40
2.1
  0
CIRCLE
  5
2EEE1F
330
11F692
100
AcDbEntity
  8
ANA 13
100
AcDbCircle
 10
1172.425019079189
 20
-92.00068742065312
 30
0.0
 40
2.1
  0
CIRCLE
  5
2EEE20
330
11F692
100
AcDbEntity
  8
ANA 13
100
AcDbCircle
 10
1168.53975076473
 20
-88.45056115480602
 30
0.0
 40
2.1
  0
CIRCLE
  5
2EEE21
330
11F692
100
AcDbEntity
  8
ANA 10
100
AcDbCircle
 10
1166.312942389887
 20
-83.714126410075
 30
0.0
 40
2.1
  0
CIRCLE
  5
2EEE22
330
11F692
100
AcDbEntity
  8
ANA 10
100
AcDbCircle
 10
1171.704515265141
 20
-83.71412641007466
 30
0.0
 40
2.1
  0
CIRCLE
  5
2EEE23
330
11F692
100
AcDbEntity
  8
ANA 10
100
AcDbCircle
 10
1171.704515265141
 20
-76.55569928532862
 30
0.0
 40
2.1
  0
CIRCLE
  5
2EEE24
330
11F692
100
AcDbEntity
  8
ANA 10
100
AcDbCircle
 10
1166.312942389887
 20
-76.55569928532862
 30
0.0
 40
2.1
  0
CIRCLE
  5
2EEE25
330
11F692
100
AcDbEntity
  8
ANA 13
100
AcDbCircle
 10
1163.168088165986
 20
-88.50398752867475
 30
0.0
 40
2.1
  0
CIRCLE
  5
2EEE26
330
11F692
100
AcDbEntity
  8
ANA 20
100
AcDbCircle
 10
1177.448792318441
 20
-88.76492741612096
 30
0.0
 40
2.1
  0
CIRCLE
  5
2EEE27
330
11F692
100
AcDbEntity
  8
ANA 16
100
AcDbCircle
 10
1173.264947430764
 20
-71.01617252474305
 30
0.0
 40
2.1
  0
CIRCLE
  5
2EEE28
330
11F692
100
AcDbEntity
  8
ANA 16
100
AcDbCircle
 10
1164.752510224263
 20
-71.0161725247416
 30
0.0
 40
2.1
  0
CIRCLE
  5
2EEE29
330
11F692
100
AcDbEntity
  8
ANA 13
100
AcDbCircle
 10
1145.573579625968
 20
-100.9234157319561
 30
0.0
 40
2.1
  0
CIRCLE
  5
2EEE2A
330
11F692
100
AcDbEntity
  8
ANA 13
100
AcDbCircle
 10
1153.26387802906
 20
-100.9234157319561
 30
0.0
 40
2.1
  0
CIRCLE
  5
2EEE2B
330
11F692
100
AcDbEntity
  8
ANA 13
100
AcDbCircle
 10
1152.835019079189
 20
-92.00068742065312
 30
0.0
 40
2.1
  0
CIRCLE
  5
2EEE2C
330
11F692
100
AcDbEntity
  8
ANA 13
100
AcDbCircle
 10
1148.94975076473
 20
-88.45056115480602
 30
0.0
 40
2.1
  0
CIRCLE
  5
2EEE2D
330
11F692
100
AcDbEntity
  8
ANA 10
100
AcDbCircle
 10
1146.722942389887
 20
-83.714126410075
 30
0.0
 40
2.1
  0
CIRCLE
  5
2EEE2E
330
11F692
100
AcDbEntity
  8
ANA 10
100
AcDbCircle
 10
1152.114515265141
 20
-83.71412641007466
 30
0.0
 40
2.1
  0
CIRCLE
  5
2EEE2F
330
11F692
100
AcDbEntity
  8
ANA 10
100
AcDbCircle
 10
1152.114515265141
 20
-76.55569928532862
 30
0.0
 40
2.1
  0
CIRCLE
  5
2EEE30
330
11F692
100
AcDbEntity
  8
ANA 10
100
AcDbCircle
 10
1146.722942389887
 20
-76.55569928532862
 30
0.0
 40
2.1
  0
CIRCLE
  5
2EEE31
330
11F692
100
AcDbEntity
  8
ANA 13
100
AcDbCircle
 10
1143.578088165986
 20
-88.50398752867475
 30
0.0
 40
2.1
  0
CIRCLE
  5
2EEE32
330
11F692
100
AcDbEntity
  8
ANA 20
100
AcDbCircle
 10
1157.858792318441
 20
-88.76492741612096
 30
0.0
 40
2.1
  0
CIRCLE
  5
2EEE33
330
11F692
100
AcDbEntity
  8
ANA 16
100
AcDbCircle
 10
1153.674947430764
 20
-71.01617252474305
 30
0.0
 40
2.1
  0
CIRCLE
  5
2EEE34
330
11F692
100
AcDbEntity
  8
ANA 16
100
AcDbCircle
 10
1145.162510224263
 20
-71.0161725247416
 30
0.0
 40
2.1
  0
CIRCLE
  5
2EEE35
330
11F692
100
AcDbEntity
  8
ANA 10
100
AcDbCircle
 10
1264.720785102362
 20
-123.402856572854
 30
0.0
 40
2.1
  0
CIRCLE
  5
2EEE36
330
11F692
100
AcDbEntity
  8
ANA 10
100
AcDbCircle
 10
1264.720785102362
 20
-130.3269691225493
 30
0.0
 40
2.1
  0
CIRCLE
  5
2EEE37
330
11F692
100
AcDbEntity
  8
ANA 10
100
AcDbCircle
 10
1132.066672552666
 20
-76.67285657285403
 30
0.0
 40
2.1
  0
CIRCLE
  5
2EEE38
330
11F692
100
AcDbEntity
  8
ANA 10
100
AcDbCircle
 10
1132.066672552666
 20
-83.59696912254937
 30
0.0
 40
2.1
  0
CIRCLE
  5
2EEE39
330
11F692
100
AcDbEntity
  8
ANA 10
100
AcDbCircle
 10
1264.720785102362
 20
-76.67285657285403
 30
0.0
 40
2.1
  0
CIRCLE
  5
2EEE3A
330
11F692
100
AcDbEntity
  8
ANA 10
100
AcDbCircle
 10
1264.720785102362
 20
-83.59696912254937
 30
0.0
 40
2.1
  0
DIMENSION
  5
2EEE3B
330
11F692
100
AcDbEntity
  8
ANA 22.5
100
AcDbDimension
280
     0
  2
*D33
 10
1009.393728827514
 20
-269.2169287080394
 30
0.0
 11
1005.393728827514
 21
-257.9669287080392
 31
0.0
 70
    32
 71
     5
 42
22.5
 73
     0
 74
     0
 75
     0
  3
STANDARD
100
AcDbAlignedDimension
 13
1169.008728827514
 23
-246.7169287080394
 33
0.0
 14
1093.393728827514
 24
-269.2169287080394
 34
0.0
 50
90.0
100
AcDbRotatedDimension
1001
ACAD
1000
DSTYLE
1002
{
1070
    41
1040
6.0
1070
    42
1040
2.0
1070
    43
1040
5.0
1070
    44
1040
2.0
1070
    73
1070
     0
1070
    74
1070
     0
1070
    77
1070
     1
1070
    78
1070
     8
1070
   140
1040
6.0
1070
   141
1040
0.0
1070
   147
1040
1.0
1070
   173
1070
     1
1070
   179
1070
     4
1070
   340
1005
11F6F2
1070
   343
1005
11F699
1070
   344
1005
11F699
1002
}
  0
CIRCLE
  5
2EEE5B
330
11F692
100
AcDbEntity
  8
ANA 22.5
100
AcDbCircle
 10
1169.008728827513
 20
-110.8415896890561
 30
0.0
 40
2.1
  0
CIRCLE
  5
2EEE5C
330
11F692
100
AcDbEntity
  8
ANA 22.5
100
AcDbCircle
 10
1227.778728827513
 20
-110.8415896890561
 30
0.0
 40
2.1
  0
CIRCLE
  5
2EEE5D
330
11F692
100
AcDbEntity
  8
ANA 17.1 Φ6x5°U6.9
100
AcDbCircle
 10
1254.847219641571
 20
-151.3440151623476
 30
0.0
 40
2.1
  0
CIRCLE
  5
2EEE5F
330
11F692
100
AcDbEntity
  8
ANA 17.1 Φ3.3
100
AcDbCircle
 10
1201.288352290574
 20
-150.0264094441188
 30
0.0
 40
1.649999999999999
  0
CIRCLE
  5
2EEE62
330
11F692
100
AcDbEntity
  8
ANA 17.1 Φ6x5°U6.9
100
AcDbCircle
 10
1128.174649947654
 20
-119.4500344119656
 30
0.0
 40
2.1
  0
CIRCLE
  5
2EEE63
330
11F692
100
AcDbEntity
  8
ANA 17.1 Φ6x5°U6.9
100
AcDbCircle
 10
1268.612807707374
 20
-119.4500344119656
 30
0.0
 40
2.1
  0
CIRCLE
  5
2EEE64
330
11F692
100
AcDbEntity
  8
ANA 17.1 Φ6x5°U6.9
100
AcDbCircle
 10
1128.174649947654
 20
-72.72003441196564
 30
0.0
 40
2.1
  0
CIRCLE
  5
2EEE65
330
11F692
100
AcDbEntity
  8
ANA 17.1 Φ6x5°U6.9
100
AcDbCircle
 10
1268.612807707374
 20
-72.72003441196564
 30
0.0
 40
2.1
  0
CIRCLE
  5
2EEE66
330
11F692
100
AcDbEntity
  8
ANA 17.1 Φ6x5°U6.9
100
AcDbCircle
 10
1178.803728827514
 20
-70.57477866299234
 30
0.0
 40
2.1
  0
CIRCLE
  5
2EEE67
330
11F692
100
AcDbEntity
  8
ANA 17.1 Φ6x5°U6.9
100
AcDbCircle
 10
1237.573728827514
 20
-70.57477866299234
 30
0.0
 40
2.1
  0
CIRCLE
  5
2EEE68
330
11F692
100
AcDbEntity
  8
ANA 17.1 Φ6x5°U6.9
100
AcDbCircle
 10
1178.803728827514
 20
-117.3047786629923
 30
0.0
 40
2.1
  0
CIRCLE
  5
2EEE69
330
11F692
100
AcDbEntity
  8
ANA 17.1 Φ6x5°U6.9
100
AcDbCircle
 10
1237.573728827514
 20
-117.3047786629923
 30
0.0
 40
2.1
  0
CIRCLE
  5
2EEE73
330
11F692
100
AcDbEntity
  8
ANA 17.1 Φ6x5°U6.9
100
AcDbCircle
 10
1141.940238013457
 20
-104.6140151623477
 30
0.0
 40
2.1
  0
CIRCLE
  5
2EEE74
330
11F692
100
AcDbEntity
  8
ANA 17.1 Φ6x5°U6.9
100
AcDbCircle
 10
1254.847219641571
 20
-104.6140151623477
 30
0.0
 40
2.1
  0
CIRCLE
  5
2EEE75
330
11F692
100
AcDbEntity
  8
ANA 17.1 Φ6x5°U6.9
100
AcDbCircle
 10
1200.710238013457
 20
-104.6140151623477
 30
0.0
 40
2.1
  0
VIEWPORT
  5
1
330
11F68F
100
AcDbEntity
 67
     1
  8
0
348
171326
100
AcDbViewport
 10
203.9012545471234
 20
148.6456055034608
 30
0.0
 40
743.6916444767389
 41
339.5389450081193
 68
     1
 69
     1
 12
203.9012545471234
 22
148.6456055034608
 13
0.0
 23
0.0
 14
0.5
 24
0.5
 15
0.0
 25
0.0
 16
0.0
 26
0.0
 36
1.0
 17
0.0
 27
0.0
 37
0.0
 42
50.0
 43
0.0
 44
0.0
 45
339.5389450081193
 50
0.0
 51
0.0
 72
   100
 90
    32800
  1

281
     0
 71
     1
 74
     0
110
0.0
120
0.0
130
0.0
111
1.0
121
0.0
131
0.0
112
0.0
122
1.0
132
0.0
 79
     0
146
0.0
170
     0
 61
     5
348
171326
292
     1
282
     1
141
0.0
142
0.0
 63
   250
421
  3355443
  0
VIEWPORT
  5
49B
330
11F68F
100
AcDbEntity
 67
     1
  8
VIEWPORT
348
171326
100
AcDbViewport
 10
203.9012545471234
 20
148.6456055034608
 30
0.0
 40
483.6579575755401
 41
337.0269429488731
 68
     2
 69
     2
 12
1243.005597086112
 22
-180.4206992724551
 13
0.0
 23
0.0
 14
0.5
 24
0.5
 15
0.0
 25
0.0
 16
0.0
 26
0.0
 36
1.0
 17
0.0
 27
0.0
 37
0.0
 42
50.0
 43
0.0
 44
0.0
 45
445.9218604610915
 50
0.0
 51
0.0
 72
   100
 90
    32800
  1

281
     0
 71
     1
 74
     0
110
0.0
120
0.0
130
0.0
111
1.0
121
0.0
131
0.0
112
0.0
122
1.0
132
0.0
 79
     0
146
0.0
170
     0
 61
     5
348
171326
292
     1
282
     1
141
0.0
142
0.0
 63
   250
421
  3355443
  0
ENDSEC
  0
SECTION
  2
OBJECTS
  0
DICTIONARY
  5
11F686
330
0
100
AcDbDictionary
281
     1
  3
ACAD_BACKGROUND
350
1D1F13
  3
ACAD_CIP_PREVIOUS_PRODUCT_INFO
350
17135C
  3
ACAD_COLOR
350
171339
  3
ACAD_DETAILVIEWSTYLE
350
171352
  3
ACAD_GROUP
350
11F687
  3
ACAD_LAYOUT
350
171354
  3
ACAD_MATERIAL
350
171307
  3
ACAD_MLEADERSTYLE
350
17134E
  3
ACAD_MLINESTYLE
350
11F688
  3
ACAD_PLOTSETTINGS
350
171355
  3
ACAD_PLOTSTYLENAME
350
171305
  3
ACAD_SCALELIST
350
17133C
  3
ACAD_SECTIONVIEWSTYLE
350
171350
  3
ACAD_TABLESTYLE
350
17133A
  3
ACAD_VISUALSTYLE
350
171320
  3
AcadDim
350
1BE6B4
  3
ACDB_RECOMPOSE_DATA
350
2EEED7
  3
ACDBVARIABLEDICTIONARY
350
133783
  3
AEC_PROPERTY_SET_DEFS
350
1E7061
  0
DICTIONARY
  5
1ABE7F
330
11F682
100
AcDbDictionary
280
     1
281
     1
  0
DICTIONARY
  5
1713B1
330
11F67C
100
AcDbDictionary
280
     1
281
     1
  3
ACAD_LAYERFILTERS
360
1C5EFA
  3
ACAD_LAYERSTATES
360
1713B2
  3
ACLYDICTIONARY
360
1C5EF9
  0
DICTIONARY
  5
17136F
330
11F689
100
AcDbDictionary
280
     1
281
     1
  3
ADSK_XREC_LAYER_RECONCILED
360
171370
  0
DICTIONARY
  5
171379
330
11F71A
100
AcDbDictionary
280
     1
281
     1
  3
ADSK_XREC_LAYER_RECONCILED
360
17137A
  0
DICTIONARY
  5
17137B
330
11F71D
100
AcDbDictionary
280
     1
281
     1
  3
ADSK_XREC_LAYER_RECONCILED
360
17137C
  0
DICTIONARY
  5
17137D
330
11F71E
100
AcDbDictionary
280
     1
281
     1
  3
ADSK_XREC_LAYER_RECONCILED
360
17137E
  0
DICTIONARY
  5
171381
330
11F720
100
AcDbDictionary
280
     1
281
     1
  3
ADSK_XREC_LAYER_LINEWT_OVR
360
1B1536
  3
ADSK_XREC_LAYER_RECONCILED
360
171382
  0
DICTIONARY
  5
171385
330
1230B7
100
AcDbDictionary
280
     1
281
     1
  3
ADSK_XREC_LAYER_RECONCILED
360
171386
  0
DICTIONARY
  5
17138F
330
163429
100
AcDbDictionary
280
     1
281
     1
  3
ADSK_XREC_LAYER_RECONCILED
360
171390
  0
DICTIONARY
  5
1713A5
330
1685A9
100
AcDbDictionary
280
     1
281
     1
  3
ADSK_XREC_LAYER_RECONCILED
360
1713A6
  0
DICTIONARY
  5
1CC7DA
330
1CC7D9
100
AcDbDictionary
280
     1
281
     1
  3
ADSK_XREC_VTR_ANNOSCALE_DATA
360
1CC7DB
  0
DICTIONARY
  5
1EDB40
330
1EDB3F
100
AcDbDictionary
280
     1
281
     1
  3
ADSK_XREC_VTR_ANNOSCALE_DATA
360
1EDB41
  0
DICTIONARY
  5
1A18AA
330
11F692
100
AcDbDictionary
280
     1
281
     1
  3
ACAD_LAYOUTSELFREF
360
25230E
  3
ACAD_SORTENTS
360
1A18AB
  0
DICTIONARY
  5
1ABE83
330
11F68F
100
AcDbDictionary
280
     1
281
     1
  3
ACAD_LAYOUTSELFREF
360
25230D
  0
DICTIONARY
  5
1D1F13
102
{ACAD_REACTORS
330
11F686
102
}
330
11F686
100
AcDbDictionary
281
     1
  0
XRECORD
  5
17135C
102
{ACAD_REACTORS
330
11F686
102
}
330
11F686
100
AcDbXrecord
280
     1
300
ACDLT
300
2014
300
ACDLT_F_S
  0
DICTIONARY
  5
171339
102
{ACAD_REACTORS
330
11F686
102
}
330
11F686
100
AcDbDictionary
281
     1
  0
DICTIONARY
  5
171352
102
{ACAD_REACTORS
330
11F686
102
}
330
11F686
100
AcDbDictionary
281
     1
  3
Imperial24
350
171353
  3
Metric50
350
1725B0
  0
DICTIONARY
  5
11F687
102
{ACAD_REACTORS
330
11F686
102
}
330
11F686
100
AcDbDictionary
281
     1
  0
DICTIONARY
  5
171354
102
{ACAD_REACTORS
330
11F686
102
}
330
11F686
100
AcDbDictionary
281
     1
  3
Model
350
171356
  3
レイアウト1
350
171357
1001
AcadStringInfo
1000
MIFCodePage
1070
     1
  0
DICTIONARY
  5
171307
102
{ACAD_REACTORS
330
11F686
102
}
330
11F686
100
AcDbDictionary
281
     1
  3
ByBlock
350
171310
  3
ByLayer
350
171308
  3
Global
350
171318
  0
DICTIONARY
  5
17134E
102
{ACAD_REACTORS
330
11F686
102
}
330
11F686
100
AcDbDictionary
281
     1
  3
Standard
350
17134F
  0
DICTIONARY
  5
11F688
102
{ACAD_REACTORS
330
11F686
102
}
330
11F686
100
AcDbDictionary
281
     1
  3
STANDARD
350
11F695
  0
DICTIONARY
  5
171355
102
{ACAD_REACTORS
330
11F686
102
}
330
11F686
100
AcDbDictionary
281
     1
  0
ACDBDICTIONARYWDFLT
  5
171305
102
{ACAD_REACTORS
330
11F686
102
}
330
11F686
100
AcDbDictionary
281
     1
  3
Normal
350
171306
100
AcDbDictionaryWithDefault
340
171306
  0
DICTIONARY
  5
17133C
102
{ACAD_REACTORS
330
11F686
102
}
330
11F686
100
AcDbDictionary
281
     1
  3
A0
350
17133D
  3
A1
350
17133E
  3
A2
350
17133F
  3
A3
350
171340
  3
A4
350
171341
  3
A5
350
171342
  3
A6
350
171343
  3
A7
350
171344
  3
A8
350
171345
  3
A9
350
171346
  3
B0
350
171347
  3
B1
350
171348
  3
B2
350
171349
  3
B3
350
17134A
  3
B4
350
17134B
  3
B5
350
17134C
  3
B6
350
17134D
  0
DICTIONARY
  5
171350
102
{ACAD_REACTORS
330
11F686
102
}
330
11F686
100
AcDbDictionary
281
     1
  3
Imperial24
350
171351
  3
Metric50
350
1725AF
  0
DICTIONARY
  5
17133A
102
{ACAD_REACTORS
330
11F686
102
}
330
11F686
100
AcDbDictionary
281
     1
  3
Standard
350
17133B
  0
DICTIONARY
  5
171320
102
{ACAD_REACTORS
330
11F686
102
}
330
11F686
100
AcDbDictionary
281
     1
  3
2dWireframe
350
171326
  3
3D Hidden
350
1BD2EE
  3
3dWireframe
350
171526
  3
Basic
350
171325
  3
Brighten
350
17132C
  3
ColorChange
350
171330
  3
Conceptual
350
171329
  3
Dim
350
17132B
  3
EdgeColorOff
350
171338
  3
Facepattern
350
17132F
  3
Flat
350
171321
  3
FlatWithEdges
350
171322
  3
Gouraud
350
171323
  3
GouraudWithEdges
350
171324
  3
Hidden
350
171328
  3
JitterOff
350
171336
  3
Linepattern
350
17132E
  3
OverhangOff
350
171337
  3
Realistic
350
17132A
  3
Shaded
350
171335
  3
Shaded with edges
350
171334
  3
Shades of Gray
350
171331
  3
Sketchy
350
171332
  3
Thicken
350
17132D
  3
Wireframe
350
171327
  3
X-Ray
350
171333
  0
XRECORD
  5
1BE6B4
102
{ACAD_REACTORS
330
11F686
102
}
330
11F686
100
AcDbXrecord
280
     1
 90
   990106
  3

 60
     0
 61
     0
 62
     1
 63
     3
 64
     0
 65
     0
 66
     0
 67
     3
 68
     1
 69
     0
 70
     0
 71
     0
 72
     0
 40
0.0
170
     0
  0
XRECORD
  5
2EEED7
102
{ACAD_REACTORS
330
11F686
102
}
330
11F686
100
AcDbXrecord
280
     1
 90
        1
330
17133B
330
171351
330
171353
330
1725AF
330
1725B0
  0
DICTIONARY
  5
133783
102
{ACAD_REACTORS
330
11F686
102
}
330
11F686
100
AcDbDictionary
281
     1
  3
CANNOSCALE
350
1713C0
  3
CMLEADERSTYLE
350
1713BC
  3
CTABLESTYLE
350
1713BB
  3
CVIEWDETAILSTYLE
350
1713BD
  3
CVIEWSECTIONSTYLE
350
1713BE
  3
DIMASSOC
350
1ABEE3
  3
INDEXCTL
350
1ABEE2
  3
LAYEREVAL
350
1713C2
  3
LAYERNOTIFY
350
1713C3
  3
LIGHTINGUNITS
350
1713C1
  3
MSLTSCALE
350
1713BF
  3
SOLIDHIST
350
1C8F23
  3
SORTENTS
350
133784
  0
DICTIONARY
  5
1E7061
102
{ACAD_REACTORS
330
11F686
102
}
330
11F686
100
AcDbDictionary
281
     1
  0
DICTIONARY
  5
1C5EFA
102
{ACAD_REACTORS
330
1713B1
102
}
330
1713B1
100
AcDbDictionary
281
     1
  0
DICTIONARY
  5
1713B2
102
{ACAD_REACTORS
330
1713B1
102
}
330
1713B1
100
AcDbDictionary
281
     1
  0
DICTIONARY
  5
1C5EF9
102
{ACAD_REACTORS
330
1713B1
102
}
330
1713B1
100
AcDbDictionary
281
     1
1001
ACAD
1000
<All
  0
XRECORD
  5
171370
102
{ACAD_REACTORS
330
17136F
102
}
330
17136F
100
AcDbXrecord
280
     1
290
     1
  0
XRECORD
  5
17137A
102
{ACAD_REACTORS
330
171379
102
}
330
171379
100
AcDbXrecord
280
     1
290
     1
  0
XRECORD
  5
17137C
102
{ACAD_REACTORS
330
17137B
102
}
330
17137B
100
AcDbXrecord
280
     1
290
     1
  0
XRECORD
  5
17137E
102
{ACAD_REACTORS
330
17137D
102
}
330
17137D
100
AcDbXrecord
280
     1
290
     1
  0
XRECORD
  5
1B1536
102
{ACAD_REACTORS
330
171381
102
}
330
171381
100
AcDbXrecord
280
     1
102
{ADSK_LYR_LINEWT_OVERRIDE
335
1
 91
        0
102
}
  0
XRECORD
  5
171382
102
{ACAD_REACTORS
330
171381
102
}
330
171381
100
AcDbXrecord
280
     1
290
     1
  0
XRECORD
  5
171386
102
{ACAD_REACTORS
330
171385
102
}
330
171385
100
AcDbXrecord
280
     1
290
     1
  0
XRECORD
  5
171390
102
{ACAD_REACTORS
330
17138F
102
}
330
17138F
100
AcDbXrecord
280
     1
290
     1
  0
XRECORD
  5
1713A6
102
{ACAD_REACTORS
330
1713A5
102
}
330
1713A5
100
AcDbXrecord
280
     1
290
     1
  0
XRECORD
  5
1CC7DB
102
{ACAD_REACTORS
330
1CC7DA
102
}
330
1CC7DA
100
AcDbXrecord
280
     1
340
17133D
  0
XRECORD
  5
1EDB41
102
{ACAD_REACTORS
330
1EDB40
102
}
330
1EDB40
100
AcDbXrecord
280
     1
340
17133D
  0
XRECORD
  5
25230E
102
{ACAD_REACTORS
330
1A18AA
102
}
330
1A18AA
100
AcDbXrecord
280
     1
340
11F692
  0
SORTENTSTABLE
  5
1A18AB
102
{ACAD_REACTORS
330
1A18AA
102
}
330
1A18AA
100
AcDbSortentsTable
330
11F692
331
2EECF8
  5
2EECF8
331
2EED35
  5
2EED35
331
2EB1DA
  5
2EB1DA
331
2EB19D
  5
2EB19D
331
2EB168
  5
2EB168
331
2EB12B
  5
2EB12B
331
2EEDD2
  5
2EEDD3
331
2EEE07
  5
2EEE08
331
2EB267
  5
2EB267
331
2EB22A
  5
2EB22A
331
2EB1F5
  5
2EB1F5
331
2EB29C
  5
2EB2A3
331
2EB800
  5
2EB807
331
2EB7C3
  5
2EB7CA
331
2EB8B0
  5
2ED491
331
2EB78E
  5
2EB795
331
2EB71C
  5
2EB723
331
2EB2B7
  5
2EB2BE
331
2EB751
  5
2EB758
331
2EDB92
  5
2EDC3D
331
2EB88D
  5
2EB89C
331
2EB850
  5
2EB857
331
2ED565
  5
2ED57E
331
2EB7DE
  5
2EB7E5
331
2ED493
  5
2ED4D4
331
2EDEA9
  5
2EDEBD
331
2EDCDF
  5
2EDCF2
331
2EDC62
  5
2EDC75
331
2EDBE5
  5
2EDC40
331
2EDF36
  5
2EDF59
331
2EDF01
  5
2EDF15
331
2EDEC4
  5
2EDED8
331
2EEBFB
  5
2EEBFB
331
2EED42
  5
2EED43
331
2EED05
  5
2EED05
331
2EB175
  5
2EB175
331
2EB138
  5
2EB138
331
2EB1AA
  5
2EB1AA
331
2EEE14
  5
2EEE15
331
2EEDDF
  5
2EEDE0
331
2EB274
  5
2EB274
331
2EB237
  5
2EB237
331
2EB202
  5
2EB202
331
2EB1C5
  5
2EB1C5
331
2EB2A9
  5
2EB2B0
331
2EEE2F
  5
2EEE30
331
2EB7D0
  5
2EB7D7
331
2EB79B
  5
2EB7A2
331
2EB75E
  5
2EB766
331
2EB2C4
  5
2EB702
331
2EB85D
  5
2EB866
331
2EB820
  5
2EB827
331
2ED572
  5
2EDB83
331
2EB7EB
  5
2EB7F2
331
2EB7AE
  5
2EB7B5
331
2EB89B
  5
2EB8AA
331
2EDE39
  5
2EDEA7
331
2EDCEC
  5
2EDE1F
331
2EDC6F
  5
2EDCCD
331
2EDF98
  5
2EDF9C
331
2EDF0E
  5
2EDF22
331
2EDED1
  5
2EDEE5
331
2EED12
  5
2EED12
331
2EB182
  5
2EB182
331
2EB145
  5
2EB145
331
2EEE21
  5
2EEE22
331
2EEDA7
  5
2EEDB1
331
2EEDEC
  5
2EEDED
331
2EED2D
  5
2EED2D
331
2EB281
  5
2EB288
331
2EB244
  5
2EB244
331
2EB20F
  5
2EB20F
331
2EB1D2
  5
2EB1D2
331
2EEDFF
  5
2EEE00
331
2EB7A0
  5
2EB7A7
331
2EB76B
  5
2EB772
331
2EB72E
  5
2EB735
331
2EB25F
  5
2EB25F
331
2EB294
  5
2EB29B
331
2EB86A
  5
2EB879
331
2ED51A
  5
2ED56C
331
2EB82D
  5
2EB834
331
2ED4AD
  5
2ED514
331
2EB7F8
  5
2EB7FF
331
2EB786
  5
2EB78D
331
2EB7BB
  5
2EB7C2
331
2EB8A8
  5
2EBCEF
331
2EB885
  5
2EB894
331
2EDCC4
  5
2EDCD7
331
2EDF58
  5
2EB878
331
2EDF1B
  5
2EDF2F
331
2EDEDE
  5
2EDEF2
331
2EDF83
  5
2EDF89
331
2EDF2E
  5
2EDF51
331
2EE014
  5
2EE0D2
331
2EECEA
  5
2EECEA
331
2EEC9D
  5
2EEC9D
331
2EB152
  5
2EB152
331
2EEDF1
  5
2EEDF2
331
2EEDBC
  5
2EEDBD
331
2EECFD
  5
2EECFD
331
2EED3A
  5
2EED3A
331
2EB251
  5
2EB251
331
2EB214
  5
2EB214
331
2EB1DF
  5
2EB1DF
331
2EB1A2
  5
2EB1A2
331
2EB16D
  5
2EB16D
331
2EEDD7
  5
2EEDD8
331
2EEE0C
  5
2EEE0D
331
2EB778
  5
2EB77F
331
2EB73B
  5
2EB742
331
2EB706
  5
2EB70D
331
2EB26C
  5
2EB26C
331
2EB22F
  5
2EB22F
331
2EB2A1
  5
2EB2A8
331
2EB83A
  5
2EB841
331
2EB805
  5
2EB80C
331
2EB793
  5
2EB79A
331
2EB756
  5
2EB75D
331
2EB7C8
  5
2EB7CF
331
2EDCD1
  5
2EDCE4
331
2EDC4C
  5
2EDC5F
331
2EB855
  5
2EB85C
331
2EDF20
  5
2EDF34
331
2EDEEB
  5
2EDEFF
331
2EDCE4
  5
2EDD73
331
2EDC67
  5
2EDCC5
331
2EDEAE
  5
2EDEC2
331
29BE1B
  5
29CAFA
331
2EDF90
  5
2EDF94
331
2EDF3B
  5
2EDF5E
331
2EDF06
  5
2EDF1A
331
2EEDC9
  5
2EEDCA
331
2EED0A
  5
2EED0A
331
2EB221
  5
2EB221
331
2EB1EC
  5
2EB1EC
331
2EB1AF
  5
2EB1AF
331
2EB17A
  5
2EB17A
331
2EB13D
  5
2EB13D
331
2EEDE4
  5
2EEDE5
331
2EEE19
  5
2EEE1A
331
2EED9F
  5
2EED9F
331
2EB748
  5
2EB74F
331
2EB713
  5
2EB71A
331
2EB279
  5
2EB27A
331
2EB23C
  5
2EB23C
331
2EB207
  5
2EB207
331
2EB2AE
  5
2EB2B5
331
2EB812
  5
2EB819
331
2EB763
  5
2EB76B
331
2EB7D5
  5
2EB7DC
331
2EBCF2
  5
2ED4AB
331
2EDC59
  5
2EDC6C
331
2EDBDC
  5
2EDC3F
331
2EB862
  5
2EB86D
331
2EB825
  5
2EB82C
331
2ED577
  5
2EDB92
331
2EDEF8
  5
2EDF0C
331
2EDEBB
  5
2EDECF
331
2EDE3E
  5
2EDEAC
331
2EDCF1
  5
2EDE34
331
2EDBF7
  5
2EDC56
331
2EDC74
  5
2EDCD2
331
2EDF9D
  5
2EDFA1
331
2EDF13
  5
2EDF27
331
2EDED6
  5
2EDEEA
331
2EED54
  5
2EED54
331
2EED17
  5
2EED17
331
2EED91
  5
2EED91
331
2EB1F9
  5
2EB1F9
331
2EB1BC
  5
2EB1BC
331
2EB187
  5
2EB187
331
2EB14A
  5
2EB14A
331
2EEDB4
  5
2EEDB5
331
2EEE26
  5
2EEE27
331
2EB720
  5
2EB727
331
2EB286
  5
2EB28D
331
2EB249
  5
2EB249
331
2EB1D7
  5
2EB1D7
331
2EB2BB
  5
2EB2C2
331
2EB7E2
  5
2EB7E9
331
2EB7A5
  5
2EB7AC
331
2EB892
  5
2EB8A1
331
2EB733
  5
2EB73A
331
2EB6AE
  5
2EB708
331
2EB770
  5
2EB777
331
2EDBE9
  5
2EDC44
331
2EB86F
  5
2EB87E
331
2EB832
  5
2EB839
331
2ED4B2
  5
2ED517
331
2EB7FD
  5
2EB804
331
2EB8AD
  5
2EBD4D
331
2EDEC8
  5
2EDEDC
331
2EDE53
  5
2EDEB2
331
2EDB8F
  5
2EDBFA
331
2EDCC9
  5
2EDCDC
331
2EDEE3
  5
2EDEF7
331
2EDFB9
  5
2EDFBE
331
2EECEF
  5
2EECEF
331
2EED24
  5
2EED24
331
2EB194
  5
2EB194
331
2EB157
  5
2EB157
331
2EB1C9
  5
2EB1C9
331
2EEE33
  5
2EEE34
331
2EEDC1
  5
2EEDC2
331
2EED3F
  5
2EED3F
331
2EEDF6
  5
2EEDF7
331
2EB2C8
  5
2EB706
331
2EB256
  5
2EB256
331
2EB219
  5
2EB219
331
2EB1E4
  5
2EB1E4
331
2EB1A7
  5
2EB1A7
331
2EB28B
  5
2EB292
331
2EB7B2
  5
2EB7B9
331
2EB77D
  5
2EB784
331
2EB740
  5
2EB747
331
2EB70B
  5
2EB712
331
2EB2A6
  5
2EB2AD
331
2EB87C
  5
2EB88B
331
2EDB81
  5
2EDBF6
331
2EB83F
  5
2EB846
331
2ED4D7
  5
2ED526
331
2EB80A
  5
2EB811
331
2EB7CD
  5
2EB7D4
331
2EBCEA
  5
2ED496
331
2EDEA0
  5
2EDEB4
331
2EDD8B
  5
2EDE3E
331
2EDCD6
  5
2EDCE9
331
2ED56F
  5
2ED592
331
2EDC51
  5
2EDC64
331
2EDF7A
  5
2EDF80
331
2EDF25
  5
2EDF39
331
2EDEF0
  5
2EDF04
331
2EDE36
  5
2EDEA4
331
2EDEB3
  5
2EDEC7
331
2EDF95
  5
2EDF99
331
2EECF4
  5
2EECF4
331
2EED31
  5
2EED31
331
2EB164
  5
2EB164
331
2EB127
  5
2EB127
331
2EB199
  5
2EB199
331
2EEE03
  5
2EEE04
331
2EED0F
  5
2EED0F
331
2EEDCE
  5
2EEDCF
331
2EB263
  5
2EB263
331
2EB226
  5
2EB226
331
2EB1F1
  5
2EB1F1
331
2EB1B4
  5
2EB1B4
331
2EB298
  5
2EB29F
331
2EB17F
  5
2EB17F
331
2EEE1E
  5
2EEE1F
331
2EB78A
  5
2EB791
331
2EB74D
  5
2EB754
331
2EB718
  5
2EB71F
331
2EB27E
  5
2EB283
331
2EB2B3
  5
2EB2BA
331
2EB889
  5
2EB898
331
2EB84C
  5
2EB853
331
2EB817
  5
2EB81E
331
2ED561
  5
2ED574
331
2EB7DA
  5
2EB7E1
331
2EDE20
  5
2EDE53
331
2EDCDB
  5
2EDCEE
331
2ED57C
  5
2EDBE7
331
2EB867
  5
2EB875
331
2ED517
  5
2ED569
331
2EDC5E
  5
2EDC71
331
2EDF32
  5
2EDF55
331
2EDEFD
  5
2EDF11
331
2EDEC0
  5
2EDED4
331
2EED01
  5
2EED01
331
2EB171
  5
2EB171
331
2EB134
  5
2EB134
331
2EEE10
  5
2EEE11
331
2EECE7
  5
2EECE7
331
2EEDDB
  5
2EEDDC
331
2EB270
  5
2EB270
331
2EB233
  5
2EB233
331
2EB1FE
  5
2EB1FE
331
2EB1C1
  5
2EB1C1
331
2EB18C
  5
2EB18C
331
2EB14F
  5
2EB14F
331
2EEE2B
  5
2EEE2C
331
2EB75A
  5
2EB761
331
2EB725
  5
2EB72C
331
2EB24E
  5
2EB24E
331
2EB2C0
  5
2EB2C7
331
2EB859
  5
2EB860
331
2EB81C
  5
2EB823
331
2ED4E9
  5
2ED563
331
2EB7E7
  5
2EB7EE
331
2EB775
  5
2EB77C
331
2EB7AA
  5
2EB7B1
331
2EB897
  5
2EB8A6
331
2EDCE8
  5
2EDD8B
331
2EDC6B
  5
2EDCC9
331
2EB837
  5
2EB83E
331
2EB874
  5
2EB883
331
2EDF0A
  5
2EDF1E
331
2EDD73
  5
2EDE3A
331
2EDCCE
  5
2EDCE1
331
2EDECD
  5
2EDEE1
331
2EDFB7
  5
2EDFBB
331
2EDFBE
  5
2EDFCE
331
2EB141
  5
2EB141
331
2EEDA3
  5
2EEDA3
331
2EEDE8
  5
2EEDE9
331
2EB240
  5
2EB240
331
2EB20B
  5
2EB20B
331
2EB1CE
  5
2EB1CE
331
2EB15C
  5
2EB15C
331
2EEE38
  5
2EEE39
331
2EEDC6
  5
2EEDC7
331
2EEDFB
  5
2EEDFC
331
2EB72A
  5
2EB731
331
2EB25B
  5
2EB25B
331
2EB21E
  5
2EB21E
331
2EB290
  5
2EB298
331
2EB829
  5
2EB830
331
2EB7F4
  5
2EB7FB
331
2EB782
  5
2EB789
331
2EB745
  5
2EB74C
331
2EB7B7
  5
2EB7BE
331
2EB8A4
  5
2EBCEA
331
2EB881
  5
2EB890
331
2EBCEF
  5
2ED4A3
331
2EB844
  5
2EB84B
331
2EB80F
  5
2EB816
331
2EDEDA
  5
2EDEEE
331
2EDC56
  5
2EDC69
331
2EDEA5
  5
2EDEB9
331
2EDF7F
  5
2EDF85
331
2EDF2A
  5
2EDF3E
331
2EDEF5
  5
2EDF09
331
2EE010
  5
2EE013
331
2EEDB8
  5
2EEDB9
331
2EECF9
  5
2EECF9
331
2EED36
  5
2EED36
331
2EB210
  5
2EB210
331
2EB1DB
  5
2EB1DB
331
2EB19E
  5
2EB19E
331
2EB169
  5
2EB169
331
2EB12C
  5
2EB12C
331
2EEDD3
  5
2EEDD4
331
2EEE08
  5
2EEE09
331
2EB702
  5
2EB709
331
2EB268
  5
2EB268
331
2EB22B
  5
2EB22B
331
2EB1F6
  5
2EB1F6
331
2EB29D
  5
2EB2A4
331
2EB801
  5
2EB808
331
2EB7C4
  5
2EB7CB
331
2EB8B1
  5
2ED492
331
2EB752
  5
2EB759
331
2EB71D
  5
2EB724
331
2EB78F
  5
2EB796
331
2EDC48
  5
2EDC5B
331
2EB88E
  5
2EB89D
331
2EB851
  5
2EB858
331
2ED566
  5
2ED57F
331
2EB7DF
  5
2EB7E6
331
2EDEAA
  5
2EDEBE
331
2EDCE0
  5
2EDCF3
331
2EDC63
  5
2EDC76
331
2EDBE6
  5
2EDC41
331
2EDF8C
  5
2EDF92
331
2EDF37
  5
2EDF5A
331
2EDF02
  5
2EDF16
331
2EDEC5
  5
2EDED9
331
2EED43
  5
2EED44
331
2EED06
  5
2EED06
331
2EB1AB
  5
2EB1AB
331
2EB176
  5
2EB176
331
2EB139
  5
2EB139
331
2EB1E8
  5
2EB1E8
331
2EEDE0
  5
2EEDE1
331
2EEE15
  5
2EEE16
331
2EB275
  5
2EB275
331
2EB238
  5
2EB238
331
2EB203
  5
2EB203
331
2EB1C6
  5
2EB1C6
331
2EB2AA
  5
2EB2B1
331
2EB7D1
  5
2EB7D8
331
2EB79C
  5
2EB7A3
331
2EB75F
  5
2EB767
331
2EB2C5
  5
2EB703
331
2EB85E
  5
2EB867
331
2EB821
  5
2EB828
331
2ED573
  5
2EDB84
331
2EB7EC
  5
2EB7F3
331
2EB7AF
  5
2EB7B6
331
2EB89C
  5
2EB8AB
331
2EDE3A
  5
2EDEA8
331
2EDCED
  5
2EDE20
331
2EDC70
  5
2EDCCE
331
2EDF99
  5
2EDF9D
331
2EDF0F
  5
2EDF23
331
2EDED2
  5
2EDEE6
331
2EB183
  5
2EB183
331
2EB146
  5
2EB146
331
2EB1B8
  5
2EB1B8
331
2EEE22
  5
2EEE23
331
2EED2E
  5
2EED2E
331
2EEDED
  5
2EEDEE
331
2EB282
  5
2EB289
331
2EB245
  5
2EB245
331
2EB1D3
  5
2EB1D3
331
2EB7A1
  5
2EB7A8
331
2EB76C
  5
2EB773
331
2EB72F
  5
2EB736
331
2EB295
  5
2EB29C
331
2EB86B
  5
2EB87A
331
2EB82E
  5
2EB835
331
2ED580
  5
2EDBEB
331
2EB7F9
  5
2EB800
331
2EB787
  5
2EB78E
331
2EB7BC
  5
2EB7C3
331
2EB8A9
  5
2EBCF0
331
2EB886
  5
2EB895
331
2EDCC5
  5
2EDCD8
331
2EDF1C
  5
2EDF30
331
2EDEDF
  5
2EDEF3
331
2EDF84
  5
2EDF8A
331
2EDF2F
  5
2EDF52
331
2EE015
  5
2EE0D3
331
2EECEB
  5
2EECEB
331
2EB190
  5
2EB190
331
2EB153
  5
2EB153
331
2EEDF2
  5
2EEDF3
331
2EEDBD
  5
2EEDBE
331
2EECFE
  5
2EECFE
331
2EED3B
  5
2EED3B
331
2EB252
  5
2EB252
331
2EB215
  5
2EB215
331
2EB1E0
  5
2EB1E0
331
2EB1A3
  5
2EB1A3
331
2EB16E
  5
2EB16E
331
2EEE0D
  5
2EEE0E
331
2EB779
  5
2EB780
331
2EB73C
  5
2EB743
331
2EB707
  5
2EB70E
331
2EB26D
  5
2EB26D
331
2EB2A2
  5
2EB2A9
331
2EB878
  5
2EB887
331
2EB83B
  5
2EB842
331
2EB806
  5
2EB80D
331
2ED528
  5
2ED570
331
2EB794
  5
2EB79B
331
2EB757
  5
2EB75E
331
2EB7C9
  5
2EB7D0
331
2EDCD2
  5
2EDCE5
331
2EB856
  5
2EB85D
331
2EDC4D
  5
2EDC60
331
2EDF21
  5
2EDF35
331
2EDEEC
  5
2EDF00
331
2EDCE5
  5
2EDD74
331
2EDEAF
  5
2EDEC3
331
2EDF91
  5
2EDF95
331
2EDF3C
  5
2EDF6C
331
2EDF07
  5
2EDF1B
331
2EECF0
  5
2EECF0
331
2EB160
  5
2EB160
331
2EEDCA
  5
2EEDCB
331
2EED48
  5
2EED48
331
2EED0B
  5
2EED0B
331
2EB222
  5
2EB222
331
2EB1ED
  5
2EB1ED
331
2EB1B0
  5
2EB1B0
331
2EB17B
  5
2EB17B
331
2EB13E
  5
2EB13E
331
2EEDE5
  5
2EEDE6
331
2EEE1A
  5
2EEE1B
331
2EB749
  5
2EB750
331
2EB714
  5
2EB71B
331
2EB27A
  5
2EB27C
331
2EB23D
  5
2EB23D
331
2EB2AF
  5
2EB2B6
331
2EB848
  5
2EB84F
331
2EB813
  5
2EB81A
331
2EB764
  5
2EB76C
331
2EB7D6
  5
2EB7DD
331
2EBCF3
  5
2ED4B2
331
2EDC5A
  5
2EDC6D
331
2ED513
  5
2ED565
331
2EB863
  5
2EB86E
331
2EB826
  5
2EB82D
331
2ED578
  5
2EDBDB
331
2EDEF9
  5
2EDF0D
331
2EDEBC
  5
2EDED0
331
2EDE3F
  5
2EDEAD
331
2EDC75
  5
2EDCD3
331
2EDCF2
  5
2EDE35
331
2EDF9E
  5
2EDFB7
331
2EDF14
  5
2EDF28
331
2EDED7
  5
2EDEEB
331
2EB130
  5
2EB130
331
2EED18
  5
2EED18
331
2EB1FA
  5
2EB1FA
331
2EB1BD
  5
2EB1BD
331
2EB188
  5
2EB188
331
2EB14B
  5
2EB14B
331
2EEDB5
  5
2EEDB6
331
2EEE27
  5
2EEE28
331
2EB721
  5
2EB728
331
2EB287
  5
2EB28E
331
2EB24A
  5
2EB24A
331
2EB2BC
  5
2EB2C3
331
2EB818
  5
2EB81F
331
2ED498
  5
2ED4D8
331
2EB7E3
  5
2EB7EA
331
2EB771
  5
2EB778
331
2EB734
  5
2EB73B
331
2EB7A6
  5
2EB7AD
331
2EB893
  5
2EB8A2
331
2EDBEA
  5
2EDC47
331
2EB870
  5
2EB87F
331
2EB833
  5
2EB83A
331
2ED4B3
  5
2ED518
331
2EB7FE
  5
2EB805
331
2EB8AE
  5
2ED48F
331
2EDEC9
  5
2EDEDD
331
2EDCCA
  5
2EDCDD
331
2EDF5E
  5
2EB287
331
2EDEE4
  5
2EDEF8
331
2EDFBA
  5
2EDFBF
331
2EE0D2
  5
2ED4D5
331
2EED25
  5
2EED25
331
2EB1CA
  5
2EB1CA
331
2EB195
  5
2EB195
331
2EB158
  5
2EB158
331
2EEE34
  5
2EEE35
331
2EEDC2
  5
2EEDC3
331
2EEDF7
  5
2EEDF8
331
2EED75
  5
2EED75
331
2EB2C9
  5
2EB707
331
2EB257
  5
2EB257
331
2EB21A
  5
2EB21A
331
2EB1E5
  5
2EB1E5
331
2EB28C
  5
2EB293
331
2EEE5F
  5
2EEE60
331
2EB7F0
  5
2EB7F7
331
2EB7B3
  5
2EB7BA
331
2EB8A0
  5
2EB8AF
331
2EB77E
  5
2EB785
331
2EB741
  5
2EB748
331
2EB2A7
  5
2EB2AE
331
2EB70C
  5
2EB713
331
2EB87D
  5
2EB88C
331
2EDB82
  5
2EDBF7
331
2EB840
  5
2EB847
331
2ED4D8
  5
2ED527
331
2EB80B
  5
2EB812
331
2EB7CE
  5
2EB7D5
331
2EBCEB
  5
2ED497
331
2EDEA1
  5
2EDEB5
331
2EDD8C
  5
2EDE3F
331
2EDCD7
  5
2EDCEA
331
2EDC52
  5
2EDC65
331
2EDF7B
  5
2EDF81
331
2EDF26
  5
2EDF3A
331
2EDEF1
  5
2EDF05
331
2EDE37
  5
2EDEA5
331
2EDEB4
  5
2EDEC8
331
2EDF96
  5
2EDF9A
331
2EECF5
  5
2EECF5
331
2EED32
  5
2EED32
331
2EB165
  5
2EB165
331
2EB128
  5
2EB128
331
2EB19A
  5
2EB19A
331
2EEE04
  5
2EEE05
331
2EEDCF
  5
2EEDD0
331
2EB264
  5
2EB264
331
2EB227
  5
2EB227
331
2EB1F2
  5
2EB1F2
331
2EB1B5
  5
2EB1B5
331
2EB299
  5
2EB2A0
331
2EEE1F
  5
2EEE20
331
2EB7C0
  5
2EB7C7
331
2EB78B
  5
2EB792
331
2EB74E
  5
2EB755
331
2EB719
  5
2EB720
331
2EB27F
  5
2EB284
331
2EB2B4
  5
2EB2BB
331
2EB88A
  5
2EB899
331
2EB84D
  5
2EB854
331
2ED562
  5
2ED575
331
2EB7DB
  5
2EB7E2
331
2EDE21
  5
2EDE9F
331
2EDCDC
  5
2EDCEF
331
2ED57D
  5
2EDBE8
331
2EDC5F
  5
2EDC72
331
2EDF88
  5
2EDF8F
331
2EDF33
  5
2EDF56
331
2EDEFE
  5
2EDF12
331
2EDEC1
  5
2EDED5
331
2EDF56
  5
2EB874
331
2EED02
  5
2EED02
331
2EB172
  5
2EB172
331
2EB135
  5
2EB135
331
2EEE11
  5
2EEE12
331
2EEDDC
  5
2EEDDD
331
2EB271
  5
2EB271
331
2EB234
  5
2EB234
331
2EB1FF
  5
2EB1FF
331
2EB1C2
  5
2EB1C2
331
2EB18D
  5
2EB18D
331
2EEE2C
  5
2EEE2D
331
2EB798
  5
2EB79F
331
2EB75B
  5
2EB762
331
2EB726
  5
2EB72D
331
2EB24F
  5
2EB24F
331
2EB2C1
  5
2EB2C8
331
2EB85A
  5
2EB862
331
2EB81D
  5
2EB824
331
2ED4EA
  5
2ED564
331
2EB7E8
  5
2EB7EF
331
2EB776
  5
2EB77D
331
2EB7AB
  5
2EB7B2
331
2EB898
  5
2EB8A7
331
2EDCE9
  5
2EDD8C
331
2ED592
  5
2EDBF5
331
2EB875
  5
2EB884
331
2ED525
  5
2ED56D
331
2EDC6C
  5
2EDCCA
331
2EDF40
  5
2EDF7D
331
2EDF0B
  5
2EDF1F
331
2EDD74
  5
2EDE3B
331
2EDCCF
  5
2EDCE2
331
2EDECE
  5
2EDEE2
331
2EDFBF
  5
2EDFDB
331
2EB142
  5
2EB142
331
2EEDA4
  5
2EEDA4
331
2EEDE9
  5
2EEDEA
331
2EED2A
  5
2EED2A
331
2EB241
  5
2EB241
331
2EB20C
  5
2EB20C
331
2EB1CF
  5
2EB1CF
331
2EB15D
  5
2EB15D
331
2EEE39
  5
2EEE3A
331
2EEDC7
  5
2EEDC8
331
2EEDFC
  5
2EEDFD
331
2EB768
  5
2EB76F
331
2EB25C
  5
2EB25C
331
2EB21F
  5
2EB21F
331
2EB72B
  5
2EB732
331
2EB82A
  5
2EB831
331
2EB7F5
  5
2EB7FC
331
2EB783
  5
2EB78A
331
2EB746
  5
2EB74D
331
2EB7B8
  5
2EB7BF
331
2EB8A5
  5
2EBCEB
331
2EB882
  5
2EB891
331
2EB845
  5
2EB84C
331
2EDF18
  5
2EDF2C
331
2EDEDB
  5
2EDEEF
331
2EDC57
  5
2EDC6A
331
2EDEA6
  5
2EDEBA
331
2EDF80
  5
2EDF86
331
2EDF2B
  5
2EDF3F
331
2EDEF6
  5
2EDF0A
331
2EE011
  5
2EE014
331
2EEDB9
  5
2EEDBA
331
2EECFA
  5
2EECFA
331
2EED37
  5
2EED37
331
2EB211
  5
2EB211
331
2EB1DC
  5
2EB1DC
331
2EB19F
  5
2EB19F
331
2EB16A
  5
2EB16A
331
2EB12D
  5
2EB12D
331
2EEDD4
  5
2EEDD5
331
2EEE09
  5
2EEE0A
331
2EED8F
  5
2EED8F
331
2EB738
  5
2EB73F
331
2EB703
  5
2EB70A
331
2EB269
  5
2EB269
331
2EB22C
  5
2EB22C
331
2EB1F7
  5
2EB1F7
331
2EB29E
  5
2EB2A5
331
2EB802
  5
2EB809
331
2EB790
  5
2EB797
331
2EB753
  5
2EB75A
331
2EB71E
  5
2EB725
331
2EB7C5
  5
2EB7CC
331
2EB8B2
  5
2ED493
331
2EDC49
  5
2EDC5C
331
2EB88F
  5
2EB89E
331
2EB852
  5
2EB859
331
2ED567
  5
2ED580
331
2EDEE8
  5
2EDEFC
331
2EDEAB
  5
2EDEBF
331
2EDCE1
  5
2EDCF4
331
2EDBE7
  5
2EDC42
331
2EDC64
  5
2EDCC2
331
2EDF8D
  5
2EDF93
331
2EDF38
  5
2EDF5B
331
2EDF03
  5
2EDF17
331
2EDEC6
  5
2EDEDA
331
2EEBFD
  5
2EEBFD
331
2EED44
  5
2EED45
331
2EED07
  5
2EED07
331
2EB1E9
  5
2EB1E9
331
2EB1AC
  5
2EB1AC
331
2EB177
  5
2EB177
331
2EB13A
  5
2EB13A
331
2EEDE1
  5
2EEDE2
331
2EEE16
  5
2EEE17
331
2EB710
  5
2EB717
331
2EB276
  5
2EB276
331
2EB239
  5
2EB239
331
2EB204
  5
2EB204
331
2EB1C7
  5
2EB1C7
331
2EB2AB
  5
2EB2B2
331
2EB7D2
  5
2EB7D9
331
2EB79D
  5
2EB7A4
331
2EB2C6
  5
2EB704
331
2EB760
  5
2EB768
331
2EB85F
  5
2EB868
331
2ED574
  5
2EDB8F
331
2EB822
  5
2EB829
331
2ED4A2
  5
2ED4DA
331
2EB7ED
  5
2EB7F4
331
2EB89D
  5
2EB8AC
331
2EDEB8
  5
2EDECC
331
2EDE3B
  5
2EDEA9
331
2EDCEE
  5
2EDE21
331
2EDC71
  5
2EDCCF
331
2EDF9A
  5
2EDF9E
331
2EDF10
  5
2EDF24
331
2EDED3
  5
2EDEE7
331
2EB184
  5
2EB184
331
2EB147
  5
2EB147
331
2EB1B9
  5
2EB1B9
331
2EEE23
  5
2EEE24
331
2EEDEE
  5
2EEDEF
331
2EED2F
  5
2EED2F
331
2EEDB1
  5
2EEDB2
331
2EB283
  5
2EB28A
331
2EB246
  5
2EB246
331
2EB1D4
  5
2EB1D4
331
2EB2B8
  5
2EB2BF
331
2EB7A2
  5
2EB7A9
331
2EB76D
  5
2EB774
331
2EB730
  5
2EB737
331
2EB296
  5
2EB29D
331
2EB86C
  5
2EB87B
331
2EB82F
  5
2EB836
331
2ED581
  5
2EDBEC
331
2EB7FA
  5
2EB801
331
2EB7BD
  5
2EB7C4
331
2EB8AA
  5
2EBCF1
331
2EB887
  5
2EB896
331
2ED55F
  5
2ED572
331
2EDCC6
  5
2EDCD9
331
2EDF5A
  5
2EB27D
331
2EDF1D
  5
2EDF31
331
2EDE1E
  5
2EDE41
331
2EDEE0
  5
2EDEF4
331
2EDF85
  5
2EDF8C
331
2EE016
  5
2EE0D4
331
2EECEC
  5
2EECEC
331
2EB191
  5
2EB191
331
2EB154
  5
2EB154
331
2EEE30
  5
2EEE31
331
2EEDF3
  5
2EEDF4
331
2EED71
  5
2EED71
331
2EEDBE
  5
2EEDBF
331
2EECFF
  5
2EECFF
331
2EED3C
  5
2EED3C
331
2EB253
  5
2EB253
331
2EB216
  5
2EB216
331
2EB1E1
  5
2EB1E1
331
2EB1A4
  5
2EB1A4
331
2EB288
  5
2EB28F
331
2EB16F
  5
2EB16F
331
2EEE5B
  5
2EEE5C
331
2EEE0E
  5
2EEE0F
331
2EB77A
  5
2EB781
331
2EB73D
  5
2EB744
331
2EB708
  5
2EB70F
331
2EB26E
  5
2EB26E
331
2EB2A3
  5
2EB2AA
331
2EB879
  5
2EB888
331
2ED529
  5
2ED571
331
2EB83C
  5
2EB843
331
2EB807
  5
2EB80E
331
2EB795
  5
2EB79C
331
2EB7CA
  5
2EB7D1
331
2ED4D4
  5
2ED519
331
2EDCD3
  5
2EDCE6
331
2EB857
  5
2EB85E
331
2EDC4E
  5
2EDC61
331
2EDF22
  5
2EDF36
331
2EDEED
  5
2EDF01
331
2EDE33
  5
2EDEA1
331
2EDCE6
  5
2EDD75
331
2EDEB0
  5
2EDEC4
331
2EDF92
  5
2EDF96
331
2EDF3D
  5
2EDF7A
331
2EECF1
  5
2EECF1
331
2EB161
  5
2EB161
331
2EB124
  5
2EB124
331
2EEE00
  5
2EEE01
331
2EEDCB
  5
2EEDCC
331
2EED0C
  5
2EED0C
331
2EB260
  5
2EB260
331
2EB223
  5
2EB223
331
2EB1EE
  5
2EB1EE
331
2EB1B1
  5
2EB1B1
331
2EB17C
  5
2EB17C
331
2EB13F
  5
2EB13F
331
2EEDE6
  5
2EEDE7
331
2EEE1B
  5
2EEE1C
331
2EB74A
  5
2EB751
331
2EB715
  5
2EB71C
331
2EB27B
  5
2EB27E
331
2EB23E
  5
2EB23E
331
2EB2B0
  5
2EB2B7
331
2EB849
  5
2EB850
331
2EB814
  5
2EB81B
331
2EB7D7
  5
2EB7DE
331
2EDCD8
  5
2EDCEB
331
2ED579
  5
2EDBDC
331
2ED514
  5
2ED566
331
2EDC5B
  5
2EDC6E
331
2EB827
  5
2EB82E
331
2ED4A7
  5
2ED4E7
331
2EB864
  5
2EB871
331
2EDEFA
  5
2EDF0E
331
2EDEBD
  5
2EDED1
331
2EDCF3
  5
2EDE36
331
2EDC76
  5
2EDCD4
331
2EDE40
  5
2EDEAE
331
2EDF9F
  5
2EDFB8
331
2EDF52
  5
2EB86F
331
2EDF15
  5
2EDF29
331
2EB131
  5
2EB131
331
2EEDD8
  5
2EEDD9
331
2EB230
  5
2EB230
331
2EB1FB
  5
2EB1FB
331
2EB1BE
  5
2EB1BE
331
2EB189
  5
2EB189
331
2EB14C
  5
2EB14C
331
2EEDB6
  5
2EEDB7
331
2EEE28
  5
2EEE29
331
2EB722
  5
2EB729
331
2EB24B
  5
2EB24B
331
2EB2BD
  5
2EB2C4
331
2EB819
  5
2EB820
331
2EB7E4
  5
2EB7EB
331
2EB772
  5
2EB779
331
2EB735
  5
2EB73C
331
2EB7A7
  5
2EB7AE
331
2EB894
  5
2EB8A3
331
2EDC68
  5
2EDCC6
331
2EDBEB
  5
2EDC48
331
2EB871
  5
2EB880
331
2EB8AF
  5
2ED490
331
2EB834
  5
2EB83B
331
2EB7FF
  5
2EB806
331
2EDECA
  5
2EDEDE
331
2EDCCB
  5
2EDCDE
331
2EDEE5
  5
2EDEF9
331
2EDFBB
  5
2EDFC0
331
2EE0D3
  5
2ED4E9
331
2EED26
  5
2EED26
331
2EEDA0
  5
2EEDA0
331
2EB208
  5
2EB208
331
2EB1CB
  5
2EB1CB
331
2EB196
  5
2EB196
331
2EB159
  5
2EB159
331
2EEE35
  5
2EEE36
331
2EEDC3
  5
2EEDC4
331
2EEDF8
  5
2EEDF9
331
2EED76
  5
2EED76
331
2EB258
  5
2EB258
331
2EB21B
  5
2EB21B
331
2EB1E6
  5
2EB1E6
331
2EB28D
  5
2EB294
331
2EB7F1
  5
2EB7F8
331
2EB7B4
  5
2EB7BB
331
2EB8A1
  5
2EB8B0
331
2EB77F
  5
2EB786
331
2EB70D
  5
2EB714
331
2EB742
  5
2EB749
331
2EDBF8
  5
2EDC57
331
2EB87E
  5
2EB88D
331
2EDB83
  5
2EDBF8
331
2EB841
  5
2EB848
331
2ED4D9
  5
2ED528
331
2EB80C
  5
2EB813
331
2EB7CF
  5
2EB7D6
331
2EBCEC
  5
2ED498
331
2EDEA2
  5
2EDEB6
331
2EDD8D
  5
2EDE40
331
2EDC53
  5
2EDC66
331
2EDF7C
  5
2EDF82
331
2EDF27
  5
2EDF3B
331
2EDEF2
  5
2EDF06
331
2EDEB5
  5
2EDEC9
331
2EDF97
  5
2EDF9B
331
2EECF6
  5
2EECF6
331
2EED33
  5
2EED33
331
2EB19B
  5
2EB19B
331
2EB166
  5
2EB166
331
2EB129
  5
2EB129
331
2EB1D8
  5
2EB1D8
331
2EEE05
  5
2EEE06
331
2EEDD0
  5
2EEDD1
331
2EB265
  5
2EB265
331
2EB228
  5
2EB228
331
2EB1F3
  5
2EB1F3
331
2EB1B6
  5
2EB1B6
331
2EB29A
  5
2EB2A1
331
2EB7C1
  5
2EB7C8
331
2EB78C
  5
2EB793
331
2EB74F
  5
2EB756
331
2EB71A
  5
2EB721
331
2EB2B5
  5
2EB2BC
331
2EDB90
  5
2EDC3B
331
2EB88B
  5
2EB89A
331
2ED563
  5
2ED576
331
2EB84E
  5
2EB855
331
2EB7DC
  5
2EB7E3
331
2ED4E6
  5
2ED560
331
2EDE22
  5
2EDEA0
331
2EDCDD
  5
2EDCF0
331
2ED57E
  5
2EDBE9
331
2EDC60
  5
2EDC73
331
2EDF89
  5
2EDF90
331
2EDF34
  5
2EDF57
331
2EDEFF
  5
2EDF13
331
2EDEC2
  5
2EDED6
331
2EEBF9
  5
2EEBF9
331
2EED40
  5
2EED41
331
2EED03
  5
2EED03
331
2EB173
  5
2EB173
331
2EB136
  5
2EB136
331
2EB1A8
  5
2EB1A8
331
2EEE12
  5
2EEE13
331
2EEDDD
  5
2EEDDE
331
2EB272
  5
2EB272
331
2EB235
  5
2EB235
331
2EB200
  5
2EB200
331
2EB1C3
  5
2EB1C3
331
2EB18E
  5
2EB18E
331
2EEE2D
  5
2EEE2E
331
2EB799
  5
2EB7A0
331
2EB75C
  5
2EB763
331
2EB727
  5
2EB72E
331
2EB2C2
  5
2EB2C9
331
2EB85B
  5
2EB863
331
2EB81E
  5
2EB825
331
2ED570
  5
2EDB81
331
2EB7E9
  5
2EB7F0
331
2EB777
  5
2EB77E
331
2EB7AC
  5
2EB7B3
331
2EB899
  5
2EB8A8
331
2EDCEA
  5
2EDD8D
331
2EB876
  5
2EB885
331
2ED526
  5
2ED56E
331
2EDC6D
  5
2EDCCB
331
2EDF41
  5
2EDF7E
331
2EDF0C
  5
2EDF20
331
2EDD75
  5
2EDE3C
331
2EDECF
  5
2EDEE3
331
2EDF6C
  5
2EDF7F
331
2EED10
  5
2EED10
331
2EB180
  5
2EB180
331
2EB143
  5
2EB143
331
2EEDA5
  5
2EEDA5
331
2EEDEA
  5
2EEDEB
331
2EED2B
  5
2EED2B
331
2EB242
  5
2EB242
331
2EB20D
  5
2EB20D
331
2EB1D0
  5
2EB1D0
331
2EB15E
  5
2EB15E
331
2EEE3A
  5
2EEE3B
331
2EEDFD
  5
2EEDFE
331
2EB769
  5
2EB770
331
2EB72C
  5
2EB733
331
2EB25D
  5
2EB25D
331
2EB292
  5
2EB299
331
2EB868
  5
2EB876
331
2ED518
  5
2ED56A
331
2EB82B
  5
2EB832
331
2ED4AB
  5
2ED4EA
331
2EB7F6
  5
2EB7FD
331
2EB784
  5
2EB78B
331
2EB747
  5
2EB74E
331
2EB7B9
  5
2EB7C0
331
2EB8A6
  5
2EBCED
331
2EDCC2
  5
2EDCD5
331
2EB846
  5
2EB84D
331
2EB883
  5
2EB892
331
2EDF19
  5
2EDF2D
331
2EDEDC
  5
2EDEF0
331
2EDEA7
  5
2EDEBB
331
2EDF81
  5
2EDF87
331
2EDF2C
  5
2EDF40
331
2EDEF7
  5
2EDF0B
331
2EE012
  5
2EE015
331
2EECE8
  5
2EECE8
331
2EB150
  5
2EB150
331
2EEDBA
  5
2EEDBB
331
2EECFB
  5
2EECFB
331
2EED38
  5
2EED38
331
2EB212
  5
2EB212
331
2EB1DD
  5
2EB1DD
331
2EB1A0
  5
2EB1A0
331
2EB16B
  5
2EB16B
331
2EB12E
  5
2EB12E
331
2EEDD5
  5
2EEDD6
331
2EEE0A
  5
2EEE0B
331
2EB739
  5
2EB740
331
2EB704
  5
2EB70B
331
2EB26A
  5
2EB26A
331
2EB22D
  5
2EB22D
331
2EB29F
  5
2EB2A6
331
2EB838
  5
2EB83F
331
2EB803
  5
2EB80A
331
2EB791
  5
2EB798
331
2EB754
  5
2EB75B
331
2EB71F
  5
2EB726
331
2EB7C6
  5
2EB7CD
331
2EDC4A
  5
2EDC5D
331
2ED496
  5
2ED4D6
331
2EB853
  5
2EB85A
331
2EDEE9
  5
2EDEFD
331
2EDEAC
  5
2EDEC0
331
2EDC65
  5
2EDCC3
331
2EDCE2
  5
2EDD6D
331
2EDF8E
  5
2ED515
331
2EDF39
  5
2EDF5C
331
2EDF04
  5
2EDF18
331
2EDEC7
  5
2EDEDB
331
2EEBFE
  5
2EEBFE
331
2EED45
  5
2EED46
331
2EED08
  5
2EED08
331
2EB1EA
  5
2EB1EA
331
2EB1AD
  5
2EB1AD
331
2EB178
  5
2EB178
331
2EB13B
  5
2EB13B
331
2EEDE2
  5
2EEDE3
331
2EEE17
  5
2EEE18
331
2EB711
  5
2EB718
331
2EB277
  5
2EB277
331
2EB23A
  5
2EB23A
331
2EB205
  5
2EB205
331
2EB2AC
  5
2EB2B3
331
2EB810
  5
2EB817
331
2EB7D3
  5
2EB7DA
331
2EBCF0
  5
2ED4A4
331
2EB79E
  5
2EB7A5
331
2EB2C7
  5
2EB705
331
2EB761
  5
2EB769
331
2EB860
  5
2EB869
331
2ED575
  5
2EDB90
331
2EB823
  5
2EB82A
331
2ED4A3
  5
2ED4DB
331
2EB7EE
  5
2EB7F5
331
2EB89E
  5
2EB8AD
331
2EDEB9
  5
2EDECD
331
2EDE3C
  5
2EDEAA
331
2EDCEF
  5
2EDE22
331
2EDC72
  5
2EDCD0
331
2EDBF5
  5
2EDC4A
331
2EDF9B
  5
2EDF9F
331
2EDF11
  5
2EDF25
331
2EDE9F
  5
2EDEB3
331
2EDED4
  5
2EDEE8
331
2EED15
  5
2EED15
331
2EB1BA
  5
2EB1BA
331
2EB185
  5
2EB185
331
2EB148
  5
2EB148
331
2EEE24
  5
2EEE25
331
2EEDB2
  5
2EEDB3
331
2EEDEF
  5
2EEDF0
331
2EB284
  5
2EB28B
331
2EB247
  5
2EB247
331
2EB1D5
  5
2EB1D5
331
2EB2B9
  5
2EB2C0
331
2EB7E0
  5
2EB7E7
331
2EB7A3
  5
2EB7AA
331
2EB890
  5
2EB89F
331
2EB76E
  5
2EB775
331
2EB297
  5
2EB29E
331
2EB731
  5
2EB738
331
2EB86D
  5
2EB87C
331
2EB830
  5
2EB837
331
2EB7FB
  5
2EB802
331
2EB7BE
  5
2EB7C5
331
2EB8AB
  5
2EBCF2
331
2EDCC7
  5
2EDCDA
331
2EDF1E
  5
2EDF32
331
2EDE1F
  5
2EDE42
331
2EDEE1
  5
2EDEF5
331
2EDF86
  5
2EDF8D
331
2EECED
  5
2EECED
331
2EB192
  5
2EB192
331
2EB155
  5
2EB155
331
2EEE31
  5
2EEE32
331
2EEDF4
  5
2EEDF5
331
2EEDBF
  5
2EEDC0
331
2EB254
  5
2EB254
331
2EB217
  5
2EB217
331
2EB1E2
  5
2EB1E2
331
2EB1A5
  5
2EB1A5
331
2EB289
  5
2EB290
331
2EEE5C
  5
2EEE5D
331
2EEE0F
  5
2EEE10
331
2EB7B0
  5
2EB7B7
331
2EB77B
  5
2EB782
331
2EB73E
  5
2EB745
331
2EB709
  5
2EB710
331
2EB26F
  5
2EB26F
331
2EB2A4
  5
2EB2AB
331
2EB87A
  5
2EB889
331
2EB83D
  5
2EB844
331
2EB808
  5
2EB80F
331
2EB796
  5
2EB79D
331
2EB7CB
  5
2EB7D2
331
2ED4D5
  5
2ED51A
331
2EDCD4
  5
2EDCE7
331
2EDC4F
  5
2EDC62
331
2EDF23
  5
2EDF37
331
2EDEEE
  5
2EDF02
331
2EDE34
  5
2EDEA2
331
2EDCE7
  5
2EDD8A
331
2EDEB1
  5
2EDEC5
331
2EDF93
  5
2EDF97
331
2EDF3E
  5
2EDF7B
331
2EECF2
  5
2EECF2
331
2EB162
  5
2EB162
331
2EB125
  5
2EB125
331
2EEE01
  5
2EEE02
331
2EEDCC
  5
2EEDCD
331
2EED4A
  5
2EED4A
331
2EED0D
  5
2EED0D
331
2EB261
  5
2EB261
331
2EB224
  5
2EB224
331
2EB1EF
  5
2EB1EF
331
2EB1B2
  5
2EB1B2
331
2EB17D
  5
2EB17D
331
2EEDE7
  5
2EEDE8
331
2EEE1C
  5
2EEE1D
331
2EB788
  5
2EB78F
331
2EB74B
  5
2EB752
331
2EB716
  5
2EB71D
331
2EB27C
  5
2EB27F
331
2EB23F
  5
2EB23F
331
2EB2B1
  5
2EB2B8
331
2EB84A
  5
2EB851
331
2EB815
  5
2EB81C
331
2EB766
  5
2EB76D
331
2EB7D8
  5
2EB7DF
331
2EDCD9
  5
2EDCEC
331
2ED57A
  5
2EDBE5
331
2EB865
  5
2EB872
331
2ED515
  5
2ED567
331
2EDC5C
  5
2EDC6F
331
2EDF30
  5
2EDF53
331
2EDEFB
  5
2EDF0F
331
2EDE41
  5
2EDEB0
331
2EDCF4
  5
2EDE37
331
2EDEBE
  5
2EDED2
331
2EDFA0
  5
2EDFB9
331
2EDF16
  5
2EDF2A
331
2EB132
  5
2EB132
331
2EEDD9
  5
2EEDDA
331
2EB231
  5
2EB231
331
2EB1FC
  5
2EB1FC
331
2EB1BF
  5
2EB1BF
331
2EB18A
  5
2EB18A
331
2EB14D
  5
2EB14D
331
2EEDB7
  5
2EEDB8
331
2EEE29
  5
2EEE2A
331
2EB758
  5
2EB75F
331
2EB723
  5
2EB72A
331
2EB24C
  5
2EB24C
331
2EB2BE
  5
2EB2C5
331
2EB81A
  5
2EB821
331
2EB7E5
  5
2EB7EC
331
2EB773
  5
2EB77A
331
2EB736
  5
2EB73D
331
2EB7A8
  5
2EB7AF
331
2EB895
  5
2EB8A4
331
2EDC69
  5
2EDCC7
331
2EDBEC
  5
2EDC49
331
2EB872
  5
2EB881
331
2EB835
  5
2EB83C
331
2EDF08
  5
2EDF1C
331
2EDCCC
  5
2EDCDF
331
2EDC47
  5
2EDC5A
331
2EDECB
  5
2EDEDF
331
2EDEE6
  5
2EDEFA
331
2EDFBC
  5
2EDFC1
331
2EE0D4
  5
2EB278
331
2EEDA1
  5
2EEDA1
331
2EB209
  5
2EB209
331
2EB1CC
  5
2EB1CC
331
2EB197
  5
2EB197
331
2EB15A
  5
2EB15A
331
2EEE36
  5
2EEE37
331
2EEDC4
  5
2EEDC5
331
2EEDF9
  5
2EEDFA
331
2EED77
  5
2EED77
331
2EB728
  5
2EB72F
331
2EB259
  5
2EB259
331
2EB21C
  5
2EB21C
331
2EB1E7
  5
2EB1E7
331
2EB28E
  5
2EB295
331
2EB7F2
  5
2EB7F9
331
2EB7B5
  5
2EB7BC
331
2EB8A2
  5
2EB8B1
331
2EB743
  5
2EB74A
331
2EB70E
  5
2EB715
331
2EB780
  5
2EB787
331
2EDBF9
  5
2EDC58
331
2EB87F
  5
2EB88E
331
2EDB84
  5
2EDBF9
331
2EB842
  5
2EB849
331
2ED4DA
  5
2ED529
331
2EB80D
  5
2EB814
331
2EBCED
  5
2ED49B
331
2EDED8
  5
2EDEEC
331
2EDEA3
  5
2EDEB7
331
2EDC54
  5
2EDC67
331
2EDF7D
  5
2EDF83
331
2EDF28
  5
2EDF3C
331
2EDEF3
  5
2EDF07
331
2EDEB6
  5
2EDECA
331
2EECF7
  5
2EECF7
331
2EED34
  5
2EED34
331
2EB1D9
  5
2EB1D9
331
2EB19C
  5
2EB19C
331
2EB167
  5
2EB167
331
2EB12A
  5
2EB12A
331
2EEDD1
  5
2EEDD2
331
2EEE06
  5
2EEE07
331
2EB266
  5
2EB266
331
2EB229
  5
2EB229
331
2EB1F4
  5
2EB1F4
331
2EB1B7
  5
2EB1B7
331
2EB29B
  5
2EB2A2
331
2EB7C2
  5
2EB7C9
331
2EB78D
  5
2EB794
331
2EB750
  5
2EB757
331
2EB2B6
  5
2EB2BD
331
2EB71B
  5
2EB722
331
2EDB91
  5
2EDC3C
331
2EB88C
  5
2EB89B
331
2ED564
  5
2ED577
331
2EB84F
  5
2EB856
331
2ED4E7
  5
2ED561
331
2EB7DD
  5
2EB7E4
331
2ED492
  5
2ED4B3
331
2EDEA8
  5
2EDEBC
331
2EDCDE
  5
2EDCF1
331
2ED57F
  5
2EDBEA
331
2EDC61
  5
2EDC74
331
2EDF8A
  5
2EDF91
331
2EDF35
  5
2EDF58
331
2EDF00
  5
2EDF14
331
2EDEC3
  5
2EDED7
331
2EEBFA
  5
2EEBFA
331
2EED41
  5
2EED42
331
2EED04
  5
2EED04
331
2EB174
  5
2EB174
331
2EB137
  5
2EB137
331
2EB1A9
  5
2EB1A9
331
2EEE13
  5
2EEE14
331
2EEDDE
  5
2EEDDF
331
2EB273
  5
2EB273
331
2EB236
  5
2EB236
331
2EB201
  5
2EB201
331
2EB1C4
  5
2EB1C4
331
2EB2A8
  5
2EB2AF
331
2EB18F
  5
2EB18F
331
2EEE2E
  5
2EEE2F
331
2EB79A
  5
2EB7A1
331
2EB75D
  5
2EB764
331
2EB2C3
  5
2EB6AE
331
2EB85C
  5
2EB865
331
2EB81F
  5
2EB826
331
2ED571
  5
2EDB82
331
2EB7EA
  5
2EB7F1
331
2EB7AD
  5
2EB7B4
331
2EB89A
  5
2EB8A9
331
2EDE38
  5
2EDEA6
331
2EDCEB
  5
2EDE1E
331
2EB877
  5
2EB886
331
2ED527
  5
2ED56F
331
2EDC6E
  5
2EDCCC
331
2EDF0D
  5
2EDF21
331
2EDED0
  5
2EDEE4
331
2EED11
  5
2EED11
331
2EB181
  5
2EB181
331
2EB144
  5
2EB144
331
2EEE20
  5
2EEE21
331
2EEDA6
  5
2EEDA6
331
2EEDEB
  5
2EEDEC
331
2EED2C
  5
2EED2C
331
2EB280
  5
2EB286
331
2EB243
  5
2EB243
331
2EB20E
  5
2EB20E
331
2EB1D1
  5
2EB1D1
331
2EB15F
  5
2EB15F
331
2EEE3B
  5
2EEE5B
331
2EEDFE
  5
2EEDFF
331
2EB76A
  5
2EB771
331
2EB72D
  5
2EB734
331
2EB25E
  5
2EB25E
331
2EB293
  5
2EB29A
331
2EB869
  5
2EB877
331
2ED519
  5
2ED56B
331
2EB82C
  5
2EB833
331
2ED4AC
  5
2ED513
331
2EB7F7
  5
2EB7FE
331
2EB785
  5
2EB78C
331
2EB7BA
  5
2EB7C1
331
2EB8A7
  5
2EBCEE
331
2EB884
  5
2EB893
331
2EB847
  5
2EB84E
331
2EDCC3
  5
2EDCD6
331
2EDF1A
  5
2EDF2E
331
2EDEDD
  5
2EDEF1
331
2EDF82
  5
2EDF88
331
2EDF2D
  5
2EDF41
331
2EE013
  5
2EE016
331
2EECE9
  5
2EECE9
331
2EEC9C
  5
2EEC9C
331
2EB151
  5
2EB151
331
2EEDF0
  5
2EEDF1
331
2EEDBB
  5
2EEDBC
331
2EECFC
  5
2EECFC
331
2EED39
  5
2EED39
331
2EB250
  5
2EB250
331
2EB213
  5
2EB213
331
2EB1DE
  5
2EB1DE
331
2EB1A1
  5
2EB1A1
331
2EB16C
  5
2EB16C
331
2EB12F
  5
2EB12F
331
2EEDD6
  5
2EEDD7
331
2EEE0B
  5
2EEE0C
331
2EB73A
  5
2EB741
331
2EB705
  5
2EB70C
331
2EB26B
  5
2EB26B
331
2EB22E
  5
2EB22E
331
2EB2A0
  5
2EB2A7
331
2EB839
  5
2EB840
331
2EB804
  5
2EB80B
331
2EB792
  5
2EB799
331
2EB755
  5
2EB75C
331
2EB7C7
  5
2EB7CE
331
2EDCD0
  5
2EDCE3
331
2EDC4B
  5
2EDC5E
331
2ED497
  5
2ED4D7
331
2EB854
  5
2EB85B
331
2EDEEA
  5
2EDEFE
331
2EDCE3
  5
2EDD72
331
2EDC66
  5
2EDCC4
331
2EDEAD
  5
2EDEC1
331
2EDF8F
  5
2EBCEC
331
2EDF3A
  5
2EDF5D
331
2EDF05
  5
2EDF19
331
2EEBFF
  5
2EEBFF
331
2EEDC8
  5
2EEDC9
331
2EED46
  5
2EED47
331
2EED09
  5
2EED09
331
2EB220
  5
2EB220
331
2EB1EB
  5
2EB1EB
331
2EB1AE
  5
2EB1AE
331
2EB179
  5
2EB179
331
2EB13C
  5
2EB13C
331
2EEDE3
  5
2EEDE4
331
2EEE18
  5
2EEE19
331
2EB712
  5
2EB719
331
2EB278
  5
2EB279
331
2EB23B
  5
2EB23B
331
2EB206
  5
2EB206
331
2EB2AD
  5
2EB2B4
331
2EB811
  5
2EB818
331
2EB7D4
  5
2EB7DB
331
2EBCF1
  5
2ED4A7
331
2EB762
  5
2EB76A
331
2EB79F
  5
2EB7A6
331
2EDC58
  5
2EDC6B
331
2EDBDB
  5
2EDC3E
331
2EB861
  5
2EB86C
331
2ED576
  5
2EDB91
331
2EB89F
  5
2EB8AE
331
2EB824
  5
2EB82B
331
2EB7EF
  5
2EB7F6
331
2ED4A4
  5
2ED4E6
331
2EDEBA
  5
2EDECE
331
2EDE3D
  5
2EDEAB
331
2EDCF0
  5
2EDE33
331
2EDC73
  5
2EDCD1
331
2EDBF6
  5
2EDC55
331
2EDF9C
  5
2EDFA0
331
2EDF12
  5
2EDF26
331
2EDED5
  5
2EDEE9
331
2EED16
  5
2EED16
331
2EB1F8
  5
2EB1F8
331
2EB1BB
  5
2EB1BB
331
2EB186
  5
2EB186
331
2EB149
  5
2EB149
331
2EEDB3
  5
2EEDB4
331
2EEE25
  5
2EEE26
331
2EB285
  5
2EB28C
331
2EB248
  5
2EB248
331
2EB1D6
  5
2EB1D6
331
2EB2BA
  5
2EB2C1
331
2EB7E1
  5
2EB7E8
331
2EB7A4
  5
2EB7AB
331
2EB891
  5
2EB8A0
331
2EB76F
  5
2EB776
331
2EB732
  5
2EB739
331
2EDBE8
  5
2EDC43
331
2EB86E
  5
2EB87D
331
2EB831
  5
2EB838
331
2ED4B1
  5
2ED516
331
2EB7FC
  5
2EB803
331
2EB7BF
  5
2EB7C6
331
2EB8AC
  5
2EBCF3
331
2EDD6D
  5
2EDE38
331
2EDCC8
  5
2EDCDB
331
2EDF5C
  5
2EB282
331
2EDF1F
  5
2EDF33
331
2EDEE2
  5
2EDEF6
331
2EDFB8
  5
2EDFBC
331
2EDF87
  5
2EDF8E
331
2EECEE
  5
2EECEE
331
2EED23
  5
2EED23
331
2EB193
  5
2EB193
331
2EB156
  5
2EB156
331
2EB1C8
  5
2EB1C8
331
2EEE32
  5
2EEE33
331
2EEDF5
  5
2EEDF6
331
2EED3E
  5
2EED3E
331
2EED73
  5
2EED73
331
2EEDC0
  5
2EEDC1
331
2EB255
  5
2EB255
331
2EB218
  5
2EB218
331
2EB1E3
  5
2EB1E3
331
2EB1A6
  5
2EB1A6
331
2EB28A
  5
2EB291
331
2EEE5D
  5
2EEE5E
331
2EB7B1
  5
2EB7B8
331
2EB77C
  5
2EB783
331
2EB73F
  5
2EB746
331
2EB70A
  5
2EB711
331
2EB2A5
  5
2EB2AC
331
2EB87B
  5
2EB88A
331
2EB83E
  5
2EB845
331
2EB809
  5
2EB810
331
2EB797
  5
2EB79E
331
2EB7CC
  5
2EB7D3
331
2ED4D6
  5
2ED525
331
2EDD8A
  5
2EDE3D
331
2EDCD5
  5
2EDCE8
331
2ED56E
  5
2ED581
331
2EDC50
  5
2EDC63
331
2EDF24
  5
2EDF38
331
2EDEEF
  5
2EDF03
331
2EDE35
  5
2EDEA3
331
2EDEB2
  5
2EDEC6
331
2EDF94
  5
2EDF98
331
2EDF3F
  5
2EDF7C
331
2EECF3
  5
2EECF3
331
2EED30
  5
2EED30
331
2EB163
  5
2EB163
331
2EB126
  5
2EB126
331
2EB198
  5
2EB198
331
2EEE02
  5
2EEE03
331
2EEDCD
  5
2EEDCE
331
2EED0E
  5
2EED0E
331
2EB262
  5
2EB262
331
2EB225
  5
2EB225
331
2EB1F0
  5
2EB1F0
331
2EB1B3
  5
2EB1B3
331
2EB17E
  5
2EB17E
331
2EEE1D
  5
2EEE1E
331
2EB789
  5
2EB790
331
2EB74C
  5
2EB753
331
2EB717
  5
2EB71E
331
2EB27D
  5
2EB281
331
2EB2B2
  5
2EB2B9
331
2EB888
  5
2EB897
331
2EB84B
  5
2EB852
331
2EB816
  5
2EB81D
331
2ED560
  5
2ED573
331
2EB767
  5
2EB76E
331
2EB7D9
  5
2EB7E0
331
2EDCDA
  5
2EDCED
331
2ED57B
  5
2EDBE6
331
2EB866
  5
2EB873
331
2ED516
  5
2ED568
331
2EDC5D
  5
2EDC70
331
2EDF31
  5
2EDF54
331
2EDEFC
  5
2EDF10
331
2EDE42
  5
2EDEB1
331
2EDEBF
  5
2EDED3
331
2EDFA1
  5
2EDFBA
331
2EDF54
  5
2EB86A
331
2EDF17
  5
2EDF2B
331
2EB170
  5
2EB170
331
2EB133
  5
2EB133
331
2EEDDA
  5
2EEDDB
331
2EB232
  5
2EB232
331
2EB1FD
  5
2EB1FD
331
2EB1C0
  5
2EB1C0
331
2EB18B
  5
2EB18B
331
2EB14E
  5
2EB14E
331
2EEE2A
  5
2EEE2B
331
2EB759
  5
2EB760
331
2EB724
  5
2EB72B
331
2EB24D
  5
2EB24D
331
2EB2BF
  5
2EB2C6
331
2EB858
  5
2EB85F
331
2ED4E8
  5
2ED562
331
2EB81B
  5
2EB822
331
2ED49B
  5
2ED4D9
331
2EB7E6
  5
2EB7ED
331
2EB774
  5
2EB77B
331
2EB737
  5
2EB73E
331
2EB7A9
  5
2EB7B0
331
2EB896
  5
2EB8A5
331
2EDC6A
  5
2EDCC8
331
2EB873
  5
2EB882
331
2EB836
  5
2EB83D
331
2EDF09
  5
2EDF1D
331
2EDD72
  5
2EDE39
331
2EDCCD
  5
2EDCE0
331
2EDECC
  5
2EDEE0
331
2EDEE7
  5
2EDEFB
331
2EB140
  5
2EB140
331
2EEDA2
  5
2EEDA2
331
2EED28
  5
2EED28
331
2EB20A
  5
2EB20A
331
2EB1CD
  5
2EB1CD
331
2EB15B
  5
2EB15B
331
2EEE37
  5
2EEE38
331
2EEDC5
  5
2EEDC6
331
2EEDFA
  5
2EEDFB
331
2EB729
  5
2EB730
331
2EB25A
  5
2EB25A
331
2EB21D
  5
2EB21D
331
2EB28F
  5
2EB296
331
2EB828
  5
2EB82F
331
2ED4A8
  5
2ED4E8
331
2EB7F3
  5
2EB7FA
331
2EB781
  5
2EB788
331
2EB744
  5
2EB74B
331
2EB70F
  5
2EB716
331
2EB7B6
  5
2EB7BD
331
2EB8A3
  5
2EB8B2
331
2EDBFA
  5
2EDC59
331
2EB880
  5
2EB88F
331
2EBCEE
  5
2ED4A2
331
2EB843
  5
2EB84A
331
2EB80E
  5
2EB815
331
2ED4DB
  5
2ED55F
331
2EDED9
  5
2EDEED
331
2EDEA4
  5
2EDEB8
331
2EDC55
  5
2EDC68
331
2EDF7E
  5
2EDF84
331
2EDF29
  5
2EDF3D
331
2EDEF4
  5
2EDF08
331
2EDEB7
  5
2EDECB
  0
XRECORD
  5
25230D
102
{ACAD_REACTORS
330
1ABE83
102
}
330
1ABE83
100
AcDbXrecord
280
     1
340
11F68F
  0
ACDBDETAILVIEWSTYLE
  5
171353
102
{ACAD_XDICTIONARY
360
2EEED1
102
}
102
{ACAD_REACTORS
330
171352
102
}
330
171352
100
AcDbModelDocViewStyle
 70
     0
  3
Imperial24
290
     0
100
AcDbDetailViewStyle
 70
     0
 71
     0
 90
        3
 71
     1
340
11F68A
 62
   256
 40
0.24
340
0
 62
   256
 40
0.24
300

 40
0.36
280
     3
 71
     2
340
11F68E
 90
       25
 62
   256
 71
     3
340
11F68A
 62
   256
 40
0.24
 90
        1
 40
0.75
 90
        1
300
%<\AcVar ViewType \f "%tc1">% %<\AcVar ViewDetailId>%\PSCALE %<\AcVar ViewScale \f "%sn">%
 71
     4
340
11F68E
 90
       25
 62
   256
340
11F68E
 90
       25
 62
   256
280
     0
  0
ACDBDETAILVIEWSTYLE
  5
1725B0
102
{ACAD_XDICTIONARY
360
2EEED5
102
}
102
{ACAD_REACTORS
330
171352
102
}
330
171352
100
AcDbModelDocViewStyle
 70
     0
  3
Metric50
290
     0
100
AcDbDetailViewStyle
 70
     0
 71
     0
 90
        3
 71
     1
340
11F68A
 62
   256
 40
5.0
340
0
 62
   256
 40
5.0
300

 40
0.0
280
     1
 71
     2
340
11F68E
 90
       25
 62
   256
 71
     3
340
11F68A
 62
   256
 40
5.0
 90
        0
 40
15.0
 90
        1
300
%<\AcVar ViewDetailId>% (%<\AcVar ViewScale \f "%sn">%)
 71
     4
340
11F68E
 90
       25
 62
   256
340
11F68E
 90
       25
 62
   256
280
     0
  0
LAYOUT
  5
171356
102
{ACAD_XDICTIONARY
360
1C8E39
102
}
102
{ACAD_REACTORS
330
171354
102
}
330
171354
100
AcDbPlotSettings
  1

  2
none_device
  4
Letter_(8.50_x_11.00_Inches)
  6

 40
6.349999904632567
 41
6.349999904632567
 42
6.350006103515625
 43
6.350006103515625
 44
215.8999938964844
 45
279.3999938964844
 46
0.0
 47
0.0
 48
0.0
 49
0.0
140
0.0
141
0.0
142
1.0
143
25.45580647657614
 70
 11952
 72
     0
 73
     1
 74
     0
  7

 75
     0
147
0.0392837681618996
 76
     0
 77
     2
 78
   300
148
-10024.81786823774
149
-8315.305236572099
100
AcDbLayout
  1
Model
 70
     1
 71
     0
 10
0.0
 20
0.0
 11
12.0
 21
9.0
 12
0.0
 22
0.0
 32
0.0
 14
0.0
 24
0.0
 34
0.0
 15
0.0
 25
0.0
 35
0.0
146
0.0
 13
0.0
 23
0.0
 33
0.0
 16
1.0
 26
0.0
 36
0.0
 17
0.0
 27
1.0
 37
0.0
 76
     0
330
11F692
331
11F70E
1001
ACAD_PSEXT
1000
None
1000
None
1000
Not applicable
1000
The layout will not be plotted unless a new plotter configuration name is selected.
1070
     0
  0
LAYOUT
  5
171357
102
{ACAD_XDICTIONARY
360
1ABED7
102
}
102
{ACAD_REACTORS
330
171354
102
}
330
171354
100
AcDbPlotSettings
  1

  2
iR-ADV C5235
  4
A4
  6

 40
5.873749732971191
 41
5.873747825622557
 42
5.873748779296875
 43
5.873748779296875
 44
209.9733276367186
 45
296.9259948730469
 46
0.0
 47
0.0
 48
0.0
 49
0.0
140
0.0
141
0.0
142
1.0
143
43.19078599195882
 70
   688
 72
     0
 73
     1
 74
     1
  7

 75
     0
147
0.0231530864056556
 76
     0
 77
     2
 78
   300
148
964.1139729188116
149
505.1662622443878
100
AcDbLayout
  1
レイアウト1
 70
     0
 71
     1
 10
-47.94511021322647
 20
-29.87630432801071
 11
456.9551693147746
 21
327.167516852185
 12
0.0
 22
0.0
 32
0.0
 14
-37.92772424064665
 24
-19.86786597097574
 34
0.0
 15
445.7302333348934
 25
317.1590769778974
 35
0.0
146
0.0
 13
0.0
 23
0.0
 33
0.0
 16
1.0
 26
0.0
 36
0.0
 17
0.0
 27
1.0
 37
0.0
 76
     0
330
11F68F
331
1
1001
ACAD_PSEXT
1000
iR-ADV C5235
1000
Canon iR-ADV C5235/5240 LIPSLX
1000
IP_192.168.11.100
1000

1070
     0
1001
AcadStringInfo
1000
MIFCodePage
1070
     1
  0
MATERIAL
  5
171310
102
{ACAD_XDICTIONARY
360
171311
102
}
102
{ACAD_REACTORS
330
171307
102
}
330
171307
100
AcDbMaterial
  1
ByBlock
 72
     0
 43
0.0208333333333333
 43
0.0
 43
0.0
 43
0.0
 43
0.0
 43
0.0208333333333333
 43
0.0
 43
0.0
 43
0.0
 43
0.0
 43
1.0
 43
0.0
 43
0.0
 43
0.0
 43
0.0
 43
1.0
 77
     0
 47
0.0208333333333333
 47
0.0
 47
0.0
 47
0.0
 47
0.0
 47
0.0208333333333333
 47
0.0
 47
0.0
 47
0.0
 47
0.0
 47
1.0
 47
0.0
 47
0.0
 47
0.0
 47
0.0
 47
1.0
171
     0
 49
0.0208333333333333
 49
0.0
 49
0.0
 49
0.0
 49
0.0
 49
0.0208333333333333
 49
0.0
 49
0.0
 49
0.0
 49
0.0
 49
1.0
 49
0.0
 49
0.0
 49
0.0
 49
0.0
 49
1.0
175
     0
142
0.0208333333333333
142
0.0
142
0.0
142
0.0
142
0.0
142
0.0208333333333333
142
0.0
142
0.0
142
0.0
142
0.0
142
1.0
142
0.0
142
0.0
142
0.0
142
0.0
142
1.0
179
     0
144
0.0208333333333333
144
0.0
144
0.0
144
0.0
144
0.0
144
0.0208333333333333
144
0.0
144
0.0
144
0.0
144
0.0
144
1.0
144
0.0
144
0.0
144
0.0
144
0.0
144
1.0
147
0.0208333333333333
147
0.0
147
0.0
147
0.0
147
0.0
147
0.0208333333333333
147
0.0
147
0.0
147
0.0
147
0.0
147
1.0
147
0.0
147
0.0
147
0.0
147
0.0
147
1.0
  0
MATERIAL
  5
171308
102
{ACAD_XDICTIONARY
360
171309
102
}
102
{ACAD_REACTORS
330
171307
102
}
330
171307
100
AcDbMaterial
  1
ByLayer
 72
     0
 43
0.0208333333333333
 43
0.0
 43
0.0
 43
0.0
 43
0.0
 43
0.0208333333333333
 43
0.0
 43
0.0
 43
0.0
 43
0.0
 43
1.0
 43
0.0
 43
0.0
 43
0.0
 43
0.0
 43
1.0
 77
     0
 47
0.0208333333333333
 47
0.0
 47
0.0
 47
0.0
 47
0.0
 47
0.0208333333333333
 47
0.0
 47
0.0
 47
0.0
 47
0.0
 47
1.0
 47
0.0
 47
0.0
 47
0.0
 47
0.0
 47
1.0
171
     0
 49
0.0208333333333333
 49
0.0
 49
0.0
 49
0.0
 49
0.0
 49
0.0208333333333333
 49
0.0
 49
0.0
 49
0.0
 49
0.0
 49
1.0
 49
0.0
 49
0.0
 49
0.0
 49
0.0
 49
1.0
175
     0
142
0.0208333333333333
142
0.0
142
0.0
142
0.0
142
0.0
142
0.0208333333333333
142
0.0
142
0.0
142
0.0
142
0.0
142
1.0
142
0.0
142
0.0
142
0.0
142
0.0
142
1.0
179
     0
144
0.0208333333333333
144
0.0
144
0.0
144
0.0
144
0.0
144
0.0208333333333333
144
0.0
144
0.0
144
0.0
144
0.0
144
1.0
144
0.0
144
0.0
144
0.0
144
0.0
144
1.0
147
0.0208333333333333
147
0.0
147
0.0
147
0.0
147
0.0
147
0.0208333333333333
147
0.0
147
0.0
147
0.0
147
0.0
147
1.0
147
0.0
147
0.0
147
0.0
147
0.0
147
1.0
  0
MATERIAL
  5
171318
102
{ACAD_XDICTIONARY
360
171319
102
}
102
{ACAD_REACTORS
330
171307
102
}
330
171307
100
AcDbMaterial
  1
Global
 72
     0
 43
0.0208333333333333
 43
0.0
 43
0.0
 43
0.0
 43
0.0
 43
0.0208333333333333
 43
0.0
 43
0.0
 43
0.0
 43
0.0
 43
1.0
 43
0.0
 43
0.0
 43
0.0
 43
0.0
 43
1.0
 77
     0
 47
0.0208333333333333
 47
0.0
 47
0.0
 47
0.0
 47
0.0
 47
0.0208333333333333
 47
0.0
 47
0.0
 47
0.0
 47
0.0
 47
1.0
 47
0.0
 47
0.0
 47
0.0
 47
0.0
 47
1.0
171
     0
 49
0.0208333333333333
 49
0.0
 49
0.0
 49
0.0
 49
0.0
 49
0.0208333333333333
 49
0.0
 49
0.0
 49
0.0
 49
0.0
 49
1.0
 49
0.0
 49
0.0
 49
0.0
 49
0.0
 49
1.0
175
     0
142
0.0208333333333333
142
0.0
142
0.0
142
0.0
142
0.0
142
0.0208333333333333
142
0.0
142
0.0
142
0.0
142
0.0
142
1.0
142
0.0
142
0.0
142
0.0
142
0.0
142
1.0
179
     0
144
0.0208333333333333
144
0.0
144
0.0
144
0.0
144
0.0
144
0.0208333333333333
144
0.0
144
0.0
144
0.0
144
0.0
144
1.0
144
0.0
144
0.0
144
0.0
144
0.0
144
1.0
147
0.0208333333333333
147
0.0
147
0.0
147
0.0
147
0.0
147
0.0208333333333333
147
0.0
147
0.0
147
0.0
147
0.0
147
1.0
147
0.0
147
0.0
147
0.0
147
0.0
147
1.0
  0
MLEADERSTYLE
  5
17134F
102
{ACAD_REACTORS
330
17134E
102
}
330
17134E
100
AcDbMLeaderStyle
179
     2
170
     2
171
     1
172
     0
 90
        2
 40
0.0
 41
0.0
173
     1
 91
-1056964608
340
11F68C
 92
       -2
290
     1
 42
0.09
291
     1
 43
0.36
  3
Standard
 44
0.18
300

342
11F68A
174
     1
178
     6
175
     1
176
     0
 93
-1056964608
 45
0.18
292
     0
297
     0
 46
0.18
 94
-1056964608
 47
1.0
 49
1.0
140
1.0
293
     1
141
0.0
294
     1
177
     0
142
1.0
295
     0
296
     0
143
0.125
271
     0
272
     9
273
     9
298
     1
  0
MLINESTYLE
  5
11F695
102
{ACAD_REACTORS
330
11F688
102
}
330
11F688
100
AcDbMlineStyle
  2
STANDARD
 70
     0
  3

 62
     0
 51
90.0
 52
90.0
 71
     2
 49
0.5
 62
   256
  6
BYLAYER
 49
-0.5
 62
   256
  6
BYLAYER
  0
ACDBPLACEHOLDER
  5
171306
102
{ACAD_REACTORS
330
171305
102
}
330
171305
  0
SCALE
  5
17133D
102
{ACAD_REACTORS
330
17133C
102
}
330
17133C
100
AcDbScale
 70
     0
300
1:1
140
1.0
141
1.0
290
     1
  0
SCALE
  5
17133E
102
{ACAD_REACTORS
330
17133C
102
}
330
17133C
100
AcDbScale
 70
     0
300
1/128" = 1'-0"
140
0.0078125
141
12.0
290
     0
  0
SCALE
  5
17133F
102
{ACAD_REACTORS
330
17133C
102
}
330
17133C
100
AcDbScale
 70
     0
300
1/64" = 1'-0"
140
0.015625
141
12.0
290
     0
  0
SCALE
  5
171340
102
{ACAD_REACTORS
330
17133C
102
}
330
17133C
100
AcDbScale
 70
     0
300
1/32" = 1'-0"
140
0.03125
141
12.0
290
     0
  0
SCALE
  5
171341
102
{ACAD_REACTORS
330
17133C
102
}
330
17133C
100
AcDbScale
 70
     0
300
1/16" = 1'-0"
140
0.0625
141
12.0
290
     0
  0
SCALE
  5
171342
102
{ACAD_REACTORS
330
17133C
102
}
330
17133C
100
AcDbScale
 70
     0
300
3/32" = 1'-0"
140
0.09375
141
12.0
290
     0
  0
SCALE
  5
171343
102
{ACAD_REACTORS
330
17133C
102
}
330
17133C
100
AcDbScale
 70
     0
300
1/8" = 1'-0"
140
0.125
141
12.0
290
     0
  0
SCALE
  5
171344
102
{ACAD_REACTORS
330
17133C
102
}
330
17133C
100
AcDbScale
 70
     0
300
3/16" = 1'-0"
140
0.1875
141
12.0
290
     0
  0
SCALE
  5
171345
102
{ACAD_REACTORS
330
17133C
102
}
330
17133C
100
AcDbScale
 70
     0
300
1/4" = 1'-0"
140
0.25
141
12.0
290
     0
  0
SCALE
  5
171346
102
{ACAD_REACTORS
330
17133C
102
}
330
17133C
100
AcDbScale
 70
     0
300
3/8" = 1'-0"
140
0.375
141
12.0
290
     0
  0
SCALE
  5
171347
102
{ACAD_REACTORS
330
17133C
102
}
330
17133C
100
AcDbScale
 70
     0
300
1/2" = 1'-0"
140
0.5
141
12.0
290
     0
  0
SCALE
  5
171348
102
{ACAD_REACTORS
330
17133C
102
}
330
17133C
100
AcDbScale
 70
     0
300
3/4" = 1'-0"
140
0.75
141
12.0
290
     0
  0
SCALE
  5
171349
102
{ACAD_REACTORS
330
17133C
102
}
330
17133C
100
AcDbScale
 70
     0
300
1" = 1'-0"
140
1.0
141
12.0
290
     0
  0
SCALE
  5
17134A
102
{ACAD_REACTORS
330
17133C
102
}
330
17133C
100
AcDbScale
 70
     0
300
1-1/2" = 1'-0"
140
1.5
141
12.0
290
     0
  0
SCALE
  5
17134B
102
{ACAD_REACTORS
330
17133C
102
}
330
17133C
100
AcDbScale
 70
     0
300
3" = 1'-0"
140
3.0
141
12.0
290
     0
  0
SCALE
  5
17134C
102
{ACAD_REACTORS
330
17133C
102
}
330
17133C
100
AcDbScale
 70
     0
300
6" = 1'-0"
140
6.0
141
12.0
290
     0
  0
SCALE
  5
17134D
102
{ACAD_REACTORS
330
17133C
102
}
330
17133C
100
AcDbScale
 70
     0
300
1'-0" = 1'-0"
140
12.0
141
12.0
290
     0
  0
ACDBSECTIONVIEWSTYLE
  5
171351
102
{ACAD_XDICTIONARY
360
2EEECF
102
}
102
{ACAD_REACTORS
330
171350
102
}
330
171350
100
AcDbModelDocViewStyle
 70
     0
  3
Imperial24
290
     0
100
AcDbSectionViewStyle
 70
     0
 71
     0
 90
       78
 71
     1
340
11F68A
 62
   256
 40
0.24
340
0
340
0
 62
   256
 40
0.24
300
I, O, Q, S, X, Z
 40
0.48
 90
        3
 40
0.18
 90
        1
 71
     2
340
11F68E
 90
       25
 62
   256
340
11F68E
 90
       50
 62
   256
 40
0.24
 40
0.0
 40
0.24
 71
     3
340
11F68A
 62
   256
 40
0.24
 90
        1
 40
0.75
 90
        1
300
%<\AcVar ViewType \f "%tc1">% %<\AcVar ViewSectionStartId>%-%<\AcVar ViewSectionEndId>%\PSCALE %<\AcVar ViewScale \f "%sn">%
 71
     4
 62
   256
 62
   257
300
ANSI31
 40
1.0
 90
        0
290
     0
290
     0
 90
        6
 40
0.0
 40
1.570796326794896
 40
0.2617993877991494
 40
1.308996938995747
 40
-0.2617993877991494
 40
1.832595714594045
  0
ACDBSECTIONVIEWSTYLE
  5
1725AF
102
{ACAD_XDICTIONARY
360
2EEED3
102
}
102
{ACAD_REACTORS
330
171350
102
}
330
171350
100
AcDbModelDocViewStyle
 70
     0
  3
Metric50
290
     0
100
AcDbSectionViewStyle
 70
     0
 71
     0
 90
      102
 71
     1
340
11F68A
 62
   256
 40
5.0
340
0
340
0
 62
   256
 40
5.0
300
I, O, Q, S, X, Z
 40
10.0
 90
        0
 40
2.5
 90
        0
 71
     2
340
11F68E
 90
       25
 62
   256
340
11F68E
 90
       50
 62
   256
 40
5.0
 40
2.5
 40
5.0
 71
     3
340
11F68A
 62
   256
 40
5.0
 90
        0
 40
15.0
 90
        1
300
%<\AcVar ViewSectionStartId>%-%<\AcVar ViewSectionEndId>% (%<\AcVar ViewScale \f "%sn">%)
 71
     4
 62
   256
 62
   257
300
ANSI31
 40
1.0
 90
        0
290
     0
290
     0
 90
        6
 40
0.0
 40
1.570796326794896
 40
0.2617993877991494
 40
1.308996938995747
 40
-0.2617993877991494
 40
1.832595714594045
  0
TABLESTYLE
  5
17133B
102
{ACAD_XDICTIONARY
360
1ABE49
102
}
102
{ACAD_REACTORS
330
17133A
102
}
330
17133A
100
AcDbTableStyle
280
     0
  3
Standard
 70
     0
 71
     0
 40
0.06
 41
0.06
280
     0
281
     0
  7
STANDARD
140
0.18
170
     2
 62
     0
 63
     7
283
     0
 90
      512
 91
        0
  1

274
    -2
284
     1
 64
     0
275
    -2
285
     1
 65
     0
276
    -2
286
     1
 66
     0
277
    -2
287
     1
 67
     0
278
    -2
288
     1
 68
     0
279
    -2
289
     1
 69
     0
  7
STANDARD
140
0.25
170
     5
 62
     0
 63
     7
283
     0
 90
      512
 91
        0
  1

274
    -2
284
     1
 64
     0
275
    -2
285
     1
 65
     0
276
    -2
286
     1
 66
     0
277
    -2
287
     1
 67
     0
278
    -2
288
     1
 68
     0
279
    -2
289
     1
 69
     0
  7
STANDARD
140
0.18
170
     5
 62
     0
 63
     7
283
     0
 90
      512
 91
        0
  1

274
    -2
284
     1
 64
     0
275
    -2
285
     1
 65
     0
276
    -2
286
     1
 66
     0
277
    -2
287
     1
 67
     0
278
    -2
288
     1
 68
     0
279
    -2
289
     1
 69
     0
  0
VISUALSTYLE
  5
171326
102
{ACAD_REACTORS
330
171320
102
}
330
171320
100
AcDbVisualStyle
  2

 70
     4
177
     3
291
     0
 70
    58
 90
        0
176
     1
 90
        2
176
     1
 90
        0
176
     1
 90
        0
176
     1
 40
0.6
176
     1
 40
30.0
176
     1
 62
     7
176
     1
 90
        1
176
     1
 90
        4
176
     1
 62
     7
176
     1
 62
   257
176
     1
 90
        1
176
     1
 90
        1
176
     1
 40
1.0
176
     1
 90
        0
176
     1
 62
   257
176
     1
 40
1.0
176
     1
 90
        1
176
     1
 90
        6
176
     1
 90
        2
176
     1
 62
     7
176
     1
 90
        5
176
     1
 90
        0
176
     1
 90
        0
176
     1
290
     0
176
     1
 90
        1
176
     1
 40
0.0
176
     1
 90
        0
176
     1
290
     1
176
     1
290
     1
176
     1
290
     0
176
     1
290
     0
176
     1
290
     0
176
     1
290
     0
176
     1
290
     0
176
     1
290
     0
176
     1
290
     0
176
     1
 90
       50
176
     1
 40
0.0
176
     1
 40
1.0
176
     1
 90
        0
176
     1
 62
    18
420
        0
176
     1
 90
       50
176
     1
 90
        3
176
     1
 62
     5
420
      255
176
     1
290
     0
176
     1
 90
       50
176
     1
 90
       50
176
     1
 90
       50
176
     1
290
     0
176
     1
 90
       50
176
     1
 62
   256
176
     0
 40
1.0
176
     0
 90
        2
176
     1
  1
strokes_ogs.tif
176
     1
290
     0
176
     1
 40
1.0
176
     1
 40
1.0
176
     1
  0
VISUALSTYLE
  5
1BD2EE
102
{ACAD_REACTORS
330
171320
102
}
330
171320
100
AcDbVisualStyle
  2

 70
     6
177
     3
291
     0
 70
    58
 90
        1
176
     1
 90
        2
176
     1
 90
        2
176
     1
 90
        0
176
     1
 40
0.6
176
     1
 40
30.0
176
     1
 62
     7
176
     1
 90
        2
176
     1
 90
        2
176
     1
 62
     7
176
     1
 62
   257
176
     1
 90
        2
176
     1
 90
        1
176
     1
 40
40.0
176
     1
 90
        0
176
     1
 62
   257
176
     1
 40
1.0
176
     1
 90
        1
176
     1
 90
        6
176
     1
 90
        2
176
     1
 62
     7
176
     1
 90
        3
176
     1
 90
        0
176
     1
 90
        0
176
     1
290
     0
176
     1
 90
        1
176
     1
 40
0.0
176
     1
 90
        0
176
     1
290
     0
176
     1
290
     1
176
     1
290
     1
176
     1
290
     0
176
     1
290
     0
176
     1
290
     0
176
     1
290
     0
176
     1
290
     0
176
     1
290
     0
176
     1
 90
       50
176
     1
 40
0.0
176
     1
 40
1.0
176
     1
 90
        0
176
     1
 62
    18
420
        0
176
     1
 90
       50
176
     1
 90
        3
176
     1
 62
     5
420
      255
176
     1
290
     0
176
     1
 90
       50
176
     1
 90
       50
176
     1
 90
       50
176
     1
290
     0
176
     1
 90
       50
176
     1
 62
   256
176
     0
 40
1.0
176
     0
 90
        2
176
     1
  1
strokes_ogs.tif
176
     1
290
     0
176
     1
 40
1.0
176
     1
 40
1.0
176
     1
  0
VISUALSTYLE
  5
171526
102
{ACAD_REACTORS
330
171320
102
}
330
171320
100
AcDbVisualStyle
  2

 70
     5
177
     3
291
     0
 70
    58
 90
        0
176
     1
 90
        2
176
     1
 90
        1
176
     1
 90
        0
176
     1
 40
0.6
176
     1
 40
30.0
176
     1
 62
     7
176
     1
 90
        1
176
     1
 90
        4
176
     1
 62
     7
176
     1
 62
   257
176
     1
 90
        1
176
     1
 90
        1
176
     1
 40
1.0
176
     1
 90
        0
176
     1
 62
   257
176
     1
 40
1.0
176
     1
 90
        1
176
     1
 90
        6
176
     1
 90
        2
176
     1
 62
     7
176
     1
 90
        5
176
     1
 90
        0
176
     1
 90
        0
176
     1
290
     0
176
     1
 90
        1
176
     1
 40
0.0
176
     1
 90
        0
176
     1
290
     0
176
     1
290
     1
176
     1
290
     1
176
     1
290
     0
176
     1
290
     0
176
     1
290
     0
176
     1
290
     0
176
     1
290
     0
176
     1
290
     0
176
     1
 90
       50
176
     1
 40
0.0
176
     1
 40
1.0
176
     1
 90
        0
176
     1
 62
    18
420
        0
176
     1
 90
       50
176
     1
 90
        3
176
     1
 62
     5
420
      255
176
     1
290
     0
176
     1
 90
       50
176
     1
 90
       50
176
     1
 90
       50
176
     1
290
     0
176
     1
 90
       50
176
     1
 62
   256
176
     0
 40
1.0
176
     0
 90
        2
176
     1
  1
strokes_ogs.tif
176
     1
290
     0
176
     1
 40
1.0
176
     1
 40
1.0
176
     1
  0
VISUALSTYLE
  5
171325
102
{ACAD_REACTORS
330
171320
102
}
330
171320
100
AcDbVisualStyle
  2

 70
     7
177
     3
291
     1
 70
    58
 90
        1
176
     1
 90
        0
176
     1
 90
        1
176
     1
 90
        0
176
     1
 40
0.6
176
     1
 40
30.0
176
     1
 62
     7
176
     1
 90
        0
176
     1
 90
        4
176
     1
 62
     7
176
     1
 62
   257
176
     1
 90
        1
176
     1
 90
        1
176
     1
 40
1.0
176
     1
 90
        8
176
     1
 62
     7
176
     1
 40
1.0
176
     1
 90
        1
176
     1
 90
        6
176
     1
 90
        2
176
     1
 62
     7
176
     1
 90
        5
176
     1
 90
        0
176
     1
 90
        0
176
     1
290
     0
176
     1
 90
        1
176
     1
 40
0.0
176
     1
 90
        0
176
     1
290
     0
176
     1
290
     1
176
     1
290
     1
176
     1
290
     0
176
     1
290
     0
176
     1
290
     0
176
     1
290
     0
176
     1
290
     0
176
     1
290
     0
176
     1
 90
       50
176
     1
 40
0.0
176
     1
 40
1.0
176
     1
 90
        0
176
     1
 62
    18
420
        0
176
     1
 90
       50
176
     1
 90
        3
176
     1
 62
     5
420
      255
176
     1
290
     0
176
     1
 90
       50
176
     1
 90
       50
176
     1
 90
       50
176
     1
290
     0
176
     1
 90
       50
176
     1
 62
   256
176
     0
 40
1.0
176
     0
 90
        2
176
     1
  1
strokes_ogs.tif
176
     1
290
     0
176
     1
 40
1.0
176
     1
 40
1.0
176
     1
  0
VISUALSTYLE
  5
17132C
102
{ACAD_REACTORS
330
171320
102
}
330
171320
100
AcDbVisualStyle
  2

 70
    12
177
     3
291
     1
 70
    58
 90
        2
176
     1
 90
        2
176
     1
 90
        0
176
     1
 90
        0
176
     1
 40
0.6
176
     1
 40
30.0
176
     1
 62
     7
176
     1
 90
        1
176
     1
 90
        4
176
     1
 62
     7
176
     1
 62
   257
176
     1
 90
        1
176
     1
 90
        1
176
     1
 40
1.0
176
     1
 90
        8
176
     1
 62
     7
176
     1
 40
1.0
176
     1
 90
        1
176
     1
 90
        6
176
     1
 90
        2
176
     1
 62
     7
176
     1
 90
        5
176
     1
 90
        0
176
     1
 90
        0
176
     1
290
     0
176
     1
 90
        1
176
     1
 40
50.0
176
     1
 90
        0
176
     1
290
     0
176
     1
290
     1
176
     1
290
     1
176
     1
290
     0
176
     1
290
     0
176
     1
290
     0
176
     1
290
     0
176
     1
290
     0
176
     1
290
     0
176
     1
 90
       50
176
     1
 40
0.0
176
     1
 40
1.0
176
     1
 90
        0
176
     1
 62
    18
420
        0
176
     1
 90
       50
176
     1
 90
        3
176
     1
 62
     5
420
      255
176
     1
290
     0
176
     1
 90
       50
176
     1
 90
       50
176
     1
 90
       50
176
     1
290
     0
176
     1
 90
       50
176
     1
 62
   256
176
     0
 40
1.0
176
     0
 90
        2
176
     1
  1
strokes_ogs.tif
176
     1
290
     0
176
     1
 40
1.0
176
     1
 40
1.0
176
     1
  0
VISUALSTYLE
  5
171330
102
{ACAD_REACTORS
330
171320
102
}
330
171320
100
AcDbVisualStyle
  2

 70
    16
177
     3
291
     1
 70
    58
 90
        2
176
     1
 90
        2
176
     1
 90
        3
176
     1
 90
        0
176
     1
 40
0.6
176
     1
 40
30.0
176
     1
 62
     8
176
     1
 90
        1
176
     1
 90
        4
176
     1
 62
     7
176
     1
 62
   257
176
     1
 90
        1
176
     1
 90
        1
176
     1
 40
1.0
176
     1
 90
        8
176
     1
 62
     8
176
     1
 40
1.0
176
     1
 90
        1
176
     1
 90
        6
176
     1
 90
        2
176
     1
 62
     7
176
     1
 90
        5
176
     1
 90
        0
176
     1
 90
        0
176
     1
290
     0
176
     1
 90
        1
176
     1
 40
0.0
176
     1
 90
        0
176
     1
290
     0
176
     1
290
     1
176
     1
290
     1
176
     1
290
     0
176
     1
290
     0
176
     1
290
     0
176
     1
290
     0
176
     1
290
     0
176
     1
290
     0
176
     1
 90
       50
176
     1
 40
0.0
176
     1
 40
1.0
176
     1
 90
        0
176
     1
 62
    18
420
        0
176
     1
 90
       50
176
     1
 90
        3
176
     1
 62
     5
420
      255
176
     1
290
     0
176
     1
 90
       50
176
     1
 90
       50
176
     1
 90
       50
176
     1
290
     0
176
     1
 90
       50
176
     1
 62
   256
176
     0
 40
1.0
176
     0
 90
        2
176
     1
  1
strokes_ogs.tif
176
     1
290
     0
176
     1
 40
1.0
176
     1
 40
1.0
176
     1
  0
VISUALSTYLE
  5
171329
102
{ACAD_REACTORS
330
171320
102
}
330
171320
100
AcDbVisualStyle
  2

 70
     9
177
     3
291
     0
 70
    58
 90
        3
176
     1
 90
        2
176
     1
 90
        0
176
     1
 90
        0
176
     1
 40
0.6
176
     1
 40
30.0
176
     1
 62
     7
176
     1
 90
        2
176
     1
 90
        2
176
     1
 62
     7
176
     1
 62
   257
176
     1
 90
        1
176
     1
 90
        1
176
     1
 40
179.0
176
     1
 90
        8
176
     1
 62
     7
176
     1
 40
1.0
176
     1
 90
        1
176
     1
 90
        6
176
     1
 90
        2
176
     1
 62
     7
176
     1
 90
        3
176
     1
 90
        0
176
     1
 90
        0
176
     1
290
     0
176
     1
 90
        1
176
     1
 40
0.0
176
     1
 90
        0
176
     1
290
     0
176
     1
290
     1
176
     1
290
     1
176
     1
290
     0
176
     1
290
     0
176
     1
290
     0
176
     1
290
     0
176
     1
290
     0
176
     1
290
     0
176
     1
 90
       50
176
     1
 40
0.0
176
     1
 40
1.0
176
     1
 90
        0
176
     1
 62
    18
420
        0
176
     1
 90
       50
176
     1
 90
        3
176
     1
 62
     5
420
      255
176
     1
290
     0
176
     1
 90
       50
176
     1
 90
       50
176
     1
 90
       50
176
     1
290
     0
176
     1
 90
       50
176
     1
 62
   256
176
     0
 40
1.0
176
     0
 90
        2
176
     1
  1
strokes_ogs.tif
176
     1
290
     0
176
     1
 40
1.0
176
     1
 40
1.0
176
     1
  0
VISUALSTYLE
  5
17132B
102
{ACAD_REACTORS
330
171320
102
}
330
171320
100
AcDbVisualStyle
  2

 70
    11
177
     3
291
     1
 70
    58
 90
        2
176
     1
 90
        2
176
     1
 90
        0
176
     1
 90
        0
176
     1
 40
0.6
176
     1
 40
30.0
176
     1
 62
     7
176
     1
 90
        1
176
     1
 90
        4
176
     1
 62
     7
176
     1
 62
   257
176
     1
 90
        1
176
     1
 90
        1
176
     1
 40
1.0
176
     1
 90
        8
176
     1
 62
     7
176
     1
 40
1.0
176
     1
 90
        1
176
     1
 90
        6
176
     1
 90
        2
176
     1
 62
     7
176
     1
 90
        5
176
     1
 90
        0
176
     1
 90
        0
176
     1
290
     0
176
     1
 90
        1
176
     1
 40
-50.0
176
     1
 90
        0
176
     1
290
     0
176
     1
290
     1
176
     1
290
     1
176
     1
290
     0
176
     1
290
     0
176
     1
290
     0
176
     1
290
     0
176
     1
290
     0
176
     1
290
     0
176
     1
 90
       50
176
     1
 40
0.0
176
     1
 40
1.0
176
     1
 90
        0
176
     1
 62
    18
420
        0
176
     1
 90
       50
176
     1
 90
        3
176
     1
 62
     5
420
      255
176
     1
290
     0
176
     1
 90
       50
176
     1
 90
       50
176
     1
 90
       50
176
     1
290
     0
176
     1
 90
       50
176
     1
 62
   256
176
     0
 40
1.0
176
     0
 90
        2
176
     1
  1
strokes_ogs.tif
176
     1
290
     0
176
     1
 40
1.0
176
     1
 40
1.0
176
     1
  0
VISUALSTYLE
  5
171338
102
{ACAD_REACTORS
330
171320
102
}
330
171320
100
AcDbVisualStyle
  2

 70
    22
177
     3
291
     1
 70
    58
 90
        2
176
     0
 90
        2
176
     0
 90
        0
176
     0
 90
        0
176
     0
 40
0.6
176
     0
 40
30.0
176
     0
 62
     7
176
     0
 90
        1
176
     0
 90
        4
176
     0
 62
     7
176
     0
 62
   257
176
     0
 90
        1
176
     0
 90
        1
176
     0
 40
1.0
176
     0
 90
        8
176
     2
 62
     7
176
     0
 40
1.0
176
     0
 90
        1
176
     0
 90
        6
176
     0
 90
        2
176
     0
 62
     7
176
     0
 90
        5
176
     0
 90
        0
176
     0
 90
        0
176
     0
290
     0
176
     0
 90
        1
176
     0
 40
0.0
176
     0
 90
        0
176
     0
290
     0
176
     0
290
     1
176
     0
290
     1
176
     0
290
     0
176
     0
290
     0
176
     0
290
     0
176
     0
290
     0
176
     0
290
     0
176
     0
290
     0
176
     0
 90
       50
176
     0
 40
0.0
176
     0
 40
1.0
176
     0
 90
        0
176
     0
 62
    18
420
        0
176
     0
 90
       50
176
     0
 90
        3
176
     0
 62
     5
420
      255
176
     0
290
     0
176
     0
 90
       50
176
     0
 90
       50
176
     0
 90
       50
176
     0
290
     0
176
     0
 90
       50
176
     0
 62
   256
176
     0
 40
1.0
176
     0
 90
        2
176
     0
  1
strokes_ogs.tif
176
     0
290
     0
176
     0
 40
1.0
176
     0
 40
1.0
176
     0
  0
VISUALSTYLE
  5
17132F
102
{ACAD_REACTORS
330
171320
102
}
330
171320
100
AcDbVisualStyle
  2

 70
    15
177
     3
291
     1
 70
    58
 90
        2
176
     1
 90
        2
176
     1
 90
        0
176
     1
 90
        0
176
     1
 40
0.6
176
     1
 40
30.0
176
     1
 62
     7
176
     1
 90
        1
176
     1
 90
        4
176
     1
 62
     7
176
     1
 62
   257
176
     1
 90
        1
176
     1
 90
        1
176
     1
 40
1.0
176
     1
 90
        8
176
     1
 62
     7
176
     1
 40
1.0
176
     1
 90
        1
176
     1
 90
        6
176
     1
 90
        2
176
     1
 62
     7
176
     1
 90
        5
176
     1
 90
        0
176
     1
 90
        0
176
     1
290
     0
176
     1
 90
        1
176
     1
 40
0.0
176
     1
 90
        0
176
     1
290
     0
176
     1
290
     1
176
     1
290
     1
176
     1
290
     0
176
     1
290
     0
176
     1
290
     0
176
     1
290
     0
176
     1
290
     0
176
     1
290
     0
176
     1
 90
       50
176
     1
 40
0.0
176
     1
 40
1.0
176
     1
 90
        0
176
     1
 62
    18
420
        0
176
     1
 90
       50
176
     1
 90
        3
176
     1
 62
     5
420
      255
176
     1
290
     0
176
     1
 90
       50
176
     1
 90
       50
176
     1
 90
       50
176
     1
290
     0
176
     1
 90
       50
176
     1
 62
   256
176
     0
 40
1.0
176
     0
 90
        2
176
     1
  1
strokes_ogs.tif
176
     1
290
     0
176
     1
 40
1.0
176
     1
 40
1.0
176
     1
  0
VISUALSTYLE
  5
171321
102
{ACAD_REACTORS
330
171320
102
}
330
171320
100
AcDbVisualStyle
  2

 70
     0
177
     3
291
     1
 70
    58
 90
        2
176
     1
 90
        1
176
     1
 90
        1
176
     1
 90
        2
176
     1
 40
0.6
176
     1
 40
30.0
176
     1
 62
     7
176
     1
 90
        0
176
     1
 90
        0
176
     1
 62
     7
176
     1
 62
   257
176
     1
 90
        1
176
     1
 90
        1
176
     1
 40
1.0
176
     1
 90
        8
176
     1
 62
     7
176
     1
 40
1.0
176
     1
 90
        1
176
     1
 90
        6
176
     1
 90
        2
176
     1
 62
     7
176
     1
 90
        5
176
     1
 90
        0
176
     1
 90
        0
176
     1
290
     0
176
     1
 90
       13
176
     1
 40
0.0
176
     1
 90
        0
176
     1
290
     0
176
     1
290
     1
176
     1
290
     1
176
     1
290
     0
176
     1
290
     0
176
     1
290
     0
176
     1
290
     0
176
     1
290
     0
176
     1
290
     0
176
     1
 90
       50
176
     1
 40
0.0
176
     1
 40
1.0
176
     1
 90
        0
176
     1
 62
    18
420
        0
176
     1
 90
       50
176
     1
 90
        3
176
     1
 62
     5
420
      255
176
     1
290
     0
176
     1
 90
       50
176
     1
 90
       50
176
     1
 90
       50
176
     1
290
     0
176
     1
 90
       50
176
     1
 62
   256
176
     0
 40
1.0
176
     0
 90
        2
176
     1
  1
strokes_ogs.tif
176
     1
290
     0
176
     1
 40
1.0
176
     1
 40
1.0
176
     1
  0
VISUALSTYLE
  5
171322
102
{ACAD_REACTORS
330
171320
102
}
330
171320
100
AcDbVisualStyle
  2

 70
     1
177
     3
291
     1
 70
    58
 90
        2
176
     1
 90
        1
176
     1
 90
        1
176
     1
 90
        2
176
     1
 40
0.6
176
     1
 40
30.0
176
     1
 62
     7
176
     1
 90
        1
176
     1
 90
        0
176
     1
 62
     7
176
     1
 62
   257
176
     1
 90
        1
176
     1
 90
        1
176
     1
 40
1.0
176
     1
 90
        0
176
     1
 62
   257
176
     1
 40
1.0
176
     1
 90
        1
176
     1
 90
        6
176
     1
 90
        2
176
     1
 62
     7
176
     1
 90
        5
176
     1
 90
        0
176
     1
 90
        0
176
     1
290
     0
176
     1
 90
       13
176
     1
 40
0.0
176
     1
 90
        0
176
     1
290
     0
176
     1
290
     1
176
     1
290
     1
176
     1
290
     0
176
     1
290
     0
176
     1
290
     0
176
     1
290
     0
176
     1
290
     0
176
     1
290
     0
176
     1
 90
       50
176
     1
 40
0.0
176
     1
 40
1.0
176
     1
 90
        0
176
     1
 62
    18
420
        0
176
     1
 90
       50
176
     1
 90
        3
176
     1
 62
     5
420
      255
176
     1
290
     0
176
     1
 90
       50
176
     1
 90
       50
176
     1
 90
       50
176
     1
290
     0
176
     1
 90
       50
176
     1
 62
   256
176
     0
 40
1.0
176
     0
 90
        2
176
     1
  1
strokes_ogs.tif
176
     1
290
     0
176
     1
 40
1.0
176
     1
 40
1.0
176
     1
  0
VISUALSTYLE
  5
171323
102
{ACAD_REACTORS
330
171320
102
}
330
171320
100
AcDbVisualStyle
  2

 70
     2
177
     3
291
     1
 70
    58
 90
        2
176
     1
 90
        2
176
     1
 90
        1
176
     1
 90
        2
176
     1
 40
0.6
176
     1
 40
30.0
176
     1
 62
     7
176
     1
 90
        0
176
     1
 90
        0
176
     1
 62
     7
176
     1
 62
   257
176
     1
 90
        1
176
     1
 90
        1
176
     1
 40
1.0
176
     1
 90
        0
176
     1
 62
     7
176
     1
 40
1.0
176
     1
 90
        1
176
     1
 90
        6
176
     1
 90
        2
176
     1
 62
     7
176
     1
 90
        5
176
     1
 90
        0
176
     1
 90
        0
176
     1
290
     0
176
     1
 90
       13
176
     1
 40
0.0
176
     1
 90
        0
176
     1
290
     0
176
     1
290
     1
176
     1
290
     1
176
     1
290
     0
176
     1
290
     0
176
     1
290
     0
176
     1
290
     0
176
     1
290
     0
176
     1
290
     0
176
     1
 90
       50
176
     1
 40
0.0
176
     1
 40
1.0
176
     1
 90
        0
176
     1
 62
    18
420
        0
176
     1
 90
       50
176
     1
 90
        3
176
     1
 62
     5
420
      255
176
     1
290
     0
176
     1
 90
       50
176
     1
 90
       50
176
     1
 90
       50
176
     1
290
     0
176
     1
 90
       50
176
     1
 62
   256
176
     0
 40
1.0
176
     0
 90
        2
176
     1
  1
strokes_ogs.tif
176
     1
290
     0
176
     1
 40
1.0
176
     1
 40
1.0
176
     1
  0
VISUALSTYLE
  5
171324
102
{ACAD_REACTORS
330
171320
102
}
330
171320
100
AcDbVisualStyle
  2

 70
     3
177
     3
291
     1
 70
    58
 90
        2
176
     1
 90
        2
176
     1
 90
        1
176
     1
 90
        2
176
     1
 40
0.6
176
     1
 40
30.0
176
     1
 62
     7
176
     1
 90
        1
176
     1
 90
        0
176
     1
 62
     7
176
     1
 62
   257
176
     1
 90
        1
176
     1
 90
        1
176
     1
 40
1.0
176
     1
 90
        0
176
     1
 62
   257
176
     1
 40
1.0
176
     1
 90
        1
176
     1
 90
        6
176
     1
 90
        2
176
     1
 62
     7
176
     1
 90
        5
176
     1
 90
        0
176
     1
 90
        0
176
     1
290
     0
176
     1
 90
       13
176
     1
 40
0.0
176
     1
 90
        0
176
     1
290
     0
176
     1
290
     1
176
     1
290
     1
176
     1
290
     0
176
     1
290
     0
176
     1
290
     0
176
     1
290
     0
176
     1
290
     0
176
     1
290
     0
176
     1
 90
       50
176
     1
 40
0.0
176
     1
 40
1.0
176
     1
 90
        0
176
     1
 62
    18
420
        0
176
     1
 90
       50
176
     1
 90
        3
176
     1
 62
     5
420
      255
176
     1
290
     0
176
     1
 90
       50
176
     1
 90
       50
176
     1
 90
       50
176
     1
290
     0
176
     1
 90
       50
176
     1
 62
   256
176
     0
 40
1.0
176
     0
 90
        2
176
     1
  1
strokes_ogs.tif
176
     1
290
     0
176
     1
 40
1.0
176
     1
 40
1.0
176
     1
  0
VISUALSTYLE
  5
171328
102
{ACAD_REACTORS
330
171320
102
}
330
171320
100
AcDbVisualStyle
  2

 70
     6
177
     3
291
     0
 70
    58
 90
        1
176
     1
 90
        2
176
     1
 90
        2
176
     1
 90
        0
176
     1
 40
0.6
176
     1
 40
30.0
176
     1
 62
     7
176
     1
 90
        2
176
     1
 90
        2
176
     1
 62
     7
176
     1
 62
   257
176
     1
 90
        2
176
     1
 90
        1
176
     1
 40
40.0
176
     1
 90
        0
176
     1
 62
   257
176
     1
 40
1.0
176
     1
 90
        1
176
     1
 90
        6
176
     1
 90
        2
176
     1
 62
     7
176
     1
 90
        3
176
     1
 90
        0
176
     1
 90
        0
176
     1
290
     0
176
     1
 90
        1
176
     1
 40
0.0
176
     1
 90
        0
176
     1
290
     0
176
     1
290
     1
176
     1
290
     1
176
     1
290
     0
176
     1
290
     0
176
     1
290
     0
176
     1
290
     0
176
     1
290
     0
176
     1
290
     0
176
     1
 90
       50
176
     1
 40
0.0
176
     1
 40
1.0
176
     1
 90
        0
176
     1
 62
    18
420
        0
176
     1
 90
       50
176
     1
 90
        3
176
     1
 62
     5
420
      255
176
     1
290
     0
176
     1
 90
       50
176
     1
 90
       50
176
     1
 90
       50
176
     1
290
     0
176
     1
 90
       50
176
     1
 62
   256
176
     0
 40
1.0
176
     0
 90
        2
176
     1
  1
strokes_ogs.tif
176
     1
290
     0
176
     1
 40
1.0
176
     1
 40
1.0
176
     1
  0
VISUALSTYLE
  5
171336
102
{ACAD_REACTORS
330
171320
102
}
330
171320
100
AcDbVisualStyle
  2

 70
    20
177
     3
291
     1
 70
    58
 90
        2
176
     0
 90
        2
176
     0
 90
        0
176
     0
 90
        0
176
     0
 40
0.6
176
     0
 40
30.0
176
     0
 62
     7
176
     0
 90
        1
176
     0
 90
        4
176
     0
 62
     7
176
     0
 62
   257
176
     0
 90
        1
176
     0
 90
        1
176
     0
 40
1.0
176
     0
 90
       10
176
     2
 62
     7
176
     0
 40
1.0
176
     0
 90
        1
176
     0
 90
        6
176
     0
 90
        2
176
     0
 62
     7
176
     0
 90
        5
176
     0
 90
        0
176
     0
 90
        0
176
     0
290
     0
176
     0
 90
        1
176
     0
 40
0.0
176
     0
 90
        0
176
     0
290
     0
176
     0
290
     1
176
     0
290
     1
176
     0
290
     0
176
     0
290
     0
176
     0
290
     0
176
     0
290
     0
176
     0
290
     0
176
     0
290
     0
176
     0
 90
       50
176
     0
 40
0.0
176
     0
 40
1.0
176
     0
 90
        0
176
     0
 62
    18
420
        0
176
     0
 90
       50
176
     0
 90
        3
176
     0
 62
     5
420
      255
176
     0
290
     0
176
     0
 90
       50
176
     0
 90
       50
176
     0
 90
       50
176
     0
290
     0
176
     0
 90
       50
176
     0
 62
   256
176
     0
 40
1.0
176
     0
 90
        2
176
     0
  1
strokes_ogs.tif
176
     0
290
     0
176
     0
 40
1.0
176
     0
 40
1.0
176
     0
  0
VISUALSTYLE
  5
17132E
102
{ACAD_REACTORS
330
171320
102
}
330
171320
100
AcDbVisualStyle
  2

 70
    14
177
     3
291
     1
 70
    58
 90
        2
176
     1
 90
        2
176
     1
 90
        0
176
     1
 90
        0
176
     1
 40
0.6
176
     1
 40
30.0
176
     1
 62
     7
176
     1
 90
        1
176
     1
 90
        4
176
     1
 62
     7
176
     1
 62
   257
176
     1
 90
        7
176
     1
 90
        7
176
     1
 40
1.0
176
     1
 90
        8
176
     1
 62
     7
176
     1
 40
1.0
176
     1
 90
        1
176
     1
 90
        6
176
     1
 90
        2
176
     1
 62
     7
176
     1
 90
        5
176
     1
 90
        0
176
     1
 90
        0
176
     1
290
     0
176
     1
 90
        1
176
     1
 40
0.0
176
     1
 90
        0
176
     1
290
     0
176
     1
290
     1
176
     1
290
     1
176
     1
290
     0
176
     1
290
     0
176
     1
290
     0
176
     1
290
     0
176
     1
290
     0
176
     1
290
     0
176
     1
 90
       50
176
     1
 40
0.0
176
     1
 40
1.0
176
     1
 90
        0
176
     1
 62
    18
420
        0
176
     1
 90
       50
176
     1
 90
        3
176
     1
 62
     5
420
      255
176
     1
290
     0
176
     1
 90
       50
176
     1
 90
       50
176
     1
 90
       50
176
     1
290
     0
176
     1
 90
       50
176
     1
 62
   256
176
     0
 40
1.0
176
     0
 90
        2
176
     1
  1
strokes_ogs.tif
176
     1
290
     0
176
     1
 40
1.0
176
     1
 40
1.0
176
     1
  0
VISUALSTYLE
  5
171337
102
{ACAD_REACTORS
330
171320
102
}
330
171320
100
AcDbVisualStyle
  2

 70
    21
177
     3
291
     1
 70
    58
 90
        2
176
     0
 90
        2
176
     0
 90
        0
176
     0
 90
        0
176
     0
 40
0.6
176
     0
 40
30.0
176
     0
 62
     7
176
     0
 90
        1
176
     0
 90
        4
176
     0
 62
     7
176
     0
 62
   257
176
     0
 90
        1
176
     0
 90
        1
176
     0
 40
1.0
176
     0
 90
        9
176
     2
 62
     7
176
     0
 40
1.0
176
     0
 90
        1
176
     0
 90
        6
176
     0
 90
        2
176
     0
 62
     7
176
     0
 90
        5
176
     0
 90
        0
176
     0
 90
        0
176
     0
290
     0
176
     0
 90
        1
176
     0
 40
0.0
176
     0
 90
        0
176
     0
290
     0
176
     0
290
     1
176
     0
290
     1
176
     0
290
     0
176
     0
290
     0
176
     0
290
     0
176
     0
290
     0
176
     0
290
     0
176
     0
290
     0
176
     0
 90
       50
176
     0
 40
0.0
176
     0
 40
1.0
176
     0
 90
        0
176
     0
 62
    18
420
        0
176
     0
 90
       50
176
     0
 90
        3
176
     0
 62
     5
420
      255
176
     0
290
     0
176
     0
 90
       50
176
     0
 90
       50
176
     0
 90
       50
176
     0
290
     0
176
     0
 90
       50
176
     0
 62
   256
176
     0
 40
1.0
176
     0
 90
        2
176
     0
  1
strokes_ogs.tif
176
     0
290
     0
176
     0
 40
1.0
176
     0
 40
1.0
176
     0
  0
VISUALSTYLE
  5
17132A
102
{ACAD_REACTORS
330
171320
102
}
330
171320
100
AcDbVisualStyle
  2

 70
     8
177
     3
291
     0
 70
    58
 90
        2
176
     1
 90
        2
176
     1
 90
        0
176
     1
 90
        2
176
     1
 40
0.6
176
     1
 40
30.0
176
     1
 62
     7
176
     1
 90
        0
176
     1
 90
        0
176
     1
 62
     7
176
     1
 62
   257
176
     1
 90
        1
176
     1
 90
        1
176
     1
 40
1.0
176
     1
 90
        8
176
     1
 62
   257
176
     1
 40
1.0
176
     1
 90
        1
176
     1
 90
        6
176
     1
 90
        2
176
     1
 62
     7
176
     1
 90
        3
176
     1
 90
        0
176
     1
 90
        0
176
     1
290
     0
176
     1
 90
       13
176
     1
 40
0.0
176
     1
 90
        0
176
     1
290
     0
176
     1
290
     1
176
     1
290
     1
176
     1
290
     0
176
     1
290
     0
176
     1
290
     0
176
     1
290
     0
176
     1
290
     0
176
     1
290
     0
176
     1
 90
       50
176
     1
 40
0.0
176
     1
 40
1.0
176
     1
 90
        0
176
     1
 62
    18
420
        0
176
     1
 90
       50
176
     1
 90
        3
176
     1
 62
     5
420
      255
176
     1
290
     0
176
     1
 90
       50
176
     1
 90
       50
176
     1
 90
       50
176
     1
290
     0
176
     1
 90
       50
176
     1
 62
   256
176
     0
 40
1.0
176
     0
 90
        2
176
     1
  1
strokes_ogs.tif
176
     1
290
     0
176
     1
 40
1.0
176
     1
 40
1.0
176
     1
  0
VISUALSTYLE
  5
171335
102
{ACAD_REACTORS
330
171320
102
}
330
171320
100
AcDbVisualStyle
  2

 70
    27
177
     3
291
     0
 70
    58
 90
        2
176
     1
 90
        2
176
     1
 90
        1
176
     1
 90
        2
176
     1
 40
0.6
176
     1
 40
30.0
176
     1
 62
     7
176
     1
 90
        0
176
     1
 90
        4
176
     1
 62
     7
176
     1
 62
   257
176
     1
 90
        1
176
     1
 90
        1
176
     1
 40
1.0
176
     1
 90
        8
176
     1
 62
   257
176
     1
 40
1.0
176
     1
 90
        1
176
     1
 90
        6
176
     1
 90
        2
176
     1
 62
     8
176
     1
 90
        3
176
     1
 90
        0
176
     1
 90
        0
176
     1
290
     0
176
     1
 90
        5
176
     1
 40
0.0
176
     1
 90
        0
176
     1
290
     0
176
     1
290
     1
176
     1
290
     1
176
     1
290
     0
176
     1
290
     0
176
     1
290
     0
176
     1
290
     0
176
     1
290
     0
176
     1
290
     0
176
     1
 90
       50
176
     1
 40
0.0
176
     1
 40
1.0
176
     1
 90
        0
176
     1
 62
    18
420
        0
176
     1
 90
       50
176
     1
 90
        3
176
     1
 62
     5
420
      255
176
     1
290
     0
176
     1
 90
       50
176
     1
 90
       50
176
     1
 90
       50
176
     1
290
     0
176
     1
 90
       50
176
     1
 62
   256
176
     0
 40
1.0
176
     0
 90
        2
176
     1
  1
strokes_ogs.tif
176
     1
290
     0
176
     1
 40
1.0
176
     1
 40
1.0
176
     1
  0
VISUALSTYLE
  5
171334
102
{ACAD_REACTORS
330
171320
102
}
330
171320
100
AcDbVisualStyle
  2

 70
    26
177
     3
291
     0
 70
    58
 90
        2
176
     1
 90
        2
176
     1
 90
        1
176
     1
 90
        2
176
     1
 40
0.6
176
     1
 40
30.0
176
     1
 62
     7
176
     1
 90
        1
176
     1
 90
       10
176
     1
 62
     7
176
     1
 62
   257
176
     1
 90
        2
176
     1
 90
        1
176
     1
 40
1.0
176
     1
 90
        8
176
     1
 62
   257
176
     1
 40
1.0
176
     1
 90
        1
176
     1
 90
        6
176
     1
 90
        2
176
     1
 62
     7
176
     1
 90
        3
176
     1
 90
        0
176
     1
 90
        0
176
     1
290
     0
176
     1
 90
        5
176
     1
 40
0.0
176
     1
 90
        0
176
     1
290
     0
176
     1
290
     1
176
     1
290
     1
176
     1
290
     0
176
     1
290
     0
176
     1
290
     0
176
     1
290
     0
176
     1
290
     0
176
     1
290
     0
176
     1
 90
       50
176
     1
 40
0.0
176
     1
 40
1.0
176
     1
 90
        0
176
     1
 62
    18
420
        0
176
     1
 90
       50
176
     1
 90
        3
176
     1
 62
     5
420
      255
176
     1
290
     0
176
     1
 90
       50
176
     1
 90
       50
176
     1
 90
       50
176
     1
290
     0
176
     1
 90
       50
176
     1
 62
   256
176
     0
 40
1.0
176
     0
 90
        2
176
     1
  1
strokes_ogs.tif
176
     1
290
     0
176
     1
 40
1.0
176
     1
 40
1.0
176
     1
  0
VISUALSTYLE
  5
171331
102
{ACAD_REACTORS
330
171320
102
}
330
171320
100
AcDbVisualStyle
  2

 70
    23
177
     3
291
     0
 70
    58
 90
        2
176
     1
 90
        2
176
     1
 90
        3
176
     1
 90
        0
176
     1
 40
0.6
176
     1
 40
30.0
176
     1
 62
     7
176
     1
 90
        2
176
     1
 90
        2
176
     1
 62
     7
176
     1
 62
     7
176
     1
 90
        1
176
     1
 90
        1
176
     1
 40
40.0
176
     1
 90
        8
176
     1
 62
     7
176
     1
 40
1.0
176
     1
 90
        1
176
     1
 90
        6
176
     1
 90
        2
176
     1
 62
     7
176
     1
 90
        3
176
     1
 90
        0
176
     1
 90
        0
176
     1
290
     0
176
     1
 90
        1
176
     1
 40
0.0
176
     1
 90
        0
176
     1
290
     0
176
     1
290
     1
176
     1
290
     1
176
     1
290
     0
176
     1
290
     0
176
     1
290
     0
176
     1
290
     0
176
     1
290
     0
176
     1
290
     0
176
     1
 90
       50
176
     1
 40
0.0
176
     1
 40
1.0
176
     1
 90
        0
176
     1
 62
    18
420
        0
176
     1
 90
       50
176
     1
 90
        3
176
     1
 62
     5
420
      255
176
     1
290
     0
176
     1
 90
       50
176
     1
 90
       50
176
     1
 90
       50
176
     1
290
     0
176
     1
 90
       50
176
     1
 62
   256
176
     0
 40
1.0
176
     0
 90
        2
176
     1
  1
strokes_ogs.tif
176
     1
290
     0
176
     1
 40
1.0
176
     1
 40
1.0
176
     1
  0
VISUALSTYLE
  5
171332
102
{ACAD_REACTORS
330
171320
102
}
330
171320
100
AcDbVisualStyle
  2

 70
    24
177
     3
291
     0
 70
    58
 90
        1
176
     1
 90
        2
176
     1
 90
        2
176
     1
 90
        0
176
     1
 40
0.6
176
     1
 40
30.0
176
     1
 62
     7
176
     1
 90
        2
176
     1
 90
        2
176
     1
 62
     7
176
     1
 62
     7
176
     1
 90
        1
176
     1
 90
        1
176
     1
 40
40.0
176
     1
 90
       11
176
     1
 62
     7
176
     1
 40
1.0
176
     1
 90
        1
176
     1
 90
        6
176
     1
 90
        2
176
     1
 62
     7
176
     1
 90
        6
176
     1
 90
        0
176
     1
 90
        0
176
     1
290
     0
176
     1
 90
        1
176
     1
 40
0.0
176
     1
 90
        0
176
     1
290
     0
176
     1
290
     1
176
     1
290
     1
176
     1
290
     0
176
     1
290
     0
176
     1
290
     0
176
     1
290
     0
176
     1
290
     0
176
     1
290
     0
176
     1
 90
       50
176
     1
 40
0.0
176
     1
 40
1.0
176
     1
 90
        0
176
     1
 62
    18
420
        0
176
     1
 90
       50
176
     1
 90
        3
176
     1
 62
     5
420
      255
176
     1
290
     0
176
     1
 90
       50
176
     1
 90
       50
176
     1
 90
       50
176
     1
290
     0
176
     1
 90
       50
176
     1
 62
   256
176
     0
 40
1.0
176
     0
 90
        2
176
     1
  1
strokes_ogs.tif
176
     1
290
     0
176
     1
 40
1.0
176
     1
 40
1.0
176
     1
  0
VISUALSTYLE
  5
17132D
102
{ACAD_REACTORS
330
171320
102
}
330
171320
100
AcDbVisualStyle
  2

 70
    13
177
     3
291
     1
 70
    58
 90
        2
176
     1
 90
        2
176
     1
 90
        0
176
     1
 90
        0
176
     1
 40
0.6
176
     1
 40
30.0
176
     1
 62
     7
176
     1
 90
        1
176
     1
 90
        4
176
     1
 62
     7
176
     1
 62
   257
176
     1
 90
        1
176
     1
 90
        1
176
     1
 40
1.0
176
     1
 90
       12
176
     1
 62
     7
176
     1
 40
1.0
176
     1
 90
        1
176
     1
 90
        6
176
     1
 90
        2
176
     1
 62
     7
176
     1
 90
        5
176
     1
 90
        0
176
     1
 90
        0
176
     1
290
     0
176
     1
 90
        1
176
     1
 40
0.0
176
     1
 90
        0
176
     1
290
     0
176
     1
290
     1
176
     1
290
     1
176
     1
290
     0
176
     1
290
     0
176
     1
290
     0
176
     1
290
     0
176
     1
290
     0
176
     1
290
     0
176
     1
 90
       50
176
     1
 40
0.0
176
     1
 40
1.0
176
     1
 90
        0
176
     1
 62
    18
420
        0
176
     1
 90
       50
176
     1
 90
        3
176
     1
 62
     5
420
      255
176
     1
290
     0
176
     1
 90
       50
176
     1
 90
       50
176
     1
 90
       50
176
     1
290
     0
176
     1
 90
       50
176
     1
 62
   256
176
     0
 40
1.0
176
     0
 90
        2
176
     1
  1
strokes_ogs.tif
176
     1
290
     0
176
     1
 40
1.0
176
     1
 40
1.0
176
     1
  0
VISUALSTYLE
  5
171327
102
{ACAD_REACTORS
330
171320
102
}
330
171320
100
AcDbVisualStyle
  2

 70
     5
177
     3
291
     0
 70
    58
 90
        0
176
     1
 90
        2
176
     1
 90
        0
176
     1
 90
        0
176
     1
 40
0.6
176
     1
 40
30.0
176
     1
 62
     7
176
     1
 90
        1
176
     1
 90
        4
176
     1
 62
     7
176
     1
 62
   257
176
     1
 90
        1
176
     1
 90
        1
176
     1
 40
1.0
176
     1
 90
        0
176
     1
 62
   257
176
     1
 40
1.0
176
     1
 90
        1
176
     1
 90
        6
176
     1
 90
        2
176
     1
 62
     7
176
     1
 90
        3
176
     1
 90
        0
176
     1
 90
        0
176
     1
290
     0
176
     1
 90
        1
176
     1
 40
0.0
176
     1
 90
        0
176
     1
290
     0
176
     1
290
     1
176
     1
290
     1
176
     1
290
     0
176
     1
290
     0
176
     1
290
     0
176
     1
290
     0
176
     1
290
     0
176
     1
290
     0
176
     1
 90
       50
176
     1
 40
0.0
176
     1
 40
1.0
176
     1
 90
        0
176
     1
 62
    18
420
        0
176
     1
 90
       50
176
     1
 90
        3
176
     1
 62
     5
420
      255
176
     1
290
     0
176
     1
 90
       50
176
     1
 90
       50
176
     1
 90
       50
176
     1
290
     0
176
     1
 90
       50
176
     1
 62
   256
176
     0
 40
1.0
176
     0
 90
        2
176
     1
  1
strokes_ogs.tif
176
     1
290
     0
176
     1
 40
1.0
176
     1
 40
1.0
176
     1
  0
VISUALSTYLE
  5
171333
102
{ACAD_REACTORS
330
171320
102
}
330
171320
100
AcDbVisualStyle
  2

 70
    25
177
     3
291
     0
 70
    58
 90
        2
176
     1
 90
        2
176
     1
 90
        1
176
     1
 90
        1
176
     1
 40
0.5
176
     1
 40
30.0
176
     1
 62
     7
176
     1
 90
        1
176
     1
 90
        0
176
     1
 62
     7
176
     1
 62
   257
176
     1
 90
        1
176
     1
 90
        1
176
     1
 40
1.0
176
     1
 90
        8
176
     1
 62
     7
176
     1
 40
1.0
176
     1
 90
        1
176
     1
 90
        6
176
     1
 90
        2
176
     1
 62
     7
176
     1
 90
        3
176
     1
 90
        0
176
     1
 90
        0
176
     1
290
     0
176
     1
 90
       13
176
     1
 40
0.0
176
     1
 90
        0
176
     1
290
     0
176
     1
290
     1
176
     1
290
     1
176
     1
290
     0
176
     1
290
     0
176
     1
290
     0
176
     1
290
     0
176
     1
290
     0
176
     1
290
     0
176
     1
 90
       50
176
     1
 40
0.0
176
     1
 40
1.0
176
     1
 90
        0
176
     1
 62
    18
420
        0
176
     1
 90
       50
176
     1
 90
        3
176
     1
 62
     5
420
      255
176
     1
290
     0
176
     1
 90
       50
176
     1
 90
       50
176
     1
 90
       50
176
     1
290
     0
176
     1
 90
       50
176
     1
 62
   256
176
     0
 40
1.0
176
     0
 90
        2
176
     1
  1
strokes_ogs.tif
176
     1
290
     0
176
     1
 40
1.0
176
     1
 40
1.0
176
     1
  0
DICTIONARYVAR
  5
1713C0
102
{ACAD_REACTORS
330
133783
102
}
330
133783
100
DictionaryVariables
280
     0
  1
1:1
  0
DICTIONARYVAR
  5
1713BC
102
{ACAD_REACTORS
330
133783
102
}
330
133783
100
DictionaryVariables
280
     0
  1
STANDARD
  0
DICTIONARYVAR
  5
1713BB
102
{ACAD_REACTORS
330
133783
102
}
330
133783
100
DictionaryVariables
280
     0
  1
STANDARD
  0
DICTIONARYVAR
  5
1713BD
102
{ACAD_REACTORS
330
133783
102
}
330
133783
100
DictionaryVariables
280
     0
  1
Imperial24
  0
DICTIONARYVAR
  5
1713BE
102
{ACAD_REACTORS
330
133783
102
}
330
133783
100
DictionaryVariables
280
     0
  1
Imperial24
  0
DICTIONARYVAR
  5
1ABEE3
102
{ACAD_REACTORS
330
133783
102
}
330
133783
100
DictionaryVariables
280
     0
  1
1
  0
DICTIONARYVAR
  5
1ABEE2
102
{ACAD_REACTORS
330
133783
102
}
330
133783
100
DictionaryVariables
280
     0
  1
0
  0
DICTIONARYVAR
  5
1713C2
102
{ACAD_REACTORS
330
133783
102
}
330
133783
100
DictionaryVariables
280
     0
  1
1
  0
DICTIONARYVAR
  5
1713C3
102
{ACAD_REACTORS
330
133783
102
}
330
133783
100
DictionaryVariables
280
     0
  1
15
  0
DICTIONARYVAR
  5
1713C1
102
{ACAD_REACTORS
330
133783
102
}
330
133783
100
DictionaryVariables
280
     0
  1
0
  0
DICTIONARYVAR
  5
1713BF
102
{ACAD_REACTORS
330
133783
102
}
330
133783
100
DictionaryVariables
280
     0
  1
0
  0
DICTIONARYVAR
  5
1C8F23
102
{ACAD_REACTORS
330
133783
102
}
330
133783
100
DictionaryVariables
280
     0
  1
1
  0
DICTIONARYVAR
  5
133784
102
{ACAD_REACTORS
330
133783
102
}
330
133783
100
DictionaryVariables
280
     0
  1
96
  0
DICTIONARY
  5
2EEED1
330
171353
100
AcDbDictionary
280
     1
281
     1
  3
ACAD_XREC_ROUNDTRIP
360
2EEED2
  0
DICTIONARY
  5
2EEED5
330
1725B0
100
AcDbDictionary
280
     1
281
     1
  3
ACAD_XREC_ROUNDTRIP
360
2EEED6
  0
DICTIONARY
  5
1C8E39
330
171356
100
AcDbDictionary
280
     1
281
     1
  0
DICTIONARY
  5
1ABED7
330
171357
100
AcDbDictionary
280
     1
281
     1
  0
DICTIONARY
  5
171311
330
171310
100
AcDbDictionary
280
     1
281
     1
  3
BUMPTILE
360
171313
  3
DIFFUSETILE
360
171312
  3
OPACITYTILE
360
171316
  3
REFLECTIONTILE
360
171315
  3
REFRACTIONTILE
360
171317
  3
SPECULARTILE
360
171314
  0
DICTIONARY
  5
171309
330
171308
100
AcDbDictionary
280
     1
281
     1
  3
BUMPTILE
360
17130B
  3
DIFFUSETILE
360
17130A
  3
OPACITYTILE
360
17130E
  3
REFLECTIONTILE
360
17130D
  3
REFRACTIONTILE
360
17130F
  3
SPECULARTILE
360
17130C
  0
DICTIONARY
  5
171319
330
171318
100
AcDbDictionary
280
     1
281
     1
  3
BUMPTILE
360
17131B
  3
DIFFUSETILE
360
17131A
  3
FBXASSET
360
1CFB92
  3
OPACITYTILE
360
17131E
  3
REFLECTIONTILE
360
17131D
  3
REFRACTIONTILE
360
17131F
  3
SPECULARTILE
360
17131C
  0
DICTIONARY
  5
2EEECF
330
171351
100
AcDbDictionary
280
     1
281
     1
  3
ACAD_XREC_ROUNDTRIP
360
2EEED0
  0
DICTIONARY
  5
2EEED3
330
1725AF
100
AcDbDictionary
280
     1
281
     1
  3
ACAD_XREC_ROUNDTRIP
360
2EEED4
  0
DICTIONARY
  5
1ABE49
330
17133B
100
AcDbDictionary
280
     1
281
     1
  3
ACAD_ROUNDTRIP_2008_TABLESTYLE_CELLSTYLEMAP
360
2EEECE
  0
XRECORD
  5
2EEED2
102
{ACAD_REACTORS
330
2EEED1
102
}
330
2EEED1
100
AcDbXrecord
280
     1
102
DISPLAYNAME
  1
Imperial24
102
FLAGS
 90
        0
  0
XRECORD
  5
2EEED6
102
{ACAD_REACTORS
330
2EEED5
102
}
330
2EEED5
100
AcDbXrecord
280
     1
102
DISPLAYNAME
  1
Metric50
102
FLAGS
 90
        0
  0
XRECORD
  5
171313
102
{ACAD_REACTORS
330
171311
102
}
330
171311
100
AcDbXrecord
280
     1
270
     1
271
     1
  0
XRECORD
  5
171312
102
{ACAD_REACTORS
330
171311
102
}
330
171311
100
AcDbXrecord
280
     1
270
     1
271
     1
  0
XRECORD
  5
171316
102
{ACAD_REACTORS
330
171311
102
}
330
171311
100
AcDbXrecord
280
     1
270
     1
271
     1
  0
XRECORD
  5
171315
102
{ACAD_REACTORS
330
171311
102
}
330
171311
100
AcDbXrecord
280
     1
270
     1
271
     1
  0
XRECORD
  5
171317
102
{ACAD_REACTORS
330
171311
102
}
330
171311
100
AcDbXrecord
280
     1
270
     1
271
     1
  0
XRECORD
  5
171314
102
{ACAD_REACTORS
330
171311
102
}
330
171311
100
AcDbXrecord
280
     1
270
     1
271
     1
  0
XRECORD
  5
17130B
102
{ACAD_REACTORS
330
171309
102
}
330
171309
100
AcDbXrecord
280
     1
270
     1
271
     1
  0
XRECORD
  5
17130A
102
{ACAD_REACTORS
330
171309
102
}
330
171309
100
AcDbXrecord
280
     1
270
     1
271
     1
  0
XRECORD
  5
17130E
102
{ACAD_REACTORS
330
171309
102
}
330
171309
100
AcDbXrecord
280
     1
270
     1
271
     1
  0
XRECORD
  5
17130D
102
{ACAD_REACTORS
330
171309
102
}
330
171309
100
AcDbXrecord
280
     1
270
     1
271
     1
  0
XRECORD
  5
17130F
102
{ACAD_REACTORS
330
171309
102
}
330
171309
100
AcDbXrecord
280
     1
270
     1
271
     1
  0
XRECORD
  5
17130C
102
{ACAD_REACTORS
330
171309
102
}
330
171309
100
AcDbXrecord
280
     1
270
     1
271
     1
  0
XRECORD
  5
17131B
102
{ACAD_REACTORS
330
171319
102
}
330
171319
100
AcDbXrecord
280
     1
270
     1
271
     1
  0
XRECORD
  5
17131A
102
{ACAD_REACTORS
330
171319
102
}
330
171319
100
AcDbXrecord
280
     1
270
     1
271
     1
  0
XRECORD
  5
1CFB92
102
{ACAD_REACTORS
330
171319
102
}
330
171319
100
AcDbXrecord
280
     1
 70
     1
 90
1959938040
 71
     1
  1
C45DFF61-406E-432B-A473-16952B76F144
311
504B03041400060808002E5FBC487BE5C5C311010000A80100004F00000043303531323738392D313230312D343332332D383841412D4241393230453533313735382F4173736574446174612F446566696E6974696F6E4974657261746F7250726F706572746965732E62696E75504D4FC3300C0D4830714002891FC0816B
311
48F3D1A64542907609272E700765256C95B26E5A5A71DD919FC22FDC159C51A40984A5673BCF8EFDE47784D0E76090A23DC01AFC31C43BD7BA55533FD63337B7E830327E31B1FE0232A9A5AE3263304F2A8305651A2B69246625CF954E656198D987BE1160EC5E6DEFBB38F2BE09B5F3DEB66ED1875320861DE773DBC12EEB
311
2FE3A72384625803D04F21C449D36F4551E41BC0BE2CAF6E6C08AEBB2655925226F3025396502C38E338CF95C2A52A58A2534E659A93071716FDAA768154221D1B93416792E9D85E622524C7342B5256CACC50214837EBE369CEA28C496B1B4F123248785EB653A0FFD8EE2D778BB7F05080CDE8694B7F1C9C6CE37FEEF79C
311
2F504B03041400060808002E5FBC488CAC2EE017010000300200004500000043303531323738392D313230312D343332332D383841412D4241393230453533313735382F4173736574446174612F496E7374616E636550726F706572746965732E62696EEB606060F80F0540260323103700495E20ED9E9A975A94991C9C9C
311
919A9BA802147036317571733333D435313073D535313672D275343137D63534B3343572323773333431614768046931363471713532B5D435353131D635313332D475727372D13534373670367376B67474B5042A03DBCBA019D37FE8ABC6157B20CD04146B0062181F4C03F940F0C11EA29A8141C08141002C0426541C10
311
6CAC2CA046088033B02A030AC2157C6006F21A8018AAF50194E6010A610250382264E08660284CD9E98021862280A91564B406929A0FF62C401E28B6F88038B83CB1243943D7A928312F2535052413F1B1F88926301043BE43E880BF10DA87B9042CEEC109A15DF821B4832884B69186D0168A10DA441D421BE8426800504B
311
03041400060808002E5FBC4888E57597CD3F0000904100006B00000043303531323738392D313230312D343332332D383841412D4241393230453533313735382F5265736F75726365732F43343544464636312D343036452D343332422D413437332D3136393532423736463134342F7468756D626E61696C2F302F67656E
311
657269635F706E67355B773CD4FF1FBF73E71C0E67EF7576C9DEF3EC995D46C6A1EC5046649CBDF79E192942562825CE965D8A868C2842C8DE9FDFD1F7E7F138F7078FCF6B3F5FCFD7EBFDFEC41B196891913091804020321D6D7513FC77D8C5070EC3FFEE51B21F068154CC75D455CC028A3EA68992803810109FDDE5D5CE
311
C5521B28A1B422BF80741695D5B529DA1C2D058AD2388BDA9F476F7C2CADC939304173DBF48A452BF8A700C0C70C3D121C1AA15A5270C22E2B9E28763651F7DA0D12CE11077B2ECD0D560B5E3DE2368B1E65C5E1C87384A4CC5F2D9FB8BE39E9B77C753783A37998F5CEF1B4FEE553463245C9712270880DF339E0B882A6BA
311
713D865F6F384C842D440934EF264F4A304F8DE4EEFA1E2BF5E2D91F5ADD9613D6E31DDB33ED31DB1D7916CAF091286EA3D31B9CFECB78BB0060245B943C4C040119FF780A74DD308BA9D028678674EB5504ECF284EE814DAED07440BAF649BE4B55DA2890F4D73E2D489A59EE54FDB0A85B59F2F52C4858A02705C4815A79
311
2B0C4A996A2023ECB195073E115E3E3647F64243A8338F2000BCB58DA5692C7E7C3D413F963FEDF3CF00FBB0F831A9D51360FECA43819F527B89FA260EB63C5DA676830AA3626A3693B23F1A17A0DFFCE3EE164E31B5365EDF0C89EF64D8E38AB0BA9A1117D7C3A0EC44F44F4023095E80BA610DE336D0F99593A88BFC5306
311
E72DF98F7FD132ED95878DF2964EA7E43071359FD83B2BDF9C6B5BDF768F0F3C0FC351199526F53D9460A34511F75D1B63E488178569472C91A94497807A3FD4A390C6558F26D416365C3656DE6E769DA9D8FC73774E1709812842DD8EF96AED1960F79D21B395CDDFE6F92CB4EB962A4668C76990E2EF29798C8941D67DA5
311
0F4A5F947872460F1F6FDB794E8A29FD7AC0C0D6E0714339CE258FB17AE8535221E3464A10F29A0BE5EEECEFC5675926A89F49EB14E5711894F6586DB5754EB4D5DA9C6437EBA57DB97A24F8B8A8DB295FFD73266CF57E82694DF5166DDF93573AFE9C9C5EB05F8FEF8E89E0A8917B0B3724DB7BEBB53252581EFC3E38166B
311
A131A3A5B42FE2AD00A769BBFA4458D2DE7822F8C4F63D0B8E21B285AE13325F3410A435C648C9D91FDEB109E73CEDA7BC796961AF79175E1A3CE4C5E8B0D009B0C9E29EFD98BC8E97554E3D8D838424E270F7685226E5AC268E021EDE3522D583E8F20C0BDE2959EF5BBFEEDAB32FE9A3ED0E39F211A86AA9DEBFC68182ED
311
ED132AB8BB794442D2D7EA9F4D8BFF52BC4D55BB165124EE90A42D101E67BBBB292FFB4F66DE5BF2300E44546757DA7CEF8932BFC9F92A0707953491A55C5A5ACEDABD9FA1AEA01BAC3DC5A24E22E7C47213493996EFBC369D086ED9397C9BA6C7F9855C7BD5E15BFC8C53DB3D2A4C5901A57ACD2FBDF4D1676E95338B2C2B
311
CE65FDA4C64F5FEFDC7D9CA5AA1FCF11E193F2FDABF0F4916BF13FB916A224380E6462A9815F2300DC49CC4DF8D055CEF76462F4B7A7ACA7365C2707891370BC1D0AA6203C44CCAB47084FEC057F27FFCD57F89B8B9852459798A675C66BD7CE572CAF71FF7E6D7ECF7BF62CAB7B3F1107DCD04DC55A3F9961700286141C94
311
A4F771FEB2BCDA2DDEE0CB0BAE402FF1DB0100F8E475DFFFC074DDB4498AB7D186A7654DDB1CB680D703D47CEB4E72F8CB13D86A4AA68116E26387B93FD6738779B34FEDB8E517EDF2BAF28D9BE93A1D3A164320E07D42E514725C29515FF361754213EDE06B079A2E99EB1CA82A02019EADEEB87B9AF005BD04BBCECB14AA
311
CD6B24EFBE482194A97DD32400685FF1FEF1544D1B14EFB1E7F08E6D2CD2AF52DE757F35F5E62332EE88EA26417AD5C3E0E319D68F25414E6D672BD4522B278C57D18F0113921C71D96527E091F00CEB15AE23D24667369BD3CEFA10C7549D930890BA4366F4EBC55F01F746109F98ABCDD5A3EE06619C6AD78AB33E48E4C9
311
BD21BF7478B385EC05C4F8987E2C1BFA0A60EBEDAA0AE0B015C2720ECE180FB6F2DEFBEB822D96338C9B63822183BBF52FB664A7AE57003AABCE512BF77E7E31BDA2E739AC4C131657DDFE5225E900FB56CC01CDE808FA4A9C9DA16AC679656BB64796283D89812B8F91136AE18EE5EBBAF47A73BE3C153EB5D4CD491B4BFB
311
4FE690A4CF9ABA08C0D8AA64220C438C96EA6CA80B58FE5761E697B3A292EB9FBDA502FA863E49FE694ADDFFF9D62C520BDD1A22014147A0903A05B9B729F54272EF83931FEEC057BFF8C8055C279EAC5C0011804828734024F6CFA319C9CC6867C727184465CD9BB7ED386AFFD96B294A85E3802FAE47244602D827361595
311
2B98C4F23F7EAE4463D9D638EEE374A20959E0FE519C4CFB0FBFE5DD80C2AA3F9DB961D1BDE57E67C9BB47B77FDD74EE3094F5DBBE3EBC1FBDB7393F5116263009E2EFE1AF9A221B2AE234C902BF70E9F280ED23E73908361565964333A3F01D0B006AF32FB21AA1316744B489D5A198E85299241735BE559675130955C902
311
A8ED761FC0DBE337A9F91919AF5CE32AF902ADF9AB2615E00E8A94586BA1A90839B61832FF1BFB76D2EFADE6DB1BA04CCAD3DA649E7E2A0219F592E22F2AD54847EEA8E42271011E9074F8F3DD9FBA6CDF88FFC9FC7E811AD1CA8F4557CE4AFC7BBEDCF0114A48689F20A584520C74DA8127124B767E2FB91A6B186246727B
311
E63C9445BAE02088D58B8EFDC0F1072407CD9B89A13F6303B4A928F593AD489B58E6869325790ADC406036C591729FE14021F94B7796BB11848D463536A092A26F077F94639F7CEEE2A724C66EC885F4A24F8B8A0AC321F8FD149BA529460FAA34E4663C02D41FDF80BCA222D42F0ABFF8490F4FA74C673807C2051D8E467B
311
47B616072860069A9A303ABA9B319D58404461401B0A0F9BE5E1E151C14BC33B32ABE03DDE91708DFAEB15E7C0D593C86BB7D7EC17BE56E57975F077BFD5525F3A1A361D584A75E08CF29FC7B44B2B3085014F3A5A14517377C3F6B8F37E59514C3B12F8AACDEDDA4DFC49BE5710101534CD6FB6DE15B50F11A09472AABA72
311
7F0C49D9CB906B158030065F48EB3625E010CEC1D511D0053474B11E6A4F01C0D6EF1BED3A944FDEC70E0DDCDC756C86545910E0DAE3BE3AA9A404574C2995CD5CAF9549226BC94B4F4F0F5F9086F418F6B32346464610D8BC7391D3C3A3CCF04CFC1FB2A3A3170E369511868F14EEA4E5E438CC73DB1F3248AA94B6B2FF33
311
B222FF3D1E7BF146CAD229770158063BCE4F5391964DF62F7E52A7BE0EEA829C9E13C4C147D6F93FE59E111DAB5E4594D6F3CD1AD375EE039930EFE5AF2BB2D41C83C7DABD8C659BAFBE8FAB392CA634F3D15C1D945DB4588D2B0824A4EC928AAC565557CA2F0DAA588CA5BE30B3A8004F7BF005E96CBF891D7F18112A3619
311
FDF530DC8AA64954258E1811789B5189B49B4EB53F5F89F7D37523894F3EB57B373763C91E502F52CC99EB7BDDF933FC324C4FFC2561DFFA7339FAFDD0A4BFBE6D3A8FF9ED1FC49898139864602458968913181918F719CCF5A68B2EE9C1FF050E34E63107003B8120FA982C21B30A874E4F5E4B38D5A8290C4B8D9BE48A0B
311
E31EA995BDC37AC6DE90BA17D259DEF53605D55922FEB1855D915B659FBEB350EE0DFB2F9F766E1C84CC8964B75D08667445EAB966015F63A18A9E0A325C1B3DC628C0D3CB60F767FA93CC65F25458BD23C3B312716E5F40E5858AC06EBA9AB14F95DB99147B832069201541D09A0D856E12C629CF32683760EE855537D190
311
1988D5EBC156676C7DD51D7207CF3267AF1D76C2AD867315E44618015313A98B19941C696FED3461CAA9B5415F918556D7802EDACEFD6B2E45853A9735DFC9DBF7E440F9319F8B6805A973BCCDC76C069A9144E51F187EDCC12FC31B5DEAAF0A76137199B106EC84ADA6B6EE697D4E6A96E007417F4E880E8B1E89B4BCE9D8
311
1EF611E2ED8F0C1A6C25F620FAFAAB656A7C42D464880E8AFAB0E0FC8EA38CA9A8AEEAEE3E4648BA4680270A89743CDD3E6C6CBF34B7B640EFA285ABC7EA0A1E28F3CC963D114A80123EE66D0AF7D5380EB41909B605AB4765B709B808590458157E69BA1378FEC4B48CAF6A730E3BE3C5EF2DD1A5EAF94B1DDE50CEB55DDF
311
D7EE9A16747FA4B223359FB1FCC69E1194892BABB93A1D5C4E807AC0EA2E30180811E77A2291F6E7F7FAA5E0F60215BC6024E48DE436C511F0628B8CA189982D4D83CCA17D305A7E923C37941CFDFDCD93ACAF735EF5F0E61BBD3E6C41A59B242790D3A3BAC7064DCD89AA2E37214EC839820949D5CAA31E240D2948E48F69
311
0298974A96BA9A8432BC90F5071D6537C9666EA4564796B7AFFFA548077BEEA75F63083435074BA182F3699557397F71548383FDA8CA34D99B981E72835ECDA5DDDC151315173D05A21F651AAF8524E88209E2E7A737ED1045800CE3390050BCFB8BE588DF111617874C62575039CA588EEFDEFEFE319B739DE2EDC147092A
311
262611E159650E787917885EF08F1F51B8F2D8A71D60B58B190FEF9541A1BE94BC19FEA50784DA1419FE4B0FB51B8D36B5FF8E1286FD8AF42B91E59A5F1CC4D60174E764045FD8C57B18209B217F89A62252BD20BE0E63E12B8E8F029FE19E0E8D0870F58721A557082250D5424F7909369376E41666C0EE77CD87CB283F66
311
1D5FB6D0DA023CB67320A20DC7BE661E9E1BFE5463085C557DA1FF9BE835733766C3D139F2CF9E2208873AD0EB4814DE9E6BF2CAF81614D4D43906ED1C05A3265CABBFE192770FC2F64F940CB6B17B5F166F133C9AEEAD2641807C3E69515171DD74C4A85311513D6EC9530B3B601B6BA3EBFF3B5C3D2F7D69765141E345F7
311
5433953D013ADDF8F6AA7DC3F4A7563FE5C7D367937E2900D7EAD0F9FC9A4A1A9B5BDF1FEF08532660C01C5D6DE22199AA774383E306DAB87E301ABB7D213887F9869D4942D0D71E94B27EDF216A318BD488D45DF84529EF575AF3C3938C0AAA0215B01994153E2054A0B894DA5C784980633AAD48576957CF4AEAEAFADC7C
311
587368551C73DBE1E57C58AC713303A8BFC258BD04B51724459FF9E24C03A81E0E0679CEB9B348C0DC998FEB9C6D6EFA77D247CC8F92D3848599ED89A23218D0636465AD1CEEB7DC140D7426F83491C4E8E8281C2FB35240918FFECE880CA2A42D70E8B20B34DF5221C7DB0CF90ECCB9C745B37A47E9B716FF7A97B7A252C1
311
F3814DC7B1E1A7F72B8751D524EF7CAE45B0C73B3BE7D08ED39781B380DDFC9AA4A4749C9493DB5BAD07A6EA6C092FBD0E85DB004DF06B8C9D3089C5320187E4CE1846158C7EA7DDAE8AD9AFFF21AA3A1026BB06A259845E8232DEE62811A4DA9CEAB3A4887320B76E2AE5615EAB7BDF738CBDD01F1E64064BC13D9EC53576
311
751CA8CACD58B3CEB0E6CA585BD089B2A59B9FC101403387AADBDBE70586B93D64BF3AD4453EF9C3B6A93817E8346991798601344F79A83C51F3D50F7BF2683A3605F51A72449489E0EE6169C749C60B1035651103AEE24D24E51A759C840DD3FC6504DA6FE107510E447B43461C79D22970B75DE5E1BD3007D1AFC619A4A4
311
A69B5626AF5E9B8374E20677F77E2F8E73DF868E8BEC7EBA7B6A75EEF7205E1AB9486CB642741D6E03FF13FCCEDB1C4AC129886268B01CDF4B124AF797CF784F3C6DEC97A17D4B558070A0F1C04DA4FF9BDBF34159AEFE958479824B3F58EBD1E19088A2AFDE501B6F2052368A3FD0E650A179EFAB1561E1D27527077136E6
311
52676C3670F42DCB3352F48F6BC86D2C3B0051727E41A0A4DC6CE2BE9D47F5CAA2935A3C0539AF080665997194ABECD723B08129CC5B6B21D2E7D54CD4D12610E7E9FB8306771A89576C7A982002775ED44F3F744CF21EEBB27A631671D921938AAEE3EB0D19CD1E083727F607823E817BF599DCED5394E37EEBC2E88782E6
311
38920CA641EF74D4CDFCDEF06F4278ECB18E31E7E9876F2D783C8BF429C75395F57E98C2B495A3DA077EB3AC3C158608B6B57FE3EA48484D9A480096FCEE0DE880950E7E5A5714131C5C41AAA29FD19AE81AC145FA1B9E85C7169A5AB837B213493DF7E9AA4B5FBF9CDEB36EBD21EF1181B7CF7366AB2A951D01E37AF4EB83
311
5D1BE8C117CFBE7625D2EBCDB0B20C5A4B45CED0BCDE3EE8DA9DA78C2E21DEAAFFD1197E463C33CC6A80FB785669B856EFF7A8CCCA2841B5A5369173320B1170C368B2748D81062EA0296E5E2D95D7667A4A46D98A6FF475C76AAB0A8C8D45E226FAFC9FE0133EA9F60111F99CA81ACE03A1D14C89E8B0D69079C91464FA1D
311
99E651D0EAF606F345C42A8A1AA9BA391031582B96D5B4176A77AADB01F12FD298A75DEEBB2C82F0B8650E880722F8DDD90C56A7A058E5FDEF1AC93545BA27367C76F5D8F9690CB6F8DAE141EDD7971F0FB548A2AE435F224D6E5954CA155512F7332029D5A1230854B79F258EC5FFDB09F5F6343A8EB193229B7F7E79B3E4
311
8F8E183860B38C8269D1B53738FF1E0BACF6AADA6D4869E9DE708E79B5DADCC09B1BC76F649731CFAF59A83FD8BAE4C749D66FA87A3810D4D62FFE826FA400C0F325D2BC0F3CA35F5847B82A2ACC7961745C823E4D863D54460AF792CE6F79B5C7A33B25C3AEA6CDE15A919B6367D781E9D44F61BF828672594A3E1D9EDD6D
311
F179A81F27EAC05B936575D73E05C209DDD2115CFB705DF9BBF3C911589B3640735E9E618FC9C36A7326C82B2205E244C55D56FDB9D5DC93CE958D4BF8174D2B3DA54CB3C09F2C2A6DFF73D23B2197355761AD421EC581284A7EF8DE2CE3497C0C804D49B41DFD6A7360844E5BEFFB495CFCDB97A4595911CDBA623274CE85
311
2B5E278AF0BEB1770E9D37CD977B2766A7DED0E94B840E1E95E8C77DE5CB6354AF7871427C28ADBEEF7BA0A28E19DE9ACD75F379FE373EAE6DDDAE3834692F9C2B03B4FCA8FCA9ABE8EEEBEBB725B88A7C90941E850682CA04061A7DF0CE82ED49BFAFFD42C309818FAE14755CAAE78B0F73243ECCCAD7DF58FCB9CDFAE7A4
311
D3E6671A613639130D056C8383C8F4FCF4808C331E544DD26E4755D09EA05253B3049A1E32587CC25D72E073E2CD96D04A71BBCB0038FEC3F53D254199C3CDC67CD66640269431860225392B2CB3ECD0B4498AAE78BA1994246AE1EE78F2EDFB79F6C6CB6B5E279C4D373FBC21CB2698C9ACBBEB6A4BB6B39E16AB0E421CCB
311
FC7654D81ED86022F9BB522146F9F4772E2D0E4FA70120C95A85A417BF5078B232F4754363EB1750B2AC2148EB46B1EA72AD9B4D23ADCBC589D70106C3EC2ABEEED84DFE28E718C6C83502C28E9FDD3B09DA0A6F6F7B72B706A31C9E2A331EE70DA56A083D2177BFD63C55B11D8D949FAFCF90B23A1E24B9B5018B9A17E99F
311
2890EC302F330FE7936E2C23F0D237EC8916F5166AB84B62A21BB0B950146962D754F92CC2C8877BED8FC7B7B25726DD19545392570B3A2C66B58F027BEF412E552D12A588C4A3CC5C3193FCB3485EFFF700D0B9EEC077754A33DC1FB9E25AF814628F91DDFECB667D3F7690803F38D13F8AE39353523BB08FC6760144AFA2
311
CE28236F65EDBB3D5F59A57D612B99E3D7E5F8A851666BF9B5A6658EFC96EEB37A378ABB0EB3FDDF1303AF32C41BD1C8560745D7BD81066B0D6313359CF488563D3BA3F8E2185D1FAA3EBA1397C9D0E3DD232180A4DCADB6AF25DB3AC3CC26589C8239E66E81547BC7E2F328F9884764CA37EB5DBE390DFC03A5246B456A7C
311
3684C4377D0EEF9A350680FA9A077E8B2957B489E09AB1AD41316944C2254B5984830F691C93CAA767EECF976FA5647538830B5E63236A6F0365C1E0F3E327F24FE35EDDBD7360B0F7374837409F7A6311BECC12B7026D4FA1AE204FA3F5FE904B1F420C7A9044AE58E403E7C4848E7DA25DC9EDAC79DD756FAA26B9EA83AC
311
E8A214A2612A22AFA19DAE7DBAC5F8CDE1292A485F98DAC731A29FE01A3966E96BCB9FB5A4C8830E1B9AF0C54B87FBE221A097036E5D28D1F869F810C06A9BB0AC0612F69AEBAF893C6E7AD59460208BAB3A6B09CA4F6BDDAB8CF0D1F84B72487498395A70DCD754796E271099A567A55CF242BBED64696378BB6CF25EF0FC
311
DB589F3A82F1116D010A9AB9FA4358809EE0C973A2B4229BAA876A70B03AB49CBA7FBE71DB1832FFD32F9BF2C8E98075CACAFB36921235D0F552B6A67E94E094097A5D7DF681B40623DA535ADA7A9AD8E9A62407D7C9A5AE51D62A17A83A23728DE86BB56115804D3F2675F2C6B87541A0FC497BF0CA86420F558C9859EBE9
311
FAD62747E323E3AADC03FDCDDFE7407B09DA90B44E3185723C5381EAEF589765E2F7A099BA46695BAD60CEF3491B8A171F5F56444F7CE9455312C3498C74173AEA0214EC029833B34B650CBB5A5508D5091665309642791708ECF27CF11DB3D797D6CFE474453BD4BFADB768094B2147814D81C7CBAF8228DCAF5564B5891F
311
5EF6A860EB2E323CB82AB868D8EA048880D63B0DE5341F1B3D53297B928A11E15F25E5148990F710747C3509ED14909C552EBE3973246FCE55D00564D8310BC3EBC5085D08D806799B77D6C57FDF5E55837F9E934F09C03C729271B64F12D0A9F9E938107CAF7BF1EC8CF1BB9B42363D33070F4CACB425E605DDB0A34A12BB
311
936DE286B9887A4E2E558F0886498BFF49C311D96C277CF6A9FC0D75AD0ECC5226D7E0E3572012E56D7FDE4410CEC7A6D0F997F225A2055B8B92E3956E875AE4993CB3D4C9063AF98FD45E1BAB165640A43439A2C9181A7C355B297C0A0CCFFAE19B6FA3C2BA238A885FBC98B8F6DAF4B94B97304878DF4D8BFF6A4AEDF79E
311
90ED4E68F00CD7299F4E0D83E35601AF0CBEF18C1E870E74758FA91F5131075004DB3CFCF09AE1DABC11957FD9808C92E8A678CE9DBE40DDA0E0D1D505AAFBCBA208232BFB6FB3704E8985E61ADE53DE74152F5C7DE74B1DEDCD37DC3E8FB30D7EBA8B9EFFC3606BF90B8D438279CB7709FC7C00D327F41817EEA71CD9E49F
311
E9C8C9A81C70915D9F0F15958EC5AA4C3BBFAF46986B90F188BDB24B89DE3C6F29EC3E6F66D84856EE96A35E657CA41B41EFD8DBFA16AD6E91439EA92B40B21C053249F51AE50EB0B24C770FFAF40DF12C8436366819C48E36547D4E7B72FE2BBF10828583057814A668BDF183F6B2E58DFB151103E56303E63D00F39C27C4
311
661605DB644D19175D02E3F0241E8FC3458D17AAAADB117CE9EEA690D0DB01E634878C04C2C9310B69FCAB831151E3AD293BEF6E46B0ABCECB50F5939B39C613D41E81FAE8D34CAE3C4566B761D37185FE864AC32FCB71AEF39DAA5BAB88609BB980CD2F07A8F941653B529567726E2B2A58D079DD57E1E5E31426CF184A04
311
D7B03B985F276D47406AF276FE32E3328BA866EB1FD39BEF57863A317634AA5FE467409B3873F5069EF0D71AF00AD189D17BA1974ECDB2D623E9E14086386A6AAB5807825C37B015BFE892AFD154920EC437EB945D958E18622E1E0FE2FA06557CE4BB9BBD05A2D40E774DA2B65473791E314B7D6C886820B2FCFE4AA272B3
311
B8B15E7344A145E8AF919B5454D89D36D413E87211186BF6F645E5EC94DCCE8E1C799022E4EC9BC86D7A0F2AFB1FC4B2CE48F84B3F49ECE65BAD24CADCC07EFF39AB06BE9E6B27A059938EA7208838455383DDBCFCD967DDE4650EF92A14FF933C975DB20BD7FEEBC4487576485963D757D16340D9599FEB362F775F38CA41
311
85A86F74B629C81B133644A3B18FD056E997E0734F9BE26D11C0AAFC669E2AC9FC41D281F8B2E1C35AE27BCE05F3DA295488096688719D974DF1B5D182DB7792288697F8763CFB43562C1CDEE11C4AABD5C22B6E33F6F389CFC3477C5919DC0D533F8A7A1846B7ADB60ABDC26C43D0CFC8910B7C15EE22675BD02702ED39DB
311
77A87A192CA7A543E6205B979B9F5A6B512A3CA799E198B2D5797C0AF8D1D872CA455D4D431A7879D4DD76110B5FF7F4176B54477A9EB5E4A5D11214FDA585F0382751D8E2582BA5D2075053298FEB8F1537304E32CB22C2E2B693DC0A760B1DFCA751BDC445AFDCBB12820ED85F6D5298933C7EF1211E9E057684056CDA3F
311
EF3BB6052355E162DF27C59E965A8DDB7F9437EB72CDDA3A090DE65A5B2F50326247B7EC67B73ACC7047FC9B353D6EE990F772207C6EC52B39DC2F3C0754821DAB559F7C1809C7D0DD5B0499D0442E0A6E391B3D5DB46D11E731E6794EC77523FBDAA242ED67F9FA1FB684255671F63C9BCFE6E7E896D51001A6113EF2298B
311
A494E0B0980D1FA5B9D60796554C02256B1E0345FB7C6186B6A19D2DCA270416262845FA4F42DB5D9B0A0B6F07FCA2E56C242522E001E0CEB734AF310FC8BFB57E38E03AACE93B3326A2197891E68452B26A6307FDABFEE0223D3C03C3C73D2D5BC054C8311F12004CAE488E5C29287F8156A2CAA4AD0D7BE6B97264E4139F
311
437CE73ADF52E5134C52B819777C18B323A5924E4F67AFD13B1CDC3A61793A79FAF5C0CEB718E441071E797C6DCCB9EFCF7E4A1E9F3DF3C2F9C9E8294E9586868788C972857FB0556D7A26941A7EEB9B580AD78EC40B85DC906B4120A563CA3B87797ED612D3B035962BB75F6515A393F4CB057F564CDF54F2E5A024514E6A
311
1F901DB80C7E70B1FC05E356A7E72FABF4775B3E3FB8F70A2A8E7B6A94542BB304157978CCC999E707A29CC795E67A59CC546A5D47B368954CA7B6E75EC9E1F6FC73CE3B4F71F8CB1A6B15923D61EAAEB14626AAA9D04A26EB9C66CD1BE86CA31A5D8703DE04CD1EBCE4F5CCB62F93909AD11E55799A781A956ED27D3E738F
311
4538CB04ADABC7DAEF20BC35BA6A90BCC1DC61BA05F20D8832FFB9BC9B15E2DB838A0AFBB7E0C82A562127E0446894F427794C3037186F622BF24DE1B00AA10A23BFA47B2A180D6DA5AD6F7326FEB8C100C2D7142EB2A0B2A9D1008A09BA343D70E054AB69E2A7EDB783CBD92537FAF4A44D1296AC2792729104B3276C276C
311
951D0CF3CF3F1E6B017720A7B8505A5FF9589365979678C36F1BAF759EAF57C60F1FF5FE9DCF5F8E764FF25A2D06CF25117A8FED51884C13B2B750DB0E4F5E3D64124FCF11F0AD8F1CC3B3DA4B38ED22BF1CB2585EE6BFEBBA63FBFD44F9537B9B37BDD6B358720F98A8125AED4349CCFEB0E135F19E208A04CA7E2B107111
311
85D72E381F448036EF57C9F874E54A971CA37A639E986AC0226DC5AA00D5B14FEA9192234B3DE617814FC221C92F33F1D392F297731B567FD98FD91D989379AF567A65B8ADF177591DB90FBEA99BF4ED11B16E50A0AB1DBF1156D034BBE04D69D08F939D8E92BF525A1DDAFF80ECBC95D8F45D3FDD289FD23F7D8B452F8EBB
311
34EC082DEEE68E18EDDF072060FAD2AB1504DD4879BF67099FC58F6E9DEFBF645D16334A3E9A127C6F1AF6132CF287E433B43A0EE93812B4AA0B194E03EE3FF91EF9C6ED0074A2F6EB18A96A7C9890B1FCDA1F2095E944DB911ED54C60DF16FB74C8CE9BDC7C54C4F14078CF73C2FFF1F1BBCCD7CF64F71407EA1683DBC410
311
D226627F66E509060D5C0AFD611DE681D509DB8DD12FB1265B03C6F5C55FF4C30BD94187FF692B4F152982502F193098A789526A038AB529A52BC0DC4FB6285CBAC10A8B8DB75DCD9BDABBB221E27D1F8DA9F5EE5926A1C8AA9BA9BC09239C6A7F12914EA3B59EFF7AAEC3FFCCE56F1C5C2980AD072793527565E774F4631D
311
B178CEEC691B1F367BEA0CF2907E1D6B854D527065979DDEF002D8B2ACEA7CE21AE297737EDE1D45B31233B73FEA35BCFDD0B09721FDBAF6432681F2FD10C3E9EFB246FD6E854B344ACC9D8A0EEF876A7314B49B6A499FC650B099D650DBFEC7638ADFD245E2B7839DA5AC5F7D5623FC0ECEEC8653FC9B2BDD1AD4D00A566F
311
BA7186DD3C9CD26512551637498CADB950FEC71ADB9A5524285DE328B8EC7EC75D2345AEC6A27C42AF6D9B92155315C80DBFCABBB7DA0FAE425C4FB896B15C9BFAC4FE67DF5A23D30C93DA4D8F36FB15D100050DA6062E22AEC5F4DAC4F6FEEF97AE05DE63C6D38F9E068A20BC5E3B6BCD75320C5090924E7F93640A7735B1
311
A43451C2D91EE62C6238B797349E59890AF3A520DF4A87095F3ABEC2E61F0593416CE46CDCBE0E00E2523FCCD04408588B5B6C9DB6459C786CE378770B54F51DA3A5E1DF2A3349BEAAC234A6CF8993B598B3B25B4B113E353A4D750FA7534749430F3EBF2512E7EA3FD43C6AB9A1F765A58463B306721A15D224FAFE8C6F5E
311
3432D57EE697DA0DD5A9D4866A8BCCAAA9DFF1F06047851408FEC060471D0E3EB86BFAF46E4B5E60311DC3E3CEA147C75CF971BE74689507154FF2D2E92F15CDB2B9182B11459FD8ACAC5A85F174BC94A7F4EE4C4F5CAFA7C02E37BF0BC77B7DCD0C047BC316F562A01A441AFA7931CC84A28CB9F4AA367EB515778F29BFE6
311
1195FA671F4352E5E46E3A64773F1F76EE5EB36D7BCE9BCEAD837A4D77F8DB8C92AEEF6711920D7C7D0F76B0FD0EB7AB83724CD35BCA7D36DDDF5FBB7FF6F04A91F3E2BB3B8F1A43CD659639507FF6331C5F697BCC782AE57D757A27D97F1AB9E0AEDB43F92F1B2AACDF5FEC8ADBAF9F814E2027003BA2F9E144B1938A7A04
311
050AE5D953B82C45619165C813A10E76DD6906B3C16438064D14CDA713AEC420034613E1AC7241904A49FBF87409AFB1FCB9B72FE7933A87D8FBEDACECE4EDCF6A4FE9FB94D5DEB74FAB7CFEAE17EE965DF980DCCA2D04134994F9A2E94D2265DA4FE6AA7B7AC15FACAC2B5ABBCD7DFF542C5314FDAB2E1B9D8B65220B8E2B
311
638BE008E8DCA22678C820C5053664D15E89F2D735B51A84955E81A443545E9FF787BE0FA700A76D136C27DA179A7C6E8939E01BE756E19CB292798063D8B97F44E8A27BCF3A614FEB8BE974A718E86F7EC99B53CA35FA24F61F2B07266684623A3D4CF073E511F3A10A8FDAFAF0078C577F4DF9D339FE7862E5FA47CF4344
311
209E5BF76D783B1B48E152AD281B15FCB934DCDA49CEC5706B1EE8B460F435324A5CAD154725E21AB8044B75A557A79F6C807B9340AA3D92503E866F4274412926C8C504E4D5EF8C0E68DD0B028781A6B4054F11CF18941F101C57CCC796773ABC8DED9CD91FE5788806C05E548895354AEAC96546D55B0E94A59F148D061F
311
42AA398D822CDECA4CDE79E13469BDCC44FDC990F366BA5978C15F97ED80CBFD73B0CD9B8B83A4F6845BDFBFAF034019473FB9A63BD55D3A4A7284757071574029A4D016DCCBE95DD679EF3C4880BF169422F8C89B68A988D2B13793CAED4F74DE7486C72DC94DF46B8E93D8E02EFCB1FF9B3BA10C8AE7F653DF94F4AF466C
311
DDCEF5776687F7C4C14B63E4EED1719DC2EC482D7DBCC7AE518CDE3D5FF86D39000EC3673C0044E1D308BF05F74D1B5F033A7D1BE7F74BC55BBE3E4A20F920946CA0271EB17BD2B80E5660ACB8A29A79F5E4BBA49D4D945B6EEF4A7EFEAA65E5555BBB57A7E15D2F83C69F30BBB978D2B39F1F26FC097424D39BB33CA3D87A
311
BF64E307938B685BAD44F71556A30B7E712CA4FE600613C3E554B69ADE949A7CFE214DF1FFF05CB82151EC6FC31950239F94CF7AD39DC473F6EA356E5EC2C4EFA04383CEFE985A127484366FBEE3C0EC4FEA363E4F6632AE781392FD45D67B63FB8DF70E82734F431FD3443172A0E30A83D60982D55FA6A2CF86DBA8382502
311
ACC6CDEF3B907982EED1160E14863FA242F9757347E1544275CCDCF71ECD5F8621CBEA326B8BA884AD7F825781923E66971F04010D574C541D8427A438A37EEF8AF88240EED7362C953F5A81DE2D56109CDE2524EA0F5D2F87308C0C47BD97AD605878AB8589E17CA83930CB5E0DCCD75853D68B1AB136594926DE426C3674
311
28E9334AFAFF90ECE221BB5DC9E5BB53D2CDEF954EAA9CD814F0E5725F1965DD458E5F8487683AD86B9D0076BE3EE91EB1CECC5331A67A3F79D8B27587C12EC2A6A70474749F27B4C0BBAFB94B34189E88DC18964BE4121B9137FD516C7755356E50D6714E31ACD222621EBBCD1CFF81D87479056A9DA0E0B8EA19D24CF937
311
DA89F78E8650CCBDC110AAB6C4E46DCBFD0446BA9E2060E81F314AC2031E88135E5476AC0160EF5C0DD2EEF1B8B5CB2D198BE9A554A9093B5F7D7E4B5407DDFCA1D9C152FD97F55BFFFDFE802954DFEC8995B983E28AC92F1971E28F531DC407A1280EB125F64A72E617EFB27DFBCEDCDA2D6F2BDADA36873EE46B9BE17829
311
98C63DA7182BC383FB6FD15DA472B175D7E8B4FC88F38D6E07FEAA3FA3CBB8F6B449ECF14D2175E5C5CCA3A42ABF24CA6C9395AF74535F4DDB38CB84F56614B0FD32D7E19CA5CF988DB4449C40E23DF2B16772594554579094450F56F253CD25EA7F77366FB1CFE79696C428BB64D5A41E986189427E5E4D7E2DAE3D5BB497
311
2B3DC44EAABDDDD63A2264ECFA5C786EB0EE1FDC5BE34FA0F08376869FD1E61EA06CAE15191135445EE8F0394161C3266A596AA035572BB0C8876180D8B9C77D307DF9DCDF7365ABDA6F3A2366436457A4DFC1F259666569A9E4A79C817BDD5610E5200FCE894A358EC72858D50EF67545DA81C6FACE3D457BAF70367E1E6B
311
DD9A952FB4F56247F58F523B97E640246051A72F79BE42FFA0B3187F63097F91C48B868586F714B0EBD5A00A8412C1236E1298F60C72BE6C96B82B404CADAA304AE9F303176B14BA53FBC2D5E86377E35542019E24D97B96A49B2C0E5006E7795954DEAF5DA58958839043C6C70BD3B1B33B6DC5C31316D8A6923F142E26F6
311
711A2258AF977DDF1F970ECC4F1F2B434B96D81BEB6E89BF3BBB3C7C8CC80505070723D6D7D7D3C8CA27CA164A26024FED94B12A86031867241DA53D929636DA600F050BC40CE48B8BA03D69224720DEE2ED2127390BDF5E6EA64527BBD4C4C63FA76BB801FEEC0E61218EC98A8A86CD8313781617877E66692839B9468CF4
311
DB8E50A73986E558E309C0D6F676F921BE02F1185454DC75B111572FF9D27D85EA14C05AD7271225B391C4275659CA4A43759D0BA44639BE4C30A84DB7F67A41399FB95CBF923B1B1672ABC807C1590557FB18D811983FA97F5E609516D62281D38B1281F68FC75528C35E4CD7DF0F7DBB5E5DD69C414EBEA2F4A5B241B996
311
BA77AE6C772E367408C633EA3E438B68563EA8BE7667F3A4C4FDEEA52ABD78A2820F443B7914A15F180018D231E64519C56A12F6CA7C8DAE18F06F6B769DBF92329EF6A5D18FBCE600F36BD8E8198DE5CDAA96181F3A756EBA5501CEE58F497EA4F418A2B82565B9BCC611713C0B708CCA1F398B78C5F7D03B3437CC18F130
311
61F55C7BEDADD5ACB1DB0E36D3CE47FF6EA1A563A57E9649EA5D14D1A50EAA457463381C073777EF1600607BAF6428A7DDC079D47A204EF1E1F1F0589FB054D45E02CE623B3823C317C601E589E22B1E88B448524B86A82828E32345EC18AE17214B42F8C41C6D428016D9BA31DDCB47572561E5A402E5BA4FCE55F78AF726
311
8524AA04130F3A20BA5D1E9F9948EA48FC8F5314FDB35E21898198060034ACE5E3E2BBCA34092518F275190AF65F45867FF0900AA4B81F25427414C372BF51DC29AA855C5428EE1EEDD6B849AD60F6E73475C2D2523F8A2772C840A478DED18A8C5C91B085F255DC4F54EA7AA8947354FD17ECF8FB3B4A0DE7B483CAF3A116
311
5EE05BBA413E5C1FEF3DE1D6B8F2F3F3251C17D9FCAB48A9AAF63AC773A0E413BBC46A9ADF84A566FC920E4D8C52C9769EE3301CADEEEDD92B312E02E2A7E35B7F1E7D203FE5A7D75578B06E99D0E46FFADB8FDA17ED8880390DA29094202D6F645F76F6F96409CDA05495A96E84B04A00D1A6C6C81D7F3DE9376E828CCF14
311
4EE50E364ACCE7237EA0BFB5607ED1AC3CFE73794E5B61739D14DF1743441B1AC98F00ECEDE9E7301FA29755FBEFA68C91EF2B314CF510537EF1ABFC9A762496280B546F5EDAAF8A5B387D469FC9A878A92828C88608453ACEC6094DCA54111E7AD5B2663DFE2DD151B7F123B9F4FEF8EE36AB125FD7AD52A59B1B765B3E3F
311
73E3F73DEA93875004D2AFFE3CDE9493B87A9904DD052028949041A91DC0E1BA47BA714343FD5B25E0A6A09503AFC17C790058A836A324FE31D7893512E28230332F153181C1E018E1124EBE1BA262AA428A518237D1EA7275E48C5C561BD19ED6912EDD8367DA0F31E40EEAE9683DA9257525AEA7B632B97119E17145A902
311
31768A4F3B9120FF32E8319B015E3CBE26F1A754177D8185345817C096B0CE443A955D13AC15E1FB5DEEA0239EC32A3C92241A237B0B02FFCB4F93CF2B02570C8D192E2F2A68CEEB42F12E6F8CEEFF46C251E22B4341C56FB08CCE550E7A9D6F4D6564B9EA52A83D5BF2C6E03FA19D2775E15A8A7ACF30A13C259EE7F5EF2A
311
C3BA354F1500E1A07FC63FB4686E2F12EC69719F9ECF5FE3F35598DF2CE944008CE78F0911BA5BE5D0A34E0098FF038669C26030BA9B300303039852A8F6F496341737CA7E0D2E3AAA36DE0A70AA7D9CA0D54D9AD84B18A44C9E625475E1C97B93BEBB38DCE7D227E67A2D00F531436136355F243D1FC0D712C5765754FA22
311
FCFFAE97919161F46D6E61ACB37D83777B385889770B50765B127768443A5C4D3A4E35A3151111F146B7CA116F918A049F1C272F2CD7976C69A0068773451659A97E0F4A08FE604C3FF6CE7385DB19F4D3ABC8A0D80DA8A42096AC377DB49382B36E270B6FA7570188B4B7D1DDDDA82ACA487CCA5D38BD3BD039ADBAFA4ACF
311
F27809239B722081E2EB9F145320553D183F28471C388BC8814E5045676767AB58A8E72D1CED2CA731379515D2E533E4CF0B39DFC625F97AC4836831A4DE330E87A8126FA17EBE583D614E71E22A8DBF2825599743E0640037303E8E1B1E8EA4E1ABFA4F62907B5E4E0E5DCFDAB417C36C6848A2B8D15F1E505434C0707E16
311
B1CFC2A1C36A42BBF55734F8F4301DDC2A5110CEE8C0747F69519265012A2174BF4E955ECD4FDE095A3ABC70536B7AD0B9D7892F81287D667C108703C9B66A221E9A0929D030008F77FF6F5D2108EF5706FC87A3069B976F7C9FC3239D13D283CDEA83597461079FEEE049B0F392889898B7D87D31F8D60ED7B56B91823A8E
311
4EDDB36C6172ECEE42BD42B12CD67994FA0F0DFAE9389356F4CD4425A4B8AA55CBF7ECD585C6A2C2316791E43D5C06841ADBB226A87FD61515FFBB0167B74E56BD7F3E90A57A97FEDCBDF483A0D6699A8C0849CAEB4947FAA90D8E332D9DEBD9F4738C37DA0CAF9CF3DAA68BCB67C420459C7A64498D6E848E5CADE92BB690
311
1F607AA331104A67F7CD650EE169B1DAE94D2C31C2F993632259B6957E246EFE4C5481107B07118607700040E5812A2A2A38DA0076875258C753F60E0F2662C748EDD5F3F3686B8FC3BD6FE631ECCAA1E8B1C1E565AD117E54893E79F4672E32F9E46B2A183DFDCF3EECB4D4D077DBEA0DA254D256045109670050129E9B9B
311
1A9E4A11344D61497A992778095151510C4BB7EF2009B63AA4360635312E4CF668B7E0D3D85A8688E2BD83B569439892ADB63461930D428E0DE42E4AC57CE48DA5CC1449530D8BD3D6A0F08DF20C8E8F570F2CFFFCEA286E30969B4654D498A58D9DA782E19FE3F002181838925592C4A1EF0B332D88B61A92C644547BED49
311
0D3A42CFFAB70E36D961F694F6307F72FF15A1C79D5B1B5CEFD353D9E2B52566DEC8F8F09CB3E8359C0F68EBBB7898243E34E12A015B2685AB303C04D3A9E00671FF3DFF0A184E4A2ABEB2B666AF5B3A209C73D8EF29DCDB069C9F391EEE9DD0F74C7BCDE16F8F02E3B8816122BBEB50665775B600549D8BB33A54A6BF940C
311
028118BC6878C79958D6784F9DEAA6E26748386FFAF8D0D0101E2847B6563F5D8DC1D78F787BE00E2C941AE12148D4A81599FE8F68D4DA5CDED75530ADE138240300EE13B0FC13A1687FED6774662C05A2B7DFB186732F0D7A93545D8B0A6390AE5054D9CB582DA846D7A061B3358B45E2B52DDE63E114397EDB7E09233A57
311
9155D795BE76102CF277F4DF8B188C4F2879BEAE3C08347124BF9ED23B128259FE107D31E34A652F090B30B39E0D9AF917B76A2806135621A8A60681F16AF216514BBD02711585B5B1AE823F4B2D0369EA5B6BCB863072727FFC871CA6C9AB79A814D989057E9470A3D238BC87CBB4A0EA49AFE2B86F22E499793CAA904708
311
0450166BDC357524561E258C77CB697F1ABB32562CF87C3B7AA12F911EF19FB3E5C02222E887D08202A60A17151F5E053A86B437771088B4FEE14D652C43E8D939995D34545E12E2FF93D4E366EAD25F10CB7DED141563C3D0C447AF06078A91135FD4B9611583CB4BF3BD167F2399CEAB0E0100F8FFC305F00F1711717173
311
138B4B48C83022295DE657EFEDD97F238ECA80F528AFB4F8D67AD4E2594B9A3AA86D7487EFC313BA95745C186F0CDD84CC12DC9CB0424B42203D351FD9C0A3AF10CC7F388E0329279087386421F194F4A29464C1DEF7EF8BE515E4A199DCD5B909342598D8FE6A231F71336248D5CEC5454455C7BE383B3BC7B260FED27F70
311
3FDC39A170F3827239102F59D4DEE7FEF82EAA1A5E4BA94DCC4CC44E7E2EDE20F24244E4454369D2E87C3F823F193FD4FD27E1C23984B01898D15ABC20711A8A558054951A6AE280096BA36CBA439603B7B0B4C45F248C14B2383B4B5CD8ECECE4FF859AD4A6CA2326D020EF090F4041D28DB66E5256B56232CC52829DE806
311
0BAE6BBF37D4B7469B822454FE93210A3E8D15E69FFCF01123222611C51C4FD0A041A0CFA2471CF6BE38D2B20FA4C3525B5B8B586759475CF80ADFE67A284AC24651E52B8E683D24C2622642F27E7C3C22783BCF63648BC398BD6CD0D9C97E7E7E3EACB6126DB7A6C1FD9F1031302EE67ED96F22B77C7CA0239BB324207559
311
B105E4693EB26EC46182A92C9C0DBD24F29B31C5C5AC1F84300E0E17CEEAC15F5736FA4A98971E2F1423BFCD68D4BBD5F86E74B40A369F39507C88FCDB35D2DD8DEBEA4AF999E23CF2816D204200DF6E611781B9884C1AC8888B4DE397320472959434323A5A36B22A8E1F721A270DF3BD65E4A31C11FF048AFB0D8B7B6881
311
423793963A23CFCE935FC189ED36FAE35C46DA3574C979E4394BE52084F3081837BE033396D2EBD80F1F691B273F660D2B32FA27A33B1DE4ADA5F0FA4651511102DFA410DDA86E065272CA314D5249DF91B06BB92807B28EFD54F08F7B525252782CD276DD02E6B0319B13DF87B1F6361AD6B28FC0D711CF445429B9E5A433
311
CD493051C49A9E03DDB1B147D880253514A5DED88009018620EE229101C041950E2D8AA8E1F5F5438E0C0C0C60EEDEE9E3E0C051948C69F84BB7B2A48A1F3C8EB9E6864687F4F4F6F6E2FA87608ADAF9C5E117B7C1A737E710769DA1D15ECE6A84502AA855398712D5FB51BE92E4EF824969CE18278798AC303C2C7980DD25
311
00ADF8FB1E6D6C2FAAFF9987178923334A244758BAA01A9A1B70FA5097D01E1CC2A58DAD0EC94CE6430AA9B0C10D75E3C6BAC670EFBADEE1607739CE0FC18A2587E3EC3058562014C64219C69BC269082D5C2F4A659278D585755912176D78A1B641719C2A394CED495A1AC5D583FD2F5EDD93308EA7EAE8A6DD396598BDBD
311
3D4CFED62D18A5BDFDE0DD5C80D1A89BA62697B131AE7CE9A6594138582F1B37D68F1749AC7CB67A70695D48A4A056AC1FBD4E82358CEAE38F54B95A9016F9000F9879C0D9D131768635CA798895F27D6F1614F11F2838A83611AA51C9A3DDB539D42979C29F10465655C17BEC3E2760B80DCBF609198C7B171A531905F3EC
311
218D696025975E986C6B4C666666787271F202805577DD5A3EF0CAFAF91B62DC4B2DB4217A7606282F31D8DDBC290593BAA93EA6353AFA9939B877978481E15CFC9F2755CDC00C538F63A4BA3E80AE009B73CA0185687D339A507D165B74290D6EE46D5C58148F020C3668ABE9EF2F7549170DC80DB41FFC1D678FF19AEB10
311
C7133832B104B80F691B3138F97A92D26E551F1F110400D45AC71A9B9AC41A1A1B1DAEED0B0810638EFFB511D46B121C6FEA0F38CD00E03CFFEB9713FE1F9C263E4DDEC160D0497FA9A132BA608584057FB15380825DE6C7FC3C667EE947D488A09898D8E939C4953BF4EC9836344D2CC6B2971B2A21A572B06096F4982D2C
311
C7232D46E8EA69DC83722E267754D777F97F96D5DA74E1E75178084D0E70F12AD33E5F71EF2AFA599B2BEBF60A5BE475F444F240CBFE8143C334E7ED9150FEEFEF7EB020C4DBED388DD1D6A167A76F3CBF119B578AE8CFA7736ACAFA4440A1C47185638A0D2F3EB5BDDEFDA958FB13CE4AA4923D5BF840392D455443295257
311
49734866684BF7F8D9D54D892E19BCA9F829A0F8BFCBEEA6CFDFC61D74EA1A645ED7A1FF241739F15694BD835B66FEC5677E40FE69BD3F91AE402F036537218A401CB0828604AD189E575015C6F3F6BBC8AC79CF6C70653847254B31551EFCBEB5978B9DB85D58D0FA41A9DFE9C624834AA04949D24B5AE6D299E072D152D1
311
2097920F14AA92C31C3B97E28B6C2E6E9C23D63043ECBBC0A60FDF5BD0C33C127EA8A3308B8B6AFFEB28B4455BF6E7AF4FC6222728357EB8E46E85053E6A8843AB23295BF838ABDA94658FEF3F832F147046B4ACD6F7D48E8FCC9618582961C898D1C7A253C91BFECBDA6BA18A1FCF70755DCCEE2222F41B76D23CA98D0CB3
311
D95F0CF66D57FFF65E2A90F5DF40FC3187621E981BD0BC1D992787212688976B94A8F0C6EF646624B570B78E068826F87CE27041A95C9A4871FF65CC17FCB1639629AD6A9517000D63AC231F3D741CB8430777E7ECF80CE7A3F73C0F162F7E56AA71F4DA80A33CD6ACEE78E2C11FAC03DAFCE929B106F8F6B3ED2DC71FF994
311
BD9CEF4E9A94896EF1B6E2B7B4978168BCF0847A3D2A4F1B0500B926E634B174548E9FBAD27153FB5FC36799B1E6C7C38A94E1F9E996796D7B485E635D5287A2AE76FBD11A341DB3F8F810385BB7296391973DC6C37C452A9305AEBBE0CDB6C566DB59FE60C8E94B1FD090354BF51439FFD1B48D725228FFA88C84F686F547
311
107A7A235665A4593B7C34D748C1AC8D56DD5DA861EEFBADDECBBD65117E65851F90351AEB65F0EFCFF4BCFEF24CB7A5879699FAC437A7AF9099186CF006BB923A59E37D7A36A29FD8D2CBB914A5E9D0A8FD212FBF796AE9A67958FF1D5D8B85F78F96219D4714EB919929241B6C018AAE0C02069F8D919961EC5DDFBFB757
311
3E3AC8E08BFB7C8534BE6DE045B3CD63DBD71F7638BA2309CAE398EA3A7D8F98BBBC7AEB367EFA5CFA27A9F8F2F52FE878058E6209C026453F8E7E8A237DFC389E9590F6059B397CFD65183BBF936E86896612A5B5FEE49DAC8455D026218AFEBEC12B3523A45B57B82C9C97E02ACFA1184DB18E48CF615DBF39C3CC6F0B4A
311
E6BBEEA2E39D944E290302FA3DE33FA7E40296E2EF7BF1CD855BBECFAD0FD622BEE9746FC4FDFDE545AE6E3BC234CADF83A0FB76DFB145BF3828AE3436368AC24989454F8FF70A177672C711CAA1A76107218CF948CA01F873520E7A2B118EBB161ABAD432932029628B6761590C98AB590C8C8C79798CE9F715BA696E839E
311
9131A4BB68BE923F1747FBFF165331FFDD4D05997ACD168F12CA75348DAC04C7F509FE83898A8B421181AF492861CE81E4A2DD0A30850CFA95E05F097FF70F9E777310D584A75BA7018922E271DAB1D785671157685B7D383D3E074DDB4F1E44EF04B07BAAC75A062077C54B9752C738C9D804D402E02851F3F89605AF1897
311
38C18C021D2139EAF72513824E10DDD3047BACC8521ED7E98B257D1166903B1B08FA6F918FD7E162913FEC7D0EF4787E29C35FBA8C6E2C9C20E9AB30AE42CA2A01A090E7D010C1B5BF9CEE2A304BF3A987FB40D836979B79E18D70F257DA61E808472DD85B82761825779D6B90CAEB0F23360C6F80A7D7D77545E95B3DFF0C
311
F96A827F9B5BCECD2C9698718417EF80FEEDEE938AFF55859D0D540B7FE09435583A6F04874A0C7E8CF234DF4879722000167F5872CEC6BF3EF7E5A8CC8121E6A359227C8A29C95212F9F735BC72A887D56B8F309FC525BFB4FD767AAEC4AEFF249CFBBD2DE1AB9969A6155C7D8DABC307E47324C1F916C7BCFF40ABA5644E
311
9FFB9238D19ADADA49D9610F01ABBA57E4DFCBDCCBB2B93C8953206C91DE01B0E2651A6D6C31721915B31F7B7CBCE55466F6D70402788FA91D73BE4ADCBA99A35F17D6B83383704917D6833F0FA3CD45C926ADB8BC17999A4A0AFBCE2541F7B8CF4C2F5FBA611B3E626D64407CB32C122DFF4EF8674D6EDBB86C8F7C6A16D5
311
0FA685E2CCA34F8F7D1D8265BB0042E9D7F1F666F7BE5FAA5184DF58E12122A42EF02F461B3F369AC746F96528AD208512AB56844CF75B97F352DF7995024FB02855385854F3798670D01CAC771AC3E1889EC25F61A20C1F8CAB46898817F9C47E2CDA1F286BF2F358298709FE567C91133E2638C8B53975E753EA8BFD3578
311
B5F7186B7BF084EBA3F77BAC3132A5779902EC22AF2D2E79F42D324E083386DAEE9810D1B44A5DAA54513C7A71E52A4AB9257D975B621308FE4D2141CC3DCFE946C154A3C1DFCCA7629EC69ACFA831634ADDA93C0388D2A9A2DDAFCF957C6995BCE7FBB6DC4EBAE79E63EB08E9A25F52F67076F7093CA545CA3053B5BF576D
311
EAD4E0017143C5F759F32B2D6F145B52B67B48909B7C7FCA6586EE385A2189C16932CB6DDFD9152AE317C430492A578ED27B72D85D40C7C93C097939E1B50F4D67F05334FE9DC362C30B7FF561B95259138ECFD9274C8D695C31B14D4EAA9F3D7FA8DDF652F8C5DEFA23284C799B7D94416DEE81E05A866302DC70192A5368
311
EA65E1CED8BF107A1E2D3119A71E85DC1A7B0C1E93274CE04DD0F2ABC8AC7C987FDB002B6F81757B43502EF7A0D92E416494FAEEA4C9C090CD9557AA4D532F4996A272B94355C5A0E4974EEA9627476F30809B94D8D8D860062E02204643BEC7D0438AF800FC7E2B26955D595421E83C69E1A07E0E3122285835F014AD5381
311
88CF9737CE76D464A353FA55A001AB2526B84E985083693BC76FE211CA1D000679C889E3C009832C87E1AC2EDD05C302557422DF0800E316FCAC86978A371F025A6C7DAA9F333E7BD160403A1A06EA75AA9888FF01504B03041400060808002E5FBC4828BB58AF800100009E0500003D00000043303531323738392D313230
311
312D343332332D383841412D4241393230453533313735382F536368656D61732F436F6D6D6F6E536368656D612E786D6CBD544D4FC23018BEFB2B96DE15493C78601010A34B880709DEDFB52FD0D8B54BD70DF6EFED3AC0B12E6442E2716BFB3CEFF3D18E26FB440405EA8C2B1992E1C323095052C5B8DC842437EBFB6732
311
19DF8DA659866649B798C078B48AE6410122242F2A4994AC7F93815DF85C049C8564CA0A901499DD886B2EB9B1E02448F358701A9235880C49A0119892A20C89D1B9FD768815CAD268CB5E0355B40B1E47F3E37A2020464BED06AA57CE8FCC20C3C3446D46761A2632A8C1283D07031EFF2AE7CCB1BFEEE916E406DFAC8E36
311
FFD99A9D60A6944090EEDC3B670C7DC13DE86B6B2C5C240D6E503BB85ACD579D513F1B9F9A69DC9CC22AFA80C426D40AF0B21EA168559156B6276F0F726A6BFF04DCD513A87A62CAD41FB24FCB2858B3952E3D852084DA25B9303C15687973CC8E8AAE11DF2836C38C6A9E765E8C1BA1BFB1DC29CDFE518C8B5A7655A4ED7E
311
77291ABEB80DBD82EC866ADE1B8D05AF9E35CF09D7A061F38A986D9EC412B8F0F65E5D81534D9B231D1E5A8FE577A241F3A5FD01504B03041400060808002E5FBC482CCEBD668A040000E01200003E00000043303531323738392D313230312D343332332D383841412D4241393230453533313735382F536368656D61732F
311
47656E65726963536368656D612E786D6CD5586D6FDB380CFE7EBF42F0F7A649B70E1B90744856B4970F450FCD7A5F05459613EDE4174872DADCAF3F522F8ED3B88D2F1D06AC4050DBA2493EE4438AF2F8EB73AEC8466823CB62928C06C384888297A92C5693A4B6D9D9E7E4EBD51FE3A931C22EF85AE4EC6AFC38BF261BA6
311
26C9AD288496DC3F4FCEAFC63366845F7A10452AF41DB320C0D44EC26EAB20918735565582695670811A6A49643A49A6E9069FA4604A64B29016DC4B48552F95E4932463CA888468C1D2B250DB4962750DF7CE273069CE8363F1FF4EDB00E0A21999574AE4A2B00C353B93F3BD4777B8A61ED8F604ABFEDD79CE56A2B7BDFB
311
DBC50996E0ADDE16FED26223C5D30956C29BDF4A55EA686E5E58B112DA45CE67F76F4FA27EFA3FB672FD7372FC388FAECDCA5209E693CAD167BADCD272F943701B3812F8A3D852008B1D2E32DB927B2F833C6EA95879925356D254582695095A3CE982924720BE5774A3CB9CDCDB350427D2DF20DA1B5532EBE2D5D6288D75
311
D4F7E4FD9890A0EF8E3D93EBB8F8BA4758158EF6FB90A6F9520281C93DE7AAC6D24607DA296BB96018123F821A7D6A5C5884050C475DA4865442732C8B95684A50165CBB3A32F25F783A4A480ED59AD7F924B968AEA50131F46303223E6A397B0E52976030DC1DCA81D7E7C1EDEEA42C19FF27635C505E2BD5198A599020DF
311
50A2330FCB3AAF28CB0124108429553EF1B228802E2265D8F7CC2401042B155BCC7070F1E5C55F13B4A9577362CCCE46C32174E010C3C378C44841A4BDA00FE3A12006CE11EE6AEC59894D3526DDE1CD59D503ECC324017F8061B7F162162FA62EDD81AE3308617770796DCBDAD2B2625C5AE8A63DE20B2C8AA5E95E76E573
311
0823955956E33E705425A2187C185D36489A1B44D3DCEC2172F6BA2105C3546287A7194B2331768EBBE64F6E70A9930ABE0ADEA89E9E2C38523B810287AD67A54A039C1606EAFE68F8304610BB9093DBDDABC0B2AE4E290DCDA15376D7E39F72B556F0B32EAB5D3D498B4C41ABADEC3A1434C422D87E8025A84BDCB2B1417E
311
D750FAE4DA8976863974C577C7F902D3F156AD354DEA3540DE6BEAE2BEA52F7A2EB4CA43802ECE5BF2CE2EDC9347179FFB023CE412E60BE16DA0BE29B374988A553F561DC04615DD35F7D2C8979F60E5955CE93DF29DED8AFA1EE6642D53418086C03C47C377910F75F7E8F5EF665F70B60FFB22AEDF897D119E8423C773E8
311
19A3C1E55E550599EE6EDCA34D0C86FD72057DF2CD46F16A470682471C164E4346D5306BF12D7D12D82CFF673D41636C347443FEB51B50D72EA171A8E4A58623A4A16E0FA2B8B10A0D23268D87C33896EE8FB73305A74BF224EDBADFA0BD674AB354D63DB7BD5D83426761C077DE767728235446A552754EB93B755891C3C4
311
CC6CADE37CF0E912A7BB38DBA010F9DE1282EDF470CA69A9CDA482E334C4A6EA4107987980B17E72F31730EBF88BBD39E7C629F56797A3C0009C2C5AE7951D9A05A02773440F02EEB4DE396A3B6A570C72CCFBCD823B0B8ED3F1D5CEDDFED772FA70236C83FB7D86C385D570B87107535572A60A96035F8F7C6A7192F13007
311
246BBE0521855E6AC46F3E27689CEE7D186A6FD679D98CDCAD13333E04EBE7ED6F55FF01504B03041400060808002E5FBC486180134D5F0100006B0300004500000043303531323738392D313230312D343332332D383841412D4241393230453533313735382F536368656D61732F52656E6465724D6174657269616C5363
311
68656D612E786D6CA5934D6FC2300C86EFFB1551EEE343DBA41D1A103009551ADAD40EAE28A4A68D9426284961FCFBE5A340113B2071746D3F765EBF4DC6BFB5407BD0862B49F0B037C0082453059725C18DDD3EBFE3F1E829991803366715D474942CD30FB4A782E00C64017A412D684E454CE3FE28995203B162A6EA5AC9
311
4B66997D225E109CD63B0135484BAD1B3C07E9080CA35DB3119C11BCA5C200461A68A1A438126C75E3E230D40FF81FB3F03C91D1E3A3A0AF79FE28E25BC39EC3E17E4C2A2D94A0833A51AF55BCCA7D88572FCBAC529C4140B020FC3AAFA886621DCED7EAD7664CC86024E806DC297DA1BB393E4156543457A4537DB8817349
311
A70F8ACBF09B3EEE2CB2F33E91B65D60786E4E3B39B77E3FEEEF5650424525DA657FB8B46BE6BF064646F0A0F7327C0BC1BC1B4CBBC1C419FA3CCB23500007872A2580CAAE5461865565294E4EDB4617B62FF579DF9A5B2F54E834076A597573A020912FED777F9B3F504B03041400060808002E5FBC481875454A51000000
311
570000004700000043303531323738392D313230312D343332332D383841412D4241393230453533313735382F4173736574446174612F41737365745461626C654F66436F6E74656E74732E62696E536160607036317571733333D435313073D535313672D275343137D63534B33435723237733334311102AACB4D2C492D
311
CA4CCC492C28484D2C4ACC4B4E050A82012F90744FCD03CA26072767A4E6260200504B03041400060808002E5FBC48F865834058000000680000004500000043303531323738392D313230312D343332332D383841412D4241393230453533313735382F4173736574446174612F53747265616D56657273696F6E5461626C
311
652E696E66558CBD0A80300C06F73E4B117FB66E451741D041DC5BF98480A492E4FDD18EAEC7DD4555D89EF28DF51A0B1BD8340C4DE7DD848B988C0ACF0649566493F2408C508DDEBB99D5129FF8F1AF8CF5B9503E20FAE5A16B5AF702504B03041400060808002E5FBC4860AAFC4537010000A20400003600000043303531
311
323738392D313230312D343332332D383841412D4241393230453533313735382F4173736574446174612F636E782E786D6CCD94314FC3301085FF4A6489317612A95090E30AC1D209242A06B6AB7329561D3BB22F08FE3D769B0154C4D4A1EBE9BBBBE727BF93ABCFC1161F18A2F1AE6535AF58814EFBCEB85DCB26EACB25
311
2B564A06EFE907C60A0703B62C979992BBE0A7712E75D8C36473D51AB79F8BF731226D606BF1A97FF08ED0516485B61063CBA27EC701384CE43B8C7BDE0101AF79C0E8A7A0314D2233E03C490704C28EA9A6AAAFCB6A5136CB4D5DDF2D6EEE9ADB372932A9E4D67B3BF3262D0B7EBC6A2A7DDCCB54254506949C8299A9FC1A
311
A6FE52C9B7C6499148252385E4CADC415F63EA8071B4460325F384D7845426086190E2082B29B20BBFBC78C4DE38935BD6491A900FCF4920063278819EFCA7F6FCDEAC5D24701A2FD991538DE7F7E1E5F08B5E8FB13CE4E6F2D272AA911BD79F212BE2704E5274F27551DF504B03041400060808002E5FBC486B217528E800
311
0000600100006700000043303531323738392D313230312D343332332D383841412D4241393230453533313735382F5265736F75726365732F43343544464636312D343036452D343332422D413437332D3136393532423736463134342F7468756D626E61696C2F302F636E782E786D6C4D90C16EC32010447FC542EAD1C6
311
B694368DD6E42772EA25A278E3A26016C152B57F1F6839E434ABD9A7D5CEC0F96777DD37C664C92F621A46D1A137B45ABF2D22F3AD3F8AEEAC2012F113263AAF775C44B585822D520ECD5AF1A6B3ABAEB3FEDECC0D3D466BAEC16FA2334EA7B48864BE70D783CE4C2BA6FBB06AD6C334444C94A3C17280ED8EED8089A81957
311
A1E6717AEDC7433F1F2FD3743ABC9DE6F70F909554F049E41A6F3D63A4F0328F86CAE8CB3F23C80A28C8D136AA8610EAE9399065A920712CF91BC4BFA1403A04678DE6529324C3C87D8150EF20FF6105B2E62DF25746D1DA8D7A00504B03041400060808002E5FBC48A233C2345D0000008000000065000000433035313237
311
38392D313230312D343332332D383841412D4241393230453533313735382F5265736F75726365732F43343544464636312D343036452D343332422D413437332D3136393532423736463134342F7468756D626E61696C2F636E782E786D6C4D8B490E80201004BF42E6EE76F3C0F216234B883063108CCF170C074F95AE54
311
73F5C4C06E932E4F28601967600677D21E9D8092EDB002539227A2FCCB80E1168D80A6417297A89C5D6963B7129A0D1E8F2EE73AA7B62BBEB8B27DE50B504B03041400060808002E5FBC48BE89762363000000880000005B00000043303531323738392D313230312D343332332D383841412D424139323045353331373538
311
2F5265736F75726365732F43343544464636312D343036452D343332422D413437332D3136393532423736463134342F636E782E786D6C4DCC3B0E80201004D0AB90EDFD75167CCE820A4A845D83603CBE602CAC26799919AEEEE0D965E2E908050C6D0FCCE04C8BC355404EB6198129C92351FAD580A10E464065907C8D94
311
8F8F166375F655BDC3FDC3B4E530A176BE7057BDC43B2A593FE403504B03041400060808002E5FBC482E8D50E77F000000A30000003600000043303531323738392D313230312D343332332D383841412D4241393230453533313735382F5265736F75726365732F636E782E786D6C4D8CD10E822018465F85FDF794E82FD6
311
06B8AC7C0F97E898088DA4F5F841F3A2AB6F3BFBCE11ED67B5E4ADC3CB7827811D0A20DA3DFC68DC2C216E133D01699508DE6F7F37206E58B5848C418939F8F8DCD1A8A721DA4CAD71CB0EAF58DFFA9E338A05BF53ACCA8E5EB0A928E3E7BAEC1ADE33C4641CB392E6D74B9BF3EA0B504B03041400060808002E5FBC48A00D
311
D7F20C010000550300003400000043303531323738392D313230312D343332332D383841412D4241393230453533313735382F536368656D61732F636E782E786D6CCD93CD4E032114855F6542E2726066926A6D18BA70E1CA8DBA728770DB920277C28FD1B7172A8B3671A78BEEE0E4CBCD39072EDF7E3ADB7D408806FD4C
311
463A900EBC426DFC7E2639EDFA35E9B68207C4748691CE4B0733A932117C1F302F4DD2B093D956D51A7F6CE2033A87FE451DC049D2292B639C493C5DA9CC0935C423D532493AD200117350502624E3A04D500164024DC4348CB7FDB0EAA7F5EB386E56779BE9FE8DB34A0AFE8E681B6F7C8280CBCD34282C475F0C0D9C5540
311
F01C4CA36A0A22CEDDD1D2076785103CA6505A6864FA5A0A2997C51A2553298B9DC01F467056C35E447E040FC1A86BCD7C61EFDF423F83D7109ECA4B0523EDB566FFCDE5DF2A60A70D28DFA02E84F806504B03041400060808002E5FBC48E3603EBE7A000000C20000002C00000043303531323738392D313230312D343332
311
332D383841412D4241393230453533313735382F636E782E786D6C6DCD410EC2201085E1AB90D9DBEACE05D09878023D01A1D34A8419C380F1F82DA68B9AB8FDFEC93C3D7C52546FCC12980C9CBA232824CF63A0D9402DD3E10C6AB03A3397DD192872090D3406ABE7CCF5B5D18893ABB1690CF4DCF02282E5EA8A5BB96FFE
311
536F285CB347F95BEFFE81C9ED5AFF9D5B1FB575BB00504B03041400060808002E5FBC48C0852F197D000000A300000007000000636E782E786D6C4D8CDF0AC2201C465F457EF7967F92395087450F329A1B92D361337AFC3476D1D50787EF1C357CD680DE2EBF7C8A1AE8890072F191261F170D659FB10434189553DAFF6E
311
80E2B83A0D0D83514B4E653BD0E4E6B18446838FCF03DE88A0AC933DA68C507CE18C6329ADC557DB3372179C764256E3DC943ABF5EDD96375F504B03041400060808002E5FBC48CA1DF9C9A900000073010000130000005B436F6E74656E745F54797065735D2E786D6CA590410EC2300C04BF12E5DEBA70400835E500FC80
311
0F84E0B411AD13252E2ABF27A55740421CEDDDD9B55CEFA7A117778CC979527255565220197F75D42A39B22DB652EC9BFAFC089844F65252B2630E3B80643A1C742A7D40CA8AF571D09CC7D842D0E6A65B8475556DC07862242E78CE904D7D44ABC79EC569CAEBA537E3521C16DF5CA5A40EA17746733E0B6615DE7217475F
311
386F18B9481C510F1F021CD9FF027EA0E1F5C4E609504B03041400060808002E5FBC483DEE336E64000000790000001B0000006175746F6465736B2D64657369676E2D7061636B6167652E786D6C35CBC10E83200C00D05F21DCA56CA76D41FC96062B120735B69A7DBE268BB7777961F8D5AF396893C2ADB70FE7ADA19678
311
2C2DF776D7A97B5933C430F15651E5469C55D70F80A4992A3ADC954792C525AE70A1E4D6AD9816CC044FEFDF01FE3FDE907802504B03041400060808002E5FBC4835FDDA82F9000000960100003700000043303531323738392D313230312D343332332D383841412D4241393230453533313735382F417373657444617461
311
2F636F72652E786D6C8550CB6E833010FC15B47703860021328E80345FD0536F9671889560233FAA7E7EED40A5F6D4D3DAB333B3BB43CE5FCB33F914C64AAD3AC0690E89505C4F52CD1D7877434748CE9418ADDD2F1A248A2DA283080325B3D17EDD21AE95132AA24A4F620799B5C241C29FE1D181E577B1B094791718F691
311
AE8C3FD82C529C6E3C4ABC97D32E9553709337290CD0B7EA90F7CD58A372E82B7468738C86F2D2A0EB5017E335FCDB6124591453E2E4F2339D1BC19C98801639AE515EA1E2F88EF1A96A4E45FB41B2C8A4C43A136EDE87C6EB80F671EB0B738C645BF78FAB5FA7FF5DBD54AE2C76D74D6181E2B0E4AB414916530AE51561A8
311
3151FA0D504B03041400060808002E5FBC487E1C27AAF40000008E0100006800000043303531323738392D313230312D343332332D383841412D4241393230453533313735382F5265736F75726365732F43343544464636312D343036452D343332422D413437332D3136393532423736463134342F7468756D626E61696C
311
2F302F636F72652E786D6C8550CB6E833010FC15B477830D0142641C05DA7C414FBD59C6A156828DFCA8FAF9B50395DA534FBB3B9E99F50E3D7F2D8FEC535AA78CEE81E41832A98599949E7B08FE868E909D19B5C6F85F34C8345F640F090646676BC2BA43C2682F7542B599E40E72E7A4874C3C62D383131F72E1390F3E32
311
DC3D5FB9B8F359E624DF788C86A0A65DAAA6E8A66E4A5A60AFF5015FDAB141D570A9D1A1C3040DD54B8BAE43538ED73877C3488B2466D4ABE567BBB0927B39012B316910AE51797C23E454B7A7B27BA7456232EABC8D37EF4BD375C0302D36F48F5B58A7FFDD82D2BE2A77B74DE18091F8B9E703A3454A27966774B1A624D9
311
37504B03041400060808002E5FBC485533EB80FA000000960100006600000043303531323738392D313230312D343332332D383841412D4241393230453533313735382F5265736F75726365732F43343544464636312D343036452D343332422D413437332D3136393532423736463134342F7468756D626E61696C2F636F
311
72652E786D6C8550CB6E833010FC15B47703860021328E026DBEA0A7DE5CEC102B60233FAA7E7EED40A5F6D4D3DAB333B3BB43CE5FCB9C7C0A63A5561DE0348744A85173A9A60EBCBBA12324674A8CD6EE170D12C516D141848192C968BFEED0A895132AA24A73B183CC5AE12019E7F0E8C08E77B1B094791718F691AE6C7C
311
B049A438DD7894782FF92E953CB8C99B1406E86B75C82FCD50A3B2BF54E8D0E618F5E54B83AE7D5D0CD7F06FFB8164514C8993CBCFF4D108E604075AE4B84679858AE31BC6A7AA3915ED3BC9229312EB4CB8791F1AAF03EAEE7EF9504CCE24DBBA7F5CFDCAFF77F552B9B2D85D3785058AC392CF0625594C29946784A1C644
311
E937504B03041400060808002E5FBC483C5BC93E0E010000B10100005C00000043303531323738392D313230312D343332332D383841412D4241393230453533313735382F5265736F75726365732F43343544464636312D343036452D343332422D413437332D3136393532423736463134342F636F72652E786D6C855041
311
6EC32010FC8AB5776C83318E234C143BF10B7AEA0DD9244589213250F5F985C495DA534FBB3BCCECB0C30F5FCB3DFB54ABD3D67480F3123265263B6B73ED20F80BDA4176107CB5D6FFA24166E4A23A4830087E5D6D786CD0648D5726A1C6CE6A03A573CA4336DD63D3819B3ED42273197C64B85BFE90D34D5E558EF3174FF0
311
10F4BC49F51CB7E98B562B88734DCB63333054F5C71AD1B6C4A8AF4E0D1A7B468631CE6D3FF0228905F77AF9719F5625BD9A4190123354D688ECDE30DED7CD9EB4EFBC484CC19D5FE3CD9B69BA0EC440EBD338328C68C9CE8856A44747DA5408B3B6267DC3464C292F5EC23F86E131FF6F18B4F115D90C5F0A0702C7FF3F1F
311
042F5280B13CD38D35852DBE01504B03041400060808002E5FBC48A1A1BDDFFB000000960100003700000043303531323738392D313230312D343332332D383841412D4241393230453533313735382F5265736F75726365732F636F72652E786D6C8550CB6EC23010FC9568EF4EE2400820C788D0F201554FBD59F6122C88
311
8DFCA8FAF9B5492AB5A79ED69E9D99DD1D76F89AEEC5273AAFADE98196351468A455DA8C3DC470215B280E9C396BC32F1A14464CD8438681B3D1D9F85820694D40935163152EA0F01E0314F29E1E3D7879C549942286C4F0B7F221E44D8C58D272E67116A3568B54ABE4A62F1A1DF0D7765D1FBBD386AC86634BD6BB9A9261
311
F5D291F3B0694EE7F4DF0D2756653167414F3FD3A5431150016F6ABA21754B9AED3BA5FBB6DB37BB0F566526673EB874F332345F07FC0DBD8D4EA267D5DCFDE31A1FEA7FD7A84D58358BEBACF0C0695AF2D9E0ACCA29A5F28C30D59C28FF06504B03041400060808002E5FBC48F82E3E6EF800000094010000350000004330
311
3531323738392D313230312D343332332D383841412D4241393230453533313735382F536368656D61732F636F72652E786D6C8550CB6E833010FC15B47703860021328E026D7EA03DF5666187580936F2A3EAE7D7062AB5A79ED69E9D99DD1D72FE9A9FC9A730566AD5014E7348841A35976AEAC0BB1B3A4272A6C468ED7E
311
D120516C161D441828998CF6CB0E8D5A39A122AA34173BC8AC150E92F1191E1DD8F12E669632EF02C33ED2858D0F368914A71B8F12EF25DFA59207377993C2007DAD0EF9A5196A54F6970A1DDA1CA3BE7C69D0B5AF8BE11AFE6D3F902C8A297172FE993E1AC19CE0408B1CD728AF50717CC7F85435A7A2FD20596452629D09
311
37EF43E37540DFD63D2DC9B6DE1F4FBFF0FF3DBD54AE2C76CF4D6181E2B0E2DAA0248B1985B206186ACC937E03504B03041400060808002E5FBC48241782C1FF000000D80100002D00000043303531323738392D313230312D343332332D383841412D4241393230453533313735382F636F72652E786D6C9591C14EC42010
311
865F8570A72DD45A7643D954E31B78F28630DB25BB8506A8F1F1055B93F5A627C8CFF7CFF0CF88D3E77C431F10A2F56EC0B46A3002A7BDB16E1AF09ACE8463749222789FEE308C9C9A61C045C6524CC1AFCB2E69EF12B8A23A6F6017558C9030D2B77C1970D4179855A5D6948978AD16A5AF6A828A561B2745B2F38F550750
311
090C96ACA18FA4E908E3AF941EBBFEC80E6FA22EA414AB75A9657B3398DFC120BFA41C29DBA8A8B7E78CADD6EC9035F993F66C2160F9DC7494F5FC4068EE411E5AD612CEC7913C8D07D6BC742DED3B9E8B64B31431853C9ABD4819C25FED9BF157B47531FF8CB639229677A1EA326729EAEF25E4B3EC447E01504B03041400
311
060808002E5FBC48B3A7D2FF08010000B201000008000000636F72652E786D6C8D50C172832010FD1566EFA868D4248364A26DBEA0A7DEA810C344C101CCB47F5F8876A6BDF5B4F0DEDB7D6F979E3EA7113DA475CAE80648920192BA3742E9A181C55FF11ED089516B8CFF2503A4F9241B8830303A58B3CC1BD41BEDA58EA8
311
36426E20774E7A40FD181E0DB8FE26279EF0C50785BB2733EFEF7C900949561DA35E4D3FADBD95DC4B012CCF4885B312E7FB37428E657DCC0FEF348D4A46974589CD4A89E0AEAE4A5A60AFE52E3BD75D858BF65CE2DD2123B82D5E6A7C69ABBCBB84FFA1ED681A9B1975DE869DB72121A7478E3FA22F4D578AD10F63C64D10
311
420964F4F8052CA36924FE845E66F18FD04AFB22DF06AE1D0E1809819E44308E170CE579DE50E3B5D937504B010214001400060808002E5FBC487BE5C5C311010000A80100004F000000000000000000000000000000000043303531323738392D313230312D343332332D383841412D4241393230453533313735382F4173
311
736574446174612F446566696E6974696F6E4974657261746F7250726F706572746965732E62696E504B010214001400060808002E5FBC488CAC2EE0170100003002000045000000000000000000000000007E01000043303531323738392D313230312D343332332D383841412D4241393230453533313735382F41737365
311
74446174612F496E7374616E636550726F706572746965732E62696E504B010214001400060808002E5FBC4888E57597CD3F0000904100006B00000000000000000000000000F802000043303531323738392D313230312D343332332D383841412D4241393230453533313735382F5265736F75726365732F433435444646
311
36312D343036452D343332422D413437332D3136393532423736463134342F7468756D626E61696C2F302F67656E657269635F706E67504B010214001400060808002E5FBC4828BB58AF800100009E0500003D000000000000000000000000004E43000043303531323738392D313230312D343332332D383841412D424139
311
3230453533313735382F536368656D61732F436F6D6D6F6E536368656D612E786D6C504B010214001400060808002E5FBC482CCEBD668A040000E01200003E000000000000000000000000002945000043303531323738392D313230312D343332332D383841412D4241393230453533313735382F536368656D61732F4765
311
6E65726963536368656D612E786D6C504B010214001400060808002E5FBC486180134D5F0100006B03000045000000000000000000000000000F4A000043303531323738392D313230312D343332332D383841412D4241393230453533313735382F536368656D61732F52656E6465724D6174657269616C536368656D612E
311
786D6C504B010214001400060808002E5FBC481875454A51000000570000004700000000000000000000000000D14B000043303531323738392D313230312D343332332D383841412D4241393230453533313735382F4173736574446174612F41737365745461626C654F66436F6E74656E74732E62696E504B0102140014
311
00060808002E5FBC48F865834058000000680000004500000000000000000000000000874C000043303531323738392D313230312D343332332D383841412D4241393230453533313735382F4173736574446174612F53747265616D56657273696F6E5461626C652E696E66504B010214001400060808002E5FBC4860AAFC
311
4537010000A20400003600000000000000000000000000424D000043303531323738392D313230312D343332332D383841412D4241393230453533313735382F4173736574446174612F636E782E786D6C504B010214001400060808002E5FBC486B217528E8000000600100006700000000000000000000000000CD4E0000
311
43303531323738392D313230312D343332332D383841412D4241393230453533313735382F5265736F75726365732F43343544464636312D343036452D343332422D413437332D3136393532423736463134342F7468756D626E61696C2F302F636E782E786D6C504B010214001400060808002E5FBC48A233C2345D000000
311
8000000065000000000000000000000000003A50000043303531323738392D313230312D343332332D383841412D4241393230453533313735382F5265736F75726365732F43343544464636312D343036452D343332422D413437332D3136393532423736463134342F7468756D626E61696C2F636E782E786D6C504B0102
311
14001400060808002E5FBC48BE89762363000000880000005B000000000000000000000000001A51000043303531323738392D313230312D343332332D383841412D4241393230453533313735382F5265736F75726365732F43343544464636312D343036452D343332422D413437332D3136393532423736463134342F63
311
6E782E786D6C504B010214001400060808002E5FBC482E8D50E77F000000A30000003600000000000000000000000000F651000043303531323738392D313230312D343332332D383841412D4241393230453533313735382F5265736F75726365732F636E782E786D6C504B010214001400060808002E5FBC48A00DD7F20C
311
010000550300003400000000000000000000000000C952000043303531323738392D313230312D343332332D383841412D4241393230453533313735382F536368656D61732F636E782E786D6C504B010214001400060808002E5FBC48E3603EBE7A000000C20000002C000000000000000000000000002754000043303531
311
323738392D313230312D343332332D383841412D4241393230453533313735382F636E782E786D6C504B010214001400060808002E5FBC48C0852F197D000000A30000000700000000000000000000000000EB540000636E782E786D6C504B010214001400060808002E5FBC48CA1DF9C9A900000073010000130000000000
311
00000000000000008D5500005B436F6E74656E745F54797065735D2E786D6C504B010214001400060808002E5FBC483DEE336E64000000790000001B00000000000000000000000000675600006175746F6465736B2D64657369676E2D7061636B6167652E786D6C504B010214001400060808002E5FBC4835FDDA82F90000
311
009601000037000000000000000000000000000457000043303531323738392D313230312D343332332D383841412D4241393230453533313735382F4173736574446174612F636F72652E786D6C504B010214001400060808002E5FBC487E1C27AAF40000008E010000680000000000000000000000000052580000433035
311
31323738392D313230312D343332332D383841412D4241393230453533313735382F5265736F75726365732F43343544464636312D343036452D343332422D413437332D3136393532423736463134342F7468756D626E61696C2F302F636F72652E786D6C504B010214001400060808002E5FBC485533EB80FA0000009601
311
00006600000000000000000000000000CC59000043303531323738392D313230312D343332332D383841412D4241393230453533313735382F5265736F75726365732F43343544464636312D343036452D343332422D413437332D3136393532423736463134342F7468756D626E61696C2F636F72652E786D6C504B010214
311
001400060808002E5FBC483C5BC93E0E010000B10100005C000000000000000000000000004A5B000043303531323738392D313230312D343332332D383841412D4241393230453533313735382F5265736F75726365732F43343544464636312D343036452D343332422D413437332D3136393532423736463134342F636F
311
72652E786D6C504B010214001400060808002E5FBC48A1A1BDDFFB000000960100003700000000000000000000000000D25C000043303531323738392D313230312D343332332D383841412D4241393230453533313735382F5265736F75726365732F636F72652E786D6C504B010214001400060808002E5FBC48F82E3E6E
311
F8000000940100003500000000000000000000000000225E000043303531323738392D313230312D343332332D383841412D4241393230453533313735382F536368656D61732F636F72652E786D6C504B010214001400060808002E5FBC48241782C1FF000000D80100002D000000000000000000000000006D5F00004330
311
3531323738392D313230312D343332332D383841412D4241393230453533313735382F636F72652E786D6C504B010214001400060808002E5FBC48B3A7D2FF08010000B20100000800000000000000000000000000B7600000636F72652E786D6C504B0506000000001A001A00210B0000E56100000000
310
504B03041400060808002E5FBC48000000000000000000000000370000006662782F31463730453032382D463543312D344437432D424541452D3644314641364231383332372F617474726962757465732E62696E504B03041400060808002E5FBC48000000000000000000000000350000006662782F3146373045303238
310
2D463543312D344437432D424541452D3644314641364231383332372F76657274696365732E62696E504B03041400060808002E5FBC48F270F1330600000004000000360000006662782F31463730453032382D463543312D344437432D424541452D3644314641364231383332372F747269616E676C65732E62696E6366
310
60600000504B03041400060808002E5FBC4888E57597CD3F000090410000420000006662782F31463730453032382D463543312D344437432D424541452D3644314641364231383332372F7265736F75726365732F322F305F67656E657269632E706E67355B773CD4FF1FBF73E71C0E67EF7576C9DEF3EC995D46C6A1EC50
310
46649CBDF79E192942562825CE965D8A868C2842C8DE9FDFD1F7E7F138F7078FCF6B3F5FCFD7EBFDFEC41B196891913091804020321D6D7513FC77D8C5070EC3FFEE51B21F068154CC75D455CC028A3EA68992803810109FDDE5D5CEC5521B28A1B422BF80741695D5B529DA1C2D058AD2388BDA9F476F7C2CADC939304173
310
DBF48A452BF8A700C0C70C3D121C1AA15A5270C22E2B9E28763651F7DA0D12CE11077B2ECD0D560B5E3DE2368B1E65C5E1C87384A4CC5F2D9FB8BE39E9B77C753783A37998F5CEF1B4FEE553463245C9712270880DF339E0B882A6BA713D865F6F384C842D440934EF264F4A304F8DE4EEFA1E2BF5E2D91F5ADD9613D6E31D
310
DB33ED31DB1D7916CAF091286EA3D31B9CFECB78BB0060245B943C4C040119FF780A74DD308BA9D028678674EB5504ECF284EE814DAED07440BAF649BE4B55DA2890F4D73E2D489A59EE54FDB0A85B59F2F52C4858A02705C4815A792B0C4A996A2023ECB195073E115E3E3647F64243A8338F2000BCB58DA5692C7E7C3D41
310
3F963FEDF3CF00FBB0F831A9D51360FECA43819F527B89FA260EB63C5DA676830AA3626A3693B23F1A17A0DFFCE3EE164E31B5365EDF0C89EF64D8E38AB0BA9A1117D7C3A0EC44F44F4023095E80BA610DE336D0F99593A88BFC5306E72DF98F7FD132ED95878DF2964EA7E43071359FD83B2BDF9C6B5BDF768F0F3C0FC351
310
199526F53D9460A34511F75D1B63E488178569472C91A94497807A3FD4A390C6558F26D416365C3656DE6E769DA9D8FC73774E1709812842DD8EF96AED1960F79D21B395CDDFE6F92CB4EB962A4668C76990E2EF29798C8941D67DA50F4A5F947872460F1F6FDB794E8A29FD7AC0C0D6E0714339CE258FB17AE8535221E346
310
4A10F29A0BE5EEECEFC5675926A89F49EB14E5711894F6586DB5754EB4D5DA9C6437EBA57DB97A24F8B8A8DB295FFD73266CF57E82694DF5166DDF93573AFE9C9C5EB05F8FEF8E89E0A8917B0B3724DB7BEBB53252581EFC3E38166BA131A3A5B42FE2AD00A769BBFA4458D2DE7822F8C4F63D0B8E21B285AE13325F3410A4
310
35C648C9D91FDEB109E73CEDA7BC796961AF79175E1A3CE4C5E8B0D009B0C9E29EFD98BC8E97554E3D8D838424E270F7685226E5AC268E021EDE3522D583E8F20C0BDE2959EF5BBFEEDAB32FE9A3ED0E39F211A86AA9DEBFC68182EDED132AB8BB794442D2D7EA9F4D8BFF52BC4D55BB165124EE90A42D101E67BBBB292FFB
310
4F66DE5BF2300E44546757DA7CEF8932BFC9F92A0707953491A55C5A5ACEDABD9FA1AEA01BAC3DC5A24E22E7C47213493996EFBC369D086ED9397C9BA6C7F9855C7BD5E15BFC8C53DB3D2A4C5901A57ACD2FBDF4D1676E95338B2C2BCE65FDA4C64F5FEFDC7D9CA5AA1FCF11E193F2FDABF0F4916BF13FB916A224380E6462
310
A9815F2300DC49CC4DF8D055CEF76462F4B7A7ACA7365C2707891370BC1D0AA6203C44CCAB47084FEC057F27FFCD57F89B8B9852459798A675C66BD7CE572CAF71FF7E6D7ECF7BF62CAB7B3F1107DCD04DC55A3F9961700286141C94A4F771FEB2BCDA2DDEE0CB0BAE402FF1DB0100F8E475DFFFC074DDB4498AB7D186A765
310
4DDB1CB680D703D47CEB4E72F8CB13D86A4AA68116E26387B93FD6738779B34FEDB8E517EDF2BAF28D9BE93A1D3A164320E07D42E514725C29515FF361754213EDE06B079A2E99EB1CA82A02019EADEEB87B9AF005BD04BBCECB14AACD6B24EFBE482194A97DD32400685FF1FEF1544D1B14EFB1E7F08E6D2CD2AF52DE757F
310
35F5E62332EE88EA26417AD5C3E0E319D68F25414E6D672BD4522B278C57D18F0113921C71D96527E091F00CEB15AE23D24667369BD3CEFA10C7549D930890BA4366F4EBC55F01F746109F98ABCDD5A3EE06619C6AD78AB33E48E4C9BD21BF7478B385EC05C4F8987E2C1BFA0A60EBEDAA0AE0B015C2720ECE180FB6F2DEFB
310
EB822D96338C9B63822183BBF52FB664A7AE57003AABCE512BF77E7E31BDA2E739AC4C131657DDFE5225E900FB56CC01CDE808FA4A9C9DA16AC679656BB64796283D89812B8F91136AE18EE5EBBAF47A73BE3C153EB5D4CD491B4BFB4FE690A4CF9ABA08C0D8AA64220C438C96EA6CA80B58FE5761E697B3A292EB9FBDA502
310
FA863E49FE694ADDFFF9D62C520BDD1A22014147A0903A05B9B729F54272EF83931FEEC057BFF8C8055C279EAC5C0011804828734024F6CFA319C9CC6867C727184465CD9BB7ED386AFFD96B294A85E3802FAE47244602D8273615952B98C4F23F7EAE4463D9D638EEE374A20959E0FE519C4CFB0FBFE5DD80C2AA3F9DB961
310
D1BDE57E67C9BB47B77FDD74EE3094F5DBBE3EBC1FBDB7393F5116263009E2EFE1AF9A221B2AE234C902BF70E9F280ED23E73908361565964333A3F01D0B006AF32FB21AA1316744B489D5A198E85299241735BE559675130955C902A8ED761FC0DBE337A9F91919AF5CE32AF902ADF9AB2615E00E8A94586BA1A90839B618
310
32FF1BFB76D2EFADE6DB1BA04CCAD3DA649E7E2A0219F592E22F2AD54847EEA8E42271011E9074F8F3DD9FBA6CDF88FFC9FC7E811AD1CA8F4557CE4AFC7BBEDCF0114A48689F20A584520C74DA8127124B767E2FB91A6B186246727BE63C9445BAE02088D58B8EFDC0F1072407CD9B89A13F6303B4A928F593AD489B58E686
310
9325790ADC406036C591729FE14021F94B7796BB11848D463536A092A26F077F94639F7CEEE2A724C66EC885F4A24F8B8A0AC321F8FD149BA529460FAA34E4663C02D41FDF80BCA222D42F0ABFF8490F4FA74C673807C2051D8E467B47B616072860069A9A303ABA9B319D58404461401B0A0F9BE5E1E151C14BC33B32ABE0
310
3DDE91708DFAEB15E7C0D593C86BB7D7EC17BE56E57975F077BFD5525F3A1A361D584A75E08CF29FC7B44B2B3085014F3A5A14517377C3F6B8F37E59514C3B12F8AACDEDDA4DFC49BE5710101534CD6FB6DE15B50F11A09472AABA727F0C49D9CB906B158030065F48EB3625E010CEC1D511D0053474B11E6A4F01C0D6EF1B
310
ED3A944FDEC70E0DDCDC756C86545910E0DAE3BE3AA9A404574C2995CD5CAF9549226BC94B4F4F0F5F9086F418F6B32346464610D8BC7391D3C3A3CCF04CFC1FB2A3A3170E369511868F14EEA4E5E438CC73DB1F3248AA94B6B2FF33B222FF3D1E7BF146CAD229770158063BCE4F5391964DF62F7E52A7BE0EEA829C9E13C4
310
C147D6F93FE59E111DAB5E4594D6F3CD1AD375EE039930EFE5AF2BB2D41C83C7DABD8C659BAFBE8FAB392CA634F3D15C1D945DB4588D2B0824A4EC928AAC565557CA2F0DAA588CA5BE30B3A8004F7BF005E96CBF891D7F18112A3619FDF530DC8AA64954258E1811789B5189B49B4EB53F5F89F7D37523894F3EB57B373763
310
C91E502F52CC99EB7BDDF933FC324C4FFC2561DFFA7339FAFDD0A4BFBE6D3A8FF9ED1FC49898139864602458968913181918F719CCF5A68B2EE9C1FF050E34E63107003B8120FA982C21B30A874E4F5E4B38D5A8290C4B8D9BE48A0BE31EA995BDC37AC6DE90BA17D259DEF53605D55922FEB1855D915B659FBEB350EE0DFB
310
2F9F766E1C84CC8964B75D08667445EAB966015F63A18A9E0A325C1B3DC628C0D3CB60F767FA93CC65F25458BD23C3B312716E5F40E5858AC06EBA9AB14F95DB99147B832069201541D09A0D856E12C629CF32683760EE855537D1901988D5EBC156676C7DD51D7207CF3267AF1D76C2AD867315E44618015313A98B19941C
310
696FED3461CAA9B5415F918556D7802EDACEFD6B2E45853A9735DFC9DBF7E440F9319F8B6805A973BCCDC76C069A9144E51F187EDCC12FC31B5DEAAF0A76137199B106EC84ADA6B6EE697D4E6A96E007417F4E880E8B1E89B4BCE9D81EF611E2ED8F0C1A6C25F620FAFAAB656A7C42D464880E8AFAB0E0FC8EA38CA9A8AEEA
310
EE3E4648BA4680270A89743CDD3E6C6CBF34B7B640EFA285ABC7EA0A1E28F3CC963D114A80123EE66D0AF7D5380EB41909B605AB4765B709B808590458157E69BA1378FEC4B48CAF6A730E3BE3C5EF2DD1A5EAF94B1DDE50CEB55DDFD7EE9A16747FA4B223359FB1FCC69E1194892BABB93A1D5C4E807AC0EA2E30180811E7
310
7A2291F6E7F7FAA5E0F60215BC6024E48DE436C511F0628B8CA189982D4D83CCA17D305A7E923C37941CFDFDCD93ACAF735EF5F0E61BBD3E6C41A59B242790D3A3BAC7064DCD89AA2E37214EC839820949D5CAA31E240D2948E48F690298974A96BA9A8432BC90F5071D6537C9666EA4564796B7AFFFA548077BEEA75F6308
310
3435074BA182F3699557397F71548383FDA8CA34D99B981E72835ECDA5DDDC151315173D05A21F651AAF8524E88209E2E7A737ED1045800CE3390050BCFB8BE588DF111617874C62575039CA588EEFDEFEFE319B739DE2EDC147092A262611E159650E787917885EF08F1F51B8F2D8A71D60B58B190FEF9541A1BE94BC19FE
310
A50784DA1419FE4B0FB51B8D36B5FF8E1286FD8AF42B91E59A5F1CC4D60174E764045FD8C57B18209B217F89A62252BD20BE0E63E12B8E8F029FE19E0E8D0870F58721A557082250D5424F7909369376E41666C0EE77CD87CB283F661D5FB6D0DA023CB67320A20DC7BE661E9E1BFE5463085C557DA1FF9BE835733766C3D1
310
39F2CF9E2208873AD0EB4814DE9E6BF2CAF81614D4D43906ED1C05A3265CABBFE192770FC2F64F940CB6B17B5F166F133C9AEEAD2641807C3E69515171DD74C4A85311513D6EC9530B3B601B6BA3EBFF3B5C3D2F7D69765141E345F75433953D013ADDF8F6AA7DC3F4A7563FE5C7D367937E2900D7EAD0F9FC9A4A1A9B5BDF
310
1FEF08532660C01C5D6DE22199AA774383E306DAB87E301ABB7D213887F9869D4942D0D71E94B27EDF216A318BD488D45DF84529EF575AF3C3938C0AAA0215B01994153E2054A0B894DA5C784980633AAD48576957CF4AEAEAFADC7C587368551C73DBE1E57C58AC713303A8BFC258BD04B51724459FF9E24C03A81E0E0679
310
CEB9B348C0DC998FEB9C6D6EFA77D247CC8F92D3848599ED89A23218D0636465AD1CEEB7DC140D7426F83491C4E8E8281C2FB35240918FFECE880CA2A42D70E8B20B34DF5221C7DB0CF90ECCB9C745B37A47E9B716FF7A97B7A252C1F3814DC7B1E1A7F72B8751D524EF7CAE45B0C73B3BE7D08ED39781B380DDFC9AA4A474
310
9C9493DB5BAD07A6EA6C092FBD0E85DB004DF06B8C9D3089C5320187E4CE1846158C7EA7DDAE8AD9AFFF21AA3A1026BB06A259845E8232DEE62811A4DA9CEAB3A4887320B76E2AE5615EAB7BDF738CBDD01F1E64064BC13D9EC53576751CA8CACD58B3CEB0E6CA585BD089B2A59B9FC101403387AADBDBE70586B93D64BF3A
310
D4453EF9C3B6A93817E8346991798601344F79A83C51F3D50F7BF2683A3605F51A72449489E0EE6169C749C60B1035651103AEE24D24E51A759C840DD3FC6504DA6FE107510E447B43461C79D22970B75DE5E1BD3007D1AFC619A4A4A69B5626AF5E9B8374E20677F77E2F8E73DF868E8BEC7EBA7B6A75EEF7205E1AB9486C
310
B642741D6E03FF13FCCEDB1C4AC129886268B01CDF4B124AF797CF784F3C6DEC97A17D4B558070A0F1C04DA4FF9BDBF34159AEFE958479824B3F58EBD1E19088A2AFDE501B6F2052368A3FD0E650A179EFAB1561E1D27527077136E652676C3670F42DCB3352F48F6BC86D2C3B0051727E41A0A4DC6CE2BE9D47F5CAA2935A
310
3C0539AF080665997194ABECD723B08129CC5B6B21D2E7D54CD4D12610E7E9FB8306771A89576C7A982002775ED44F3F744CF21EEBB27A631671D921938AAEE3EB0D19CD1E083727F607823E817BF599DCED5394E37EEBC2E88782E638920CA641EF74D4CDFCDEF06F4278ECB18E31E7E9876F2D783C8BF429C75395F57E98
310
C2B495A3DA077EB3AC3C158608B6B57FE3EA48484D9A480096FCEE0DE880950E7E5A5714131C5C41AAA29FD19AE81AC145FA1B9E85C7169A5AB837B213493DF7E9AA4B5FBF9CDEB36EBD21EF1181B7CF7366AB2A951D01E37AF4EB835D1BE8C117CFBE7625D2EBCDB0B20C5A4B45CED0BCDE3EE8DA9DA78C2E21DEAAFFD119
310
7E463C33CC6A80FB785669B856EFF7A8CCCA2841B5A5369173320B1170C368B2748D81062EA0296E5E2D95D7667A4A46D98A6FF475C76AAB0A8C8D45E226FAFC9FE0133EA9F60111F99CA81ACE03A1D14C89E8B0D69079C91464FA1D99E651D0EAF606F345C42A8A1AA9BA391031582B96D5B4176A77AADB01F12FD298A75D
310
EEBB2C82F0B8650E880722F8DDD90C56A7A058E5FDEF1AC93545BA27367C76F5D8F9690CB6F8DAE141EDD7971F0FB548A2AE435F224D6E5954CA155512F7332029D5A1230854B79F258EC5FFDB09F5F6343A8EB193229B7F7E79B3E48F8E183860B38C8269D1B53738FF1E0BACF6AADA6D4869E9DE708E79B5DADCC09B1BC7
310
6F649731CFAF59A83FD8BAE4C749D66FA87A3810D4D62FFE826FA400C0F325D2BC0F3CA35F5847B82A2ACC7961745C823E4D863D54460AF792CE6F79B5C7A33B25C3AEA6CDE15A919B6367D781E9D44F61BF828672594A3E1D9EDD6DF179A81F27EAC05B936575D73E05C209DDD2115CFB705DF9BBF3C911589B3640735E9E
310
618FC9C36A7326C82B2205E244C55D56FDB9D5DC93CE958D4BF8174D2B3DA54CB3C09F2C2A6DFF73D23B2197355761AD421EC581284A7EF8DE2CE3497C0C804D49B41DFD6A7360844E5BEFFB495CFCDB97A4595911CDBA623274CE852B5E278AF0BEB1770E9D37CD977B2766A7DED0E94B840E1E95E8C77DE5CB6354AF7871
310
427C28ADBEEF7BA0A28E19DE9ACD75F379FE373EAE6DDDAE3834692F9C2B03B4FCA8FCA9ABE8EEEBEBB725B88A7C90941E850682CA04061A7DF0CE82ED49BFAFFD42C309818FAE14755CAAE78B0F73243ECCCAD7DF58FCB9CDFAE7A4D3E6671A613639130D056C8383C8F4FCF4808C331E544DD26E4755D09EA05253B3049A
310
1E32587CC25D72E073E2CD96D04A71BBCB0038FEC3F53D254199C3CDC67CD66640269431860225392B2CB3ECD0B4498AAE78BA1994246AE1EE78F2EDFB79F6C6CB6B5E279C4D373FBC21CB2698C9ACBBEB6A4BB6B39E16AB0E421CCBFC7654D81ED86022F9BB522146F9F4772E2D0E4FA70120C95A85A417BF5078B232F475
310
4363EB1750B2AC2148EB46B1EA72AD9B4D23ADCBC589D70106C3EC2ABEEED84DFE28E718C6C83502C28E9FDD3B09DA0A6F6F7B72B706A31C9E2A331EE70DA56A083D2177BFD63C55B11D8D949FAFCF90B23A1E24B9B5018B9A17E99F2890EC302F330FE7936E2C23F0D237EC8916F5166AB84B62A21BB0B950146962D754F9
310
2CC2C8877BED8FC7B7B25726DD19545392570B3A2C66B58F027BEF412E552D12A588C4A3CC5C3193FCB3485EFFF700D0B9EEC077754A33DC1FB9E25AF814628F91DDFECB667D3F7690803F38D13F8AE39353523BB08FC6760144AFA2CE28236F65EDBB3D5F59A57D612B99E3D7E5F8A851666BF9B5A6658EFC96EEB37A378A
310
BB0EB3FDDF1303AF32C41BD1C8560745D7BD81066B0D6313359CF488563D3BA3F8E2185D1FAA3EBA1397C9D0E3DD232180A4DCADB6AF25DB3AC3CC26589C8239E66E81547BC7E2F328F9884764CA37EB5DBE390DFC03A5246B456A7C3684C4377D0EEF9A350680FA9A077E8B2957B489E09AB1AD41316944C2254B5984830F
310
691C93CAA767EECF976FA5647538830B5E63236A6F0365C1E0F3E327F24FE35EDDBD7360B0F7374837409F7A6311BECC12B7026D4FA1AE204FA3F5FE904B1F420C7A9044AE58E403E7C4848E7DA25DC9EDAC79DD756FAA26B9EA83ACE8A214A2612A22AFA19DAE7DBAC5F8CDE1292A485F98DAC731A29FE01A3966E96BCB9F
310
B5A4C8830E1B9AF0C54B87FBE221A097036E5D28D1F869F810C06A9BB0AC0612F69AEBAF893C6E7AD59460208BAB3A6B09CA4F6BDDAB8CF0D1F84B72487498395A70DCD754796E271099A567A55CF242BBED64696378BB6CF25EF0FCDB589F3A82F1116D010A9AB9FA4358809EE0C973A2B4229BAA876A70B03AB49CBA7FBE
310
71DB1832FFD32F9BF2C8E98075CACAFB36921235D0F552B6A67E94E094097A5D7DF681B40623DA535ADA7A9AD8E9A62407D7C9A5AE51D62A17A83A23728DE86BB56115804D3F2675F2C6B87541A0FC497BF0CA86420F558C9859EBE9FAD62747E323E3AADC03FDCDDFE7407B09DA90B44E3185723C5381EAEF589765E2F7A0
310
99BA46695BAD60CEF3491B8A171F5F56444F7CE9455312C3498C74173AEA0214EC029833B34B650CBB5A5508D5091665309642791708ECF27CF11DB3D797D6CFE474453BD4BFADB768094B2147814D81C7CBAF8228DCAF5564B5891F5EF6A860EB2E323CB82AB868D8EA048880D63B0DE5341F1B3D53297B928A11E15F25E5
310
148990F710747C3509ED14909C552EBE3973246FCE55D00564D8310BC3EBC5085D08D806799B77D6C57FDF5E55837F9E934F09C03C729271B64F12D0A9F9E938107CAF7BF1EC8CF1BB9B42363D33070F4CACB425E605DDB0A34A12BB936DE286B9887A4E2E558F0886498BFF49C311D96C277CF6A9FC0D75AD0ECC5226D7E0
310
E3572012E56D7FDE4410CEC7A6D0F997F225A2055B8B92E3956E875AE4993CB3D4C9063AF98FD45E1BAB165640A43439A2C9181A7C355B297C0A0CCFFAE19B6FA3C2BA238A885FBC98B8F6DAF4B94B97304878DF4D8BFF6A4AEDF79E90ED4E68F00CD7299F4E0D83E35601AF0CBEF18C1E870E74758FA91F5131075004DB3C
310
FCF09AE1DABC11957FD9808C92E8A678CE9DBE40DDA0E0D1D505AAFBCBA208232BFB6FB3704E8985E61ADE53DE74152F5C7DE74B1DEDCD37DC3E8FB30D7EBA8B9EFFC3606BF90B8D438279CB7709FC7C00D327F41817EEA71CD9E49FE9C8C9A81C70915D9F0F15958EC5AA4C3BBFAF46986B90F188BDB24B89DE3C6F29EC3E
310
6F66D84856EE96A35E657CA41B41EFD8DBFA16AD6E91439EA92B40B21C053249F51AE50EB0B24C770FFAF40DF12C8436366819C48E36547D4E7B72FE2BBF10828583057814A668BDF183F6B2E58DFB151103E56303E63D00F39C27C4661605DB644D19175D02E3F0241E8FC3458D17AAAADB117CE9EEA690D0DB01E634878C
310
04C2C9310B69FCAB831151E3AD293BEF6E46B0ABCECB50F5939B39C613D41E81FAE8D34CAE3C4566B761D37185FE864AC32FCB71AEF39DAA5BAB88609BB980CD2F07A8F941653B529567726E2B2A58D079DD57E1E5E31426CF184A04D7B03B985F276D47406AF276FE32E3328BA866EB1FD39BEF57863A317634AA5FE46740
310
9B3873F5069EF0D71AF00AD189D17BA1974ECDB2D623E9E14086386A6AAB5807825C37B015BFE892AFD154920EC437EB945D958E18622E1E0FE2FA06557CE4BB9BBD05A2D40E774DA2B65473791E314B7D6C886820B2FCFE4AA272B3B8B15E7344A145E8AF919B5454D89D36D413E87211186BF6F645E5EC94DCCE8E1C7990
310
22E4EC9BC86D7A0F2AFB1FC4B2CE48F84B3F49ECE65BAD24CADCC07EFF39AB06BE9E6B27A059938EA7208838455383DDBCFCD967DDE4650EF92A14FF933C975DB20BD7FEEBC4487576485963D757D16340D9599FEB362F775F38CA4185A86F74B629C81B133644A3B18FD056E997E0734F9BE26D11C0AAFC669E2AC9FC41D2
310
81F8B2E1C35AE27BCE05F3DA295488096688719D974DF1B5D182DB7792288697F8763CFB43562C1CDEE11C4AABD5C22B6E33F6F389CFC3477C5919DC0D533F8A7A1846B7ADB60ABDC26C43D0CFC8910B7C15EE22675BD02702ED39DB77A87A192CA7A543E6205B979B9F5A6B512A3CA799E198B2D5797C0AF8D1D872CA455D
310
4D431A7879D4DD76110B5FF7F4176B54477A9EB5E4A5D11214FDA585F0382751D8E2582BA5D2075053298FEB8F1537304E32CB22C2E2B693DC0A760B1DFCA751BDC445AFDCBB12820ED85F6D5298933C7EF1211E9E057684056CDA3FEF3BB6052355E162DF27C59E965A8DDB7F9437EB72CDDA3A090DE65A5B2F50326247B7
310
EC67B73ACC7047FC9B353D6EE990F772207C6EC52B39DC2F3C0754821DAB559F7C1809C7D0DD5B0499D0442E0A6E391B3D5DB46D11E731E6794EC77523FBDAA242ED67F9FA1FB684255671F63C9BCFE6E7E896D51001A6113EF2298BA494E0B0980D1FA5B9D60796554C02256B1E0345FB7C6186B6A19D2DCA270416262845
310
FA4F42DB5D9B0A0B6F07FCA2E56C242522E001E0CEB734AF310FC8BFB57E38E03AACE93B3326A2197891E68452B26A6307FDABFEE0223D3C03C3C73D2D5BC054C8311F12004CAE488E5C29287F8156A2CAA4AD0D7BE6B97264E4139F437CE73ADF52E5134C52B819777C18B323A5924E4F67AFD13B1CDC3A61793A79FAF5C0
310
CEB718E441071E797C6DCCB9EFCF7E4A1E9F3DF3C2F9C9E8294E9586868788C972857FB0556D7A26941A7EEB9B580AD78EC40B85DC906B4120A563CA3B87797ED612D3B035962BB75F6515A393F4CB057F564CDF54F2E5A024514E6A1F901DB80C7E70B1FC05E356A7E72FABF4775B3E3FB8F70A2A8E7B6A94542BB3041579
310
78CCC999E707A29CC795E67A59CC546A5D47B368954CA7B6E75EC9E1F6FC73CE3B4F71F8CB1A6B15923D61EAAEB14626AAA9D04A26EB9C66CD1BE86CA31A5D8703DE04CD1EBCE4F5CCB62F93909AD11E55799A781A956ED27D3E738F4538CB04ADABC7DAEF20BC35BA6A90BCC1DC61BA05F20D8832FFB9BC9B15E2DB838A0A
310
FBB7E0C82A562127E0446894F427794C3037186F622BF24DE1B00AA10A23BFA47B2A180D6DA5AD6F7326FEB8C100C2D7142EB2A0B2A9D1008A09BA343D70E054AB69E2A7EDB783CBD92537FAF4A44D1296AC2792729104B3276C276C951D0CF3CF3F1E6B017720A7B8505A5FF9589365979678C36F1BAF759EAF57C60F1FF5
310
FE9DCF5F8E764FF25A2D06CF25117A8FED51884C13B2B750DB0E4F5E3D64124FCF11F0AD8F1CC3B3DA4B38ED22BF1CB2585EE6BFEBBA63FBFD44F9537B9B37BDD6B358720F98A8125AED4349CCFEB0E135F19E208A04CA7E2B10711185D72E381F448036EF57C9F874E54A971CA37A639E986AC0226DC5AA00D5B14FEA9192
310
234B3DE617814FC221C92F33F1D392F297731B567FD98FD91D989379AF567A65B8ADF177591DB90FBEA99BF4ED11B16E50A0AB1DBF1156D034BBE04D69D08F939D8E92BF525A1DDAFF80ECBC95D8F45D3FDD289FD23F7D8B452F8EBB34EC082DEEE68E18EDDF072060FAD2AB1504DD4879BF67099FC58F6E9DEFBF645D1633
310
4A3E9A127C6F1AF6132CF287E433B43A0EE93812B4AA0B194E03EE3FF91EF9C6ED0074A2F6EB18A96A7C9890B1FCDA1F2095E944DB911ED54C60DF16FB74C8CE9BDC7C54C4F14078CF73C2FFF1F1BBCCD7CF64F71407EA1683DBC410D226627F66E509060D5C0AFD611DE681D509DB8DD12FB1265B03C6F5C55FF4C30BD941
310
87FF692B4F152982502F193098A789526A038AB529A52BC0DC4FB6285CBAC10A8B8DB75DCD9BDABBB221E27D1F8DA9F5EE5926A1C8AA9BA9BC09239C6A7F12914EA3B59EFF7AAEC3FFCCE56F1C5C2980AD072793527565E774F4631DB178CEEC691B1F367BEA0CF2907E1D6B854D527065979DDEF002D8B2ACEA7CE21AE297
310
737EDE1D45B31233B73FEA35BCFDD0B09721FDBAF6432681F2FD10C3E9EFB246FD6E854B344ACC9D8A0EEF876A7314B49B6A499FC650B099D650DBFEC7638ADFD245E2B7839DA5AC5F7D5623FC0ECEEC8653FC9B2BDD1AD4D00A566FBA7186DD3C9CD26512551637498CADB950FEC71ADB9A5524285DE328B8EC7EC75D2345
310
AEC6A27C42AF6D9B92155315C80DBFCABBB7DA0FAE425C4FB896B15C9BFAC4FE67DF5A23D30C93DA4D8F36FB15D100050DA6062E22AEC5F4DAC4F6FEEF97AE05DE63C6D38F9E068A20BC5E3B6BCD75320C5090924E7F93640A7735B1A43451C2D91EE62C6238B797349E59890AF3A520DF4A87095F3ABEC2E61F0593416CE4
310
6CDCBE0E00E2523FCCD04408588B5B6C9DB6459C786CE378770B54F51DA3A5E1DF2A3349BEAAC234A6CF8993B598B3B25B4B113E353A4D750FA7534749430F3EBF2512E7EA3FD43C6AB9A1F765A58463B306721A15D224FAFE8C6F5E3432D57EE697DA0DD5A9D4866A8BCCAAA9DFF1F06047851408FEC060471D0E3EB86BFA
310
F46E4B5E60311DC3E3CEA147C75CF971BE74689507154FF2D2E92F15CDB2B9182B11459FD8ACAC5A85F174BC94A7F4EE4C4F5CAFA7C02E37BF0BC77B7DCD0C047BC316F562A01A441AFA7931CC84A28CB9F4AA367EB515778F29BFE61195FA671F4352E5E46E3A64773F1F76EE5EB36D7BCE9BCEAD837A4D77F8DB8C92AEEF
310
6711920D7C7D0F76B0FD0EB7AB83724CD35BCA7D36DDDF5FBB7FF6F04A91F3E2BB3B8F1A43CD659639507FF6331C5F697BCC782AE57D757A27D97F1AB9E0AEDB43F92F1B2AACDF5FEC8ADBAF9F814E2027003BA2F9E144B1938A7A04050AE5D953B82C45619165C813A10E76DD6906B3C16438064D14CDA713AEC420034613
310
E1AC7241904A49FBF87409AFB1FCB9B72FE7933A87D8FBEDACECE4EDCF6A4FE9FB94D5DEB74FAB7CFEAE17EE965DF980DCCA2D04134994F9A2E94D2265DA4FE6AA7B7AC15FACAC2B5ABBCD7DFF542C5314FDAB2E1B9D8B65220B8E2B638BE008E8DCA22678C820C5053664D15E89F2D735B51A84955E81A443545E9FF787BE
310
0FA700A76D136C27DA179A7C6E8939E01BE756E19CB292798063D8B97F44E8A27BCF3A614FEB8BE974A718E86F7EC99B53CA35FA24F61F2B07266684623A3D4CF073E511F3A10A8FDAFAF0078C577F4DF9D339FE7862E5FA47CF4344209E5BF76D783B1B48E152AD281B15FCB934DCDA49CEC5706B1EE8B460F435324A5CAD
310
154725E21AB8044B75A557A79F6C807B9340AA3D92503E866F4274412926C8C504E4D5EF8C0E68DD0B028781A6B4054F11CF18941F101C57CCC796773ABC8DED9CD91FE5788806C05E548895354AEAC96546D55B0E94A59F148D061F42AA398D822CDECA4CDE79E13469BDCC44FDC990F366BA5978C15F97ED80CBFD73B0CD
310
9B8B83A4F6845BDFBFAF034019473FB9A63BD55D3A4A7284757071574029A4D016DCCBE95DD679EF3C4880BF169422F8C89B68A988D2B13793CAED4F74DE7486C72DC94DF46B8E93D8E02EFCB1FF9B3BA10C8AE7F653DF94F4AF466CDDCEF5776687F7C4C14B63E4EED1719DC2EC482D7DBCC7AE518CDE3D5FF86D39000EC3
310
673C0044E1D308BF05F74D1B5F033A7D1BE7F74BC55BBE3E4A20F920946CA0271EB17BD2B80E5660ACB8A29A79F5E4BBA49D4D945B6EEF4A7EFEAA65E5555BBB57A7E15D2F83C69F30BBB978D2B39F1F26FC097424D39BB33CA3D87ABF64E307938B685BAD44F71556A30B7E712CA4FE600613C3E554B69ADE949A7CFE214D
310
F1FFF05CB82151EC6FC31950239F94CF7AD39DC473F6EA356E5EC2C4EFA04383CEFE985A127484366FBEE3C0EC4FEA363E4F6632AE781392FD45D67B63FB8DF70E82734F431FD3443172A0E30A83D60982D55FA6A2CF86DBA8382502ACC6CDEF3B907982EED1160E14863FA242F9757347E1544275CCDCF71ECD5F8621CBEA
310
326B8BA884AD7F825781923E66971F04010D574C541D8427A438A37EEF8AF88240EED7362C953F5A81DE2D56109CDE2524EA0F5D2F87308C0C47BD97AD605878AB8589E17CA83930CB5E0DCCD75853D68B1AB136594926DE426C367428E9334AFAFF90ECE221BB5DC9E5BB53D2CDEF954EAA9CD814F0E5725F1965DD458E5F
310
8487683AD86B9D0076BE3EE91EB1CECC5331A67A3F79D8B27587C12EC2A6A70474749F27B4C0BBAFB94B34189E88DC18964BE4121B9137FD516C7755356E50D6714E31ACD222621EBBCD1CFF81D87479056A9DA0E0B8EA19D24CF937DA89F78E8650CCBDC110AAB6C4E46DCBFD0446BA9E2060E81F314AC2031E88135E5476
310
AC0160EF5C0DD2EEF1B8B5CB2D198BE9A554A9093B5F7D7E4B5407DDFCA1D9C152FD97F55BFFFDFE802954DFEC8995B983E28AC92F1971E28F531DC407A1280EB125F64A72E617EFB27DFBCEDCDA2D6F2BDADA36873EE46B9BE1782998C63DA7182BC383FB6FD15DA472B175D7E8B4FC88F38D6E07FEAA3FA3CBB8F6B449EC
310
F14D2175E5C5CCA3A42ABF24CA6C9395AF74535F4DDB38CB84F56614B0FD32D7E19CA5CF988DB4449C40E23DF2B16772594554579094450F56F253CD25EA7F77366FB1CFE79696C428BB64D5A41E986189427E5E4D7E2DAE3D5BB4972B3DC44EAABDDDD63A2264ECFA5C786EB0EE1FDC5BE34FA0F08376869FD1E61EA06CAE
310
15191135445EE8F0394161C3266A596AA035572BB0C8876180D8B9C77D307DF9DCDF7365ABDA6F3A2366436457A4DFC1F259666569A9E4A79C817BDD5610E5200FCE894A358EC72858D50EF67545DA81C6FACE3D457BAF70367E1E6BDD9A952FB4F56247F58F523B97E640246051A72F79BE42FFA0B3187F63097F91C48B86
310
8586F714B0EBD5A00A8412C1236E1298F60C72BE6C96B82B404CADAA304AE9F303176B14BA53FBC2D5E86377E35542019E24D97B96A49B2C0E5006E7795954DEAF5DA58958839043C6C70BD3B1B33B6DC5C31316D8A6923F142E26F6711A2258AF977DDF1F970ECC4F1F2B434B96D81BEB6E89BF3BBB3C7C8CC80505070723
310
D6D7D7D3C8CA27CA164A26024FED94B12A86031867241DA53D929636DA600F050BC40CE48B8BA03D69224720DEE2ED2127390BDF5E6EA64527BBD4C4C63FA76BB801FEEC0E61218EC98A8A86CD8313781617877E66692839B9468CF4DB8E50A73986E558E309C0D6F676F921BE02F1185454DC75B111572FF9D27D85EA14C0
310
5AD7271225B391C4275659CA4A43759D0BA44639BE4C30A84DB7F67A41399FB95CBF923B1B1672ABC807C1590557FB18D811983FA97F5E609516D62281D38B1281F68FC75528C35E4CD7DF0F7DBB5E5DD69C414EBEA2F4A5B241B996BA77AE6C772E367408C633EA3E438B68563EA8BE7667F3A4C4FDEEA52ABD78A2820F44
310
3B7914A15F180018D231E64519C56A12F6CA7C8DAE18F06F6B769DBF92329EF6A5D18FBCE600F36BD8E8198DE5CDAA96181F3A756EBA5501CEE58F497EA4F418A2B82565B9BCC611713C0B708CCA1F398B78C5F7D03B3437CC18F13061F55C7BEDADD5ACB1DB0E36D3CE47FF6EA1A563A57E9649EA5D14D1A50EAA45746338
310
1C073777EF1600607BAF6428A7DDC079D47A204EF1E1F1F0589FB054D45E02CE623B3823C317C601E589E22B1E88B448524B86A82828E32345EC18AE17214B42F8C41C6D428016D9BA31DDCB47572561E5A402E5BA4FCE55F78AF7268524AA04130F3A20BA5D1E9F9948EA48FC8F5314FDB35E21898198060034ACE5E3E2BB
310
CA34092518F275190AF65F45867FF0900AA4B81F25427414C372BF51DC29AA855C5428EE1EEDD6B849AD60F6E73475C2D2523F8A2772C840A478DED18A8C5C91B085F255DC4F54EA7AA8947354FD17ECF8FB3B4A0DE7B483CAF3A1165EE05BBA413E5C1FEF3DE1D6B8F2F3F3251C17D9FCAB48A9AAF63AC773A0E413BBC46A
310
9ADF84A566FC920E4D8C52C9769EE3301CADEEEDD92B312E02E2A7E35B7F1E7D203FE5A7D75578B06E99D0E46FFADB8FDA17ED8880390DA29094202D6F645F76F6F96409CDA05495A96E84B04A00D1A6C6C81D7F3DE9376E828CCF144EE50E364ACCE7237EA0BFB5607ED1AC3CFE73794E5B61739D14DF1743441B1AC98F00
310
ECEDE9E7301FA29755FBEFA68C91EF2B314CF510537EF1ABFC9A762496280B546F5EDAAF8A5B387D469FC9A878A92828C88608453ACEC6094DCA54111E7AD5B2663DFE2DD151B7F123B9F4FEF8EE36AB125FD7AD52A59B1B765B3E3F73E3F73DEA93875004D2AFFE3CDE9493B87A9904DD052028949041A91DC0E1BA47BA71
310
4343FD5B25E0A6A09503AFC17C790058A836A324FE31D7893512E28230332F153181C1E018E1124EBE1BA262AA428A518237D1EA7275E48C5C561BD19ED6912EDD8367DA0F31E40EEAE9683DA9257525AEA7B632B97119E17145A90231768A4F3B9120FF32E8319B015E3CBE26F1A754177D8185345817C096B0CE443A955D
310
13AC15E1FB5DEEA0239EC32A3C92241A237B0B02FFCB4F93CF2B02570C8D192E2F2A68CEEB42F12E6F8CEEFF46C251E22B4341C56FB08CCE550E7A9D6F4D6564B9EA52A83D5BF2C6E03FA19D2775E15A8A7ACF30A13C259EE7F5EF2AC3BA354F1500E1A07FC63FB4686E2F12EC69719F9ECF5FE3F35598DF2CE944008CE78F
310
0911BA5BE5D0A34E0098FF038669C26030BA9B300303039852A8F6F496341737CA7E0D2E3AAA36DE0A70AA7D9CA0D54D9AD84B18A44C9E625475E1C97B93BEBB38DCE7D227E67A2D00F531436136355F243D1FC0D712C5765754FA22FCFFAE97919161F46D6E61ACB37D83777B385889770B50765B127768443A5C4D3A4E35
310
A3151111F146B7CA116F918A049F1C272F2CD7976C69A0068773451659A97E0F4A08FE604C3FF6CE7385DB19F4D3ABC8A0D80DA8A42096AC377DB49382B36E270B6FA7570188B4B7D1DDDDA82ACA487CCA5D38BD3BD039ADBAFA4ACFF27809239B722081E2EB9F145320553D183F28471C388BC8814E5045676767AB58A8E7
310
2D1CED2CA731379515D2E533E4CF0B39DFC625F97AC4836831A4DE330E87A8126FA17EBE583D614E71E22A8DBF2825599743E0640037303E8E1B1E8EA4E1ABFA4F62907B5E4E0E5DCFDAB417C36C6848A2B8D15F1E505434C0707E16B1CFC2A1C36A42BBF55734F8F4301DDC2A5110CEE8C0747F69519265012A2174BF4E95
310
5ECD4FDE095A3ABC70536B7AD0B9D7892F81287D667C108703C9B66A221E9A0929D030008F77FF6F5D2108EF5706FC87A3069B976F7C9FC3239D13D283CDEA83597461079FEEE049B0F392889898B7D87D31F8D60ED7B56B91823A8E4EDDB36C6172ECEE42BD42B12CD67994FA0F0DFAE9389356F4CD4425A4B8AA55CBF7EC
310
D585C6A2C2316791E43D5C06841ADBB226A87FD61515FFBB0167B74E56BD7F3E90A57A97FEDCBDF483A0D6699A8C0849CAEB4947FAA90D8E332D9DEBD9F4738C37DA0CAF9CF3DAA68BCB67C420459C7A64498D6E848E5CADE92BB6901F607AA331104A67F7CD650EE169B1DAE94D2C31C2F993632259B6957E246EFE4C5481
310
107B07118607700040E5812A2A2A38DA0076875258C753F60E0F2662C748EDD5F3F3686B8FC3BD6FE631ECCAA1E8B1C1E565AD117E54893E79F4672E32F9E46B2A183DFDCF3EECB4D4D077DBEA0DA254D256045109670050129E9B9B1A9E4A11344D61497A992778095151510C4BB7EF2009B63AA4360635312E4CF668B7E0
310
D3D85A8688E2BD83B569439892ADB63461930D428E0DE42E4AC57CE48DA5CC1449530D8BD3D6A0F08DF20C8E8F570F2CFFFCEA286E30969B4654D498A58D9DA782E19FE3F002181838925592C4A1EF0B332D88B61A92C644547BED490D3A42CFFAB70E36D961F694F6307F72FF15A1C79D5B1B5CEFD353D9E2B52566DEC8F8
310
F09CB3E8359C0F68EBBB7898243E34E12A015B2685AB303C04D3A9E00671FF3DFF0A184E4A2ABEB2B666AF5B3A209C73D8EF29DCDB069C9F391EEE9DD0F74C7BCDE16F8F02E3B8816122BBEB50665775B600549D8BB33A54A6BF940C028118BC6878C79958D6784F9DEAA6E26748386FFAF8D0D0101E2847B6563F5D8DC1D7
310
8F787BE00E2C941AE12148D4A81599FE8F68D4DA5CDED75530ADE138240300EE13B0FC13A1687FED6774662C05A2B7DFB186732F0D7A93545D8B0A6390AE5054D9CB582DA846D7A061B3358B45E2B52DDE63E114397EDB7E09233A579155D795BE76102CF277F4DF8B188C4F2879BEAE3C08347124BF9ED23B128259FE107D
310
31E34A652F090B30B39E0D9AF917B76A2806135621A8A60681F16AF216514BBD02711585B5B1AE823F4B2D0369EA5B6BCB863072727FFC871CA6C9AB79A814D989057E9470A3D238BC87CBB4A0EA49AFE2B86F22E499793CAA9047080450166BDC357524561E258C77CB697F1ABB32562CF87C3B7AA12F911EF19FB3E5C022
310
22E887D08202A60A17151F5E053A86B437771088B4FEE14D652C43E8D939995D34545E12E2FF93D4E366EAD25F10CB7DED141563C3D0C447AF06078A91135FD4B9611583CB4BF3BD167F2399CEAB0E0100F8FFC305F00F1711717173138B4B48C83022295DE657EFEDD97F238ECA80F528AFB4F8D67AD4E2594B9A3AA86D74
310
87EFC313BA95745C186F0CDD84CC12DC9CB0424B42203D351FD9C0A3AF10CC7F388E0329279087386421F194F4A29464C1DEF7EF8BE515E4A199DCD5B909342598D8FE6A231F71336248D5CEC5454455C7BE383B3BC7B260FED27F703FDC39A170F3827239102F59D4DEE7FEF82EAA1A5E4BA94DCC4CC44E7E2EDE20F24244
310
E4454369D2E87C3F823F193FD4FD27E1C23984B01898D15ABC20711A8A558054951A6AE280096BA36CBA439603B7B0B4C45F248C14B2383B4B5CD8ECECE4FF859AD4A6CA2326D020EF090F4041D28DB66E5256B56232CC52829DE8060BAE6BBF37D4B7469B822454FE93210A3E8D15E69FFCF01123222611C51C4FD0A041A0
310
CFA2471CF6BE38D2B20FA4C3525B5B8B586759475CF80ADFE67A284AC24651E52B8E683D24C2622642F27E7C3C22783BCF63648BC398BD6CD0D9C97E7E7E3EACB6126DB7A6C1FD9F1031302EE67ED96F22B77C7CA0239BB324207559B105E4693EB26EC46182A92C9C0DBD24F29B31C5C5AC1F84300E0E17CEEAC15F5736FA
310
4A98971E2F1423BFCD68D4BBD5F86E74B40A369F39507C88FCDB35D2DD8DEBEA4AF999E23CF2816D204200DF6E611781B9884C1AC8888B4DE397320472959434323A5A36B22A8E1F721A270DF3BD65E4A31C11FF048AFB0D8B7B6881423793963A23CFCE935FC189ED36FAE35C46DA3574C979E4394BE52084F3081837BE03
310
3396D2EBD80F1F691B273F660D2B32FA27A33B1DE4ADA5F0FA4651511102DFA410DDA86E065272CA314D5249DF91B06BB92807B28EFD54F08F7B525252782CD276DD02E6B0319B13DF87B1F6361AD6B28FC0D711CF445429B9E5A433CD493051C49A9E03DDB1B147D880253514A5DED88009018620EE229101C041950E2D8A
310
A8E1F5F5438E0C0C0C60EEDEE9E3E0C051948C69F84BB7B2A48A1F3C8EB9E6864687F4F4F6F6E2FA87608ADAF9C5E117B7C1A737E710769DA1D15ECE6A84502AA855398712D5FB51BE92E4EF824969CE18278798AC303C2C7980DD2500ADF8FB1E6D6C2FAAFF9987178923334A244758BAA01A9A1B70FA5097D01E1CC2A58D
310
AD0EC94CE6430AA9B0C10D75E3C6BAC670EFBADEE1607739CE0FC18A2587E3EC3058562014C64219C69BC269082D5C2F4A659278D585755912176D78A1B641719C2A394CED495A1AC5D583FD2F5EDD93308EA7EAE8A6DD396598BDBD3D4CFED62D18A5BDFDE0DD5C80D1A89BA62697B131AE7CE9A6594138582F1B37D68F17
310
49AC7CB67A70695D48A4A056AC1FBD4E82358CEAE38F54B95A9016F9000F9879C0D9D131768635CA798895F27D6F1614F11F2838A83611AA51C9A3DDB539D42979C29F10465655C17BEC3E2760B80DCBF609198C7B171A531905F3EC218D696025975E986C6B4C666666787271F202805577DD5A3EF0CAFAF91B62DC4B2DB4
310
217A7606282F31D8DDBC290593BAA93EA6353AFA9939B877978481E15CFC9F2755CDC00C538F63A4BA3E80AE009B73CA0185687D339A507D165B74290D6EE46D5C58148F020C3668ABE9EF2F7549170DC80DB41FFC1D678FF19AEB10C7133832B104B80F691B3138F97A92D26E551F1F110400D45AC71A9B9AC41A1A1B1DAE
310
ED0B0810638EFFB511D46B121C6FEA0F38CD00E03CFFEB9713FE1F9C263E4DDEC160D0497FA9A132BA608584057FB15380825DE6C7FC3C667EE947D488A09898D8E939C4953BF4EC9836344D2CC6B2971B2A21A572B06096F4982D2CC7232D46E8EA69DC83722E267754D777F97F96D5DA74E1E75178084D0E70F12AD33E5F
310
71EF2AFA599B2BEBF60A5BE475F444F240CBFE8143C334E7ED9150FEEFEF7EB020C4DBED388DD1D6A167A76F3CBF119B578AE8CFA7736ACAFA4440A1C47185638A0D2F3EB5BDDEFDA958FB13CE4AA4923D5BF840392D45544329525749734866684BF7F8D9D54D892E19BCA9F829A0F8BFCBEEA6CFDFC61D74EA1A645ED7A1
310
FF241739F15694BD835B66FEC5677E40FE69BD3F91AE402F036537218A401CB0828604AD189E575015C6F3F6BBC8AC79CF6C70653847254B31551EFCBEB5978B9DB85D58D0FA41A9DFE9C624834AA04949D24B5AE6D299E072D152D12097920F14AA92C31C3B97E28B6C2E6E9C23D63043ECBBC0A60FDF5BD0C33C127EA8A3
310
308B8B6AFFEB28B4455BF6E7AF4FC6222728357EB8E46E85053E6A8843AB23295BF838ABDA94658FEF3F832F147046B4ACD6F7D48E8FCC9618582961C898D1C7A253C91BFECBDA6BA18A1FCF70755DCCEE2222F41B76D23CA98D0CB3D95F0CF66D57FFF65E2A90F5DF40FC3187621E981BD0BC1D992787212688976B94A8F0
310
C6EF646624B570B78E068826F87CE27041A95C9A4871FF65CC17FCB1639629AD6A9517000D63AC231F3D741CB8430777E7ECF80CE7A3F73C0F162F7E56AA71F4DA80A33CD6ACEE78E2C11FAC03DAFCE929B106F8F6B3ED2DC71FF994BD9CEF4E9A94896EF1B6E2B7B4978168BCF0847A3D2A4F1B0500B926E634B174548E9F
310
BAD27153FB5FC36799B1E6C7C38A94E1F9E996796D7B485E635D5287A2AE76FBD11A341DB3F8F810385BB7296391973DC6C37C452A9305AEBBE0CDB6C566DB59FE60C8E94B1FD090354BF51439FFD1B48D725228FFA88C84F686F547107A7A235665A4593B7C34D748C1AC8D56DD5DA861EEFBADDECBBD65117E65851F9035
310
1AEB65F0EFCFF4BCFEF24CB7A5879699FAC437A7AF9099186CF006BB923A59E37D7A36A29FD8D2CBB914A5E9D0A8FD212FBF796AE9A67958FF1D5D8B85F78F96219D4714EB919929241B6C018AAE0C02069F8D919961EC5DDFBFB7573E3AC8E08BFB7C8534BE6DE045B3CD63DBD71F7638BA2309CAE398EA3A7D8F98BBBC7A
310
EB367EFA5CFA27A9F8F2F52FE878058E6209C026453F8E7E8A237DFC389E9590F6059B397CFD65183BBF936E86896612A5B5FEE49DAC8455D026218AFEBEC12B3523A45B57B82C9C97E02ACFA1184DB18E48CF615DBF39C3CC6F0B4AE6BBEEA2E39D944E290302FA3DE33FA7E40296E2EF7BF1CD855BBECFAD0FD622BEE974
310
6FC4FDFDE545AE6E3BC234CADF83A0FB76DFB145BF3828AE3436368AC24989454F8FF70A177672C711CAA1A76107218CF948CA01F873520E7A2B118EBB161ABAD432932029628B6761590C98AB590C8C8C79798CE9F715BA696E839E9131A4BB68BE923F1747FBFF165331FFDD4D05997ACD168F12CA75348DAC04C7F509FE
310
83898A8B421181AF492861CE81E4A2DD0A30850CFA95E05F097FF70F9E777310D584A75BA7018922E271DAB1D785671157685B7D383D3E074DDB4F1E44EF04B07BAAC75A062077C54B9752C738C9D804D402E02851F3F89605AF189738C18C021D2139EAF72513824E10DDD3047BACC8521ED7E98B257D1166903B1B08FA6F
310
918FD7E162913FEC7D0EF4787E29C35FBA8C6E2C9C20E9AB30AE42CA2A01A090E7D010C1B5BF9CEE2A304BF3A987FB40D836979B79E18D70F257DA61E808472DD85B82761825779D6B90CAEB0F23360C6F80A7D7D77545E95B3DFF0CF96A827F9B5BCECD2C9698718417EF80FEEDEE938AFF55859D0D540B7FE09435583A6F
310
04874A0C7E8CF234DF4879722000167F5872CEC6BF3EF7E5A8CC8121E6A359227C8A29C95212F9F735BC72A887D56B8F309FC525BFB4FD767AAEC4AEFF249CFBBD2DE1AB9969A6155C7D8DABC307E47324C1F916C7BCFF40ABA5644E9FFB9238D19ADADA49D9610F01ABBA57E4DFCBDCCBB2B93C8953206C91DE01B0E2651A
310
6D6C31721915B31F7B7CBCE55466F6D70402788FA91D73BE4ADCBA99A35F17D6B83383704917D6833F0FA3CD45C926ADB8BC17999A4A0AFBCE2541F7B8CF4C2F5FBA611B3E626D64407CB32C122DFF4EF8674D6EDBB86C8F7C6A16D50FA685E2CCA34F8F7D1D8265BB0042E9D7F1F666F7BE5FAA5184DF58E12122A42EF02F
310
461B3F369AC746F96528AD208512AB56844CF75B97F352DF7995024FB02855385854F3798670D01CAC771AC3E1889EC25F61A20C1F8CAB46898817F9C47E2CDA1F286BF2F358298709FE567C91133E2638C8B53975E753EA8BFD3578B5F7186B7BF084EBA3F77BAC3132A5779902EC22AF2D2E79F42D324E083386DAEE9810
310
D1B44A5DAA54513C7A71E52A4AB9257D975B621308FE4D2141CC3DCFE946C154A3C1DFCCA7629EC69ACFA831634ADDA93C0388D2A9A2DDAFCF957C6995BCE7FBB6DC4EBAE79E63EB08E9A25F52F67076F7093CA545CA3053B5BF576DEAD4E0017143C5F759F32B2D6F145B52B67B48909B7C7FCA6586EE385A2189C16932CB
310
6DDFD9152AE317C430492A578ED27B72D85D40C7C93C097939E1B50F4D67F05334FE9DC362C30B7FF561B95259138ECFD9274C8D695C31B14D4EAA9F3D7FA8DDF652F8C5DEFA23284C799B7D94416DEE81E05A866302DC70192A5368EA65E1CED8BF107A1E2D3119A71E85DC1A7B0C1E93274CE04DD0F2ABC8AC7C987FDB00
310
2B6F81757B43502EF7A0D92E416494FAEEA4C9C090CD9557AA4D532F4996A272B94355C5A0E4974EEA9627476F30809B94D8D8D860062E02204643BEC7D0438AF800FC7E2B26955D595421E83C69E1A07E0E3122285835F014AD538188CF9737CE76D464A353FA55A001AB2526B84E985083693BC76FE211CA1D000679C889
310
E3C009832C87E1AC2EDD05C302557422DF0800E316FCAC86978A371F025A6C7DAA9F333E7BD160403A1A06EA75AA9888FF01504B03041400060808002E5FBC4851464CB48900000043010000360000006662782F31463730453032382D463543312D344437432D424541452D3644314641364231383332372F646972656374
310
6F72792E786D6C9D8F310EC2300C45AF127987122606C71DD918B841D4B851A43646695A717C52A85029031293A5A76FBF6FACEF7DA7264E43906840EF0FA03836E242F406C6DCEE4EA06AC22492573150D1F66C60C640E8938CB705396EEDD86DE9B5042FE27813D640EA63BB001C722AF6E55CB61E4863F58284D5D3F53D
310
D715CE1C3985E63FD7F1B7EBDD617E9F1E504B03041400060808002E5FBC4881E7E52C38070000201C0000340000006662782F31463730453032382D463543312D344437432D424541452D3644314641364231383332372F6F626A656374732E786D6CDD59DB6EDB3810FD1542FBB2FBA09B6F890BC5456CC78551A40D6A74
310
B16F022DD30E37BA81941267BF7E8714294BB26C2BD9162836051A87A686336766CE0C47DEC77D14A267C2384DE21BC3B51C039138483634DEDD1879B635AF0DF471823C962459659F81621C911B432C1B136FC7923C554B1BB2C579D85C5D4CFF423C203131501062CE6F0C1E3C92085B38CF920DE14FD60667D8DA6DF796
310
6B151BEB62770CA78F8DA352CC489C81AAB01E8314A5815BFF134CB2279E2D36D4B6F5BA6DEB9FD9664BC3EB8AD29867380E8EB46AC8E975D3AAEF0EE677BDE1D81C0E067D7330EAB9E674319D9BEE55DF998D66B3F1EDDDD840136F9D2461E98094C41BF0E2AB31713D5B7C539AAF5068D33B48E298040ACDB60D1BA2E452
310
C29B98D48075A569158714B65616FA1D8D3FB1AD132835956A686BE3F4EF6AF426EBBF0104DE254A192722CA79C6C0D70AFB221F1CCF2E566B7EA11C4538238CE2108574CD300307C1D6C2413531225B84282430935ED4F2AABA42605FCEA5362DB779188AFC352632D37CC8479271A919FD87B083F6D5D34027B036A77176
310
AD8CCD5E531031F66CB9587CD7EFA92F0B20D136C43B881630536CEAF71A78CD04172CE7C6E4F362BD5F097E683F3C65494A5826224F26B3CA3BEDC14A6841F07500A5C0B5EEBB032ADF00FA2F807CA90BF2C0738CEE07FB81B69DE1986F1316817790834C07FE7390F878F4C9B3CB872708D5B8F214A690B63F08D39A19B5
310
B32B904EBC6708FA84F59571AB008710D3F73416790E8182C2049680EFB7EBBD31590299C2223C8543B01EFE79B6F888E0572107F8A6E1A136FAEDE0289D30CD3C3BF8EA13C40CA341E9AA9A8DA7F01DFE107C6FE7ABCFAB9C6D7140EE5562CFC996C6348362DAAE500DF45ACA7F5F7E911979644F6D5700E7EC12411C2D7E
310
5929BF20E9185045D4E1C23572E59E42BA87218E499273B5DE4654411226CC5FBFFA450EB79EF5A70E82E230C86F1101AD6406D53D603415A01813655EC984D60127C1832A00778553FD350E9E04BC7E008CF51E3D206A316B0ACDA3D4C75192C782BE8FC3BB699AD577E48FEB8E7BCEB8773D1E6963B914AFB3475343A9BC
310
3827C2E9894366356F29D6D0928B3C1A005BB6591040CF94677E92E28066EDB1D030426528807D56E50DDD6E730EA4DE0A4B4363ABEF0E9153F9BF3CE4BCF6EA109F467847FC2D1615AEF5BC1A40A5706D412B32BB30E19CC684CB0EE588B91AA83816104111B75A6A4B1052EE4724C3EF893F59F21AE1C7C836F4A197CA44
310
377B39FAB482AA7A9E92283AB724F6A5FDAF3EC7511A165DDA250CDC5EE384565C85D2E2886788371F67BEB321B2E9BE24BDE4058D6F27E9E3778B3F010FC33F1D1E7D0485D61B6AE465CFBAD6D01D8B9F6B2095D1D0ED5F69475CC24A1F95891E24CCA16B0A5EFD1742778FDD08ADD3399C845B9F86611EF9453DC848042D
310
18CE72D6295F4743E7C8F98A171A095139694B4368903B93A6EC3D74F70156C9E6E31469568E01A3680C77B44E861C59D11AC2D217F23E2AAE5D97BDFF76A9FF992FABF79427F2FA92B04DABA6F536427760BA611074A92A5C194752F2C4AB265F242F2E97711868218ADF8A5B828A10469EA9184CC81B50EBFD81BFE02C00
310
225DC9DFE61432624336879EA2264E8D398C091CAAA5E93EB57AD301B213E5A3D6782D05A146306DC08267EFC587F01B065743E7C76DD5D5D8C5FA5214360B062B073DCEC8FAFA69D590022B9D9F7E101891978604B53A138DDC1951DF97877EB5214159F47D79E6F1EC318FD631A6A2328AB0C09BF4C3477997BCB1E1A260
310
BB8B2BE7CEE95D9B8BE1CC3507F3AB9939BDBBBD33477377713B9ABAD7FDDE95CD084F7216106EF76CC7D7BD531AEF746014D075B951C054E1F2D54FC773D3C1FFE31B4598ACF1A958FC552F1465BB271AB2462E76BD50B412F5FA6DDDBF7B44D4ED45EC4D9D73312BD0017EBE6C0119E97ADFBDB5D0A27527D1AE73A522BE
310
B1F09EBCADFCF41A5323F4D6FA50DBD146F9752E86D9534B95D2B75BC96BB3C170BE588C80C29CD19D39E8F7A6E6EDE0AA6FBAA3F1B037BD1A2DDC4159C69A6C75A9AEFC121CAA8B60658C06D3609E841486F264837624811B104C1D3AF02B8B0897371B68005419D76F043A3CFD5CCC5433BC0EF5D3C12386C174A82A721E
310
C050146E1D37865A47BFC118544C22E570CA7A82C2A3A2DD4039A33706844046A1BE586B1867C9E1A194DE185742E0E27827EE4CC553E5DF87C7043A102B07BBCA3D5D705196D5A2138603A97C4F006CA71B92F79BAED54138838FEB3C2B8D392C1CAC5120E81702857130F57B52F0EE8178CEDBE55A724F0D924E93F9B371
310
50483533CC7672BC5EC1FB76FE608BC9F8F22B4AC37C27DC79AEDED72499A2CF08F36208E541602833532CEEE1B30FF6034BE015538416148200FDBEBF1EFD61CF92284AE262C9BE552FAAD0EA115E3B6D6C3DF283C6C57147B6EC7BD4581FE6569C5878C39F60015CCBA8988D1610D702A0A4A74A00688F085FC063B5FDCB
310
395245A0D2C2562946C02367FA081249BCCB116953DD501940422E8056F2CBC307BDE0D90C86E0937F01504B03041400060808002E5FBC4835459555E2000000550100003C0000006662782F31463730453032382D463543312D344437432D424541452D3644314641364231383332372F7265736F75726365732F322F636E
310
782E786D6C4D90DD6A032110855F45845EAE3F0B69D3E09A97C8556F82D58995EC3A8B3FA57DFB6A6AA157339CF3319C39EAFCB5ADE413520E18172A99A004A24517A25F682DB7E948C959AB8458FE619444B3C142BB4CB5F209EB3E24073753D7AEAE21DE8728AE1E22A460AF7BF494D8D5E4BCD06C3F6033CCD4820EF29D
310
39530C932C41C69A2CB413256C304ED804A680A37A16F2791287693E5EA43C1D5E4EF3EB9BE29DD4EA1D711D7C880512EE4FB3B0D8D6D81209C53BA0554D6150FD8D66FCC5632D9EE2CDD62A97D43A1858F9DE1B1636E3813F905F572BDE9F6CE3D1409BBD10FD03504B03041400060808002E5FBC48FF15A4A45D00000080
310
0000003A0000006662782F31463730453032382D463543312D344437432D424541452D3644314641364231383332372F7265736F75726365732F636E782E786D6C4D8B3B0E80201005AF42B6F75B59F0390B113044D83508C6E30BC6C26AF226F3B8BA6360974DA7271430F523308B2B198F9B80925DB700539227A2FCCB80
310
A18E5640D320F996A81C9F32D6E9129A0D1EF74FCE750E6D57BC7165FBCA07504B03041400060808002E5FBC482A7FA1194301000056050000300000006662782F31463730453032382D463543312D344437432D424541452D3644314641364231383332372F636E782E786D6CCD944D4EC3301085AF12596219E7472A94CA
310
7125169C800562E738D360EAD8913D46F4F6D8256D41A88245A476678D3F4BEFCD3C0F5B7F0C3A7B07E795350DA968493230D276CAF40D09B8C997245B73E6ACC56F18C98C18A021A94C38EB9D0DE354EA6023824E55ADCC762A0A44A7DA80E04926B5F0BE215EBEC220A808683BF05BDA0914B4A20EBC0D4E427C8F6A80E9
310
BD7420103AC2EBB2BACDCB455E2F9FAA6AB5B85BD5F72FAC482467ADB57AE295417076BCA94B69E3D14439252B12C059706AA29207C24FDA68AB0C2BE23D673EEA35FDC4E16E4CDC386A2505C646155622601E2110032BBE60CE8AE4F887EFC787E7938678EA940389D6ED2ED686EA5C1B8ED2684CC4FFBAB007FF326FDBB7
310
68F972733F6B7812369BDD43727D8CEEEF24C43C09D3EB6BFC004769F3E73F2E1654F21A4D1F94CDE4B9D8AFC038F8B411F927504B03041400060808002E5FBC489833E8EB7F000000A30000000B0000006662782F636E782E786D6C4D8C4D0EC2201805AF42BE3D0A550B0B4AD31FB847636943A460B0188F2F982E5CBD64
310
F26644FBD91C7A9BF8B2C137404F0490F1F7305BBF3690F6057340AD143184FDEF06C84F9B69A06090628D213D0F349B654AAE5067FDE3805433A248C5B1BE0D145F4736E05E750AD723D55DDD537EA95836CE45C9F3EBE52D79F905504B03041400060808002E5FBC48A6D797065F0000008200000007000000636E782E78
310
6D6C4DCB3B0E80201045D1AD90E9FD7516806B51190811670C8A61F982B1B0BAC9C97B72CA7B1037C6D3332918DA1E04D2CAC69353902EDB8C20262D23F3F59B81A079470595414B17391D1F19B4730A5583A7ED43BBE4025D9592775E5ADFFA01504B03041400060808002E5FBC48ECFD112DA80000002601000013000000
310
5B436F6E74656E745F54797065735D2E786D6C7D4F4B0EC22010BD0A61DF525D18634ABB506FE00510A79458060253536F2FD89D5197F3FED3F68B9BD80362B21E25DFD40D6780DADF2C1AC9671AAA3D677DD75E9E0112CB5A4C928F44E12044D22338956A1F003333F8E814E5331A1194BE2B0362DB343BA13D1220555432
310
78D79E6050F344ECBC6478EDCD76CE8EABAE5449AE4298AC56946789C28AAFBEABC53F3EAF09A84A1441B91F0101CD4780756578C173A578FFDDBD00504B03041400060808002E5FBC483DEE336E64000000790000001B0000006175746F6465736B2D64657369676E2D7061636B6167652E786D6C35CBC10E83200C00D05F
310
21DCA56CA76D41FC96062B120735B69A7DBE268BB7777961F8D5AF396893C2ADB70FE7ADA196782C2DF776D7A97B5933C430F15651E5469C55D70F80A4992A3ADC954792C525AE70A1E4D6AD9816CC044FEFDF01FE3FDE907802504B03041400060808002E5FBC48EE4FBE13F50000008E0100003D0000006662782F314637
310
30453032382D463543312D344437432D424541452D3644314641364231383332372F7265736F75726365732F322F636F72652E786D6C8550CB6E833010FC15B477830D098FC8384A0BF9829E7AB38C43AD041BF951F5F36B072AB5A79E76353B33BB3BF4FCB53CB24F699D32BA079263C8A41666527AEE21F81B6A213B336A
310
8DF1BF689069BEC81E120C8CCED684758784D15EEA846A33C91DE4CE490F9978C4A607273EE4C2731E7C64B87BBE7271E7B3CC49BEF1180D414DBB544DD14DDD94B4C0F06518EBAE3DA0A1797D4187A11B513BD6188DDD955CAA0A37DDB5A4451233EAD5F2B35D58C9BD9C809598D4081F51D9BE11723A36A7B27BA7456232
310
EABC8D3FEF4BD377914E8B0DFDE316D6E97FB7A0B4AFCADD6D533860241EF71C305AA474627946176B4A927D03504B03041400060808002E5FBC4855C965EEFA000000960100003B0000006662782F31463730453032382D463543312D344437432D424541452D3644314641364231383332372F7265736F75726365732F63
310
6F72652E786D6C8550CB6E833010FC15B477834D1E40641CA50DF9829E7AB3CC865A0976E447D5CFAF1DA8D49E7ADAD5ECCCECEEF0E3D77C2F3ED1796D4D0FACA450A05176D466EA21862B69A1380AEEAC0DBF68501839630F1906C12767E363859435014D468D1D7105A5F718A050F7D4F4E0D507CEB294312486BF950FA9
310
6E72C292950B4FF018F5B84AF598DCF455A303414FE761DFB55B726E5E5FC8F6DC0DA41DF6940CDD859D361BDA74979A57592C78D0F3CF76E550061C41D494ED09DD91BA7D63ECB06B0E75F7CEABCC14DC07977E5E97E6EF4038F4363A859E57CBF48F6B7C8CFFBB466DC2A65E5D178507C1D291CF81E0554E29956784A9E6
310
44C537504B03041400060808002E5FBC488F75BB2AF2000000B1010000310000006662782F31463730453032382D463543312D344437432D424541452D3644314641364231383332372F636F72652E786D6C8D50C96EC32014FC158B3BD8907A698489B2D85FD0536F0888831283C552F5F30BB12BB5B79C1E9A37C3CC1B7A
310
F89E1FC597725E5BD3038C2A502823ACD466EA410C57D881E2C0A8B336FCA181C2F059F520C380D1C9D9B86C90B02628935163A5DA40EEBD0AA0108FF4E88117373573C463480C7F470B17773E2984D1CA6334E8F9572A9CE24149C048851B58D590741F18EFEB764FDE3F6999998CC6A8E566A56572D757AD1C60786CABA1
310
221D1CEB33866F97F60C4FC37180CD058FC7E684BB1D696999C58CFAE0D2CDDB27F9BA57E5ABF05FE6B8C817326B137664335C153E79A63CCF05A3652E308D67BB69E6B2D90F504B03041400060808002E5FBC48919E0C0855010000DD0200000C0000006662782F636F72652E786D6C8D52CB6EC32010FC158B3B7EE56547
310
98286D9C2FE8A93702C445B1C1C260E5F30B7EC8F5A1696509A3D9DD999D11E8F46CEAA0E7BA134A162009631070491513B22A8035779881E0849156CAFC680381240D2F808701469556B69D20AAA4E1D2A352313E81A4EBB80101ADDDA5001DFDE20D098935AEA37B842DA10F52F13009C73E8CAC156C1A15CCB189BBE01A
310
E0F87C29F779B68597C3FB1BDC5EF21266E53E86657E4DCE9B4D7CC8AF298AFC30464634B33AD59C18CE004EE3640FE31D4CB38F2439EE0EC734FF4491EFC4A833DA799E44BD3B80EFB7278A467CC5675BF6379F15D26CD2896F9CE8004EDC7A4301A3C8E7E37E4378EB0C9DB0CBCF905B3D5B7838A8E7D428BD7515A6EC52
310
EA496DB9A38E83E143D15875CC03C16F3CE90B9ED71C2E28222BB71A31EE7AB3C6ABAF776AB986BD790652E986D4CB72E38ACBB908AD2CCDE354D54AFF677AB63A8719F98789BF01504B03041400060808002E5FBC485BBA565D08010000B201000008000000636F72652E786D6C8D504B6EC32014BC0A628F0D76E24F8489
310
D2C6394157DD51431C141B2C3E517BFB42EC4AEDAEAB8766E6BD19861E3FE7093CA475CAE80E920C4320F56084D2630783BFA2068223A3D618FF4B0681E6B3EC608221A3A33561D9A0C1682F7542B5117203B973D243304CF1D14137DCE4CC331E7C54B87BB6F0E1CE4799916CD531EAD5FCB33A58C9BD149015985408EF51
310
D1BC1172D8D787A27DA77952321A82129B9512D15D5D95B490E1D3B9AFDA6687CEF5EB0BDA9DDB1E357D8551DF5EC8A92C71DD5E0A9AA765469DB7F1CFDB9198D303C71FC997E62BC5E88731D32688A104307AFA8A26344FC49FD06111FF08ADB42F8BEDE0BAE1202331D09388C6A9C1389EF5C699DA66DF504B0102140014
310
00060808002E5FBC480000000000000000000000003700000000000000000000000000000000006662782F31463730453032382D463543312D344437432D424541452D3644314641364231383332372F617474726962757465732E62696E504B010214001400060808002E5FBC480000000000000000000000003500000000
310
000000000000000000550000006662782F31463730453032382D463543312D344437432D424541452D3644314641364231383332372F76657274696365732E62696E504B010214001400060808002E5FBC48F270F13306000000040000003600000000000000000000000000A80000006662782F31463730453032382D4635
310
43312D344437432D424541452D3644314641364231383332372F747269616E676C65732E62696E504B010214001400060808002E5FBC4888E57597CD3F0000904100004200000000000000000000000000020100006662782F31463730453032382D463543312D344437432D424541452D3644314641364231383332372F72
310
65736F75726365732F322F305F67656E657269632E706E67504B010214001400060808002E5FBC4851464CB4890000004301000036000000000000000000000000002F4100006662782F31463730453032382D463543312D344437432D424541452D3644314641364231383332372F6469726563746F72792E786D6C504B01
310
0214001400060808002E5FBC4881E7E52C38070000201C000034000000000000000000000000000C4200006662782F31463730453032382D463543312D344437432D424541452D3644314641364231383332372F6F626A656374732E786D6C504B010214001400060808002E5FBC4835459555E2000000550100003C000000
310
00000000000000000000964900006662782F31463730453032382D463543312D344437432D424541452D3644314641364231383332372F7265736F75726365732F322F636E782E786D6C504B010214001400060808002E5FBC48FF15A4A45D000000800000003A00000000000000000000000000D24A00006662782F314637
310
30453032382D463543312D344437432D424541452D3644314641364231383332372F7265736F75726365732F636E782E786D6C504B010214001400060808002E5FBC482A7FA11943010000560500003000000000000000000000000000874B00006662782F31463730453032382D463543312D344437432D424541452D3644
310
314641364231383332372F636E782E786D6C504B010214001400060808002E5FBC489833E8EB7F000000A30000000B00000000000000000000000000184D00006662782F636E782E786D6C504B010214001400060808002E5FBC48A6D797065F000000820000000700000000000000000000000000C04D0000636E782E786D
310
6C504B010214001400060808002E5FBC48ECFD112DA8000000260100001300000000000000000000000000444E00005B436F6E74656E745F54797065735D2E786D6C504B010214001400060808002E5FBC483DEE336E64000000790000001B000000000000000000000000001D4F00006175746F6465736B2D64657369676E
310
2D7061636B6167652E786D6C504B010214001400060808002E5FBC48EE4FBE13F50000008E0100003D00000000000000000000000000BA4F00006662782F31463730453032382D463543312D344437432D424541452D3644314641364231383332372F7265736F75726365732F322F636F72652E786D6C504B010214001400
310
060808002E5FBC4855C965EEFA000000960100003B000000000000000000000000000A5100006662782F31463730453032382D463543312D344437432D424541452D3644314641364231383332372F7265736F75726365732F636F72652E786D6C504B010214001400060808002E5FBC488F75BB2AF2000000B10100003100
310
0000000000000000000000005D5200006662782F31463730453032382D463543312D344437432D424541452D3644314641364231383332372F636F72652E786D6C504B010214001400060808002E5FBC48919E0C0855010000DD0200000C000000000000000000000000009E5300006662782F636F72652E786D6C504B0102
310
14001400060808002E5FBC485BBA565D08010000B201000008000000000000000000000000001D550000636F72652E786D6C504B050600000000120012002D0600004B5600000000
  0
XRECORD
  5
17131E
102
{ACAD_REACTORS
330
171319
102
}
330
171319
100
AcDbXrecord
280
     1
270
     1
271
     1
  0
XRECORD
  5
17131D
102
{ACAD_REACTORS
330
171319
102
}
330
171319
100
AcDbXrecord
280
     1
270
     1
271
     1
  0
XRECORD
  5
17131F
102
{ACAD_REACTORS
330
171319
102
}
330
171319
100
AcDbXrecord
280
     1
270
     1
271
     1
  0
XRECORD
  5
17131C
102
{ACAD_REACTORS
330
171319
102
}
330
171319
100
AcDbXrecord
280
     1
270
     1
271
     1
  0
XRECORD
  5
2EEED0
102
{ACAD_REACTORS
330
2EEECF
102
}
330
2EEECF
100
AcDbXrecord
280
     1
102
DISPLAYNAME
  1
Imperial24
102
FLAGS
 90
        0
  0
XRECORD
  5
2EEED4
102
{ACAD_REACTORS
330
2EEED3
102
}
330
2EEED3
100
AcDbXrecord
280
     1
102
DISPLAYNAME
  1
Metric50
102
FLAGS
 90
        0
  0
CELLSTYLEMAP
  5
2EEECE
102
{ACAD_REACTORS
330
1ABE49
102
}
330
1ABE49
100
AcDbCellStyleMap
 90
        3
300
CELLSTYLE
  1
TABLEFORMAT_BEGIN
 90
        5
170
     1
 91
        0
 92
    32768
 62
   257
 93
        1
300
CONTENTFORMAT
  1
CONTENTFORMAT_BEGIN
 90
        0
 91
        0
 92
      512
 93
        0
300

 40
0.0
140
1.0
 94
        5
 62
     0
340
11F68A
144
0.25
309
CONTENTFORMAT_END
171
     1
301
MARGIN
  1
CELLMARGIN_BEGIN
 40
0.06
 40
0.06
 40
0.06
 40
0.06
 40
0.18
 40
0.18
309
CELLMARGIN_END
 94
        6
 95
        1
302
GRIDFORMAT
  1
GRIDFORMAT_BEGIN
 90
        0
 91
        1
 62
     0
 92
       -2
340
0
 93
        0
 40
0.045
309
GRIDFORMAT_END
 95
        2
302
GRIDFORMAT
  1
GRIDFORMAT_BEGIN
 90
        0
 91
        1
 62
     0
 92
       -2
340
0
 93
        0
 40
0.045
309
GRIDFORMAT_END
 95
        4
302
GRIDFORMAT
  1
GRIDFORMAT_BEGIN
 90
        0
 91
        1
 62
     0
 92
       -2
340
0
 93
        0
 40
0.045
309
GRIDFORMAT_END
 95
        8
302
GRIDFORMAT
  1
GRIDFORMAT_BEGIN
 90
        0
 91
        1
 62
     0
 92
       -2
340
0
 93
        0
 40
0.045
309
GRIDFORMAT_END
 95
       16
302
GRIDFORMAT
  1
GRIDFORMAT_BEGIN
 90
        0
 91
        1
 62
     0
 92
       -2
340
0
 93
        0
 40
0.045
309
GRIDFORMAT_END
 95
       32
302
GRIDFORMAT
  1
GRIDFORMAT_BEGIN
 90
        0
 91
        1
 62
     0
 92
       -2
340
0
 93
        0
 40
0.045
309
GRIDFORMAT_END
309
TABLEFORMAT_END
  1
CELLSTYLE_BEGIN
 90
        1
 91
        1
300
_TITLE
309
CELLSTYLE_END
300
CELLSTYLE
  1
TABLEFORMAT_BEGIN
 90
        5
170
     1
 91
        0
 92
        0
 62
   257
 93
        1
300
CONTENTFORMAT
  1
CONTENTFORMAT_BEGIN
 90
        0
 91
        0
 92
      512
 93
        0
300

 40
0.0
140
1.0
 94
        5
 62
     0
340
11F68A
144
0.18
309
CONTENTFORMAT_END
171
     1
301
MARGIN
  1
CELLMARGIN_BEGIN
 40
0.06
 40
0.06
 40
0.06
 40
0.06
 40
0.18
 40
0.18
309
CELLMARGIN_END
 94
        6
 95
        1
302
GRIDFORMAT
  1
GRIDFORMAT_BEGIN
 90
        0
 91
        1
 62
     0
 92
       -2
340
0
 93
        0
 40
0.045
309
GRIDFORMAT_END
 95
        2
302
GRIDFORMAT
  1
GRIDFORMAT_BEGIN
 90
        0
 91
        1
 62
     0
 92
       -2
340
0
 93
        0
 40
0.045
309
GRIDFORMAT_END
 95
        4
302
GRIDFORMAT
  1
GRIDFORMAT_BEGIN
 90
        0
 91
        1
 62
     0
 92
       -2
340
0
 93
        0
 40
0.045
309
GRIDFORMAT_END
 95
        8
302
GRIDFORMAT
  1
GRIDFORMAT_BEGIN
 90
        0
 91
        1
 62
     0
 92
       -2
340
0
 93
        0
 40
0.045
309
GRIDFORMAT_END
 95
       16
302
GRIDFORMAT
  1
GRIDFORMAT_BEGIN
 90
        0
 91
        1
 62
     0
 92
       -2
340
0
 93
        0
 40
0.045
309
GRIDFORMAT_END
 95
       32
302
GRIDFORMAT
  1
GRIDFORMAT_BEGIN
 90
        0
 91
        1
 62
     0
 92
       -2
340
0
 93
        0
 40
0.045
309
GRIDFORMAT_END
309
TABLEFORMAT_END
  1
CELLSTYLE_BEGIN
 90
        2
 91
        1
300
_HEADER
309
CELLSTYLE_END
300
CELLSTYLE
  1
TABLEFORMAT_BEGIN
 90
        5
170
     1
 91
        0
 92
        0
 62
   257
 93
        1
300
CONTENTFORMAT
  1
CONTENTFORMAT_BEGIN
 90
        0
 91
        0
 92
      512
 93
        0
300

 40
0.0
140
1.0
 94
        2
 62
     0
340
11F68A
144
0.18
309
CONTENTFORMAT_END
171
     1
301
MARGIN
  1
CELLMARGIN_BEGIN
 40
0.06
 40
0.06
 40
0.06
 40
0.06
 40
0.18
 40
0.18
309
CELLMARGIN_END
 94
        6
 95
        1
302
GRIDFORMAT
  1
GRIDFORMAT_BEGIN
 90
        0
 91
        1
 62
     0
 92
       -2
340
0
 93
        0
 40
0.045
309
GRIDFORMAT_END
 95
        2
302
GRIDFORMAT
  1
GRIDFORMAT_BEGIN
 90
        0
 91
        1
 62
     0
 92
       -2
340
0
 93
        0
 40
0.045
309
GRIDFORMAT_END
 95
        4
302
GRIDFORMAT
  1
GRIDFORMAT_BEGIN
 90
        0
 91
        1
 62
     0
 92
       -2
340
0
 93
        0
 40
0.045
309
GRIDFORMAT_END
 95
        8
302
GRIDFORMAT
  1
GRIDFORMAT_BEGIN
 90
        0
 91
        1
 62
     0
 92
       -2
340
0
 93
        0
 40
0.045
309
GRIDFORMAT_END
 95
       16
302
GRIDFORMAT
  1
GRIDFORMAT_BEGIN
 90
        0
 91
        1
 62
     0
 92
       -2
340
0
 93
        0
 40
0.045
309
GRIDFORMAT_END
 95
       32
302
GRIDFORMAT
  1
GRIDFORMAT_BEGIN
 90
        0
 91
        1
 62
     0
 92
       -2
340
0
 93
        0
 40
0.045
309
GRIDFORMAT_END
309
TABLEFORMAT_END
  1
CELLSTYLE_BEGIN
 90
        3
 91
        2
300
_DATA
309
CELLSTYLE_END
  0
ENDSEC
  0
SECTION
  2
ACDSDATA
 70
     2
 71
     6
  0
ACDSSCHEMA
 90
        0
  1
AcDb_Thumbnail_Schema
  2
AcDbDs::ID
280
    10
 91
        8
  2
Thumbnail_Data
280
    15
 91
        0
101
ACDSRECORD
 95
        0
 90
        1
  2
AcDbDs::TreatedAsObjectData
280
     1
291
     1
101
ACDSRECORD
 95
        0
 90
        2
  2
AcDbDs::Legacy
280
     1
291
     1
101
ACDSRECORD
  1
AcDbDs::ID
 90
        3
  2
AcDs:Indexable
280
     1
291
     1
101
ACDSRECORD
  1
AcDbDs::ID
 90
        4
  2
AcDbDs::HandleAttribute
280
     7
282
     1
  0
ACDSSCHEMA
 90
        1
  1
AcDbDs::TreatedAsObjectDataSchema
  2
AcDbDs::TreatedAsObjectData
280
     1
 91
        0
  0
ACDSSCHEMA
 90
        2
  1
AcDbDs::LegacySchema
  2
AcDbDs::Legacy
280
     1
 91
        0
  0
ACDSSCHEMA
 90
        3
  1
AcDbDs::IndexedPropertySchema
  2
AcDs:Indexable
280
     1
 91
        0
  0
ACDSSCHEMA
 90
        4
  1
AcDbDs::HandleAttributeSchema
  2
AcDbDs::HandleAttribute
280
     7
 91
        1
284
     1
  0
ACDSRECORD
 90
        0
  2
AcDbDs::ID
280
    10
320
171356
  2
Thumbnail_Data
280
    15
 94
     1922
310
89504E470D0A1A0A0000000D49484452000001000000007408030000005D681C3700000300504C5445212830000000C8C8C80000000000000000000000000000000000000000000000000000330000660000990000CC0000FF0033000033330033660033990033CC0033FF0066000066330066660066990066CC0066FF0099
310
000099330099660099990099CC0099FF00CC0000CC3300CC6600CC9900CCCC00CCFF00FF0000FF3300FF6600FF9900FFCC00FFFF3300003300333300663300993300CC3300FF3333003333333333663333993333CC3333FF3366003366333366663366993366CC3366FF3399003399333399663399993399CC3399FF33CC00
310
33CC3333CC6633CC9933CCCC33CCFF33FF0033FF3333FF6633FF9933FFCC33FFFF6600006600336600666600996600CC6600FF6633006633336633666633996633CC6633FF6666006666336666666666996666CC6666FF6699006699336699666699996699CC6699FF66CC0066CC3366CC6666CC9966CCCC66CCFF66FF0066
310
FF3366FF6666FF9966FFCC66FFFF9900009900339900669900999900CC9900FF9933009933339933669933999933CC9933FF9966009966339966669966999966CC9966FF9999009999339999669999999999CC9999FF99CC0099CC3399CC6699CC9999CCCC99CCFF99FF0099FF3399FF6699FF9999FFCC99FFFFCC0000CC00
310
33CC0066CC0099CC00CCCC00FFCC3300CC3333CC3366CC3399CC33CCCC33FFCC6600CC6633CC6666CC6699CC66CCCC66FFCC9900CC9933CC9966CC9999CC99CCCC99FFCCCC00CCCC33CCCC66CCCC99CCCCCCCCCCFFCCFF00CCFF33CCFF66CCFF99CCFFCCCCFFFFFF0000FF0033FF0066FF0099FF00CCFF00FFFF3300FF3333
310
FF3366FF3399FF33CCFF33FFFF6600FF6633FF6666FF6699FF66CCFF66FFFF9900FF9933FF9966FF9999FF99CCFF99FFFFCC00FFCC33FFCC66FFCC99FFCCCCFFCCFFFFFF00FFFF33FFFF66FFFF99FFFFCCFFFFFF0000000D0D0D1A1A1A2828283535354343435050505D5D5D6B6B6B787878868686939393A1A1A1AEAEAEBB
310
BBBBC9C9C9D6D6D6E4E4E4F1F1F1FFFFFF000000000000000000000000000000000000000000000000000000000000B21171F60000043D4944415478DAED5B4172EB200CD50D388017DEE79C2C728B5CC3AB8E67D871022D720DED3F0870B063D226BFFFCF08F4DAC8167633C3B324248B0228140A8542A15028140A85E21F
310
C32A014A8012D03DE853B4BE4C1C011F5A0035060512F0F5F53601E14F94807E083873E5FD35EADB05DE8C866D02F8A254028830820F346DA0F4E111BE4447EBD8AD004E3201514EE921CFD31C0F38257D4A6A3896C77C46C0F52AD902F2AC268C479A6756E94A3B9509801601CED900E904140B20B67D2A2E902D80EFC196
310
054CA2630056A18092BF97E3A6C24B0226D9AB00823100DEA75F6F8C09D2FA02567DB8CF340940D90438340691278B1B01782020588131CE9D13100992BC0C3A637E920584F9372DC08BCE03C2C4A8E43229F813D94ACF83E8A04D80600B882B587EC64BF5BC2FE5C4B38CF7C4A5EE9400BBD88BE46530B836E21AB02C3B81
310
B58E084D0BA0E57211ED02318A9F10B0D339DF69BAC0BA8A5E05D22CEC8A51AC3C1F1B4DA21E8C77B45681100356F189507CE22B6CC2F2D9437F9908754180313B0292BAE931556A1310EF924680DDC021DE5A6358434CA3590D03959AEE7C06DE2A456A399CDF82DD6EE9D4D6BADDBF2E7A76819BE854381F42FA1FC4EDE6
310
39F5B53EEB8F5AE0450C904D80CBC590FFAE1832D8AC056413C0B5007A0A154F48FBBCF39CFEF92C30EB2F8A21BE2E9900ACD37E6271A80528658CAEC75A80B818FA095C330882EC77829180540B84E59C62EA9B045562896B608B001B6A01B9C550748192096616B65AA0D2395ABA3E6B01B7A573612D8C826B01CF9960D4
310
D7CE6B81540C9935D63D752D6037024A2DD075311473FF9A80DE6B813A08E66228B78018F8688DA5F7812F099826D9AB009B40E90C4DDC0B8A9307EE08CD7CCBEBCE105EB98324B63BCCF37AB4C6F8F8666BCCCD8297C16C0354BAA17B17981F9DF16677F83ACDCE89DE20913BE40161EE8F6679ADD237ED71124EC0F18CE8
310
70A1BEE7F9ABA679983D42F03538015F5D1100A35B401B6F6E94144AC0EF6D95E5D57286F033CFD005DE7CBBCD09234F7F58022A0C49C0267AC16704A452724802A6F21996800A2312D01F94002540095002948011E76CF3A9AD75F16CDCDE81478F360BF4ACDBA0211292DCF9C3D2062D8EC2C1DB658124E2E6DF28001E83
310
F17D875C02E2FCC13440DE91F7FE72F169A7100B0BAC1711F7089193CA40260078B7D3FA04E71CA5B36A67A885A2E7C130F9B245463401712EDCC5F91B088C01B5059436FFEFFEF7B8C8456014020AB8C70FC904CAF6B7215C204FDF6402206E77FAEE31F698098E4E40B180E4C6342001303A01CF16702F18A41A34C781D1
310
088037085028C6F081DA0FA227B0CC9FE41A7DFB4899F3C6C0FD002540317C8838339AAE3C006A0748EAE6F8875800A77E229992FB3106DCEBB1FD02F12250DCBBB5F9FBD99906C60E6300EC2D7EF30ED85DE93813841400772EBD4B037B4D0A76117F17F3E15E978B1D9BC0C7E98042A15028140A8542A1F85FF80394985C
310
5DF82D9C320000000049454E44AE426082
  0
ACDSRECORD
 90
        0
  2
AcDbDs::ID
280
    10
320
171357
  2
Thumbnail_Data
280
    15
 94
     2414
310
89504E470D0A1A0A0000000D4948445200000100000000B5080300000087DCD12600000300504C5445212830000000C8C8C80000000000000000000000000000000000000000000000000000330000660000990000CC0000FF0033000033330033660033990033CC0033FF0066000066330066660066990066CC0066FF0099
310
000099330099660099990099CC0099FF00CC0000CC3300CC6600CC9900CCCC00CCFF00FF0000FF3300FF6600FF9900FFCC00FFFF3300003300333300663300993300CC3300FF3333003333333333663333993333CC3333FF3366003366333366663366993366CC3366FF3399003399333399663399993399CC3399FF33CC00
310
33CC3333CC6633CC9933CCCC33CCFF33FF0033FF3333FF6633FF9933FFCC33FFFF6600006600336600666600996600CC6600FF6633006633336633666633996633CC6633FF6666006666336666666666996666CC6666FF6699006699336699666699996699CC6699FF66CC0066CC3366CC6666CC9966CCCC66CCFF66FF0066
310
FF3366FF6666FF9966FFCC66FFFF9900009900339900669900999900CC9900FF9933009933339933669933999933CC9933FF9966009966339966669966999966CC9966FF9999009999339999669999999999CC9999FF99CC0099CC3399CC6699CC9999CCCC99CCFF99FF0099FF3399FF6699FF9999FFCC99FFFFCC0000CC00
310
33CC0066CC0099CC00CCCC00FFCC3300CC3333CC3366CC3399CC33CCCC33FFCC6600CC6633CC6666CC6699CC66CCCC66FFCC9900CC9933CC9966CC9999CC99CCCC99FFCCCC00CCCC33CCCC66CCCC99CCCCCCCCCCFFCCFF00CCFF33CCFF66CCFF99CCFFCCCCFFFFFF0000FF0033FF0066FF0099FF00CCFF00FFFF3300FF3333
310
FF3366FF3399FF33CCFF33FFFF6600FF6633FF6666FF6699FF66CCFF66FFFF9900FF9933FF9966FF9999FF99CCFF99FFFFCC00FFCC33FFCC66FFCC99FFCCCCFFCCFFFFFF00FFFF33FFFF66FFFF99FFFFCCFFFFFF0000000D0D0D1A1A1A2828283535354343435050505D5D5D6B6B6B787878868686939393A1A1A1AEAEAEBB
310
BBBBC9C9C9D6D6D6E4E4E4F1F1F1FFFFFF000000000000000000000000000000000000000000000000000000000000B21171F6000006294944415478DAED9C4192EA201086FB061CC0C56C29CFC9C25B7815AAD8710216B906FB073404921843669C7940FA5F882046F9024DA76D0340229148241289442291482412894422
310
9148BF22CE81FB879F1EE5C787F87F00F8B000AABE533D80DD4EE100F8D0DEC9FDA88E3FA7C319F081C3A517BC35690BC01F1D8FFFDA271280BF0120080001200004601C00855B62EB242AFBBD05F0B6C77F3AF1F6C333C0BE0570E613FFC8FFBB28002000048000100002B0FE3AD69A5D89FD97ACAD01107C80B6015830F1
310
D976906E06BC187AEA6D8F01DC6E3750AD0398C71FBDBA2FA7F8F4611EDBC6D41F0A027BC37B3CBE5A9F01C578F26BE9E587786C1BCF00508FDB57E336C0C0B70114CF768627840320ACE804C06DBB04DC00F697C0310030ED2F01537CDB8D9C0DD8358255001ECE0876B304CEFB011533A07D3F800064A3AE85C1421BDFEE
310
0B3157B1089D4C3D00EDD43800A50C28C6826727BC5368DD502D63CCD96E6B85DBEA5C35B4826B4D9D0C636EFCEA1080B380CD0370E791A179D722161AC3613A84C462AB8DADA9CADCF855CD12687D1750A09253AB71C5BB51E3FAD7C106C4D6502D3A995A00EDCF8019C0FD25803B566D04903A19B700460020CE292C109D
310
EB479EA09BFF77DBB627E86740DC04FCD8D0DE6301DA884535778260022B668003D0C112C800FC942D3838006B2C33805A1B2065FBDB6004000800E2B9C619E0AAD255B58CADD8093D883A1B203B71848C7443F567CC7B3FBE2A403A00B1D5574DEE74C2136C1E407AC2D2509700D81600EB144099A9F40A801B637076259E
310
63E30BC1944C00647CD59C022065E300E667CEFBC55DED299EE1BB7B1C6E06B08025B5BA66C6DE1C6525291BBA18DA0160D6D77E06471C6A62D35A5E201E0378427B00C49FCBCE0FA2412368E16A33E04D40E42C00D31780C3A028E0184D2AC28E98ABA6EC3410003F0A16ACA1F6E10FB0CEDE5B60FEAAC7F8A0880F0FE456
310
83557C4B05803E22424C8588902E22428A614004ABA975EE742222D47E40C44784CE0744D8800191EB46848429C37DF7AA986055440863284D0744D05509BFF7874B7D83311F0C03BBCBE165757ED5A70E544484BC0DE82B20B28808E96544487F2F2264FB01203120224304C48D5886800856B58EAD320744D41001911C11
310
AA0C88CC0EE5452342DC57F97523423C4484C604A030F41152C3D0F9F711211F1031452B17EA040029A5EC0500B0AA2C31EE2362D5007C7E0474932475DBC8A7C8AC555C5557648884149BB601E434C158FA74A0F4FDE724A9A2D1CC69F7553942AD6789650227B2C4E23E781811EA214B2CA4CAC625F06A066C1A436F5E07
310
C0CF00A5DA4F964E04B6596262274B8C971E04BCCD126B3E5718099C4D96E666915DD5714064F14DEBFF35C6577368FF333B01B023717CA8E3E3118021012C0910800B025810E8040027001FFDF3747990B7000E7BB42B019553605409B83801020017275001804379BBAC74E730DEF14DE44E00F0047831E87C03B64FDC87
310
AE17007C3D03789B3790FB1500F09D5BCC0D05A070328B61731863019C0210677D5E070400AEB704D24D582F08E0A28E100120000480001080F1865B1462D3DA359397572CD6A8F0DBA8F63F85BA07FD144F5FF81F46B50865D98A5563AC32FD053A5F79676E14F8037E488DF62991F0C40213A5F5DCFAD4B9937B9F82DE00
310
BC764F1700348E3C163E3D7451CD9DBA04B0330340C51F2D3466C4C711E7B38F79F2F8EFF1B9EADEA20699013EE519A780BFDF872BEE1601F8AA0845C8158EAF62110080EDCF06BE00A0D600643154318FF80500D52180B33F8D55ABB709603FEC070C02E0FB9E2001201BD0AD1F70AD8B2102400008000544080001089A0A
310
5D170010800B03801A002412695C239837C36411615A35A5629ACD06C03016635A780385390C1528BD8402D65000A6D5E98E04A697CAEDD75C30643348D7DE32065C1ED1E0C154EE04509AFBB41714E6AFD829A6FCD6E5DE0945E76EB641586CF85B003015435E5D4C4389280DBC87F1CFE716966E4F7204321DD8D912E777
310
2756E554896ED320CB7D7AD783B64852D71743302D8C3964C396F78A7421341B4018C0212E0D3E1A7828F7BBE56EB90200235C12ACEC3B4CCB6B439896066E7D593C0E8079DB9E47B61C6B3113E685028B4942229148241289442291482412894422914824128944FA1DFD031E2D24C24F81EE090000000049454E44AE4260
310
82
  0
ENDSEC
  0
EOF
